link,Correlation
"=HYPERLINK(""https://stackoverflow.com/a/177263"", ""177263"")",0.5438302624232271
"=HYPERLINK(""https://stackoverflow.com/a/1982296"", ""1982296"")",0.3262490678598063
"=HYPERLINK(""https://stackoverflow.com/a/2141253"", ""2141253"")",0.3258366800535474
"=HYPERLINK(""https://stackoverflow.com/a/2736700"", ""2736700"")",0.6222222222222223
"=HYPERLINK(""https://stackoverflow.com/a/4096317"", ""4096317"")",0.33519293351929313
"=HYPERLINK(""https://stackoverflow.com/a/4143231"", ""4143231"")",0.563760683760684
"=HYPERLINK(""https://stackoverflow.com/a/4235454"", ""4235454"")",0.5107597716293367
"=HYPERLINK(""https://stackoverflow.com/a/4261893"", ""4261893"")",0.3114529914529916
"=HYPERLINK(""https://stackoverflow.com/a/4283081"", ""4283081"")",0.3961352657004831
"=HYPERLINK(""https://stackoverflow.com/a/4718601"", ""4718601"")",0.6486928104575163
"=HYPERLINK(""https://stackoverflow.com/a/5194978"", ""5194978"")",0.5708460754332314
"=HYPERLINK(""https://stackoverflow.com/a/5410674"", ""5410674"")",0.3387866394001361
"=HYPERLINK(""https://stackoverflow.com/a/5832150"", ""5832150"")",0.5852991452991457
"=HYPERLINK(""https://stackoverflow.com/a/6104307"", ""6104307"")",0.6176882171844384
"=HYPERLINK(""https://stackoverflow.com/a/6232168"", ""6232168"")",0.44389709906951247
"=HYPERLINK(""https://stackoverflow.com/a/6374510"", ""6374510"")",0.23454616588419408
"=HYPERLINK(""https://stackoverflow.com/a/6669116"", ""6669116"")",0.4291187739463601
"=HYPERLINK(""https://stackoverflow.com/a/6784505"", ""6784505"")",0.4471097784441114
"=HYPERLINK(""https://stackoverflow.com/a/6817942"", ""6817942"")",0.6832611832611829
"=HYPERLINK(""https://stackoverflow.com/a/7035208"", ""7035208"")",0.43077837195484264
"=HYPERLINK(""https://stackoverflow.com/a/7372047"", ""7372047"")",0.5371393492940455
"=HYPERLINK(""https://stackoverflow.com/a/7898582"", ""7898582"")",0.5254292193067707
"=HYPERLINK(""https://stackoverflow.com/a/8090840"", ""8090840"")",0.36284722222222227
"=HYPERLINK(""https://stackoverflow.com/a/8090895"", ""8090895"")",0.4086629001883238
"=HYPERLINK(""https://stackoverflow.com/a/8129264"", ""8129264"")",0.4853801169590647
"=HYPERLINK(""https://stackoverflow.com/a/8294172"", ""8294172"")",0.4693813131313128
"=HYPERLINK(""https://stackoverflow.com/a/8362813"", ""8362813"")",0.3414882772680937
"=HYPERLINK(""https://stackoverflow.com/a/8497639"", ""8497639"")",0.6211141889812252
"=HYPERLINK(""https://stackoverflow.com/a/8524242"", ""8524242"")",0.8520299145299146
"=HYPERLINK(""https://stackoverflow.com/a/8760885"", ""8760885"")",0.38705738705738707
"=HYPERLINK(""https://stackoverflow.com/a/8921474"", ""8921474"")",0.5443698732289339
"=HYPERLINK(""https://stackoverflow.com/a/8921717"", ""8921717"")",0.503303303303303
"=HYPERLINK(""https://stackoverflow.com/a/8936454"", ""8936454"")",0.9235209235209231
"=HYPERLINK(""https://stackoverflow.com/a/8937042"", ""8937042"")",0.23222222222222205
"=HYPERLINK(""https://stackoverflow.com/a/8967936"", ""8967936"")",0.5359014675052411
"=HYPERLINK(""https://stackoverflow.com/a/9034295"", ""9034295"")",0.47481737793156475
"=HYPERLINK(""https://stackoverflow.com/a/9087958"", ""9087958"")",0.592222222222222
"=HYPERLINK(""https://stackoverflow.com/a/9088350"", ""9088350"")",0.6288156288156288
"=HYPERLINK(""https://stackoverflow.com/a/9106998"", ""9106998"")",0.26331811263318106
"=HYPERLINK(""https://stackoverflow.com/a/9229330"", ""9229330"")",0.5100035727045374
"=HYPERLINK(""https://stackoverflow.com/a/9396145"", ""9396145"")",0.37439613526570054
"=HYPERLINK(""https://stackoverflow.com/a/9593086"", ""9593086"")",0.36997947815889787
"=HYPERLINK(""https://stackoverflow.com/a/9688935"", ""9688935"")",0.45844269466316745
"=HYPERLINK(""https://stackoverflow.com/a/9722002"", ""9722002"")",0.2717102768297306
"=HYPERLINK(""https://stackoverflow.com/a/9774484"", ""9774484"")",0.4732682473268245
"=HYPERLINK(""https://stackoverflow.com/a/9800350"", ""9800350"")",0.2785136129506991
"=HYPERLINK(""https://stackoverflow.com/a/9808730"", ""9808730"")",0.6566484517304192
"=HYPERLINK(""https://stackoverflow.com/a/9859394"", ""9859394"")",0.36332651670074984
"=HYPERLINK(""https://stackoverflow.com/a/10031596"", ""10031596"")",0.5822222222222219
"=HYPERLINK(""https://stackoverflow.com/a/10032782"", ""10032782"")",0.38087606837606847
"=HYPERLINK(""https://stackoverflow.com/a/10199367"", ""10199367"")",0.922547955121245
"=HYPERLINK(""https://stackoverflow.com/a/10230267"", ""10230267"")",0.629822818347408
"=HYPERLINK(""https://stackoverflow.com/a/10262165"", ""10262165"")",0.48352875488553865
"=HYPERLINK(""https://stackoverflow.com/a/10300509"", ""10300509"")",0.5128796616685887
"=HYPERLINK(""https://stackoverflow.com/a/10416983"", ""10416983"")",0.14114114114114104
"=HYPERLINK(""https://stackoverflow.com/a/10438110"", ""10438110"")",0.40463264567499097
"=HYPERLINK(""https://stackoverflow.com/a/10488206"", ""10488206"")",0.34030340303403045
"=HYPERLINK(""https://stackoverflow.com/a/10530417"", ""10530417"")",0.4934086629001881
"=HYPERLINK(""https://stackoverflow.com/a/10534927"", ""10534927"")",0.2908238053356788
"=HYPERLINK(""https://stackoverflow.com/a/10554076"", ""10554076"")",0.4049145299145301
"=HYPERLINK(""https://stackoverflow.com/a/10556710"", ""10556710"")",0.45426642111724985
"=HYPERLINK(""https://stackoverflow.com/a/10706671"", ""10706671"")",0.30696798493408667
"=HYPERLINK(""https://stackoverflow.com/a/10739862"", ""10739862"")",0.469928644240571
"=HYPERLINK(""https://stackoverflow.com/a/11001223"", ""11001223"")",0.5937175493250261
"=HYPERLINK(""https://stackoverflow.com/a/11006021"", ""11006021"")",0.6569237147595354
"=HYPERLINK(""https://stackoverflow.com/a/11083580"", ""11083580"")",0.4266017842660179
"=HYPERLINK(""https://stackoverflow.com/a/11125581"", ""11125581"")",0.743961352657005
"=HYPERLINK(""https://stackoverflow.com/a/11400800"", ""11400800"")",0.4924924924924922
"=HYPERLINK(""https://stackoverflow.com/a/11442660"", ""11442660"")",0.676276276276276
"=HYPERLINK(""https://stackoverflow.com/a/11533403"", ""11533403"")",0.42579365079365067
"=HYPERLINK(""https://stackoverflow.com/a/11561104"", ""11561104"")",0.37476459510357796
"=HYPERLINK(""https://stackoverflow.com/a/11649183"", ""11649183"")",0.38538011695906454
"=HYPERLINK(""https://stackoverflow.com/a/11728549"", ""11728549"")",0.8530714423262087
"=HYPERLINK(""https://stackoverflow.com/a/11862342"", ""11862342"")",0.7131313131313131
"=HYPERLINK(""https://stackoverflow.com/a/11915987"", ""11915987"")",0.6713747645951031
"=HYPERLINK(""https://stackoverflow.com/a/12013676"", ""12013676"")",0.4787819889860705
"=HYPERLINK(""https://stackoverflow.com/a/12066796"", ""12066796"")",0.5378848728246315
"=HYPERLINK(""https://stackoverflow.com/a/12151600"", ""12151600"")",0.47803617571059426
"=HYPERLINK(""https://stackoverflow.com/a/12587976"", ""12587976"")",0.3760683760683761
"=HYPERLINK(""https://stackoverflow.com/a/12860992"", ""12860992"")",0.4878472222222224
"=HYPERLINK(""https://stackoverflow.com/a/12987927"", ""12987927"")",0.6862940785096472
"=HYPERLINK(""https://stackoverflow.com/a/13039723"", ""13039723"")",0.7312719959778783
"=HYPERLINK(""https://stackoverflow.com/a/13183928"", ""13183928"")",0.6546546546546544
"=HYPERLINK(""https://stackoverflow.com/a/13214030"", ""13214030"")",0.5098934550989345
"=HYPERLINK(""https://stackoverflow.com/a/13571614"", ""13571614"")",0.42222222222222217
"=HYPERLINK(""https://stackoverflow.com/a/14102093"", ""14102093"")",0.608048993875766
"=HYPERLINK(""https://stackoverflow.com/a/14534961"", ""14534961"")",0.6062428407789231
"=HYPERLINK(""https://stackoverflow.com/a/14617248"", ""14617248"")",0.3545751633986927
"=HYPERLINK(""https://stackoverflow.com/a/14729733"", ""14729733"")",0.5122222222222219
"=HYPERLINK(""https://stackoverflow.com/a/14993535"", ""14993535"")",0.24296911018902723
"=HYPERLINK(""https://stackoverflow.com/a/15762950"", ""15762950"")",0.47152970144659895
"=HYPERLINK(""https://stackoverflow.com/a/15814434"", ""15814434"")",0.30883639545056885
"=HYPERLINK(""https://stackoverflow.com/a/16176024"", ""16176024"")",0.46272855133614615
"=HYPERLINK(""https://stackoverflow.com/a/16239851"", ""16239851"")",0.7222222222222219
"=HYPERLINK(""https://stackoverflow.com/a/16306223"", ""16306223"")",0.2959549411162312
"=HYPERLINK(""https://stackoverflow.com/a/16889604"", ""16889604"")",0.6552930883639551
"=HYPERLINK(""https://stackoverflow.com/a/17172810"", ""17172810"")",0.4000878348704434
"=HYPERLINK(""https://stackoverflow.com/a/17319051"", ""17319051"")",0.2306967984934085
"=HYPERLINK(""https://stackoverflow.com/a/17390688"", ""17390688"")",0.35735735735735724
"=HYPERLINK(""https://stackoverflow.com/a/17419686"", ""17419686"")",0.15700483091787448
"=HYPERLINK(""https://stackoverflow.com/a/17469255"", ""17469255"")",0.24974515800203878
"=HYPERLINK(""https://stackoverflow.com/a/17548970"", ""17548970"")",0.38805136795086526
"=HYPERLINK(""https://stackoverflow.com/a/17717800"", ""17717800"")",0.24396135265700494
"=HYPERLINK(""https://stackoverflow.com/a/17735905"", ""17735905"")",0.28546332894158977
"=HYPERLINK(""https://stackoverflow.com/a/17978564"", ""17978564"")",0.4396135265700481
"=HYPERLINK(""https://stackoverflow.com/a/18079165"", ""18079165"")",0.36222222222222195
"=HYPERLINK(""https://stackoverflow.com/a/18372234"", ""18372234"")",0.4365079365079363
"=HYPERLINK(""https://stackoverflow.com/a/18451822"", ""18451822"")",0.8815628815628817
"=HYPERLINK(""https://stackoverflow.com/a/18828581"", ""18828581"")",0.6040404040404039
"=HYPERLINK(""https://stackoverflow.com/a/19035207"", ""19035207"")",0.2560568086883875
"=HYPERLINK(""https://stackoverflow.com/a/19405034"", ""19405034"")",0.8093781855249746
"=HYPERLINK(""https://stackoverflow.com/a/19735053"", ""19735053"")",0.34107468123861595
"=HYPERLINK(""https://stackoverflow.com/a/19750205"", ""19750205"")",0.4884559884559882
"=HYPERLINK(""https://stackoverflow.com/a/19839712"", ""19839712"")",0.277521761392729
"=HYPERLINK(""https://stackoverflow.com/a/19942761"", ""19942761"")",0.29599271402550115
"=HYPERLINK(""https://stackoverflow.com/a/20350784"", ""20350784"")",0.1612466124661246
"=HYPERLINK(""https://stackoverflow.com/a/21549107"", ""21549107"")",0.40605740447261846
"=HYPERLINK(""https://stackoverflow.com/a/22053415"", ""22053415"")",0.5485380116959067
"=HYPERLINK(""https://stackoverflow.com/a/22224449"", ""22224449"")",0.6809378185524975
"=HYPERLINK(""https://stackoverflow.com/a/22382772"", ""22382772"")",0.5647636586863107
"=HYPERLINK(""https://stackoverflow.com/a/22536426"", ""22536426"")",0.28224487227884726
"=HYPERLINK(""https://stackoverflow.com/a/22606078"", ""22606078"")",0.7001633986928104
"=HYPERLINK(""https://stackoverflow.com/a/23333604"", ""23333604"")",0.3822222222222219
"=HYPERLINK(""https://stackoverflow.com/a/23352680"", ""23352680"")",0.3071537290715372
"=HYPERLINK(""https://stackoverflow.com/a/23414250"", ""23414250"")",0.5245478036175709
"=HYPERLINK(""https://stackoverflow.com/a/23703488"", ""23703488"")",0.4288642886428866
"=HYPERLINK(""https://stackoverflow.com/a/23937337"", ""23937337"")",0.5585054080629307
"=HYPERLINK(""https://stackoverflow.com/a/24379641"", ""24379641"")",0.2602222222222221
"=HYPERLINK(""https://stackoverflow.com/a/24445132"", ""24445132"")",0.4859584859584859
"=HYPERLINK(""https://stackoverflow.com/a/25151071"", ""25151071"")",0.469590643274854
"=HYPERLINK(""https://stackoverflow.com/a/25243957"", ""25243957"")",0.540903540903541
"=HYPERLINK(""https://stackoverflow.com/a/25306031"", ""25306031"")",0.4860259032038171
"=HYPERLINK(""https://stackoverflow.com/a/25550120"", ""25550120"")",0.7606837606837606
"=HYPERLINK(""https://stackoverflow.com/a/26245292"", ""26245292"")",0.3385012919896638
"=HYPERLINK(""https://stackoverflow.com/a/26751917"", ""26751917"")",0.5842911877394634
"=HYPERLINK(""https://stackoverflow.com/a/26924760"", ""26924760"")",0.3049808429118774
"=HYPERLINK(""https://stackoverflow.com/a/26975172"", ""26975172"")",0.36284722222222254
"=HYPERLINK(""https://stackoverflow.com/a/27158284"", ""27158284"")",0.273556924480949
"=HYPERLINK(""https://stackoverflow.com/a/29186618"", ""29186618"")",0.5313131313131314
"=HYPERLINK(""https://stackoverflow.com/a/30597622"", ""30597622"")",0.579006141820212
"=HYPERLINK(""https://stackoverflow.com/a/31257722"", ""31257722"")",0.4905149051490512
"=HYPERLINK(""https://stackoverflow.com/a/35080556"", ""35080556"")",0.8552497451580022
"=HYPERLINK(""https://stackoverflow.com/a/35418373"", ""35418373"")",0.3880513679508651
"=HYPERLINK(""https://stackoverflow.com/a/36837980"", ""36837980"")",0.37439613526570054
"=HYPERLINK(""https://stackoverflow.com/a/37000596"", ""37000596"")",0.3277498604131767
"=HYPERLINK(""https://stackoverflow.com/a/41010716"", ""41010716"")",0.5636856368563683
"=HYPERLINK(""https://stackoverflow.com/a/41878232"", ""41878232"")",0.673441734417344
"=HYPERLINK(""https://stackoverflow.com/a/42534602"", ""42534602"")",0.3690112130479104
"=HYPERLINK(""https://stackoverflow.com/a/42611563"", ""42611563"")",0.4585858585858586
"=HYPERLINK(""https://stackoverflow.com/a/44536874"", ""44536874"")",0.064327485380117
"=HYPERLINK(""https://stackoverflow.com/a/45993409"", ""45993409"")",0.48664529914529936
"=HYPERLINK(""https://stackoverflow.com/a/46056797"", ""46056797"")",0.46558505408062956
"=HYPERLINK(""https://stackoverflow.com/a/46074219"", ""46074219"")",0.33091787439613535
"=HYPERLINK(""https://stackoverflow.com/a/46575047"", ""46575047"")",0.31400042489908647
"=HYPERLINK(""https://stackoverflow.com/a/47757245"", ""47757245"")",0.5054080629301871
"=HYPERLINK(""https://stackoverflow.com/a/48238136"", ""48238136"")",0.29646366831647675
"=HYPERLINK(""https://stackoverflow.com/a/48510428"", ""48510428"")",0.3947068218115443
"=HYPERLINK(""https://stackoverflow.com/a/48647288"", ""48647288"")",0.4324494949494948
"=HYPERLINK(""https://stackoverflow.com/a/48840594"", ""48840594"")",0.5613225682429832
"=HYPERLINK(""https://stackoverflow.com/a/48934888"", ""48934888"")",0.46248196248196216
"=HYPERLINK(""https://stackoverflow.com/a/49447986"", ""49447986"")",0.640683760683761
"=HYPERLINK(""https://stackoverflow.com/a/50132597"", ""50132597"")",0.6116452991452992
"=HYPERLINK(""https://stackoverflow.com/a/50804148"", ""50804148"")",0.4485380116959068
"=HYPERLINK(""https://stackoverflow.com/a/51705283"", ""51705283"")",0.7431803060545573
"=HYPERLINK(""https://stackoverflow.com/a/54624325"", ""54624325"")",0.36982369823698247
"=HYPERLINK(""https://stackoverflow.com/a/54698773"", ""54698773"")",0.4818907305095151
"=HYPERLINK(""https://stackoverflow.com/a/54919706"", ""54919706"")",0.5143330964226488
"=HYPERLINK(""https://stackoverflow.com/a/55377307"", ""55377307"")",0.40222222222222215
"=HYPERLINK(""https://stackoverflow.com/a/55532062"", ""55532062"")",0.43180306054557527
"=HYPERLINK(""https://stackoverflow.com/a/55977932"", ""55977932"")",0.5596455351056576
"=HYPERLINK(""https://stackoverflow.com/a/56064943"", ""56064943"")",0.45299145299145294
"=HYPERLINK(""https://stackoverflow.com/a/56202767"", ""56202767"")",0.3234270414993305
"=HYPERLINK(""https://stackoverflow.com/a/57283677"", ""57283677"")",0.33181126331811267
"=HYPERLINK(""https://stackoverflow.com/a/57585405"", ""57585405"")",0.357900614182021
"=HYPERLINK(""https://stackoverflow.com/a/57765825"", ""57765825"")",0.4252991452991455
"=HYPERLINK(""https://stackoverflow.com/a/58389272"", ""58389272"")",0.8902064119455418
"=HYPERLINK(""https://stackoverflow.com/a/58393215"", ""58393215"")",0.6536738351254483
"=HYPERLINK(""https://stackoverflow.com/a/61952078"", ""61952078"")",0.2222222222222222
"=HYPERLINK(""https://stackoverflow.com/a/62140685"", ""62140685"")",0.6048079742011143
"=HYPERLINK(""https://stackoverflow.com/a/62785172"", ""62785172"")",0.452991452991453
"=HYPERLINK(""https://stackoverflow.com/a/63081002"", ""63081002"")",0.332719459791283
"=HYPERLINK(""https://stackoverflow.com/a/63638698"", ""63638698"")",0.32567049808429116
"=HYPERLINK(""https://stackoverflow.com/a/63843454"", ""63843454"")",0.412991452991453
"=HYPERLINK(""https://stackoverflow.com/a/64377818"", ""64377818"")",0.11507936507936505
"=HYPERLINK(""https://stackoverflow.com/a/64741647"", ""64741647"")",0.5155247626379266
"=HYPERLINK(""https://stackoverflow.com/a/65810158"", ""65810158"")",0.7387057387057387
"=HYPERLINK(""https://stackoverflow.com/a/66610478"", ""66610478"")",0.8650793650793647
"=HYPERLINK(""https://stackoverflow.com/a/67391189"", ""67391189"")",0.4510045100451006
