"link","Correlation","score","view_count"
"=HYPERLINK(""https://stackoverflow.com/q/593533"", ""593533"")",0.8277268093781859,"5","13639"
"=HYPERLINK(""https://stackoverflow.com/q/676906"", ""676906"")",0.6077184054283293,"0","9246"
"=HYPERLINK(""https://stackoverflow.com/q/971614"", ""971614"")",0.3757403458895998,"0","2025"
"=HYPERLINK(""https://stackoverflow.com/q/1477872"", ""1477872"")",0.5261994949494946,"0","1369"
"=HYPERLINK(""https://stackoverflow.com/q/1690163"", ""1690163"")",0.2714025500910748,"0","642"
"=HYPERLINK(""https://stackoverflow.com/q/1749126"", ""1749126"")",0.4529914529914529,"0","257"
"=HYPERLINK(""https://stackoverflow.com/q/1798867"", ""1798867"")",0.4129914529914536,"1","2719"
"=HYPERLINK(""https://stackoverflow.com/q/1949631"", ""1949631"")",0.2911877394636014,"1","3344"
"=HYPERLINK(""https://stackoverflow.com/q/2068139"", ""2068139"")",0.4929914529914534,"2","5557"
"=HYPERLINK(""https://stackoverflow.com/q/2715865"", ""2715865"")",0.2753302487762354,"1","1101"
"=HYPERLINK(""https://stackoverflow.com/q/2781764"", ""2781764"")",0.6837606837606839,"0","3052"
"=HYPERLINK(""https://stackoverflow.com/q/3239873"", ""3239873"")",0.4152601969057663,"0","2109"
"=HYPERLINK(""https://stackoverflow.com/q/4041995"", ""4041995"")",0.3175428461390334,"0","661"
"=HYPERLINK(""https://stackoverflow.com/q/4042824"", ""4042824"")",0.6054557551563536,"0","1808"
"=HYPERLINK(""https://stackoverflow.com/q/4094659"", ""4094659"")",0.3436507936507937,"2","8300"
"=HYPERLINK(""https://stackoverflow.com/q/4122416"", ""4122416"")",0.8966408268733843,"0","143"
"=HYPERLINK(""https://stackoverflow.com/q/4131723"", ""4131723"")",0.4805248052480526,"1","5763"
"=HYPERLINK(""https://stackoverflow.com/q/4332814"", ""4332814"")",0.8274853801169597,"2","10778"
"=HYPERLINK(""https://stackoverflow.com/q/4464305"", ""4464305"")",0.5210027100271002,"4","4592"
"=HYPERLINK(""https://stackoverflow.com/q/4683346"", ""4683346"")",0.4350502105604147,"2","2563"
"=HYPERLINK(""https://stackoverflow.com/q/4904721"", ""4904721"")",0.3592979402378881,"2","2562"
"=HYPERLINK(""https://stackoverflow.com/q/5021798"", ""5021798"")",0.7066512879661664,"0","126"
"=HYPERLINK(""https://stackoverflow.com/q/5273732"", ""5273732"")",0.5727757277572776,"1","796"
"=HYPERLINK(""https://stackoverflow.com/q/5781416"", ""5781416"")",0.4747889573351582,"0","4293"
"=HYPERLINK(""https://stackoverflow.com/q/6203823"", ""6203823"")",0.4763205828779601,"0","187"
"=HYPERLINK(""https://stackoverflow.com/q/6362064"", ""6362064"")",0.2252991452991455,"2","899"
"=HYPERLINK(""https://stackoverflow.com/q/6410418"", ""6410418"")",0.5451137884872821,"2","3383"
"=HYPERLINK(""https://stackoverflow.com/q/6530087"", ""6530087"")",0.3616452991452992,"0","1126"
"=HYPERLINK(""https://stackoverflow.com/q/6772486"", ""6772486"")",0.3574681238615665,"0","227"
"=HYPERLINK(""https://stackoverflow.com/q/7981464"", ""7981464"")",0.554986727341676,"5","1904"
"=HYPERLINK(""https://stackoverflow.com/q/8157661"", ""8157661"")",0.3562428407789232,"1","9376"
"=HYPERLINK(""https://stackoverflow.com/q/8633323"", ""8633323"")",0.3156478277585544,"1","2055"
"=HYPERLINK(""https://stackoverflow.com/q/8705733"", ""8705733"")",0.6591787439613519,"2","2268"
"=HYPERLINK(""https://stackoverflow.com/q/9005442"", ""9005442"")",0.3300939423388404,"1","2652"
"=HYPERLINK(""https://stackoverflow.com/q/9071643"", ""9071643"")",0.5327060931899644,"1","250"
"=HYPERLINK(""https://stackoverflow.com/q/9074937"", ""9074937"")",0.4180985108820159,"1","401"
"=HYPERLINK(""https://stackoverflow.com/q/9115114"", ""9115114"")",0.3327991452991454,"0","1522"
"=HYPERLINK(""https://stackoverflow.com/q/9376186"", ""9376186"")",0.6229855810008486,"0","1195"
"=HYPERLINK(""https://stackoverflow.com/q/9521740"", ""9521740"")",0.5545299145299151,"1","9236"
"=HYPERLINK(""https://stackoverflow.com/q/9547563"", ""9547563"")",0.5274170274170272,"6","9243"
"=HYPERLINK(""https://stackoverflow.com/q/9599803"", ""9599803"")",0.2421085858585857,"0","99"
"=HYPERLINK(""https://stackoverflow.com/q/9811770"", ""9811770"")",0.4780361757105939,"4","5727"
"=HYPERLINK(""https://stackoverflow.com/q/9833394"", ""9833394"")",0.7492492492492487,"4","7203"
"=HYPERLINK(""https://stackoverflow.com/q/9838586"", ""9838586"")",0.4288090485695275,"6","5284"
"=HYPERLINK(""https://stackoverflow.com/q/10124688"", ""10124688"")",0.4680992836914878,"0","154"
"=HYPERLINK(""https://stackoverflow.com/q/10134971"", ""10134971"")",0.2542814084121112,"2","6935"
"=HYPERLINK(""https://stackoverflow.com/q/10340263"", ""10340263"")",0.3061916878710775,"0","1603"
"=HYPERLINK(""https://stackoverflow.com/q/10391098"", ""10391098"")",0.3916782891678287,"0","777"
"=HYPERLINK(""https://stackoverflow.com/q/10402102"", ""10402102"")",0.4432166973603438,"2","15228"
"=HYPERLINK(""https://stackoverflow.com/q/10453669"", ""10453669"")",0.7263205828779605,"0","931"
"=HYPERLINK(""https://stackoverflow.com/q/10586071"", ""10586071"")",0.5070323488045004,"1","3681"
"=HYPERLINK(""https://stackoverflow.com/q/10626664"", ""10626664"")",0.7968078575813384,"11","41258"
"=HYPERLINK(""https://stackoverflow.com/q/10628605"", ""10628605"")",0.3583924349881798,"0","2517"
"=HYPERLINK(""https://stackoverflow.com/q/10716844"", ""10716844"")",0.3541483435942539,"0","2060"
"=HYPERLINK(""https://stackoverflow.com/q/10808342"", ""10808342"")",0.5500910746812391,"1","742"
"=HYPERLINK(""https://stackoverflow.com/q/10810131"", ""10810131"")",0.5412267471090999,"3","571"
"=HYPERLINK(""https://stackoverflow.com/q/10838738"", ""10838738"")",0.4732860520094563,"0","101"
"=HYPERLINK(""https://stackoverflow.com/q/10950591"", ""10950591"")",0.2289336316181955,"2","3621"
"=HYPERLINK(""https://stackoverflow.com/q/11278967"", ""11278967"")",0.394719206540678,"0","1026"
"=HYPERLINK(""https://stackoverflow.com/q/11467466"", ""11467466"")",0.7245263696876593,"0","135"
"=HYPERLINK(""https://stackoverflow.com/q/11478493"", ""11478493"")",0.6027682973075462,"0","6679"
"=HYPERLINK(""https://stackoverflow.com/q/11681166"", ""11681166"")",0.4697469746974694,"11","14395"
"=HYPERLINK(""https://stackoverflow.com/q/11752775"", ""11752775"")",0.5719023927979157,"1","5552"
"=HYPERLINK(""https://stackoverflow.com/q/11923260"", ""11923260"")",0.4376918354818908,"0","1401"
"=HYPERLINK(""https://stackoverflow.com/q/11934752"", ""11934752"")",0.4470397404703977,"1","1683"
"=HYPERLINK(""https://stackoverflow.com/q/12070843"", ""12070843"")",0.5170335429769393,"1","376"
"=HYPERLINK(""https://stackoverflow.com/q/12394527"", ""12394527"")",0.3735137351373515,"1","374"
"=HYPERLINK(""https://stackoverflow.com/q/12681563"", ""12681563"")",0.6745299145299151,"6","42200"
"=HYPERLINK(""https://stackoverflow.com/q/12845450"", ""12845450"")",0.5123165618448637,"1","2337"
"=HYPERLINK(""https://stackoverflow.com/q/13085151"", ""13085151"")",0.40991452991453,"3","2184"
"=HYPERLINK(""https://stackoverflow.com/q/13354583"", ""13354583"")",0.5858585858585855,"1","181"
"=HYPERLINK(""https://stackoverflow.com/q/13592571"", ""13592571"")",0.4463601532567045,"0","460"
"=HYPERLINK(""https://stackoverflow.com/q/13659976"", ""13659976"")",0.5347222222222223,"0","1075"
"=HYPERLINK(""https://stackoverflow.com/q/13785513"", ""13785513"")",0.8832030324567646,"0","1666"
"=HYPERLINK(""https://stackoverflow.com/q/14090401"", ""14090401"")",0.4247538677918421,"3","353"
"=HYPERLINK(""https://stackoverflow.com/q/14279894"", ""14279894"")",0.2851945144136578,"0","556"
"=HYPERLINK(""https://stackoverflow.com/q/14356629"", ""14356629"")",0.4422926447574337,"0","164"
"=HYPERLINK(""https://stackoverflow.com/q/14576455"", ""14576455"")",0.4463601532567046,"0","4294"
"=HYPERLINK(""https://stackoverflow.com/q/14847524"", ""14847524"")",0.5943152454780358,"7","12766"
"=HYPERLINK(""https://stackoverflow.com/q/14889357"", ""14889357"")",0.3210174029451136,"2","3660"
"=HYPERLINK(""https://stackoverflow.com/q/14912599"", ""14912599"")",0.4851980007689347,"8","18059"
"=HYPERLINK(""https://stackoverflow.com/q/15087255"", ""15087255"")",0.6089625537139352,"0","2860"
"=HYPERLINK(""https://stackoverflow.com/q/15273518"", ""15273518"")",0.3437574034588961,"1","3033"
"=HYPERLINK(""https://stackoverflow.com/q/15279207"", ""15279207"")",0.748939779474131,"0","1128"
"=HYPERLINK(""https://stackoverflow.com/q/15354151"", ""15354151"")",0.4057665260196906,"1","9409"
"=HYPERLINK(""https://stackoverflow.com/q/15551441"", ""15551441"")",0.382527565733673,"0","207"
"=HYPERLINK(""https://stackoverflow.com/q/15566689"", ""15566689"")",0.5521970333053451,"4","2336"
"=HYPERLINK(""https://stackoverflow.com/q/15752665"", ""15752665"")",0.4819624819624818,"0","224"
"=HYPERLINK(""https://stackoverflow.com/q/16213864"", ""16213864"")",0.6954895489548953,"14","18638"
"=HYPERLINK(""https://stackoverflow.com/q/16522803"", ""16522803"")",0.7247432306255835,"1","2210"
"=HYPERLINK(""https://stackoverflow.com/q/16542757"", ""16542757"")",0.6179669030732862,"0","251"
"=HYPERLINK(""https://stackoverflow.com/q/16660097"", ""16660097"")",0.5079365079365078,"0","34"
"=HYPERLINK(""https://stackoverflow.com/q/16720746"", ""16720746"")",0.2756875687568755,"1","1991"
"=HYPERLINK(""https://stackoverflow.com/q/16792311"", ""16792311"")",0.2636423405654176,"1","1325"
"=HYPERLINK(""https://stackoverflow.com/q/16840732"", ""16840732"")",0.773403324584428,"2","12736"
"=HYPERLINK(""https://stackoverflow.com/q/16862575"", ""16862575"")",0.4170274170274168,"0","21"
"=HYPERLINK(""https://stackoverflow.com/q/16903035"", ""16903035"")",0.6586863106200124,"0","1028"
"=HYPERLINK(""https://stackoverflow.com/q/17074709"", ""17074709"")",0.5459927140255013,"0","253"
"=HYPERLINK(""https://stackoverflow.com/q/17126323"", ""17126323"")",0.3565972222222225,"3","14123"
"=HYPERLINK(""https://stackoverflow.com/q/17178542"", ""17178542"")",0.4399343993439935,"1","647"
"=HYPERLINK(""https://stackoverflow.com/q/17198731"", ""17198731"")",0.4504101416853097,"0","1802"
"=HYPERLINK(""https://stackoverflow.com/q/17457669"", ""17457669"")",0.3919639196391965,"0","1634"
"=HYPERLINK(""https://stackoverflow.com/q/17491101"", ""17491101"")",0.356641774157049,"0","2042"
"=HYPERLINK(""https://stackoverflow.com/q/17573918"", ""17573918"")",0.6293368467281507,"0","328"
"=HYPERLINK(""https://stackoverflow.com/q/17583639"", ""17583639"")",0.8051367950865433,"4","10876"
"=HYPERLINK(""https://stackoverflow.com/q/17599023"", ""17599023"")",0.3809178743961349,"4","1142"
"=HYPERLINK(""https://stackoverflow.com/q/18070332"", ""18070332"")",0.4539602574867054,"2","2244"
"=HYPERLINK(""https://stackoverflow.com/q/18225914"", ""18225914"")",0.3675710594315242,"0","1617"
"=HYPERLINK(""https://stackoverflow.com/q/18342986"", ""18342986"")",0.393131313131313,"1","4535"
"=HYPERLINK(""https://stackoverflow.com/q/18374055"", ""18374055"")",0.4744346116027535,"7","502"
"=HYPERLINK(""https://stackoverflow.com/q/18405044"", ""18405044"")",0.5274853801169594,"0","2990"
"=HYPERLINK(""https://stackoverflow.com/q/18425632"", ""18425632"")",0.3558627752176137,"0","885"
"=HYPERLINK(""https://stackoverflow.com/q/18635131"", ""18635131"")",0.3748939779474133,"0","1000"
"=HYPERLINK(""https://stackoverflow.com/q/18718633"", ""18718633"")",0.3332222222222221,"0","295"
"=HYPERLINK(""https://stackoverflow.com/q/18835058"", ""18835058"")",0.6226328998402916,"1","1501"
"=HYPERLINK(""https://stackoverflow.com/q/18924910"", ""18924910"")",0.6521896489323198,"0","6546"
"=HYPERLINK(""https://stackoverflow.com/q/19460237"", ""19460237"")",0.667222222222222,"1","887"
"=HYPERLINK(""https://stackoverflow.com/q/19587982"", ""19587982"")",0.4439964157706094,"0","236"
"=HYPERLINK(""https://stackoverflow.com/q/19819232"", ""19819232"")",0.4820647419072622,"0","2181"
"=HYPERLINK(""https://stackoverflow.com/q/19924423"", ""19924423"")",0.3746471644855015,"1","890"
"=HYPERLINK(""https://stackoverflow.com/q/19958254"", ""19958254"")",0.3543650793650795,"0","1032"
"=HYPERLINK(""https://stackoverflow.com/q/20132160"", ""20132160"")",0.2623291740938799,"0","5410"
"=HYPERLINK(""https://stackoverflow.com/q/20989472"", ""20989472"")",0.4772557792692023,"0","2054"
"=HYPERLINK(""https://stackoverflow.com/q/21301330"", ""21301330"")",0.5696798493408658,"2","12458"
"=HYPERLINK(""https://stackoverflow.com/q/21422125"", ""21422125"")",0.3476241514826724,"0","1589"
"=HYPERLINK(""https://stackoverflow.com/q/21437901"", ""21437901"")",0.5086738351254482,"6","224"
"=HYPERLINK(""https://stackoverflow.com/q/21546457"", ""21546457"")",0.4151268785415124,"1","583"
"=HYPERLINK(""https://stackoverflow.com/q/21752242"", ""21752242"")",0.3210594315245476,"0","171"
"=HYPERLINK(""https://stackoverflow.com/q/21837857"", ""21837857"")",0.4797072521623418,"0","2793"
"=HYPERLINK(""https://stackoverflow.com/q/22163118"", ""22163118"")",0.7354965585054084,"2","152"
"=HYPERLINK(""https://stackoverflow.com/q/22319457"", ""22319457"")",0.3885335228618812,"2","129"
"=HYPERLINK(""https://stackoverflow.com/q/22373732"", ""22373732"")",0.3630998203746471,"0","666"
"=HYPERLINK(""https://stackoverflow.com/q/22452396"", ""22452396"")",0.5669030732860522,"3","3272"
"=HYPERLINK(""https://stackoverflow.com/q/22531928"", ""22531928"")",0.3476241514826725,"2","180"
"=HYPERLINK(""https://stackoverflow.com/q/22563944"", ""22563944"")",0.5028546332894155,"0","2616"
"=HYPERLINK(""https://stackoverflow.com/q/22699326"", ""22699326"")",0.2114114114114114,"0","83"
"=HYPERLINK(""https://stackoverflow.com/q/22908301"", ""22908301"")",0.3748538011695907,"0","78"
"=HYPERLINK(""https://stackoverflow.com/q/23019119"", ""23019119"")",0.5011030886482146,"1","3987"
"=HYPERLINK(""https://stackoverflow.com/q/23021311"", ""23021311"")",0.4487415592387968,"0","58"
"=HYPERLINK(""https://stackoverflow.com/q/23143341"", ""23143341"")",0.3861566484517307,"2","964"
"=HYPERLINK(""https://stackoverflow.com/q/23271524"", ""23271524"")",0.4977904040404036,"0","4084"
"=HYPERLINK(""https://stackoverflow.com/q/23398041"", ""23398041"")",0.5578623606305262,"0","323"
"=HYPERLINK(""https://stackoverflow.com/q/23653827"", ""23653827"")",0.6391318432134766,"0","77"
"=HYPERLINK(""https://stackoverflow.com/q/23757458"", ""23757458"")",0.6812386156648457,"0","888"
"=HYPERLINK(""https://stackoverflow.com/q/23778317"", ""23778317"")",0.5473755964553507,"0","621"
"=HYPERLINK(""https://stackoverflow.com/q/23982091"", ""23982091"")",0.4086629001883236,"0","823"
"=HYPERLINK(""https://stackoverflow.com/q/24038981"", ""24038981"")",0.3755241090146751,"1","770"
"=HYPERLINK(""https://stackoverflow.com/q/24089864"", ""24089864"")",0.6629001883239168,"0","32"
"=HYPERLINK(""https://stackoverflow.com/q/24126954"", ""24126954"")",0.7609676096760968,"3","8721"
"=HYPERLINK(""https://stackoverflow.com/q/24493857"", ""24493857"")",0.4201114042802698,"0","1448"
"=HYPERLINK(""https://stackoverflow.com/q/24617605"", ""24617605"")",0.3897897897897895,"0","370"
"=HYPERLINK(""https://stackoverflow.com/q/24650248"", ""24650248"")",0.4863731656184488,"0","2321"
"=HYPERLINK(""https://stackoverflow.com/q/24694969"", ""24694969"")",0.5527126273394933,"0","189"
"=HYPERLINK(""https://stackoverflow.com/q/24713696"", ""24713696"")",0.3825275657336731,"1","5150"
"=HYPERLINK(""https://stackoverflow.com/q/24889289"", ""24889289"")",0.3576902025177886,"0","692"
"=HYPERLINK(""https://stackoverflow.com/q/25167992"", ""25167992"")",0.5918720276696929,"0","3426"
"=HYPERLINK(""https://stackoverflow.com/q/25314764"", ""25314764"")",0.3599227569815805,"1","168"
"=HYPERLINK(""https://stackoverflow.com/q/25446802"", ""25446802"")",0.5135265700483086,"1","3691"
"=HYPERLINK(""https://stackoverflow.com/q/25531391"", ""25531391"")",0.4198270126413838,"3","8424"
"=HYPERLINK(""https://stackoverflow.com/q/25683641"", ""25683641"")",0.71741452991453,"3","8961"
"=HYPERLINK(""https://stackoverflow.com/q/25731858"", ""25731858"")",0.5096171802054155,"3","1404"
"=HYPERLINK(""https://stackoverflow.com/q/25761354"", ""25761354"")",0.6516700749829579,"5","4230"
"=HYPERLINK(""https://stackoverflow.com/q/25906618"", ""25906618"")",0.739664082687338,"0","881"
"=HYPERLINK(""https://stackoverflow.com/q/26060564"", ""26060564"")",0.5046649703138257,"1","588"
"=HYPERLINK(""https://stackoverflow.com/q/26158393"", ""26158393"")",0.5425815036593477,"0","1067"
"=HYPERLINK(""https://stackoverflow.com/q/26226598"", ""26226598"")",0.7476059294241104,"1","147"
"=HYPERLINK(""https://stackoverflow.com/q/26273262"", ""26273262"")",0.3422222222222219,"0","92"
"=HYPERLINK(""https://stackoverflow.com/q/27131960"", ""27131960"")",0.4485380116959068,"1","3190"
"=HYPERLINK(""https://stackoverflow.com/q/27165389"", ""27165389"")",0.6011695906432754,"2","124"
"=HYPERLINK(""https://stackoverflow.com/q/27194112"", ""27194112"")",0.4872352770525096,"2","721"
"=HYPERLINK(""https://stackoverflow.com/q/27320391"", ""27320391"")",0.4949494949494948,"1","31"
"=HYPERLINK(""https://stackoverflow.com/q/27356128"", ""27356128"")",0.7711912943871706,"1","581"
"=HYPERLINK(""https://stackoverflow.com/q/27493107"", ""27493107"")",0.2572076449627473,"2","79"
"=HYPERLINK(""https://stackoverflow.com/q/27498883"", ""27498883"")",0.597912829957029,"1","470"
"=HYPERLINK(""https://stackoverflow.com/q/27548543"", ""27548543"")",0.2341982701264138,"1","487"
"=HYPERLINK(""https://stackoverflow.com/q/27936028"", ""27936028"")",0.2762762762762761,"1","242"
"=HYPERLINK(""https://stackoverflow.com/q/28224140"", ""28224140"")",0.5126878541512684,"0","706"
"=HYPERLINK(""https://stackoverflow.com/q/28226536"", ""28226536"")",0.4644367550941941,"2","6848"
"=HYPERLINK(""https://stackoverflow.com/q/28239958"", ""28239958"")",0.4751866490996922,"1","363"
"=HYPERLINK(""https://stackoverflow.com/q/28242720"", ""28242720"")",0.4933592484612898,"0","69"
"=HYPERLINK(""https://stackoverflow.com/q/28303465"", ""28303465"")",0.836146272855133,"0","285"
"=HYPERLINK(""https://stackoverflow.com/q/28492098"", ""28492098"")",0.4770299145299147,"38","52180"
"=HYPERLINK(""https://stackoverflow.com/q/28730832"", ""28730832"")",0.4369461486025901,"0","1305"
"=HYPERLINK(""https://stackoverflow.com/q/28757782"", ""28757782"")",0.6381514257620456,"0","218"
"=HYPERLINK(""https://stackoverflow.com/q/28865644"", ""28865644"")",0.6513803331051785,"2","107"
"=HYPERLINK(""https://stackoverflow.com/q/28948402"", ""28948402"")",0.3608149727552716,"0","83"
"=HYPERLINK(""https://stackoverflow.com/q/29006504"", ""29006504"")",0.4526369687660004,"2","1892"
"=HYPERLINK(""https://stackoverflow.com/q/29012032"", ""29012032"")",0.5141141141141138,"1","48"
"=HYPERLINK(""https://stackoverflow.com/q/29458112"", ""29458112"")",0.5360683760683764,"2","138"
"=HYPERLINK(""https://stackoverflow.com/q/29682034"", ""29682034"")",0.2695305419612108,"0","612"
"=HYPERLINK(""https://stackoverflow.com/q/29790626"", ""29790626"")",0.4265023778642454,"0","332"
"=HYPERLINK(""https://stackoverflow.com/q/29818390"", ""29818390"")",0.3961352657004828,"1","905"
"=HYPERLINK(""https://stackoverflow.com/q/30193726"", ""30193726"")",0.41854124062713,"2","2048"
"=HYPERLINK(""https://stackoverflow.com/q/30247362"", ""30247362"")",0.3939779474130621,"0","55"
"=HYPERLINK(""https://stackoverflow.com/q/30474560"", ""30474560"")",0.3697632058287798,"1","1986"
"=HYPERLINK(""https://stackoverflow.com/q/30481635"", ""30481635"")",0.4179669030732861,"1","2181"
"=HYPERLINK(""https://stackoverflow.com/q/30487441"", ""30487441"")",0.3529040404040403,"0","815"
"=HYPERLINK(""https://stackoverflow.com/q/30526192"", ""30526192"")",0.5213911972914743,"1","180"
"=HYPERLINK(""https://stackoverflow.com/q/30629638"", ""30629638"")",0.3579838116261958,"0","6017"
"=HYPERLINK(""https://stackoverflow.com/q/30790518"", ""30790518"")",0.5347222222222224,"1","76"
"=HYPERLINK(""https://stackoverflow.com/q/31225394"", ""31225394"")",0.2893363161819539,"0","242"
"=HYPERLINK(""https://stackoverflow.com/q/31610979"", ""31610979"")",0.3799762329174094,"3","6174"
"=HYPERLINK(""https://stackoverflow.com/q/31672240"", ""31672240"")",0.5467604807974202,"2","1548"
"=HYPERLINK(""https://stackoverflow.com/q/31968674"", ""31968674"")",0.337141577060932,"4","282"
"=HYPERLINK(""https://stackoverflow.com/q/31990161"", ""31990161"")",0.5992275698158054,"0","162"
"=HYPERLINK(""https://stackoverflow.com/q/32220238"", ""32220238"")",0.597912829957029,"0","366"
"=HYPERLINK(""https://stackoverflow.com/q/32382331"", ""32382331"")",0.3307302370187695,"0","2522"
"=HYPERLINK(""https://stackoverflow.com/q/32590464"", ""32590464"")",0.7115839243498818,"1","652"
"=HYPERLINK(""https://stackoverflow.com/q/32603894"", ""32603894"")",0.5760683760683766,"0","2220"
"=HYPERLINK(""https://stackoverflow.com/q/32662381"", ""32662381"")",0.9365079365079352,"0","1326"
"=HYPERLINK(""https://stackoverflow.com/q/32702453"", ""32702453"")",0.5757936507936507,"5","1697"
"=HYPERLINK(""https://stackoverflow.com/q/32750425"", ""32750425"")",0.323212321232123,"1","1110"
"=HYPERLINK(""https://stackoverflow.com/q/32792028"", ""32792028"")",0.4241926655719755,"0","3223"
"=HYPERLINK(""https://stackoverflow.com/q/33173074"", ""33173074"")",0.5070048309178737,"3","564"
"=HYPERLINK(""https://stackoverflow.com/q/33421565"", ""33421565"")",0.4644367550941941,"0","516"
"=HYPERLINK(""https://stackoverflow.com/q/33502426"", ""33502426"")",0.3096857790735345,"0","547"
"=HYPERLINK(""https://stackoverflow.com/q/33514661"", ""33514661"")",0.4152601969057663,"4","748"
"=HYPERLINK(""https://stackoverflow.com/q/33638966"", ""33638966"")",0.4377910844976711,"1","68"
"=HYPERLINK(""https://stackoverflow.com/q/33712959"", ""33712959"")",0.3098510882016036,"0","355"
"=HYPERLINK(""https://stackoverflow.com/q/33881109"", ""33881109"")",0.3377828629544877,"1","608"
"=HYPERLINK(""https://stackoverflow.com/q/34031825"", ""34031825"")",0.3836680053547521,"0","472"
"=HYPERLINK(""https://stackoverflow.com/q/34175879"", ""34175879"")",0.3330534564791489,"1","1190"
"=HYPERLINK(""https://stackoverflow.com/q/34225941"", ""34225941"")",0.4168330006653358,"3","5233"
"=HYPERLINK(""https://stackoverflow.com/q/34534653"", ""34534653"")",0.5812583668005351,"0","4698"
"=HYPERLINK(""https://stackoverflow.com/q/34549551"", ""34549551"")",0.3444026733500416,"0","496"
"=HYPERLINK(""https://stackoverflow.com/q/34608733"", ""34608733"")",0.603437691835482,"1","5210"
"=HYPERLINK(""https://stackoverflow.com/q/34778454"", ""34778454"")",0.3483760683760687,"1","828"
"=HYPERLINK(""https://stackoverflow.com/q/35375613"", ""35375613"")",0.7919896640826868,"1","868"
"=HYPERLINK(""https://stackoverflow.com/q/35578153"", ""35578153"")",0.8001116694584025,"0","481"
"=HYPERLINK(""https://stackoverflow.com/q/35655400"", ""35655400"")",0.3006299423669747,"0","30"
"=HYPERLINK(""https://stackoverflow.com/q/35853024"", ""35853024"")",0.4435336976320587,"0","2817"
"=HYPERLINK(""https://stackoverflow.com/q/36105060"", ""36105060"")",0.874893977947414,"1","1163"
"=HYPERLINK(""https://stackoverflow.com/q/36215516"", ""36215516"")",0.4980842911877395,"1","609"
"=HYPERLINK(""https://stackoverflow.com/q/36216703"", ""36216703"")",0.503472222222222,"0","208"
"=HYPERLINK(""https://stackoverflow.com/q/36820010"", ""36820010"")",0.4524853801169591,"1","4554"
"=HYPERLINK(""https://stackoverflow.com/q/36919959"", ""36919959"")",0.9241452991452994,"0","17"
"=HYPERLINK(""https://stackoverflow.com/q/37183988"", ""37183988"")",0.5287548855388049,"1","3429"
"=HYPERLINK(""https://stackoverflow.com/q/37382498"", ""37382498"")",0.5933065595716195,"0","565"
"=HYPERLINK(""https://stackoverflow.com/q/37398936"", ""37398936"")",0.2517425174251743,"1","5768"
"=HYPERLINK(""https://stackoverflow.com/q/37522515"", ""37522515"")",0.6897897897897892,"0","110"
"=HYPERLINK(""https://stackoverflow.com/q/38014078"", ""38014078"")",0.517261386713084,"0","837"
"=HYPERLINK(""https://stackoverflow.com/q/38067583"", ""38067583"")",0.7947413061916885,"0","698"
"=HYPERLINK(""https://stackoverflow.com/q/38119374"", ""38119374"")",0.3585858585858584,"1","609"
"=HYPERLINK(""https://stackoverflow.com/q/38168927"", ""38168927"")",0.5016339869281046,"0","611"
"=HYPERLINK(""https://stackoverflow.com/q/38203232"", ""38203232"")",0.360726377346876,"0","593"
"=HYPERLINK(""https://stackoverflow.com/q/38277695"", ""38277695"")",0.2995418098510882,"1","24"
"=HYPERLINK(""https://stackoverflow.com/q/38308605"", ""38308605"")",0.2338840298023973,"0","359"
"=HYPERLINK(""https://stackoverflow.com/q/38327491"", ""38327491"")",0.3951545530492896,"0","107"
"=HYPERLINK(""https://stackoverflow.com/q/38334422"", ""38334422"")",0.2748538011695908,"1","1188"
"=HYPERLINK(""https://stackoverflow.com/q/38513667"", ""38513667"")",0.7866394001363318,"0","21"
"=HYPERLINK(""https://stackoverflow.com/q/38631117"", ""38631117"")",0.4672815107597715,"0","70"
"=HYPERLINK(""https://stackoverflow.com/q/38700797"", ""38700797"")",0.4112847222222224,"0","236"
"=HYPERLINK(""https://stackoverflow.com/q/38763644"", ""38763644"")",0.7277572775727758,"0","506"
"=HYPERLINK(""https://stackoverflow.com/q/39241037"", ""39241037"")",0.5120973955925415,"0","119"
"=HYPERLINK(""https://stackoverflow.com/q/39241264"", ""39241264"")",0.1562881562881562,"0","11301"
"=HYPERLINK(""https://stackoverflow.com/q/39277770"", ""39277770"")",0.4643274853801173,"1","5926"
"=HYPERLINK(""https://stackoverflow.com/q/39358310"", ""39358310"")",0.6779184247538673,"0","427"
"=HYPERLINK(""https://stackoverflow.com/q/39375672"", ""39375672"")",0.8559431524547797,"0","1369"
"=HYPERLINK(""https://stackoverflow.com/q/39507872"", ""39507872"")",0.6392434988179668,"1","119"
"=HYPERLINK(""https://stackoverflow.com/q/39839701"", ""39839701"")",0.4664618535586273,"1","6856"
"=HYPERLINK(""https://stackoverflow.com/q/40038243"", ""40038243"")",0.3763724198506803,"0","199"
"=HYPERLINK(""https://stackoverflow.com/q/40141786"", ""40141786"")",0.46773120425815,"0","64"
"=HYPERLINK(""https://stackoverflow.com/q/40417735"", ""40417735"")",0.4951951951951949,"0","390"
"=HYPERLINK(""https://stackoverflow.com/q/40488962"", ""40488962"")",0.390491452991453,"0","83"
"=HYPERLINK(""https://stackoverflow.com/q/40555797"", ""40555797"")",0.38091239854464,"0","49"
"=HYPERLINK(""https://stackoverflow.com/q/40565113"", ""40565113"")",0.4830917874396133,"1","267"
"=HYPERLINK(""https://stackoverflow.com/q/40924615"", ""40924615"")",0.4575163398692811,"0","35"
"=HYPERLINK(""https://stackoverflow.com/q/41007497"", ""41007497"")",0.344381313131313,"1","50"
"=HYPERLINK(""https://stackoverflow.com/q/41741358"", ""41741358"")",0.4546945469454695,"0","40"
"=HYPERLINK(""https://stackoverflow.com/q/41758728"", ""41758728"")",0.4835858585858583,"0","23"
"=HYPERLINK(""https://stackoverflow.com/q/41918051"", ""41918051"")",0.4099013053167781,"0","2080"
"=HYPERLINK(""https://stackoverflow.com/q/42003450"", ""42003450"")",0.6342825237297595,"0","322"
"=HYPERLINK(""https://stackoverflow.com/q/42397686"", ""42397686"")",0.4085429769392033,"15","6373"
"=HYPERLINK(""https://stackoverflow.com/q/42459674"", ""42459674"")",0.6807202459376367,"0","1440"
"=HYPERLINK(""https://stackoverflow.com/q/42489321"", ""42489321"")",0.3523427041499328,"2","649"
"=HYPERLINK(""https://stackoverflow.com/q/42544653"", ""42544653"")",0.6655471592499294,"9","342"
"=HYPERLINK(""https://stackoverflow.com/q/42554409"", ""42554409"")",0.633300939423389,"0","865"
"=HYPERLINK(""https://stackoverflow.com/q/42609179"", ""42609179"")",0.8450595924644361,"0","839"
"=HYPERLINK(""https://stackoverflow.com/q/42687494"", ""42687494"")",0.4133579562942445,"1","942"
"=HYPERLINK(""https://stackoverflow.com/q/42809356"", ""42809356"")",0.3558100084817643,"2","5042"
"=HYPERLINK(""https://stackoverflow.com/q/42858035"", ""42858035"")",0.3035030103995621,"1","25611"
"=HYPERLINK(""https://stackoverflow.com/q/42938038"", ""42938038"")",0.4634282523729756,"1","628"
"=HYPERLINK(""https://stackoverflow.com/q/42965850"", ""42965850"")",0.6743180306054555,"1","7523"
"=HYPERLINK(""https://stackoverflow.com/q/43157336"", ""43157336"")",0.3428252372975987,"6","880"
"=HYPERLINK(""https://stackoverflow.com/q/43311571"", ""43311571"")",0.8805136795086539,"0","2446"
"=HYPERLINK(""https://stackoverflow.com/q/43436514"", ""43436514"")",0.563539587491683,"2","3383"
"=HYPERLINK(""https://stackoverflow.com/q/43516913"", ""43516913"")",0.7177974434611607,"0","310"
"=HYPERLINK(""https://stackoverflow.com/q/43611668"", ""43611668"")",0.2891678289167827,"0","283"
"=HYPERLINK(""https://stackoverflow.com/q/43771371"", ""43771371"")",0.2009456264775414,"2","476"
"=HYPERLINK(""https://stackoverflow.com/q/44031936"", ""44031936"")",0.3699494949494948,"0","542"
"=HYPERLINK(""https://stackoverflow.com/q/44194627"", ""44194627"")",0.3330093942338844,"0","70"
"=HYPERLINK(""https://stackoverflow.com/q/44245124"", ""44245124"")",0.232222222222222,"3","47"
"=HYPERLINK(""https://stackoverflow.com/q/44254594"", ""44254594"")",0.3855286738351254,"0","615"
"=HYPERLINK(""https://stackoverflow.com/q/44328022"", ""44328022"")",0.436132216377687,"2","319"
"=HYPERLINK(""https://stackoverflow.com/q/44638551"", ""44638551"")",0.3992133726647004,"0","215"
"=HYPERLINK(""https://stackoverflow.com/q/44665082"", ""44665082"")",0.2467383512544801,"1","113"
"=HYPERLINK(""https://stackoverflow.com/q/44670741"", ""44670741"")",0.7377931564782771,"0","556"
"=HYPERLINK(""https://stackoverflow.com/q/44699951"", ""44699951"")",0.3664529914529915,"0","759"
"=HYPERLINK(""https://stackoverflow.com/q/44803257"", ""44803257"")",0.9294045426642114,"0","1419"
"=HYPERLINK(""https://stackoverflow.com/q/44811109"", ""44811109"")",0.5145299145299149,"0","1777"
"=HYPERLINK(""https://stackoverflow.com/q/44886013"", ""44886013"")",0.42637447135717,"1","3345"
"=HYPERLINK(""https://stackoverflow.com/q/44998680"", ""44998680"")",0.3800347222222224,"0","1890"
"=HYPERLINK(""https://stackoverflow.com/q/45019786"", ""45019786"")",0.5215570337521552,"0","1002"
"=HYPERLINK(""https://stackoverflow.com/q/45061150"", ""45061150"")",0.4532758266584517,"1","233"
"=HYPERLINK(""https://stackoverflow.com/q/45209922"", ""45209922"")",0.6017531390665722,"1","2518"
"=HYPERLINK(""https://stackoverflow.com/q/45329878"", ""45329878"")",0.3419827012641382,"0","756"
"=HYPERLINK(""https://stackoverflow.com/q/45453848"", ""45453848"")",0.3926534337211955,"0","4231"
"=HYPERLINK(""https://stackoverflow.com/q/45473657"", ""45473657"")",0.5789789789789785,"1","130"
"=HYPERLINK(""https://stackoverflow.com/q/45524279"", ""45524279"")",0.3328779599271405,"0","138"
"=HYPERLINK(""https://stackoverflow.com/q/45811763"", ""45811763"")",0.2887832364852967,"0","666"
"=HYPERLINK(""https://stackoverflow.com/q/45908586"", ""45908586"")",0.6738351254480278,"1","351"
"=HYPERLINK(""https://stackoverflow.com/q/45934022"", ""45934022"")",0.3151757454606031,"0","1383"
"=HYPERLINK(""https://stackoverflow.com/q/46058660"", ""46058660"")",0.5380116959064332,"1","487"
"=HYPERLINK(""https://stackoverflow.com/q/46110958"", ""46110958"")",0.3205828779599274,"2","256"
"=HYPERLINK(""https://stackoverflow.com/q/46131518"", ""46131518"")",0.3288320303245676,"0","71"
"=HYPERLINK(""https://stackoverflow.com/q/46141044"", ""46141044"")",0.352204891199692,"0","176"
"=HYPERLINK(""https://stackoverflow.com/q/46352191"", ""46352191"")",0.7542846139033319,"0","278"
"=HYPERLINK(""https://stackoverflow.com/q/46365908"", ""46365908"")",0.3496460449369037,"0","4032"
"=HYPERLINK(""https://stackoverflow.com/q/46420866"", ""46420866"")",0.6654040404040401,"0","303"
"=HYPERLINK(""https://stackoverflow.com/q/46446557"", ""46446557"")",0.5599310527711477,"1","1033"
"=HYPERLINK(""https://stackoverflow.com/q/46714291"", ""46714291"")",0.2877134061013153,"1","1003"
"=HYPERLINK(""https://stackoverflow.com/q/46730320"", ""46730320"")",0.5426642111724984,"0","1214"
"=HYPERLINK(""https://stackoverflow.com/q/46811156"", ""46811156"")",0.3562428407789232,"5","658"
"=HYPERLINK(""https://stackoverflow.com/q/46988983"", ""46988983"")",0.4394353369763208,"0","348"
"=HYPERLINK(""https://stackoverflow.com/q/46989444"", ""46989444"")",0.4061013154212142,"2","1539"
"=HYPERLINK(""https://stackoverflow.com/q/47360865"", ""47360865"")",0.503977418527072,"0","162"
"=HYPERLINK(""https://stackoverflow.com/q/47388938"", ""47388938"")",0.3779315647827755,"0","118"
"=HYPERLINK(""https://stackoverflow.com/q/47525878"", ""47525878"")",0.605339105339105,"4","250"
"=HYPERLINK(""https://stackoverflow.com/q/47549071"", ""47549071"")",0.5383986928104575,"1","44"
"=HYPERLINK(""https://stackoverflow.com/q/47564757"", ""47564757"")",0.5195983155166832,"2","133"
"=HYPERLINK(""https://stackoverflow.com/q/47641961"", ""47641961"")",0.4500703234880449,"0","545"
"=HYPERLINK(""https://stackoverflow.com/q/47677874"", ""47677874"")",0.2973563903796463,"0","669"
"=HYPERLINK(""https://stackoverflow.com/q/48105880"", ""48105880"")",0.4705592510470556,"0","387"
"=HYPERLINK(""https://stackoverflow.com/q/48198582"", ""48198582"")",0.3771517996870113,"1","128"
"=HYPERLINK(""https://stackoverflow.com/q/48378443"", ""48378443"")",0.4848950332821296,"1","327"
"=HYPERLINK(""https://stackoverflow.com/q/48506928"", ""48506928"")",0.8253150057273768,"0","821"
"=HYPERLINK(""https://stackoverflow.com/q/48579801"", ""48579801"")",0.3822222222222226,"0","1384"
"=HYPERLINK(""https://stackoverflow.com/q/48610285"", ""48610285"")",0.6321945213911973,"0","720"
"=HYPERLINK(""https://stackoverflow.com/q/48625687"", ""48625687"")",0.3958749168330005,"1","130"
"=HYPERLINK(""https://stackoverflow.com/q/48710351"", ""48710351"")",0.4467731204258149,"0","68"
"=HYPERLINK(""https://stackoverflow.com/q/48722614"", ""48722614"")",0.4174029451137881,"0","69"
"=HYPERLINK(""https://stackoverflow.com/q/48961316"", ""48961316"")",0.3559431524547801,"0","1965"
"=HYPERLINK(""https://stackoverflow.com/q/48988480"", ""48988480"")",0.3755964553510563,"0","821"
"=HYPERLINK(""https://stackoverflow.com/q/49254280"", ""49254280"")",0.5245478036175707,"0","51"
"=HYPERLINK(""https://stackoverflow.com/q/49286988"", ""49286988"")",0.4471357170319106,"2","647"
"=HYPERLINK(""https://stackoverflow.com/q/49359123"", ""49359123"")",0.3995075407817791,"0","115"
"=HYPERLINK(""https://stackoverflow.com/q/49362852"", ""49362852"")",0.7754137115839244,"1","500"
"=HYPERLINK(""https://stackoverflow.com/q/49527296"", ""49527296"")",0.7133726647000986,"1","1392"
"=HYPERLINK(""https://stackoverflow.com/q/49586796"", ""49586796"")",0.5223853543592534,"3","1912"
"=HYPERLINK(""https://stackoverflow.com/q/49806514"", ""49806514"")",0.462222222222222,"1","3998"
"=HYPERLINK(""https://stackoverflow.com/q/49853357"", ""49853357"")",0.3590643274853803,"0","816"
"=HYPERLINK(""https://stackoverflow.com/q/49859258"", ""49859258"")",0.4489664082687335,"0","247"
"=HYPERLINK(""https://stackoverflow.com/q/49874263"", ""49874263"")",0.6852904040404038,"0","3252"
"=HYPERLINK(""https://stackoverflow.com/q/49920209"", ""49920209"")",0.4537658463832962,"0","632"
"=HYPERLINK(""https://stackoverflow.com/q/50110835"", ""50110835"")",0.478036175710594,"1","255"
"=HYPERLINK(""https://stackoverflow.com/q/50152309"", ""50152309"")",0.6639400136332646,"0","44"
"=HYPERLINK(""https://stackoverflow.com/q/50156366"", ""50156366"")",0.5906432748538013,"2","522"
"=HYPERLINK(""https://stackoverflow.com/q/50184058"", ""50184058"")",0.9380116959064336,"0","3037"
"=HYPERLINK(""https://stackoverflow.com/q/50219155"", ""50219155"")",0.3287915652879158,"0","253"
"=HYPERLINK(""https://stackoverflow.com/q/50299058"", ""50299058"")",0.6764206955046657,"0","251"
"=HYPERLINK(""https://stackoverflow.com/q/50423478"", ""50423478"")",0.2742152898132102,"0","886"
"=HYPERLINK(""https://stackoverflow.com/q/50487212"", ""50487212"")",0.3161448741559238,"0","60"
"=HYPERLINK(""https://stackoverflow.com/q/50565849"", ""50565849"")",0.7918943533697637,"0","299"
"=HYPERLINK(""https://stackoverflow.com/q/50635608"", ""50635608"")",0.4281045751633986,"1","85"
"=HYPERLINK(""https://stackoverflow.com/q/50688772"", ""50688772"")",0.7012641383898864,"0","56"
"=HYPERLINK(""https://stackoverflow.com/q/50995774"", ""50995774"")",0.3013038548752831,"0","706"
"=HYPERLINK(""https://stackoverflow.com/q/51041160"", ""51041160"")",0.3675710594315242,"0","328"
"=HYPERLINK(""https://stackoverflow.com/q/51050030"", ""51050030"")",0.4473144731447315,"0","578"
"=HYPERLINK(""https://stackoverflow.com/q/51076243"", ""51076243"")",0.6832611832611829,"3","3726"
"=HYPERLINK(""https://stackoverflow.com/q/51128254"", ""51128254"")",0.3419827012641384,"0","80"
"=HYPERLINK(""https://stackoverflow.com/q/51145231"", ""51145231"")",0.3247152970144661,"1","264"
"=HYPERLINK(""https://stackoverflow.com/q/51157469"", ""51157469"")",0.4156184486373167,"0","2657"
"=HYPERLINK(""https://stackoverflow.com/q/51394376"", ""51394376"")",0.5130767949358657,"1","488"
"=HYPERLINK(""https://stackoverflow.com/q/51623043"", ""51623043"")",0.3258366800535473,"0","66"
"=HYPERLINK(""https://stackoverflow.com/q/51747645"", ""51747645"")",0.4745339791574929,"0","49"
"=HYPERLINK(""https://stackoverflow.com/q/51750055"", ""51750055"")",0.6511994949494946,"1","410"
"=HYPERLINK(""https://stackoverflow.com/q/51866188"", ""51866188"")",0.4167828916782888,"1","522"
"=HYPERLINK(""https://stackoverflow.com/q/51969772"", ""51969772"")",0.3158182813355224,"1","792"
"=HYPERLINK(""https://stackoverflow.com/q/52025270"", ""52025270"")",0.540079365079365,"1","885"
"=HYPERLINK(""https://stackoverflow.com/q/52067409"", ""52067409"")",0.4657567049808427,"0","128"
"=HYPERLINK(""https://stackoverflow.com/q/52070481"", ""52070481"")",0.5881796690307329,"0","365"
"=HYPERLINK(""https://stackoverflow.com/q/52196705"", ""52196705"")",0.2970725216234197,"1","57"
"=HYPERLINK(""https://stackoverflow.com/q/52279999"", ""52279999"")",0.3836146272855131,"1","169"
"=HYPERLINK(""https://stackoverflow.com/q/52333960"", ""52333960"")",0.6279599271402555,"1","367"
"=HYPERLINK(""https://stackoverflow.com/q/52383262"", ""52383262"")",0.2634593356242841,"0","1066"
"=HYPERLINK(""https://stackoverflow.com/q/52543092"", ""52543092"")",0.2872939925571506,"0","1031"
"=HYPERLINK(""https://stackoverflow.com/q/52579871"", ""52579871"")",0.3436507936507937,"0","933"
"=HYPERLINK(""https://stackoverflow.com/q/52589355"", ""52589355"")",0.4186507936507938,"2","58"
"=HYPERLINK(""https://stackoverflow.com/q/52607320"", ""52607320"")",0.6115079365079368,"0","66"
"=HYPERLINK(""https://stackoverflow.com/q/52654829"", ""52654829"")",0.3441058787319175,"1","229"
"=HYPERLINK(""https://stackoverflow.com/q/53479716"", ""53479716"")",0.4690576652601966,"0","158"
"=HYPERLINK(""https://stackoverflow.com/q/53536765"", ""53536765"")",0.5798171589310825,"1","200"
"=HYPERLINK(""https://stackoverflow.com/q/53734879"", ""53734879"")",0.442222222222222,"0","51"
"=HYPERLINK(""https://stackoverflow.com/q/53938395"", ""53938395"")",0.2816281628162815,"1","1141"
"=HYPERLINK(""https://stackoverflow.com/q/54167758"", ""54167758"")",0.4370028226841158,"0","817"
"=HYPERLINK(""https://stackoverflow.com/q/54194835"", ""54194835"")",0.3219006788138622,"0","404"
"=HYPERLINK(""https://stackoverflow.com/q/54369061"", ""54369061"")",0.4406522563519149,"1","176"
"=HYPERLINK(""https://stackoverflow.com/q/54398761"", ""54398761"")",0.3979544397954437,"1","146"
"=HYPERLINK(""https://stackoverflow.com/q/54666018"", ""54666018"")",0.6025903203817309,"0","63"
"=HYPERLINK(""https://stackoverflow.com/q/54935102"", ""54935102"")",0.2393846936181032,"0","325"
"=HYPERLINK(""https://stackoverflow.com/q/55144869"", ""55144869"")",0.5453579774803488,"1","65"
"=HYPERLINK(""https://stackoverflow.com/q/55347915"", ""55347915"")",0.7950070323488039,"0","92"
"=HYPERLINK(""https://stackoverflow.com/q/55372842"", ""55372842"")",0.3981304440195456,"0","36"
"=HYPERLINK(""https://stackoverflow.com/q/55376926"", ""55376926"")",0.5608048993875772,"0","18"
"=HYPERLINK(""https://stackoverflow.com/q/55520394"", ""55520394"")",0.3392653433721194,"1","96"
"=HYPERLINK(""https://stackoverflow.com/q/55542723"", ""55542723"")",0.5260196905766522,"0","1065"
"=HYPERLINK(""https://stackoverflow.com/q/55672590"", ""55672590"")",0.5156353958749165,"0","113"
"=HYPERLINK(""https://stackoverflow.com/q/55696441"", ""55696441"")",0.336316181953766,"0","871"
"=HYPERLINK(""https://stackoverflow.com/q/55714301"", ""55714301"")",0.2853343005682505,"0","980"
"=HYPERLINK(""https://stackoverflow.com/q/55785519"", ""55785519"")",0.7045231071779748,"1","278"
"=HYPERLINK(""https://stackoverflow.com/q/55794490"", ""55794490"")",0.4648692810457516,"2","1057"
"=HYPERLINK(""https://stackoverflow.com/q/55827343"", ""55827343"")",0.5496558505408068,"1","35"
"=HYPERLINK(""https://stackoverflow.com/q/56209500"", ""56209500"")",0.4412195836997949,"0","190"
"=HYPERLINK(""https://stackoverflow.com/q/56248068"", ""56248068"")",0.3633986928104574,"0","163"
"=HYPERLINK(""https://stackoverflow.com/q/56481784"", ""56481784"")",0.267427701674277,"0","259"
"=HYPERLINK(""https://stackoverflow.com/q/56662340"", ""56662340"")",0.5686386044747818,"1","215"
"=HYPERLINK(""https://stackoverflow.com/q/56692227"", ""56692227"")",0.7422222222222218,"0","20"
"=HYPERLINK(""https://stackoverflow.com/q/56849923"", ""56849923"")",0.7257936507936509,"0","97"
"=HYPERLINK(""https://stackoverflow.com/q/56924243"", ""56924243"")",0.3277498604131768,"0","839"
"=HYPERLINK(""https://stackoverflow.com/q/56970311"", ""56970311"")",0.39703425229741,"0","190"
"=HYPERLINK(""https://stackoverflow.com/q/57034436"", ""57034436"")",0.4828085414404632,"0","1164"
"=HYPERLINK(""https://stackoverflow.com/q/57059019"", ""57059019"")",0.6871668716687167,"0","128"
"=HYPERLINK(""https://stackoverflow.com/q/57080142"", ""57080142"")",0.2733235438081254,"0","290"
"=HYPERLINK(""https://stackoverflow.com/q/57290189"", ""57290189"")",0.3983585858585856,"0","83"
"=HYPERLINK(""https://stackoverflow.com/q/57632065"", ""57632065"")",0.5875358753587535,"0","525"
"=HYPERLINK(""https://stackoverflow.com/q/57726580"", ""57726580"")",0.3616452991452991,"1","57"
"=HYPERLINK(""https://stackoverflow.com/q/57731165"", ""57731165"")",0.3163114863959254,"0","643"
"=HYPERLINK(""https://stackoverflow.com/q/57784304"", ""57784304"")",0.4036381514257623,"1","407"
"=HYPERLINK(""https://stackoverflow.com/q/57873998"", ""57873998"")",0.5014430014430012,"0","690"
"=HYPERLINK(""https://stackoverflow.com/q/57994683"", ""57994683"")",0.4255835667600373,"1","1126"
"=HYPERLINK(""https://stackoverflow.com/q/58214007"", ""58214007"")",0.5902931756590288,"0","130"
"=HYPERLINK(""https://stackoverflow.com/q/58286061"", ""58286061"")",0.1992776715530064,"1","94"
"=HYPERLINK(""https://stackoverflow.com/q/58486402"", ""58486402"")",0.2180315464757582,"0","4647"
"=HYPERLINK(""https://stackoverflow.com/q/58539811"", ""58539811"")",0.3986928104575162,"1","131"
"=HYPERLINK(""https://stackoverflow.com/q/58751582"", ""58751582"")",0.7498295841854118,"0","41"
"=HYPERLINK(""https://stackoverflow.com/q/58791498"", ""58791498"")",0.5804311774461033,"1","35"
"=HYPERLINK(""https://stackoverflow.com/q/58857296"", ""58857296"")",0.3711583924349882,"0","73"
"=HYPERLINK(""https://stackoverflow.com/q/58890054"", ""58890054"")",0.5446977922547954,"0","41"
"=HYPERLINK(""https://stackoverflow.com/q/58912897"", ""58912897"")",0.5375631313131312,"0","69"
"=HYPERLINK(""https://stackoverflow.com/q/58917534"", ""58917534"")",0.5179968701095468,"0","40"
"=HYPERLINK(""https://stackoverflow.com/q/58927108"", ""58927108"")",0.4903073286052011,"1","1040"
"=HYPERLINK(""https://stackoverflow.com/q/58936342"", ""58936342"")",0.5440471297438005,"0","108"
"=HYPERLINK(""https://stackoverflow.com/q/58967434"", ""58967434"")",0.6507936507936508,"0","1426"
"=HYPERLINK(""https://stackoverflow.com/q/58985834"", ""58985834"")",0.5033772374197907,"1","144"
"=HYPERLINK(""https://stackoverflow.com/q/59002239"", ""59002239"")",0.3458895996209432,"0","28"
"=HYPERLINK(""https://stackoverflow.com/q/59107136"", ""59107136"")",0.8602590320381723,"1","2552"
"=HYPERLINK(""https://stackoverflow.com/q/59147507"", ""59147507"")",0.3142467620995225,"0","316"
"=HYPERLINK(""https://stackoverflow.com/q/59156795"", ""59156795"")",0.2814927389395474,"3","225"
"=HYPERLINK(""https://stackoverflow.com/q/59199186"", ""59199186"")",0.4195195195195189,"0","65"
"=HYPERLINK(""https://stackoverflow.com/q/59289133"", ""59289133"")",0.4258421317244846,"0","112"
"=HYPERLINK(""https://stackoverflow.com/q/59594623"", ""59594623"")",0.5874916833000662,"1","1381"
"=HYPERLINK(""https://stackoverflow.com/q/59995908"", ""59995908"")",0.3350935093509349,"0","1683"
"=HYPERLINK(""https://stackoverflow.com/q/60195617"", ""60195617"")",0.3765630582350841,"1","34"
"=HYPERLINK(""https://stackoverflow.com/q/60204353"", ""60204353"")",0.6840542832909249,"0","154"
"=HYPERLINK(""https://stackoverflow.com/q/60208031"", ""60208031"")",0.5606837606837611,"0","108"
"=HYPERLINK(""https://stackoverflow.com/q/60228837"", ""60228837"")",0.4737559645535101,"0","268"
"=HYPERLINK(""https://stackoverflow.com/q/60230705"", ""60230705"")",0.2997298210064168,"0","2253"
"=HYPERLINK(""https://stackoverflow.com/q/60246198"", ""60246198"")",0.6466408268733845,"1","656"
"=HYPERLINK(""https://stackoverflow.com/q/60288327"", ""60288327"")",0.2757936507936508,"0","44"
"=HYPERLINK(""https://stackoverflow.com/q/60542908"", ""60542908"")",0.7936507936507934,"0","24"
"=HYPERLINK(""https://stackoverflow.com/q/60578569"", ""60578569"")",0.879198966408268,"0","2201"
"=HYPERLINK(""https://stackoverflow.com/q/60589214"", ""60589214"")",0.2133949838867873,"0","155"
"=HYPERLINK(""https://stackoverflow.com/q/60589723"", ""60589723"")",0.3041499330655956,"0","301"
"=HYPERLINK(""https://stackoverflow.com/q/60844702"", ""60844702"")",0.5531045751633986,"0","665"
"=HYPERLINK(""https://stackoverflow.com/q/60852201"", ""60852201"")",0.6801303854875276,"1","59"
"=HYPERLINK(""https://stackoverflow.com/q/60862896"", ""60862896"")",0.5789689874717605,"1","698"
"=HYPERLINK(""https://stackoverflow.com/q/60887200"", ""60887200"")",0.3633265167007495,"0","184"
"=HYPERLINK(""https://stackoverflow.com/q/60973180"", ""60973180"")",0.4153256704980843,"0","93"
"=HYPERLINK(""https://stackoverflow.com/q/61339816"", ""61339816"")",0.2817248865206236,"0","122"
"=HYPERLINK(""https://stackoverflow.com/q/61418710"", ""61418710"")",0.3903256704980842,"0","56"
"=HYPERLINK(""https://stackoverflow.com/q/61509970"", ""61509970"")",0.5487528344671208,"0","59"
"=HYPERLINK(""https://stackoverflow.com/q/61515127"", ""61515127"")",0.4884559884559882,"0","1578"
"=HYPERLINK(""https://stackoverflow.com/q/61588907"", ""61588907"")",0.5243498817966905,"0","185"
"=HYPERLINK(""https://stackoverflow.com/q/61905808"", ""61905808"")",0.8022222222222218,"0","37"
"=HYPERLINK(""https://stackoverflow.com/q/61939248"", ""61939248"")",0.323760683760684,"0","99"
"=HYPERLINK(""https://stackoverflow.com/q/61947794"", ""61947794"")",0.7541371158392436,"0","31"
"=HYPERLINK(""https://stackoverflow.com/q/62044572"", ""62044572"")",0.5222222222222227,"1","640"
"=HYPERLINK(""https://stackoverflow.com/q/62053120"", ""62053120"")",0.4674145299145301,"0","21"
"=HYPERLINK(""https://stackoverflow.com/q/62079834"", ""62079834"")",0.5392953929539293,"0","233"
"=HYPERLINK(""https://stackoverflow.com/q/62081474"", ""62081474"")",0.379009985128532,"1","829"
"=HYPERLINK(""https://stackoverflow.com/q/62092342"", ""62092342"")",0.3389886892880904,"0","18"
"=HYPERLINK(""https://stackoverflow.com/q/62107512"", ""62107512"")",0.4793650793650793,"0","18"
"=HYPERLINK(""https://stackoverflow.com/q/62138888"", ""62138888"")",0.3497390007457125,"0","416"
"=HYPERLINK(""https://stackoverflow.com/q/62188858"", ""62188858"")",0.4750631313131311,"2","43"
"=HYPERLINK(""https://stackoverflow.com/q/62204171"", ""62204171"")",0.4939900322486076,"0","33"
"=HYPERLINK(""https://stackoverflow.com/q/62204912"", ""62204912"")",0.642996870109547,"0","517"
"=HYPERLINK(""https://stackoverflow.com/q/62261252"", ""62261252"")",0.7058494262524481,"0","1015"
"=HYPERLINK(""https://stackoverflow.com/q/62526182"", ""62526182"")",0.7380116959064333,"3","433"
"=HYPERLINK(""https://stackoverflow.com/q/62529704"", ""62529704"")",0.3832391713747645,"0","68"
"=HYPERLINK(""https://stackoverflow.com/q/62681322"", ""62681322"")",0.2879756468797563,"0","324"
"=HYPERLINK(""https://stackoverflow.com/q/62681384"", ""62681384"")",0.5795629424438289,"0","420"
"=HYPERLINK(""https://stackoverflow.com/q/62702062"", ""62702062"")",0.2808541440463264,"0","11"
"=HYPERLINK(""https://stackoverflow.com/q/62718775"", ""62718775"")",0.3642455685257241,"0","27"
"=HYPERLINK(""https://stackoverflow.com/q/62807210"", ""62807210"")",0.5256704980842913,"0","135"
"=HYPERLINK(""https://stackoverflow.com/q/62832543"", ""62832543"")",0.8904914529914532,"1","34"
"=HYPERLINK(""https://stackoverflow.com/q/62848418"", ""62848418"")",0.4650520501380925,"0","228"
"=HYPERLINK(""https://stackoverflow.com/q/62893687"", ""62893687"")",0.4641824059894504,"0","312"
"=HYPERLINK(""https://stackoverflow.com/q/62927856"", ""62927856"")",0.5780504430811174,"0","200"
"=HYPERLINK(""https://stackoverflow.com/q/62951633"", ""62951633"")",0.7975646879756468,"0","12"
"=HYPERLINK(""https://stackoverflow.com/q/63086475"", ""63086475"")",0.3676963601532566,"2","795"
"=HYPERLINK(""https://stackoverflow.com/q/63118262"", ""63118262"")",0.4136230543997535,"0","144"
"=HYPERLINK(""https://stackoverflow.com/q/63132433"", ""63132433"")",0.6415770609318989,"1","42"
"=HYPERLINK(""https://stackoverflow.com/q/63193921"", ""63193921"")",0.3130003202049312,"0","54"
"=HYPERLINK(""https://stackoverflow.com/q/63195483"", ""63195483"")",0.465316144874156,"0","47"
"=HYPERLINK(""https://stackoverflow.com/q/63262286"", ""63262286"")",0.4474130619168792,"0","63"
"=HYPERLINK(""https://stackoverflow.com/q/63300959"", ""63300959"")",0.3227247347850361,"0","400"
"=HYPERLINK(""https://stackoverflow.com/q/63331989"", ""63331989"")",0.468628793064111,"0","55"
"=HYPERLINK(""https://stackoverflow.com/q/63374563"", ""63374563"")",0.205164652925847,"0","137"
"=HYPERLINK(""https://stackoverflow.com/q/63397989"", ""63397989"")",0.8309178743961347,"0","29"
"=HYPERLINK(""https://stackoverflow.com/q/63442482"", ""63442482"")",0.331546981064666,"1","567"
"=HYPERLINK(""https://stackoverflow.com/q/63457325"", ""63457325"")",0.4438288704216682,"2","132"
"=HYPERLINK(""https://stackoverflow.com/q/63480671"", ""63480671"")",0.5446977922547953,"0","70"
"=HYPERLINK(""https://stackoverflow.com/q/63734598"", ""63734598"")",0.3650793650793657,"0","54"
"=HYPERLINK(""https://stackoverflow.com/q/63751174"", ""63751174"")",0.5016013796501597,"1","48"
"=HYPERLINK(""https://stackoverflow.com/q/63803126"", ""63803126"")",0.4775199013342304,"0","47"
"=HYPERLINK(""https://stackoverflow.com/q/63906147"", ""63906147"")",0.4772557792692022,"0","466"
"=HYPERLINK(""https://stackoverflow.com/q/63930945"", ""63930945"")",0.7328605200945628,"1","30"
"=HYPERLINK(""https://stackoverflow.com/q/63956414"", ""63956414"")",0.4500328731097965,"1","199"
"=HYPERLINK(""https://stackoverflow.com/q/64058052"", ""64058052"")",0.4884559884559882,"0","35"
"=HYPERLINK(""https://stackoverflow.com/q/64083383"", ""64083383"")",0.5293088363954512,"0","62"
"=HYPERLINK(""https://stackoverflow.com/q/64135861"", ""64135861"")",0.376068376068376,"0","29"
"=HYPERLINK(""https://stackoverflow.com/q/64231326"", ""64231326"")",0.4820647419072622,"1","35"
"=HYPERLINK(""https://stackoverflow.com/q/64368928"", ""64368928"")",0.7335858585858583,"1","137"
"=HYPERLINK(""https://stackoverflow.com/q/64375432"", ""64375432"")",0.3726180005863383,"0","77"
"=HYPERLINK(""https://stackoverflow.com/q/64434625"", ""64434625"")",0.3738615664845176,"0","42"
"=HYPERLINK(""https://stackoverflow.com/q/64449386"", ""64449386"")",0.543830262423227,"0","84"
"=HYPERLINK(""https://stackoverflow.com/q/64451298"", ""64451298"")",0.3571619812583665,"1","279"
"=HYPERLINK(""https://stackoverflow.com/q/64513002"", ""64513002"")",0.6908569085690859,"0","56"
"=HYPERLINK(""https://stackoverflow.com/q/64564572"", ""64564572"")",0.6291989664082682,"2","79"
"=HYPERLINK(""https://stackoverflow.com/q/64603569"", ""64603569"")",0.7570323488045002,"1","50"
"=HYPERLINK(""https://stackoverflow.com/q/64649543"", ""64649543"")",0.3117744610281927,"2","42"
"=HYPERLINK(""https://stackoverflow.com/q/64665088"", ""64665088"")",0.4321669736034378,"1","21"
"=HYPERLINK(""https://stackoverflow.com/q/64747086"", ""64747086"")",0.3422830124957784,"0","17"
"=HYPERLINK(""https://stackoverflow.com/q/64838117"", ""64838117"")",0.3326118326118323,"0","7"
"=HYPERLINK(""https://stackoverflow.com/q/64841280"", ""64841280"")",0.2590885816692266,"0","75"
"=HYPERLINK(""https://stackoverflow.com/q/64993779"", ""64993779"")",0.6543445931591254,"0","49"
"=HYPERLINK(""https://stackoverflow.com/q/65010584"", ""65010584"")",0.3456597222222225,"0","1297"
"=HYPERLINK(""https://stackoverflow.com/q/65071727"", ""65071727"")",0.6070961718020541,"1","43"
"=HYPERLINK(""https://stackoverflow.com/q/65107311"", ""65107311"")",0.5765529308836403,"0","86"
"=HYPERLINK(""https://stackoverflow.com/q/65171299"", ""65171299"")",0.7182852143482071,"0","51"
"=HYPERLINK(""https://stackoverflow.com/q/65231215"", ""65231215"")",0.4696449026345933,"0","116"
"=HYPERLINK(""https://stackoverflow.com/q/65281292"", ""65281292"")",0.7597716293368462,"0","84"
"=HYPERLINK(""https://stackoverflow.com/q/65298766"", ""65298766"")",0.7295751633986929,"0","20"
"=HYPERLINK(""https://stackoverflow.com/q/65310881"", ""65310881"")",0.3949026345933561,"0","19"
"=HYPERLINK(""https://stackoverflow.com/q/65323508"", ""65323508"")",0.440785096473719,"0","210"
"=HYPERLINK(""https://stackoverflow.com/q/65385069"", ""65385069"")",0.3645147123407992,"0","71"
"=HYPERLINK(""https://stackoverflow.com/q/65397820"", ""65397820"")",0.5962680237489404,"1","155"
"=HYPERLINK(""https://stackoverflow.com/q/65410306"", ""65410306"")",0.3708368317940103,"0","69"
"=HYPERLINK(""https://stackoverflow.com/q/65633002"", ""65633002"")",0.8150560984437206,"0","42"
"=HYPERLINK(""https://stackoverflow.com/q/65695011"", ""65695011"")",0.6633986928104576,"0","17"
"=HYPERLINK(""https://stackoverflow.com/q/65712406"", ""65712406"")",0.4572452636968762,"0","80"
"=HYPERLINK(""https://stackoverflow.com/q/65720366"", ""65720366"")",0.3329233292332924,"0","124"
"=HYPERLINK(""https://stackoverflow.com/q/65847075"", ""65847075"")",0.3249249249249248,"0","23"
"=HYPERLINK(""https://stackoverflow.com/q/65864137"", ""65864137"")",0.3849580712788261,"0","90"
"=HYPERLINK(""https://stackoverflow.com/q/66011400"", ""66011400"")",0.482222222222222,"1","127"
"=HYPERLINK(""https://stackoverflow.com/q/66038637"", ""66038637"")",0.5056867891513567,"1","74"
"=HYPERLINK(""https://stackoverflow.com/q/66063872"", ""66063872"")",0.5916803503010394,"1","47"
"=HYPERLINK(""https://stackoverflow.com/q/66069708"", ""66069708"")",0.3376068376068375,"0","19"
"=HYPERLINK(""https://stackoverflow.com/q/66102720"", ""66102720"")",0.516115351993215,"0","27"
"=HYPERLINK(""https://stackoverflow.com/q/66243656"", ""66243656"")",0.8154425612052724,"1","28"
"=HYPERLINK(""https://stackoverflow.com/q/66272302"", ""66272302"")",0.6095740008783481,"0","33"
"=HYPERLINK(""https://stackoverflow.com/q/66304861"", ""66304861"")",0.5309178743961347,"1","13"
"=HYPERLINK(""https://stackoverflow.com/q/66310026"", ""66310026"")",0.4345299145299148,"0","305"
"=HYPERLINK(""https://stackoverflow.com/q/66344139"", ""66344139"")",0.3843843843843842,"0","84"
"=HYPERLINK(""https://stackoverflow.com/q/66355167"", ""66355167"")",0.3105179101072322,"0","52"
"=HYPERLINK(""https://stackoverflow.com/q/66416274"", ""66416274"")",0.3513735137351375,"0","49"
"=HYPERLINK(""https://stackoverflow.com/q/66432282"", ""66432282"")",0.2420720076299475,"0","28"
"=HYPERLINK(""https://stackoverflow.com/q/66519610"", ""66519610"")",0.5323217954796907,"1","79"
"=HYPERLINK(""https://stackoverflow.com/q/66744874"", ""66744874"")",0.8493408662900181,"0","28"
"=HYPERLINK(""https://stackoverflow.com/q/66746413"", ""66746413"")",0.4737559645535101,"0","22"
"=HYPERLINK(""https://stackoverflow.com/q/66886287"", ""66886287"")",0.7319212188777409,"0","232"
"=HYPERLINK(""https://stackoverflow.com/q/66937598"", ""66937598"")",0.4684533780011164,"0","36"
"=HYPERLINK(""https://stackoverflow.com/q/66945194"", ""66945194"")",0.5412267471090999,"0","33"
"=HYPERLINK(""https://stackoverflow.com/q/67098044"", ""67098044"")",0.7116959064327492,"0","44"
"=HYPERLINK(""https://stackoverflow.com/q/67113853"", ""67113853"")",0.4946773120425811,"1","25"
"=HYPERLINK(""https://stackoverflow.com/q/67128476"", ""67128476"")",0.4619359968197178,"0","13"
"=HYPERLINK(""https://stackoverflow.com/q/67189739"", ""67189739"")",0.5813382443216698,"0","14"
"=HYPERLINK(""https://stackoverflow.com/q/67226291"", ""67226291"")",0.5657004830917867,"0","5"
"=HYPERLINK(""https://stackoverflow.com/q/67255171"", ""67255171"")",0.3718285214348208,"0","33"
"=HYPERLINK(""https://stackoverflow.com/q/67281773"", ""67281773"")",0.5008481764206959,"0","10"
"=HYPERLINK(""https://stackoverflow.com/q/67294697"", ""67294697"")",0.3989345509893453,"0","29"
"=HYPERLINK(""https://stackoverflow.com/q/67350978"", ""67350978"")",0.3984598459845981,"0","46"
"=HYPERLINK(""https://stackoverflow.com/q/67482565"", ""67482565"")",0.5715599705665932,"0","6"
"=HYPERLINK(""https://stackoverflow.com/q/67500918"", ""67500918"")",0.321529381575571,"0","5"
"=HYPERLINK(""https://stackoverflow.com/q/67543600"", ""67543600"")",0.7629198966408263,"0","10"
"=HYPERLINK(""https://stackoverflow.com/q/67616071"", ""67616071"")",0.4169124877089482,"0","56"
"=HYPERLINK(""https://stackoverflow.com/q/67718383"", ""67718383"")",0.3442185253645515,"0","20"
