link,Correlation
"=HYPERLINK(""https://stackoverflow.com/a/4389562"", ""4389562"")",0.064327485380117
"=HYPERLINK(""https://stackoverflow.com/a/6473792"", ""6473792"")",0.3152454780361758
"=HYPERLINK(""https://stackoverflow.com/a/6587458"", ""6587458"")",0.5758807588075879
"=HYPERLINK(""https://stackoverflow.com/a/7309439"", ""7309439"")",0.31222222222222196
"=HYPERLINK(""https://stackoverflow.com/a/8697895"", ""8697895"")",0.3231396534148828
"=HYPERLINK(""https://stackoverflow.com/a/9278345"", ""9278345"")",0.3367260390161154
"=HYPERLINK(""https://stackoverflow.com/a/9897516"", ""9897516"")",0.22222222222222215
"=HYPERLINK(""https://stackoverflow.com/a/10095435"", ""10095435"")",0.7222222222222223
"=HYPERLINK(""https://stackoverflow.com/a/10481758"", ""10481758"")",0.3943533697632062
"=HYPERLINK(""https://stackoverflow.com/a/10839636"", ""10839636"")",0.33261183261183275
"=HYPERLINK(""https://stackoverflow.com/a/11607300"", ""11607300"")",0.4007936507936507
"=HYPERLINK(""https://stackoverflow.com/a/12967419"", ""12967419"")",0.5299145299145298
"=HYPERLINK(""https://stackoverflow.com/a/13126225"", ""13126225"")",0.2553713934929405
"=HYPERLINK(""https://stackoverflow.com/a/15199174"", ""15199174"")",0.30821390044691027
"=HYPERLINK(""https://stackoverflow.com/a/16260644"", ""16260644"")",0.06432748538011704
"=HYPERLINK(""https://stackoverflow.com/a/16607421"", ""16607421"")",0.16959064327485388
"=HYPERLINK(""https://stackoverflow.com/a/17156600"", ""17156600"")",0.40945626477541364
"=HYPERLINK(""https://stackoverflow.com/a/17736665"", ""17736665"")",0.3675710594315244
"=HYPERLINK(""https://stackoverflow.com/a/17920355"", ""17920355"")",0.465316144874156
"=HYPERLINK(""https://stackoverflow.com/a/20205995"", ""20205995"")",0.402222222222222
"=HYPERLINK(""https://stackoverflow.com/a/20258797"", ""20258797"")",0.739171374764595
"=HYPERLINK(""https://stackoverflow.com/a/20328072"", ""20328072"")",0.4321669736034377
"=HYPERLINK(""https://stackoverflow.com/a/20453591"", ""20453591"")",0.45947277654594704
"=HYPERLINK(""https://stackoverflow.com/a/21225311"", ""21225311"")",0.31313131313131304
"=HYPERLINK(""https://stackoverflow.com/a/21381464"", ""21381464"")",0.33033033033033005
"=HYPERLINK(""https://stackoverflow.com/a/22170865"", ""22170865"")",0.11695906432748542
"=HYPERLINK(""https://stackoverflow.com/a/22323656"", ""22323656"")",0.3449767132401863
"=HYPERLINK(""https://stackoverflow.com/a/23484862"", ""23484862"")",0.3437691835481891
"=HYPERLINK(""https://stackoverflow.com/a/23680815"", ""23680815"")",0.15079365079365076
"=HYPERLINK(""https://stackoverflow.com/a/23780834"", ""23780834"")",0.3807588075880757
"=HYPERLINK(""https://stackoverflow.com/a/24116191"", ""24116191"")",0.2579365079365078
"=HYPERLINK(""https://stackoverflow.com/a/24167112"", ""24167112"")",0.469928644240571
"=HYPERLINK(""https://stackoverflow.com/a/24199461"", ""24199461"")",0.15079365079365076
"=HYPERLINK(""https://stackoverflow.com/a/26054129"", ""26054129"")",0.3501291989664081
"=HYPERLINK(""https://stackoverflow.com/a/26189561"", ""26189561"")",0.7454780361757104
"=HYPERLINK(""https://stackoverflow.com/a/26542519"", ""26542519"")",0.3676767676767677
"=HYPERLINK(""https://stackoverflow.com/a/26640394"", ""26640394"")",0.417874396135266
"=HYPERLINK(""https://stackoverflow.com/a/27110227"", ""27110227"")",0.11695906432748543
"=HYPERLINK(""https://stackoverflow.com/a/27477706"", ""27477706"")",0.642390289449113
"=HYPERLINK(""https://stackoverflow.com/a/28709588"", ""28709588"")",0.37847222222222243
"=HYPERLINK(""https://stackoverflow.com/a/28722582"", ""28722582"")",0.26459510357815436
"=HYPERLINK(""https://stackoverflow.com/a/29027506"", ""29027506"")",0.3128262490678599
"=HYPERLINK(""https://stackoverflow.com/a/30316996"", ""30316996"")",0.48461289277615816
"=HYPERLINK(""https://stackoverflow.com/a/30705201"", ""30705201"")",0.7176350662589194
"=HYPERLINK(""https://stackoverflow.com/a/32853815"", ""32853815"")",0.46052009456264786
"=HYPERLINK(""https://stackoverflow.com/a/32905275"", ""32905275"")",0.5958485958485958
"=HYPERLINK(""https://stackoverflow.com/a/33663253"", ""33663253"")",0.4310134310134309
"=HYPERLINK(""https://stackoverflow.com/a/33914704"", ""33914704"")",0.4154040404040401
"=HYPERLINK(""https://stackoverflow.com/a/36355466"", ""36355466"")",0.5079365079365079
"=HYPERLINK(""https://stackoverflow.com/a/37328474"", ""37328474"")",0.4703138252756576
"=HYPERLINK(""https://stackoverflow.com/a/37367438"", ""37367438"")",0.797564687975647
"=HYPERLINK(""https://stackoverflow.com/a/38920059"", ""38920059"")",0.3908268733850126
"=HYPERLINK(""https://stackoverflow.com/a/40785746"", ""40785746"")",0.7676767676767677
"=HYPERLINK(""https://stackoverflow.com/a/41016919"", ""41016919"")",0.6246612466124659
"=HYPERLINK(""https://stackoverflow.com/a/42422711"", ""42422711"")",0.2579365079365079
"=HYPERLINK(""https://stackoverflow.com/a/42999408"", ""42999408"")",0.3047910295616718
"=HYPERLINK(""https://stackoverflow.com/a/43338335"", ""43338335"")",0.6178266178266177
"=HYPERLINK(""https://stackoverflow.com/a/43428693"", ""43428693"")",0.7657004830917874
"=HYPERLINK(""https://stackoverflow.com/a/45220874"", ""45220874"")",0.3664529914529915
"=HYPERLINK(""https://stackoverflow.com/a/46611315"", ""46611315"")",0.3722222222222223
"=HYPERLINK(""https://stackoverflow.com/a/47358398"", ""47358398"")",0.2632058287795995
"=HYPERLINK(""https://stackoverflow.com/a/47436647"", ""47436647"")",0.17810457516339864
"=HYPERLINK(""https://stackoverflow.com/a/47543070"", ""47543070"")",0.38075880758807573
"=HYPERLINK(""https://stackoverflow.com/a/47748307"", ""47748307"")",0.6120527306967986
"=HYPERLINK(""https://stackoverflow.com/a/47872529"", ""47872529"")",0.3808938089380894
"=HYPERLINK(""https://stackoverflow.com/a/49247372"", ""49247372"")",0.29488658208381374
"=HYPERLINK(""https://stackoverflow.com/a/50272580"", ""50272580"")",0.6854575163398692
"=HYPERLINK(""https://stackoverflow.com/a/50277544"", ""50277544"")",0.6486928104575164
"=HYPERLINK(""https://stackoverflow.com/a/50507570"", ""50507570"")",0.1695906432748537
"=HYPERLINK(""https://stackoverflow.com/a/50547120"", ""50547120"")",0.4654654654654651
"=HYPERLINK(""https://stackoverflow.com/a/50925334"", ""50925334"")",0.5249745158002039
"=HYPERLINK(""https://stackoverflow.com/a/51730774"", ""51730774"")",0.5056098443720592
"=HYPERLINK(""https://stackoverflow.com/a/51832180"", ""51832180"")",0.3676767676767677
"=HYPERLINK(""https://stackoverflow.com/a/51976678"", ""51976678"")",0.43650793650793623
"=HYPERLINK(""https://stackoverflow.com/a/52043251"", ""52043251"")",0.645535105657805
"=HYPERLINK(""https://stackoverflow.com/a/54078684"", ""54078684"")",0.22222222222222218
"=HYPERLINK(""https://stackoverflow.com/a/55357220"", ""55357220"")",0.5277016742770169
"=HYPERLINK(""https://stackoverflow.com/a/56404550"", ""56404550"")",0.38205828779599293
"=HYPERLINK(""https://stackoverflow.com/a/56529053"", ""56529053"")",0.4517304189435338
"=HYPERLINK(""https://stackoverflow.com/a/57054624"", ""57054624"")",0.16816816816816801
"=HYPERLINK(""https://stackoverflow.com/a/57206645"", ""57206645"")",0.18650793650793646
"=HYPERLINK(""https://stackoverflow.com/a/57539926"", ""57539926"")",0.47957516339869277
"=HYPERLINK(""https://stackoverflow.com/a/58337195"", ""58337195"")",0.26222222222222197
"=HYPERLINK(""https://stackoverflow.com/a/58419079"", ""58419079"")",0.3408662900188324
"=HYPERLINK(""https://stackoverflow.com/a/59179373"", ""59179373"")",0.6468797564687975
"=HYPERLINK(""https://stackoverflow.com/a/59183678"", ""59183678"")",0.5858585858585859
"=HYPERLINK(""https://stackoverflow.com/a/59203534"", ""59203534"")",0.4577991452991454
"=HYPERLINK(""https://stackoverflow.com/a/59324238"", ""59324238"")",0.3187739463601532
"=HYPERLINK(""https://stackoverflow.com/a/59442675"", ""59442675"")",0.37606837606837606
"=HYPERLINK(""https://stackoverflow.com/a/60328373"", ""60328373"")",0.2222222222222222
"=HYPERLINK(""https://stackoverflow.com/a/60566677"", ""60566677"")",0.1676767676767677
"=HYPERLINK(""https://stackoverflow.com/a/60751018"", ""60751018"")",0.8315972222222223
"=HYPERLINK(""https://stackoverflow.com/a/60752234"", ""60752234"")",0.4239267676767676
"=HYPERLINK(""https://stackoverflow.com/a/61050638"", ""61050638"")",0.572222222222222
"=HYPERLINK(""https://stackoverflow.com/a/62190906"", ""62190906"")",0.11695906432748542
"=HYPERLINK(""https://stackoverflow.com/a/62266073"", ""62266073"")",0.5408062930186827
"=HYPERLINK(""https://stackoverflow.com/a/62458931"", ""62458931"")",0.5628815628815629
"=HYPERLINK(""https://stackoverflow.com/a/63391192"", ""63391192"")",0.3131313131313132
"=HYPERLINK(""https://stackoverflow.com/a/63607881"", ""63607881"")",0.4424057084607543
"=HYPERLINK(""https://stackoverflow.com/a/63692030"", ""63692030"")",0.5538011695906434
"=HYPERLINK(""https://stackoverflow.com/a/63800767"", ""63800767"")",0.5089869281045751
"=HYPERLINK(""https://stackoverflow.com/a/64021021"", ""64021021"")",0.49216087252897084
"=HYPERLINK(""https://stackoverflow.com/a/64319580"", ""64319580"")",0.1507936507936507
"=HYPERLINK(""https://stackoverflow.com/a/64440706"", ""64440706"")",0.4435660957400088
"=HYPERLINK(""https://stackoverflow.com/a/64511507"", ""64511507"")",0.36284722222222215
"=HYPERLINK(""https://stackoverflow.com/a/64822491"", ""64822491"")",0.3749168330006653
"=HYPERLINK(""https://stackoverflow.com/a/65169052"", ""65169052"")",0.5095150399017803
"=HYPERLINK(""https://stackoverflow.com/a/65255770"", ""65255770"")",0.11695906432748543
"=HYPERLINK(""https://stackoverflow.com/a/65669865"", ""65669865"")",0.5514905149051488
"=HYPERLINK(""https://stackoverflow.com/a/65922263"", ""65922263"")",0.5118773946360153
"=HYPERLINK(""https://stackoverflow.com/a/65952450"", ""65952450"")",0.2222222222222222
"=HYPERLINK(""https://stackoverflow.com/a/66153443"", ""66153443"")",0.33197831978319775
"=HYPERLINK(""https://stackoverflow.com/a/67086034"", ""67086034"")",0.7439613526570046
"=HYPERLINK(""https://stackoverflow.com/a/67469469"", ""67469469"")",0.6978319783197829
