link,Correlation
"=HYPERLINK(""https://stackoverflow.com/a/416723"", ""416723"")",0.5085963561714137
"=HYPERLINK(""https://stackoverflow.com/a/1490922"", ""1490922"")",0.5738705738705738
"=HYPERLINK(""https://stackoverflow.com/a/2186450"", ""2186450"")",0.3506625891946994
"=HYPERLINK(""https://stackoverflow.com/a/3179712"", ""3179712"")",0.29198966408268734
"=HYPERLINK(""https://stackoverflow.com/a/4165616"", ""4165616"")",0.2754766600920447
"=HYPERLINK(""https://stackoverflow.com/a/4434941"", ""4434941"")",0.38084291187739466
"=HYPERLINK(""https://stackoverflow.com/a/4653716"", ""4653716"")",0.4805248052480524
"=HYPERLINK(""https://stackoverflow.com/a/5379462"", ""5379462"")",0.2490678598061149
"=HYPERLINK(""https://stackoverflow.com/a/5888252"", ""5888252"")",0.3808938089380894
"=HYPERLINK(""https://stackoverflow.com/a/5954860"", ""5954860"")",0.6129506990434143
"=HYPERLINK(""https://stackoverflow.com/a/6435954"", ""6435954"")",0.5652454780361754
"=HYPERLINK(""https://stackoverflow.com/a/7184356"", ""7184356"")",0.45016339869281036
"=HYPERLINK(""https://stackoverflow.com/a/7393243"", ""7393243"")",0.5469454694546947
"=HYPERLINK(""https://stackoverflow.com/a/7395579"", ""7395579"")",0.4970313825275659
"=HYPERLINK(""https://stackoverflow.com/a/7668617"", ""7668617"")",0.29888126112382385
"=HYPERLINK(""https://stackoverflow.com/a/7985563"", ""7985563"")",0.4899387576552934
"=HYPERLINK(""https://stackoverflow.com/a/8597209"", ""8597209"")",0.6680053547523425
"=HYPERLINK(""https://stackoverflow.com/a/8892724"", ""8892724"")",0.39779474130619175
"=HYPERLINK(""https://stackoverflow.com/a/9639213"", ""9639213"")",0.48606587043069127
"=HYPERLINK(""https://stackoverflow.com/a/9692323"", ""9692323"")",0.41577060931899634
"=HYPERLINK(""https://stackoverflow.com/a/9702483"", ""9702483"")",0.7305095150399019
"=HYPERLINK(""https://stackoverflow.com/a/9728363"", ""9728363"")",0.22222222222222207
"=HYPERLINK(""https://stackoverflow.com/a/9877473"", ""9877473"")",0.19097222222222227
"=HYPERLINK(""https://stackoverflow.com/a/10192446"", ""10192446"")",0.4437205935577271
"=HYPERLINK(""https://stackoverflow.com/a/10317761"", ""10317761"")",0.41599384851980015
"=HYPERLINK(""https://stackoverflow.com/a/10322050"", ""10322050"")",0.32626846499678874
"=HYPERLINK(""https://stackoverflow.com/a/10679207"", ""10679207"")",0.3212321232123211
"=HYPERLINK(""https://stackoverflow.com/a/10696946"", ""10696946"")",0.18928809048569525
"=HYPERLINK(""https://stackoverflow.com/a/10953516"", ""10953516"")",0.673441734417344
"=HYPERLINK(""https://stackoverflow.com/a/10988693"", ""10988693"")",0.4848950332821299
"=HYPERLINK(""https://stackoverflow.com/a/11103996"", ""11103996"")",0.46097654748173766
"=HYPERLINK(""https://stackoverflow.com/a/11235818"", ""11235818"")",0.45793650793650786
"=HYPERLINK(""https://stackoverflow.com/a/11295610"", ""11295610"")",0.27417027417027406
"=HYPERLINK(""https://stackoverflow.com/a/11538191"", ""11538191"")",0.38735983690112125
"=HYPERLINK(""https://stackoverflow.com/a/11848472"", ""11848472"")",0.45659722222222227
"=HYPERLINK(""https://stackoverflow.com/a/11902473"", ""11902473"")",0.468168168168168
"=HYPERLINK(""https://stackoverflow.com/a/11987541"", ""11987541"")",0.25515116502984814
"=HYPERLINK(""https://stackoverflow.com/a/12082358"", ""12082358"")",0.36222222222222206
"=HYPERLINK(""https://stackoverflow.com/a/12264692"", ""12264692"")",0.5418321897195137
"=HYPERLINK(""https://stackoverflow.com/a/12562924"", ""12562924"")",0.6741172659540008
"=HYPERLINK(""https://stackoverflow.com/a/12730363"", ""12730363"")",0.34431524547803605
"=HYPERLINK(""https://stackoverflow.com/a/13241551"", ""13241551"")",0.23139653414882783
"=HYPERLINK(""https://stackoverflow.com/a/13311108"", ""13311108"")",0.2886779184247539
"=HYPERLINK(""https://stackoverflow.com/a/13660294"", ""13660294"")",0.41718020541549944
"=HYPERLINK(""https://stackoverflow.com/a/13683158"", ""13683158"")",0.43596268023748963
"=HYPERLINK(""https://stackoverflow.com/a/14004516"", ""14004516"")",0.48493408662900195
"=HYPERLINK(""https://stackoverflow.com/a/14981806"", ""14981806"")",0.3222222222222224
"=HYPERLINK(""https://stackoverflow.com/a/15823708"", ""15823708"")",0.24140030441400295
"=HYPERLINK(""https://stackoverflow.com/a/16337132"", ""16337132"")",0.4927140255009108
"=HYPERLINK(""https://stackoverflow.com/a/16622405"", ""16622405"")",0.49881796690307334
"=HYPERLINK(""https://stackoverflow.com/a/16668751"", ""16668751"")",0.4337606837606837
"=HYPERLINK(""https://stackoverflow.com/a/17288410"", ""17288410"")",0.3313131313131313
"=HYPERLINK(""https://stackoverflow.com/a/17398165"", ""17398165"")",0.3262490678598063
"=HYPERLINK(""https://stackoverflow.com/a/17478682"", ""17478682"")",0.4277016742770166
"=HYPERLINK(""https://stackoverflow.com/a/18448749"", ""18448749"")",0.3655669321198331
"=HYPERLINK(""https://stackoverflow.com/a/19552353"", ""19552353"")",0.2561205273069679
"=HYPERLINK(""https://stackoverflow.com/a/19710715"", ""19710715"")",0.456704980842912
"=HYPERLINK(""https://stackoverflow.com/a/19806792"", ""19806792"")",0.554676048079742
"=HYPERLINK(""https://stackoverflow.com/a/19944528"", ""19944528"")",0.26873385012919876
"=HYPERLINK(""https://stackoverflow.com/a/20095658"", ""20095658"")",0.6728151075977161
"=HYPERLINK(""https://stackoverflow.com/a/20127509"", ""20127509"")",0.7167277167277167
"=HYPERLINK(""https://stackoverflow.com/a/20662139"", ""20662139"")",0.3585858585858585
"=HYPERLINK(""https://stackoverflow.com/a/20921532"", ""20921532"")",0.5202991452991453
"=HYPERLINK(""https://stackoverflow.com/a/20979429"", ""20979429"")",0.27485380116959074
"=HYPERLINK(""https://stackoverflow.com/a/21122113"", ""21122113"")",0.45886344359626824
"=HYPERLINK(""https://stackoverflow.com/a/21290697"", ""21290697"")",0.31313131313131315
"=HYPERLINK(""https://stackoverflow.com/a/21563949"", ""21563949"")",0.31925192519251916
"=HYPERLINK(""https://stackoverflow.com/a/22403139"", ""22403139"")",0.7534722222222225
"=HYPERLINK(""https://stackoverflow.com/a/22493944"", ""22493944"")",0.5988045007032348
"=HYPERLINK(""https://stackoverflow.com/a/22616859"", ""22616859"")",0.662222222222222
"=HYPERLINK(""https://stackoverflow.com/a/23485485"", ""23485485"")",0.30340303403034036
"=HYPERLINK(""https://stackoverflow.com/a/23513734"", ""23513734"")",0.40463264567499097
"=HYPERLINK(""https://stackoverflow.com/a/23594092"", ""23594092"")",0.2752342704149933
"=HYPERLINK(""https://stackoverflow.com/a/24325738"", ""24325738"")",0.4426946631671042
"=HYPERLINK(""https://stackoverflow.com/a/24634302"", ""24634302"")",0.4263744713571701
"=HYPERLINK(""https://stackoverflow.com/a/25115513"", ""25115513"")",0.4529914529914531
"=HYPERLINK(""https://stackoverflow.com/a/25349583"", ""25349583"")",0.3376068376068377
"=HYPERLINK(""https://stackoverflow.com/a/25579479"", ""25579479"")",0.5133614627285511
"=HYPERLINK(""https://stackoverflow.com/a/25889722"", ""25889722"")",0.26861397479954185
"=HYPERLINK(""https://stackoverflow.com/a/25976164"", ""25976164"")",0.28188131313131315
"=HYPERLINK(""https://stackoverflow.com/a/26917622"", ""26917622"")",0.5209235209235209
"=HYPERLINK(""https://stackoverflow.com/a/29662446"", ""29662446"")",0.30355309098377486
"=HYPERLINK(""https://stackoverflow.com/a/30653215"", ""30653215"")",0.4161768821718442
"=HYPERLINK(""https://stackoverflow.com/a/30941950"", ""30941950"")",0.322724734785036
"=HYPERLINK(""https://stackoverflow.com/a/31180642"", ""31180642"")",0.6068376068376069
"=HYPERLINK(""https://stackoverflow.com/a/31449186"", ""31449186"")",0.4229142637447137
"=HYPERLINK(""https://stackoverflow.com/a/31496221"", ""31496221"")",0.3061916878710774
"=HYPERLINK(""https://stackoverflow.com/a/31726103"", ""31726103"")",0.4140826873385012
"=HYPERLINK(""https://stackoverflow.com/a/32058206"", ""32058206"")",0.27466124661246605
"=HYPERLINK(""https://stackoverflow.com/a/32122993"", ""32122993"")",0.5064327485380117
"=HYPERLINK(""https://stackoverflow.com/a/32413619"", ""32413619"")",0.6103125712981976
"=HYPERLINK(""https://stackoverflow.com/a/32488905"", ""32488905"")",0.470544369873229
"=HYPERLINK(""https://stackoverflow.com/a/32716724"", ""32716724"")",0.3760683760683761
"=HYPERLINK(""https://stackoverflow.com/a/32811196"", ""32811196"")",0.3863020448386302
"=HYPERLINK(""https://stackoverflow.com/a/33542119"", ""33542119"")",0.47222222222222227
"=HYPERLINK(""https://stackoverflow.com/a/33572992"", ""33572992"")",0.793064111339265
"=HYPERLINK(""https://stackoverflow.com/a/34197379"", ""34197379"")",0.339105339105339
"=HYPERLINK(""https://stackoverflow.com/a/34339127"", ""34339127"")",0.2558760683760684
"=HYPERLINK(""https://stackoverflow.com/a/35126508"", ""35126508"")",0.5199321458863445
"=HYPERLINK(""https://stackoverflow.com/a/35201854"", ""35201854"")",0.7222222222222221
"=HYPERLINK(""https://stackoverflow.com/a/35344409"", ""35344409"")",0.4505686789151358
"=HYPERLINK(""https://stackoverflow.com/a/35549672"", ""35549672"")",0.32894158981115484
"=HYPERLINK(""https://stackoverflow.com/a/35624022"", ""35624022"")",0.32222222222222235
"=HYPERLINK(""https://stackoverflow.com/a/35660589"", ""35660589"")",0.45222222222222197
"=HYPERLINK(""https://stackoverflow.com/a/35808594"", ""35808594"")",0.2272473478503627
"=HYPERLINK(""https://stackoverflow.com/a/36342420"", ""36342420"")",0.450070323488045
"=HYPERLINK(""https://stackoverflow.com/a/36688540"", ""36688540"")",0.3715434891905479
"=HYPERLINK(""https://stackoverflow.com/a/37073499"", ""37073499"")",0.11695906432748544
"=HYPERLINK(""https://stackoverflow.com/a/37494618"", ""37494618"")",0.25391236306729276
"=HYPERLINK(""https://stackoverflow.com/a/37687255"", ""37687255"")",0.445931591247079
"=HYPERLINK(""https://stackoverflow.com/a/37703149"", ""37703149"")",0.30517153097798233
"=HYPERLINK(""https://stackoverflow.com/a/38510095"", ""38510095"")",0.2771672771672771
"=HYPERLINK(""https://stackoverflow.com/a/38617816"", ""38617816"")",0.2815442561205273
"=HYPERLINK(""https://stackoverflow.com/a/39040564"", ""39040564"")",0.4409722222222222
"=HYPERLINK(""https://stackoverflow.com/a/39103588"", ""39103588"")",0.34030340303403045
"=HYPERLINK(""https://stackoverflow.com/a/40183795"", ""40183795"")",0.3449216087252896
"=HYPERLINK(""https://stackoverflow.com/a/40748496"", ""40748496"")",0.37541371158392434
"=HYPERLINK(""https://stackoverflow.com/a/40955394"", ""40955394"")",0.5778923253150056
"=HYPERLINK(""https://stackoverflow.com/a/41179785"", ""41179785"")",0.433948606587043
"=HYPERLINK(""https://stackoverflow.com/a/42276248"", ""42276248"")",0.6212606837606838
"=HYPERLINK(""https://stackoverflow.com/a/42279528"", ""42279528"")",0.38773946360153255
"=HYPERLINK(""https://stackoverflow.com/a/42697811"", ""42697811"")",0.14114114114114104
"=HYPERLINK(""https://stackoverflow.com/a/42818047"", ""42818047"")",0.32103645147123405
"=HYPERLINK(""https://stackoverflow.com/a/42955647"", ""42955647"")",0.2865237743286524
"=HYPERLINK(""https://stackoverflow.com/a/43012823"", ""43012823"")",0.5923009623797029
"=HYPERLINK(""https://stackoverflow.com/a/43326526"", ""43326526"")",0.2802697156259162
"=HYPERLINK(""https://stackoverflow.com/a/43535127"", ""43535127"")",0.4984868136619109
"=HYPERLINK(""https://stackoverflow.com/a/44219821"", ""44219821"")",0.5758133824432169
"=HYPERLINK(""https://stackoverflow.com/a/44367668"", ""44367668"")",0.5800203873598371
"=HYPERLINK(""https://stackoverflow.com/a/44398490"", ""44398490"")",0.40815187046342816
"=HYPERLINK(""https://stackoverflow.com/a/44566725"", ""44566725"")",0.3748538011695907
"=HYPERLINK(""https://stackoverflow.com/a/45142884"", ""45142884"")",0.2579365079365079
"=HYPERLINK(""https://stackoverflow.com/a/45245455"", ""45245455"")",0.3210594315245477
"=HYPERLINK(""https://stackoverflow.com/a/45381178"", ""45381178"")",0.31724484665661135
"=HYPERLINK(""https://stackoverflow.com/a/45526897"", ""45526897"")",0.34722222222222215
"=HYPERLINK(""https://stackoverflow.com/a/46292161"", ""46292161"")",0.38427755819060166
"=HYPERLINK(""https://stackoverflow.com/a/46375350"", ""46375350"")",0.27049808429118777
"=HYPERLINK(""https://stackoverflow.com/a/46605250"", ""46605250"")",0.36208236208236194
"=HYPERLINK(""https://stackoverflow.com/a/46838742"", ""46838742"")",0.31313131313131304
"=HYPERLINK(""https://stackoverflow.com/a/46856098"", ""46856098"")",0.3643061193805444
"=HYPERLINK(""https://stackoverflow.com/a/46893062"", ""46893062"")",0.3448637316561845
"=HYPERLINK(""https://stackoverflow.com/a/46907925"", ""46907925"")",0.7831978319783196
"=HYPERLINK(""https://stackoverflow.com/a/47548318"", ""47548318"")",0.39409722222222227
"=HYPERLINK(""https://stackoverflow.com/a/48543714"", ""48543714"")",0.29365079365079344
"=HYPERLINK(""https://stackoverflow.com/a/48728193"", ""48728193"")",0.2833081950729009
"=HYPERLINK(""https://stackoverflow.com/a/49039878"", ""49039878"")",0.5696798493408661
"=HYPERLINK(""https://stackoverflow.com/a/49159996"", ""49159996"")",0.4521257591997143
"=HYPERLINK(""https://stackoverflow.com/a/49262806"", ""49262806"")",0.5731837606837609
"=HYPERLINK(""https://stackoverflow.com/a/49282157"", ""49282157"")",0.4007936507936509
"=HYPERLINK(""https://stackoverflow.com/a/49287004"", ""49287004"")",0.38660578386605776
"=HYPERLINK(""https://stackoverflow.com/a/49803992"", ""49803992"")",0.5433231396534148
"=HYPERLINK(""https://stackoverflow.com/a/49804803"", ""49804803"")",0.11695906432748542
"=HYPERLINK(""https://stackoverflow.com/a/49811484"", ""49811484"")",0.6291187739463601
"=HYPERLINK(""https://stackoverflow.com/a/49875424"", ""49875424"")",0.5005027652086474
"=HYPERLINK(""https://stackoverflow.com/a/50392511"", ""50392511"")",0.43081117927743695
"=HYPERLINK(""https://stackoverflow.com/a/51147383"", ""51147383"")",0.45299145299145305
"=HYPERLINK(""https://stackoverflow.com/a/51420762"", ""51420762"")",0.3801169590643277
"=HYPERLINK(""https://stackoverflow.com/a/51594811"", ""51594811"")",0.6077184054283293
"=HYPERLINK(""https://stackoverflow.com/a/52182615"", ""52182615"")",0.5118773946360153
"=HYPERLINK(""https://stackoverflow.com/a/53398576"", ""53398576"")",0.4222222222222222
"=HYPERLINK(""https://stackoverflow.com/a/53434458"", ""53434458"")",0.3922222222222221
"=HYPERLINK(""https://stackoverflow.com/a/53507021"", ""53507021"")",0.26377346875961843
"=HYPERLINK(""https://stackoverflow.com/a/54370149"", ""54370149"")",0.5514905149051488
"=HYPERLINK(""https://stackoverflow.com/a/54836641"", ""54836641"")",0.32960477255779286
"=HYPERLINK(""https://stackoverflow.com/a/55327961"", ""55327961"")",0.35586277521761384
"=HYPERLINK(""https://stackoverflow.com/a/55344510"", ""55344510"")",0.4269466316710413
"=HYPERLINK(""https://stackoverflow.com/a/55371978"", ""55371978"")",0.37521557033752134
"=HYPERLINK(""https://stackoverflow.com/a/55391949"", ""55391949"")",0.5739463601532568
"=HYPERLINK(""https://stackoverflow.com/a/55807592"", ""55807592"")",0.41687871077184074
"=HYPERLINK(""https://stackoverflow.com/a/56336356"", ""56336356"")",0.37541371158392434
"=HYPERLINK(""https://stackoverflow.com/a/56844967"", ""56844967"")",0.5531045751633987
"=HYPERLINK(""https://stackoverflow.com/a/57149926"", ""57149926"")",0.5723170988825638
"=HYPERLINK(""https://stackoverflow.com/a/58317313"", ""58317313"")",0.3238388503977418
"=HYPERLINK(""https://stackoverflow.com/a/58504397"", ""58504397"")",0.33239171374764587
"=HYPERLINK(""https://stackoverflow.com/a/58633414"", ""58633414"")",0.7590643274853804
"=HYPERLINK(""https://stackoverflow.com/a/59413596"", ""59413596"")",0.35917874396135224
"=HYPERLINK(""https://stackoverflow.com/a/60155149"", ""60155149"")",0.313131313131313
"=HYPERLINK(""https://stackoverflow.com/a/60444016"", ""60444016"")",0.332821300563236
"=HYPERLINK(""https://stackoverflow.com/a/60553708"", ""60553708"")",0.4500328731097963
"=HYPERLINK(""https://stackoverflow.com/a/61055198"", ""61055198"")",0.4872598162071846
"=HYPERLINK(""https://stackoverflow.com/a/61184693"", ""61184693"")",0.6022960229602297
"=HYPERLINK(""https://stackoverflow.com/a/61306922"", ""61306922"")",0.5154914529914532
"=HYPERLINK(""https://stackoverflow.com/a/61317849"", ""61317849"")",0.8003472222222225
"=HYPERLINK(""https://stackoverflow.com/a/61692316"", ""61692316"")",0.2850964737192283
"=HYPERLINK(""https://stackoverflow.com/a/61774602"", ""61774602"")",0.43180306054557543
"=HYPERLINK(""https://stackoverflow.com/a/63076071"", ""63076071"")",0.44222222222222207
"=HYPERLINK(""https://stackoverflow.com/a/63246448"", ""63246448"")",0.3785858585858585
"=HYPERLINK(""https://stackoverflow.com/a/63807054"", ""63807054"")",0.5608048993875767
"=HYPERLINK(""https://stackoverflow.com/a/63927002"", ""63927002"")",0.36507936507936484
"=HYPERLINK(""https://stackoverflow.com/a/64313216"", ""64313216"")",0.32579365079365086
"=HYPERLINK(""https://stackoverflow.com/a/64323756"", ""64323756"")",0.40491452991453
"=HYPERLINK(""https://stackoverflow.com/a/65972234"", ""65972234"")",0.4904437965662454
"=HYPERLINK(""https://stackoverflow.com/a/66270676"", ""66270676"")",0.5596455351056576
"=HYPERLINK(""https://stackoverflow.com/a/67182005"", ""67182005"")",0.4131769960915687
"=HYPERLINK(""https://stackoverflow.com/a/67725583"", ""67725583"")",0.36344359626802414
