"link","Correlation","score","view_count"
"=HYPERLINK(""https://stackoverflow.com/q/103791"", ""103791"")",0.3864932694501482,"0","3407"
"=HYPERLINK(""https://stackoverflow.com/q/781971"", ""781971"")",0.2737847222222225,"0","1099"
"=HYPERLINK(""https://stackoverflow.com/q/1490867"", ""1490867"")",0.533804603951423,"1","4317"
"=HYPERLINK(""https://stackoverflow.com/q/1609655"", ""1609655"")",0.4233884029802398,"0","1359"
"=HYPERLINK(""https://stackoverflow.com/q/1647024"", ""1647024"")",0.3957161981258364,"0","2237"
"=HYPERLINK(""https://stackoverflow.com/q/1650810"", ""1650810"")",0.480053547523427,"3","14906"
"=HYPERLINK(""https://stackoverflow.com/q/1861124"", ""1861124"")",0.558627752176139,"0","578"
"=HYPERLINK(""https://stackoverflow.com/q/2427115"", ""2427115"")",0.4732860520094563,"0","536"
"=HYPERLINK(""https://stackoverflow.com/q/3112350"", ""3112350"")",0.3593562746105119,"0","290"
"=HYPERLINK(""https://stackoverflow.com/q/4428993"", ""4428993"")",0.4080629301868242,"0","686"
"=HYPERLINK(""https://stackoverflow.com/q/4430789"", ""4430789"")",0.5028546332894156,"0","751"
"=HYPERLINK(""https://stackoverflow.com/q/4471019"", ""4471019"")",0.4090354090354089,"0","1921"
"=HYPERLINK(""https://stackoverflow.com/q/4642820"", ""4642820"")",0.3109140182310912,"0","2884"
"=HYPERLINK(""https://stackoverflow.com/q/4814875"", ""4814875"")",0.3559431524547801,"2","37050"
"=HYPERLINK(""https://stackoverflow.com/q/4992670"", ""4992670"")",0.6237970253718289,"2","2431"
"=HYPERLINK(""https://stackoverflow.com/q/5307190"", ""5307190"")",0.5616717635066261,"1","1556"
"=HYPERLINK(""https://stackoverflow.com/q/5379198"", ""5379198"")",0.4291758646063282,"2","605"
"=HYPERLINK(""https://stackoverflow.com/q/5561687"", ""5561687"")",0.2676003734827263,"2","509"
"=HYPERLINK(""https://stackoverflow.com/q/5954682"", ""5954682"")",0.3757957603202731,"3","19508"
"=HYPERLINK(""https://stackoverflow.com/q/6043044"", ""6043044"")",0.4282523729759909,"0","478"
"=HYPERLINK(""https://stackoverflow.com/q/6387521"", ""6387521"")",0.4057084607543324,"0","999"
"=HYPERLINK(""https://stackoverflow.com/q/6435640"", ""6435640"")",0.5049808429118775,"0","2014"
"=HYPERLINK(""https://stackoverflow.com/q/6649164"", ""6649164"")",0.432222222222222,"2","5174"
"=HYPERLINK(""https://stackoverflow.com/q/7044085"", ""7044085"")",0.2624906785980613,"1","516"
"=HYPERLINK(""https://stackoverflow.com/q/7278458"", ""7278458"")",0.435518621114189,"2","3096"
"=HYPERLINK(""https://stackoverflow.com/q/7366141"", ""7366141"")",0.2599162355259914,"0","500"
"=HYPERLINK(""https://stackoverflow.com/q/7401058"", ""7401058"")",0.4125336409073432,"0","366"
"=HYPERLINK(""https://stackoverflow.com/q/7667784"", ""7667784"")",0.3216540404040403,"1","700"
"=HYPERLINK(""https://stackoverflow.com/q/7982384"", ""7982384"")",0.3603437691835482,"1","600"
"=HYPERLINK(""https://stackoverflow.com/q/8068542"", ""8068542"")",0.3642676767676767,"1","9616"
"=HYPERLINK(""https://stackoverflow.com/q/8085709"", ""8085709"")",0.3062930186823993,"2","17843"
"=HYPERLINK(""https://stackoverflow.com/q/8336808"", ""8336808"")",0.5326435082532642,"7","8434"
"=HYPERLINK(""https://stackoverflow.com/q/8367822"", ""8367822"")",0.4230418943533699,"2","9433"
"=HYPERLINK(""https://stackoverflow.com/q/8658586"", ""8658586"")",0.5972222222222221,"0","7044"
"=HYPERLINK(""https://stackoverflow.com/q/8799601"", ""8799601"")",0.3926767676767675,"0","848"
"=HYPERLINK(""https://stackoverflow.com/q/8850961"", ""8850961"")",0.5202517788724682,"2","1324"
"=HYPERLINK(""https://stackoverflow.com/q/8921434"", ""8921434"")",0.4131769960915687,"7","28683"
"=HYPERLINK(""https://stackoverflow.com/q/8984556"", ""8984556"")",0.3007936507936509,"0","182"
"=HYPERLINK(""https://stackoverflow.com/q/9164852"", ""9164852"")",0.3327991452991453,"0","846"
"=HYPERLINK(""https://stackoverflow.com/q/9430882"", ""9430882"")",0.487528344671202,"1","2351"
"=HYPERLINK(""https://stackoverflow.com/q/9481841"", ""9481841"")",0.2815107597716292,"0","988"
"=HYPERLINK(""https://stackoverflow.com/q/9514995"", ""9514995"")",0.4798909338786638,"1","1783"
"=HYPERLINK(""https://stackoverflow.com/q/9632071"", ""9632071"")",0.5577271082157075,"1","637"
"=HYPERLINK(""https://stackoverflow.com/q/9639116"", ""9639116"")",0.3513131313131312,"2","537"
"=HYPERLINK(""https://stackoverflow.com/q/9682492"", ""9682492"")",0.4308111792774367,"3","3182"
"=HYPERLINK(""https://stackoverflow.com/q/9700985"", ""9700985"")",0.4000878348704435,"1","520"
"=HYPERLINK(""https://stackoverflow.com/q/9915646"", ""9915646"")",0.7032717849044382,"0","3006"
"=HYPERLINK(""https://stackoverflow.com/q/10078702"", ""10078702"")",0.5432383885039773,"0","690"
"=HYPERLINK(""https://stackoverflow.com/q/10101357"", ""10101357"")",0.763459335624284,"1","2953"
"=HYPERLINK(""https://stackoverflow.com/q/10154344"", ""10154344"")",0.4749494949494948,"0","562"
"=HYPERLINK(""https://stackoverflow.com/q/10317437"", ""10317437"")",0.3483091787439611,"0","3927"
"=HYPERLINK(""https://stackoverflow.com/q/10337426"", ""10337426"")",0.3357426303854874,"2","2364"
"=HYPERLINK(""https://stackoverflow.com/q/10394310"", ""10394310"")",0.7157913540550199,"0","356"
"=HYPERLINK(""https://stackoverflow.com/q/10400218"", ""10400218"")",0.6153620639108767,"0","3690"
"=HYPERLINK(""https://stackoverflow.com/q/10428075"", ""10428075"")",0.6793650793650794,"0","604"
"=HYPERLINK(""https://stackoverflow.com/q/10685283"", ""10685283"")",0.5017402945113788,"0","4791"
"=HYPERLINK(""https://stackoverflow.com/q/10895939"", ""10895939"")",0.4288090485695274,"0","2623"
"=HYPERLINK(""https://stackoverflow.com/q/10985070"", ""10985070"")",0.4144046326456749,"1","1834"
"=HYPERLINK(""https://stackoverflow.com/q/10994304"", ""10994304"")",0.2951609114399813,"0","5186"
"=HYPERLINK(""https://stackoverflow.com/q/11028185"", ""11028185"")",0.4283760683760684,"3","6369"
"=HYPERLINK(""https://stackoverflow.com/q/11048921"", ""11048921"")",0.3722222222222218,"0","516"
"=HYPERLINK(""https://stackoverflow.com/q/11177189"", ""11177189"")",0.5035363906000455,"1","1802"
"=HYPERLINK(""https://stackoverflow.com/q/11411565"", ""11411565"")",0.6897897897897899,"0","373"
"=HYPERLINK(""https://stackoverflow.com/q/11448791"", ""11448791"")",0.4980842911877395,"0","6081"
"=HYPERLINK(""https://stackoverflow.com/q/11595574"", ""11595574"")",0.3166780743782796,"1","15905"
"=HYPERLINK(""https://stackoverflow.com/q/11727393"", ""11727393"")",0.4741907261592303,"0","5981"
"=HYPERLINK(""https://stackoverflow.com/q/11825040"", ""11825040"")",0.4105339105339104,"1","1081"
"=HYPERLINK(""https://stackoverflow.com/q/11841362"", ""11841362"")",0.5208799403430278,"0","3706"
"=HYPERLINK(""https://stackoverflow.com/q/11907156"", ""11907156"")",0.3587535875358754,"0","208"
"=HYPERLINK(""https://stackoverflow.com/q/12000290"", ""12000290"")",0.4298346789696269,"0","1045"
"=HYPERLINK(""https://stackoverflow.com/q/12004163"", ""12004163"")",0.4346116027531958,"1","927"
"=HYPERLINK(""https://stackoverflow.com/q/12076457"", ""12076457"")",0.5901467505241091,"2","988"
"=HYPERLINK(""https://stackoverflow.com/q/12216889"", ""12216889"")",0.6328015673103832,"1","1832"
"=HYPERLINK(""https://stackoverflow.com/q/12220058"", ""12220058"")",0.5411744564286939,"0","2754"
"=HYPERLINK(""https://stackoverflow.com/q/12242168"", ""12242168"")",0.7235414834359427,"0","5048"
"=HYPERLINK(""https://stackoverflow.com/q/12357625"", ""12357625"")",0.474799541809851,"0","977"
"=HYPERLINK(""https://stackoverflow.com/q/12390400"", ""12390400"")",0.3386994949494948,"0","35"
"=HYPERLINK(""https://stackoverflow.com/q/12507134"", ""12507134"")",0.4243498817966904,"0","1933"
"=HYPERLINK(""https://stackoverflow.com/q/12514469"", ""12514469"")",0.2918257464512973,"0","354"
"=HYPERLINK(""https://stackoverflow.com/q/12541309"", ""12541309"")",0.3466461853558624,"0","510"
"=HYPERLINK(""https://stackoverflow.com/q/12564647"", ""12564647"")",0.3714759535655058,"1","1468"
"=HYPERLINK(""https://stackoverflow.com/q/12667625"", ""12667625"")",0.7856227985910984,"0","2748"
"=HYPERLINK(""https://stackoverflow.com/q/12860720"", ""12860720"")",0.429595494111623,"0","131"
"=HYPERLINK(""https://stackoverflow.com/q/12871650"", ""12871650"")",0.4148451730418943,"1","149"
"=HYPERLINK(""https://stackoverflow.com/q/13170797"", ""13170797"")",0.5341755749919016,"0","3719"
"=HYPERLINK(""https://stackoverflow.com/q/13224898"", ""13224898"")",0.4494949494949491,"0","583"
"=HYPERLINK(""https://stackoverflow.com/q/13291397"", ""13291397"")",0.5121630506245893,"1","2134"
"=HYPERLINK(""https://stackoverflow.com/q/13394973"", ""13394973"")",0.5355862775217611,"0","4184"
"=HYPERLINK(""https://stackoverflow.com/q/13476369"", ""13476369"")",0.2682303413020599,"0","2832"
"=HYPERLINK(""https://stackoverflow.com/q/13507853"", ""13507853"")",0.3105179101072324,"0","863"
"=HYPERLINK(""https://stackoverflow.com/q/13675959"", ""13675959"")",0.3759464694488467,"0","1093"
"=HYPERLINK(""https://stackoverflow.com/q/13762334"", ""13762334"")",0.3327991452991454,"2","4041"
"=HYPERLINK(""https://stackoverflow.com/q/13763283"", ""13763283"")",0.4936903662665436,"1","3742"
"=HYPERLINK(""https://stackoverflow.com/q/13801365"", ""13801365"")",0.3230286738351255,"1","429"
"=HYPERLINK(""https://stackoverflow.com/q/13813815"", ""13813815"")",0.4816974408811145,"1","1209"
"=HYPERLINK(""https://stackoverflow.com/q/13934039"", ""13934039"")",0.470841006752609,"2","1699"
"=HYPERLINK(""https://stackoverflow.com/q/14125190"", ""14125190"")",0.2301273605621431,"1","55"
"=HYPERLINK(""https://stackoverflow.com/q/14488670"", ""14488670"")",0.3590146750524109,"2","1037"
"=HYPERLINK(""https://stackoverflow.com/q/14534834"", ""14534834"")",0.456329184886198,"0","552"
"=HYPERLINK(""https://stackoverflow.com/q/14591837"", ""14591837"")",0.436139747995418,"0","1842"
"=HYPERLINK(""https://stackoverflow.com/q/14849996"", ""14849996"")",0.383224011130988,"0","896"
"=HYPERLINK(""https://stackoverflow.com/q/14867398"", ""14867398"")",0.3906432748538013,"0","1449"
"=HYPERLINK(""https://stackoverflow.com/q/14972870"", ""14972870"")",0.2573981016192069,"0","884"
"=HYPERLINK(""https://stackoverflow.com/q/15167951"", ""15167951"")",0.3166847629388347,"0","1692"
"=HYPERLINK(""https://stackoverflow.com/q/15275311"", ""15275311"")",0.3708708708708708,"1","83"
"=HYPERLINK(""https://stackoverflow.com/q/15319444"", ""15319444"")",0.5315972222222225,"0","14150"
"=HYPERLINK(""https://stackoverflow.com/q/15480048"", ""15480048"")",0.2665026650266504,"0","190"
"=HYPERLINK(""https://stackoverflow.com/q/15796139"", ""15796139"")",0.2875631313131312,"1","981"
"=HYPERLINK(""https://stackoverflow.com/q/15836409"", ""15836409"")",0.1958369979478159,"0","336"
"=HYPERLINK(""https://stackoverflow.com/q/15876698"", ""15876698"")",0.339613526570048,"1","382"
"=HYPERLINK(""https://stackoverflow.com/q/16107145"", ""16107145"")",0.6479970998731197,"0","592"
"=HYPERLINK(""https://stackoverflow.com/q/16131848"", ""16131848"")",0.3642676767676767,"2","256"
"=HYPERLINK(""https://stackoverflow.com/q/16463602"", ""16463602"")",0.3624937154348918,"0","3907"
"=HYPERLINK(""https://stackoverflow.com/q/16545337"", ""16545337"")",0.2904816078877511,"0","792"
"=HYPERLINK(""https://stackoverflow.com/q/16580796"", ""16580796"")",0.4748173779315647,"1","217"
"=HYPERLINK(""https://stackoverflow.com/q/16649108"", ""16649108"")",0.4900984228625639,"0","5209"
"=HYPERLINK(""https://stackoverflow.com/q/16668602"", ""16668602"")",0.3253150057273768,"1","1750"
"=HYPERLINK(""https://stackoverflow.com/q/16802858"", ""16802858"")",0.4362443624436246,"0","8052"
"=HYPERLINK(""https://stackoverflow.com/q/16914950"", ""16914950"")",0.6945254292193069,"1","672"
"=HYPERLINK(""https://stackoverflow.com/q/17288395"", ""17288395"")",0.6279599271402552,"2","62545"
"=HYPERLINK(""https://stackoverflow.com/q/17353121"", ""17353121"")",0.2329556748161399,"0","615"
"=HYPERLINK(""https://stackoverflow.com/q/17465677"", ""17465677"")",0.3817314246762097,"0","3007"
"=HYPERLINK(""https://stackoverflow.com/q/17553351"", ""17553351"")",0.4238351254480287,"0","194"
"=HYPERLINK(""https://stackoverflow.com/q/17595347"", ""17595347"")",0.3379857690202517,"0","552"
"=HYPERLINK(""https://stackoverflow.com/q/17834756"", ""17834756"")",0.3872468527640941,"0","1702"
"=HYPERLINK(""https://stackoverflow.com/q/17883421"", ""17883421"")",0.3734318996415769,"2","633"
"=HYPERLINK(""https://stackoverflow.com/q/17883646"", ""17883646"")",0.3569527611443777,"1","648"
"=HYPERLINK(""https://stackoverflow.com/q/17984769"", ""17984769"")",0.5361757105943151,"0","288"
"=HYPERLINK(""https://stackoverflow.com/q/18145637"", ""18145637"")",0.59241452991453,"0","145"
"=HYPERLINK(""https://stackoverflow.com/q/18977295"", ""18977295"")",0.3159336895465131,"0","2406"
"=HYPERLINK(""https://stackoverflow.com/q/19102367"", ""19102367"")",0.6404914529914532,"0","217"
"=HYPERLINK(""https://stackoverflow.com/q/19516915"", ""19516915"")",0.4599271402550092,"1","1478"
"=HYPERLINK(""https://stackoverflow.com/q/19537933"", ""19537933"")",0.3051715309779824,"0","602"
"=HYPERLINK(""https://stackoverflow.com/q/19806119"", ""19806119"")",0.3064327485380116,"2","4435"
"=HYPERLINK(""https://stackoverflow.com/q/19945667"", ""19945667"")",0.3698732289336318,"0","1101"
"=HYPERLINK(""https://stackoverflow.com/q/19999937"", ""19999937"")",0.4623907615480651,"2","260"
"=HYPERLINK(""https://stackoverflow.com/q/20073771"", ""20073771"")",0.4372339501346537,"1","2016"
"=HYPERLINK(""https://stackoverflow.com/q/20289319"", ""20289319"")",0.5004177109440267,"0","834"
"=HYPERLINK(""https://stackoverflow.com/q/20429161"", ""20429161"")",0.3472222222222222,"0","1772"
"=HYPERLINK(""https://stackoverflow.com/q/20661865"", ""20661865"")",0.6097654748173775,"0","159"
"=HYPERLINK(""https://stackoverflow.com/q/21021063"", ""21021063"")",0.3506856982927511,"2","194"
"=HYPERLINK(""https://stackoverflow.com/q/21089339"", ""21089339"")",0.3318112633181126,"0","152"
"=HYPERLINK(""https://stackoverflow.com/q/21602271"", ""21602271"")",0.593756418155679,"0","243"
"=HYPERLINK(""https://stackoverflow.com/q/21701437"", ""21701437"")",0.9277436946148596,"0","1183"
"=HYPERLINK(""https://stackoverflow.com/q/21822824"", ""21822824"")",0.2352515381831342,"1","87"
"=HYPERLINK(""https://stackoverflow.com/q/21864539"", ""21864539"")",0.2856025039123632,"2","556"
"=HYPERLINK(""https://stackoverflow.com/q/21874883"", ""21874883"")",0.6253842775581903,"0","193"
"=HYPERLINK(""https://stackoverflow.com/q/21916232"", ""21916232"")",0.3867791842475386,"0","135"
"=HYPERLINK(""https://stackoverflow.com/q/21934896"", ""21934896"")",0.3252756573367261,"1","1021"
"=HYPERLINK(""https://stackoverflow.com/q/21982654"", ""21982654"")",0.3748939779474134,"0","481"
"=HYPERLINK(""https://stackoverflow.com/q/22158207"", ""22158207"")",0.3467358408992649,"1","7146"
"=HYPERLINK(""https://stackoverflow.com/q/22168528"", ""22168528"")",0.328998402920374,"1","219"
"=HYPERLINK(""https://stackoverflow.com/q/22184947"", ""22184947"")",0.3760683760683761,"0","4318"
"=HYPERLINK(""https://stackoverflow.com/q/22187852"", ""22187852"")",0.4537493158182813,"0","404"
"=HYPERLINK(""https://stackoverflow.com/q/22347339"", ""22347339"")",0.6767676767676767,"0","140"
"=HYPERLINK(""https://stackoverflow.com/q/22377933"", ""22377933"")",0.4716448550166793,"1","2210"
"=HYPERLINK(""https://stackoverflow.com/q/22400069"", ""22400069"")",0.3389886892880903,"1","362"
"=HYPERLINK(""https://stackoverflow.com/q/22450403"", ""22450403"")",0.3927520235467254,"2","1143"
"=HYPERLINK(""https://stackoverflow.com/q/22493775"", ""22493775"")",0.5507643166780741,"0","642"
"=HYPERLINK(""https://stackoverflow.com/q/22538329"", ""22538329"")",0.4874155923879681,"0","203"
"=HYPERLINK(""https://stackoverflow.com/q/22544555"", ""22544555"")",0.3386994949494947,"0","145"
"=HYPERLINK(""https://stackoverflow.com/q/22808714"", ""22808714"")",0.4151268785415123,"0","2566"
"=HYPERLINK(""https://stackoverflow.com/q/23110868"", ""23110868"")",0.4962606837606839,"0","3157"
"=HYPERLINK(""https://stackoverflow.com/q/23305773"", ""23305773"")",0.3097708603545178,"0","1039"
"=HYPERLINK(""https://stackoverflow.com/q/23316409"", ""23316409"")",0.2462606837606838,"0","49"
"=HYPERLINK(""https://stackoverflow.com/q/23460445"", ""23460445"")",0.5169590643274856,"0","111"
"=HYPERLINK(""https://stackoverflow.com/q/23513140"", ""23513140"")",0.5401945724526368,"0","205"
"=HYPERLINK(""https://stackoverflow.com/q/24309616"", ""24309616"")",0.3979901403109593,"1","54"
"=HYPERLINK(""https://stackoverflow.com/q/24691465"", ""24691465"")",0.3975059548830044,"1","4398"
"=HYPERLINK(""https://stackoverflow.com/q/24693134"", ""24693134"")",0.4078177900892582,"1","613"
"=HYPERLINK(""https://stackoverflow.com/q/24712432"", ""24712432"")",0.40491452991453,"0","182"
"=HYPERLINK(""https://stackoverflow.com/q/25208945"", ""25208945"")",0.4817966903073287,"0","255"
"=HYPERLINK(""https://stackoverflow.com/q/25247872"", ""25247872"")",0.3498372849837284,"0","355"
"=HYPERLINK(""https://stackoverflow.com/q/25259889"", ""25259889"")",0.5136795086543829,"1","424"
"=HYPERLINK(""https://stackoverflow.com/q/25415458"", ""25415458"")",0.4804189435336979,"0","120"
"=HYPERLINK(""https://stackoverflow.com/q/25535335"", ""25535335"")",0.5912470788187807,"0","934"
"=HYPERLINK(""https://stackoverflow.com/q/25578592"", ""25578592"")",0.3296165884194053,"2","777"
"=HYPERLINK(""https://stackoverflow.com/q/25871271"", ""25871271"")",0.372222222222222,"0","1627"
"=HYPERLINK(""https://stackoverflow.com/q/25935255"", ""25935255"")",0.3616452991452992,"0","908"
"=HYPERLINK(""https://stackoverflow.com/q/26021019"", ""26021019"")",0.4672815107597718,"0","43"
"=HYPERLINK(""https://stackoverflow.com/q/26108317"", ""26108317"")",0.202991452991453,"4","301"
"=HYPERLINK(""https://stackoverflow.com/q/26138379"", ""26138379"")",0.3801169590643277,"1","1533"
"=HYPERLINK(""https://stackoverflow.com/q/26156868"", ""26156868"")",0.3682896379525593,"0","741"
"=HYPERLINK(""https://stackoverflow.com/q/26189516"", ""26189516"")",0.3754137115839244,"3","5135"
"=HYPERLINK(""https://stackoverflow.com/q/26750607"", ""26750607"")",0.6401326699834166,"0","1040"
"=HYPERLINK(""https://stackoverflow.com/q/26887464"", ""26887464"")",0.2933519293351927,"0","783"
"=HYPERLINK(""https://stackoverflow.com/q/26975180"", ""26975180"")",0.2966604244694133,"0","75"
"=HYPERLINK(""https://stackoverflow.com/q/27009824"", ""27009824"")",0.8780663780663779,"0","994"
"=HYPERLINK(""https://stackoverflow.com/q/27200385"", ""27200385"")",0.4529914529914532,"0","869"
"=HYPERLINK(""https://stackoverflow.com/q/27396385"", ""27396385"")",0.3796461935996819,"0","598"
"=HYPERLINK(""https://stackoverflow.com/q/27844883"", ""27844883"")",0.3170343868018286,"1","2427"
"=HYPERLINK(""https://stackoverflow.com/q/27928988"", ""27928988"")",0.2657004830917873,"0","65"
"=HYPERLINK(""https://stackoverflow.com/q/28111053"", ""28111053"")",0.3109318996415771,"0","545"
"=HYPERLINK(""https://stackoverflow.com/q/29142186"", ""29142186"")",0.6738351254480285,"1","188"
"=HYPERLINK(""https://stackoverflow.com/q/29392330"", ""29392330"")",0.9297321036451468,"0","704"
"=HYPERLINK(""https://stackoverflow.com/q/29491132"", ""29491132"")",0.4969474969474969,"0","906"
"=HYPERLINK(""https://stackoverflow.com/q/29696953"", ""29696953"")",0.7068847989093386,"3","1466"
"=HYPERLINK(""https://stackoverflow.com/q/29983094"", ""29983094"")",0.4348778238819732,"1","530"
"=HYPERLINK(""https://stackoverflow.com/q/30327158"", ""30327158"")",0.383876357560568,"0","67"
"=HYPERLINK(""https://stackoverflow.com/q/30810111"", ""30810111"")",0.4880450070323487,"0","811"
"=HYPERLINK(""https://stackoverflow.com/q/30857879"", ""30857879"")",0.4189435336976322,"0","74"
"=HYPERLINK(""https://stackoverflow.com/q/31164876"", ""31164876"")",0.4040404040404039,"0","88"
"=HYPERLINK(""https://stackoverflow.com/q/31179936"", ""31179936"")",0.5724526369687659,"0","227"
"=HYPERLINK(""https://stackoverflow.com/q/31398589"", ""31398589"")",0.3101763331208838,"0","190"
"=HYPERLINK(""https://stackoverflow.com/q/31482426"", ""31482426"")",0.3673835125448029,"1","1281"
"=HYPERLINK(""https://stackoverflow.com/q/31697611"", ""31697611"")",0.3946585383554685,"0","1221"
"=HYPERLINK(""https://stackoverflow.com/q/32402006"", ""32402006"")",0.4624819624819624,"2","191"
"=HYPERLINK(""https://stackoverflow.com/q/32466425"", ""32466425"")",0.5830176767676766,"1","710"
"=HYPERLINK(""https://stackoverflow.com/q/32488461"", ""32488461"")",0.5417874396135263,"0","444"
"=HYPERLINK(""https://stackoverflow.com/q/32632778"", ""32632778"")",0.389943741209564,"0","60"
"=HYPERLINK(""https://stackoverflow.com/q/32859665"", ""32859665"")",0.2871104702395258,"0","545"
"=HYPERLINK(""https://stackoverflow.com/q/32911046"", ""32911046"")",0.2932449494949493,"0","487"
"=HYPERLINK(""https://stackoverflow.com/q/33292540"", ""33292540"")",0.3667308927424534,"1","156"
"=HYPERLINK(""https://stackoverflow.com/q/33571364"", ""33571364"")",0.755156353958749,"1","130"
"=HYPERLINK(""https://stackoverflow.com/q/33648861"", ""33648861"")",0.5473755964553507,"0","134"
"=HYPERLINK(""https://stackoverflow.com/q/34185328"", ""34185328"")",0.4645220168834131,"0","1452"
"=HYPERLINK(""https://stackoverflow.com/q/34328478"", ""34328478"")",0.3231837606837607,"1","2218"
"=HYPERLINK(""https://stackoverflow.com/q/34392992"", ""34392992"")",0.3869949494949493,"1","824"
"=HYPERLINK(""https://stackoverflow.com/q/34518419"", ""34518419"")",0.533697632058288,"0","151"
"=HYPERLINK(""https://stackoverflow.com/q/34633862"", ""34633862"")",0.3410811762634266,"0","834"
"=HYPERLINK(""https://stackoverflow.com/q/34920892"", ""34920892"")",0.590885816692268,"0","20"
"=HYPERLINK(""https://stackoverflow.com/q/35041549"", ""35041549"")",0.2809497915533805,"0","403"
"=HYPERLINK(""https://stackoverflow.com/q/35381363"", ""35381363"")",0.5350564468211527,"0","370"
"=HYPERLINK(""https://stackoverflow.com/q/35828012"", ""35828012"")",0.3990178023327195,"0","60"
"=HYPERLINK(""https://stackoverflow.com/q/35926383"", ""35926383"")",0.832222222222222,"0","123"
"=HYPERLINK(""https://stackoverflow.com/q/36439927"", ""36439927"")",0.5380116959064329,"1","3018"
"=HYPERLINK(""https://stackoverflow.com/q/36595815"", ""36595815"")",0.4199462620515252,"0","93"
"=HYPERLINK(""https://stackoverflow.com/q/36843791"", ""36843791"")",0.1972222222222222,"0","210"
"=HYPERLINK(""https://stackoverflow.com/q/37162265"", ""37162265"")",0.4432748538011698,"2","118"
"=HYPERLINK(""https://stackoverflow.com/q/37526660"", ""37526660"")",0.3252756573367261,"0","166"
"=HYPERLINK(""https://stackoverflow.com/q/37587968"", ""37587968"")",0.5934797072521621,"1","705"
"=HYPERLINK(""https://stackoverflow.com/q/37724404"", ""37724404"")",0.5015399194503675,"0","53"
"=HYPERLINK(""https://stackoverflow.com/q/37736842"", ""37736842"")",0.4052009456264775,"0","41"
"=HYPERLINK(""https://stackoverflow.com/q/38075504"", ""38075504"")",0.3007441621760328,"1","53"
"=HYPERLINK(""https://stackoverflow.com/q/38137639"", ""38137639"")",0.588179669030733,"0","1221"
"=HYPERLINK(""https://stackoverflow.com/q/38266166"", ""38266166"")",0.4631860776439088,"3","379"
"=HYPERLINK(""https://stackoverflow.com/q/38319147"", ""38319147"")",0.362063910876576,"0","128"
"=HYPERLINK(""https://stackoverflow.com/q/38587563"", ""38587563"")",0.7829365079365078,"0","80"
"=HYPERLINK(""https://stackoverflow.com/q/38634469"", ""38634469"")",0.2749926707710349,"0","189"
"=HYPERLINK(""https://stackoverflow.com/q/38821045"", ""38821045"")",0.6417472881852829,"2","344"
"=HYPERLINK(""https://stackoverflow.com/q/38877512"", ""38877512"")",0.536175710594315,"2","4192"
"=HYPERLINK(""https://stackoverflow.com/q/38948533"", ""38948533"")",0.5674990951863915,"0","837"
"=HYPERLINK(""https://stackoverflow.com/q/39011311"", ""39011311"")",0.662563131313131,"2","8392"
"=HYPERLINK(""https://stackoverflow.com/q/39160536"", ""39160536"")",0.3359248461289279,"0","75"
"=HYPERLINK(""https://stackoverflow.com/q/39176926"", ""39176926"")",0.4792976939203354,"0","310"
"=HYPERLINK(""https://stackoverflow.com/q/39264047"", ""39264047"")",0.3863443596268025,"0","2473"
"=HYPERLINK(""https://stackoverflow.com/q/39325337"", ""39325337"")",0.3045007032348804,"0","46"
"=HYPERLINK(""https://stackoverflow.com/q/39508100"", ""39508100"")",0.5293088363954509,"4","4283"
"=HYPERLINK(""https://stackoverflow.com/q/39614062"", ""39614062"")",0.4733534439416791,"0","1113"
"=HYPERLINK(""https://stackoverflow.com/q/39854975"", ""39854975"")",0.608962553713935,"0","39"
"=HYPERLINK(""https://stackoverflow.com/q/39869244"", ""39869244"")",0.3317922638310988,"0","673"
"=HYPERLINK(""https://stackoverflow.com/q/39949542"", ""39949542"")",0.6408268733850129,"0","187"
"=HYPERLINK(""https://stackoverflow.com/q/40271243"", ""40271243"")",0.9097222222222224,"0","123"
"=HYPERLINK(""https://stackoverflow.com/q/40523992"", ""40523992"")",0.3331051791010723,"1","1118"
"=HYPERLINK(""https://stackoverflow.com/q/40758552"", ""40758552"")",0.5206837606837609,"0","1125"
"=HYPERLINK(""https://stackoverflow.com/q/41032445"", ""41032445"")",0.4230590423059039,"0","732"
"=HYPERLINK(""https://stackoverflow.com/q/41261946"", ""41261946"")",0.2947168917318172,"0","331"
"=HYPERLINK(""https://stackoverflow.com/q/41452840"", ""41452840"")",0.3710771840542834,"0","748"
"=HYPERLINK(""https://stackoverflow.com/q/41580358"", ""41580358"")",0.3659347970725216,"1","1206"
"=HYPERLINK(""https://stackoverflow.com/q/41723691"", ""41723691"")",0.4722222222222222,"0","3032"
"=HYPERLINK(""https://stackoverflow.com/q/42148587"", ""42148587"")",0.3826500297088533,"0","1409"
"=HYPERLINK(""https://stackoverflow.com/q/42275929"", ""42275929"")",0.594315245478036,"1","192"
"=HYPERLINK(""https://stackoverflow.com/q/42402240"", ""42402240"")",0.3966903073286053,"0","835"
"=HYPERLINK(""https://stackoverflow.com/q/42812039"", ""42812039"")",0.3487044356609574,"0","1296"
"=HYPERLINK(""https://stackoverflow.com/q/43066045"", ""43066045"")",0.3646272855133614,"1","38"
"=HYPERLINK(""https://stackoverflow.com/q/43160156"", ""43160156"")",0.3539587491683299,"0","1408"
"=HYPERLINK(""https://stackoverflow.com/q/43274904"", ""43274904"")",0.3991945036721157,"0","1381"
"=HYPERLINK(""https://stackoverflow.com/q/43423894"", ""43423894"")",0.3038548752834468,"0","557"
"=HYPERLINK(""https://stackoverflow.com/q/43452670"", ""43452670"")",0.554238032498902,"2","2152"
"=HYPERLINK(""https://stackoverflow.com/q/43477229"", ""43477229"")",0.2988943266267899,"1","562"
"=HYPERLINK(""https://stackoverflow.com/q/43512497"", ""43512497"")",0.3581792884118467,"0","844"
"=HYPERLINK(""https://stackoverflow.com/q/43611109"", ""43611109"")",0.5064327485380118,"1","847"
"=HYPERLINK(""https://stackoverflow.com/q/43853527"", ""43853527"")",0.4521391197291474,"0","53"
"=HYPERLINK(""https://stackoverflow.com/q/43994160"", ""43994160"")",0.5228357191547375,"0","7823"
"=HYPERLINK(""https://stackoverflow.com/q/44136431"", ""44136431"")",0.6222222222222225,"0","131"
"=HYPERLINK(""https://stackoverflow.com/q/44182150"", ""44182150"")",0.3271784904437967,"1","143"
"=HYPERLINK(""https://stackoverflow.com/q/44277923"", ""44277923"")",0.6039016115351995,"0","635"
"=HYPERLINK(""https://stackoverflow.com/q/44362869"", ""44362869"")",0.6443327749860412,"0","511"
"=HYPERLINK(""https://stackoverflow.com/q/44535351"", ""44535351"")",0.3508253264350823,"0","36"
"=HYPERLINK(""https://stackoverflow.com/q/44687041"", ""44687041"")",0.6694494136354603,"5","30434"
"=HYPERLINK(""https://stackoverflow.com/q/45002621"", ""45002621"")",0.4960683760683761,"1","47"
"=HYPERLINK(""https://stackoverflow.com/q/45014924"", ""45014924"")",0.2832203737933866,"0","2494"
"=HYPERLINK(""https://stackoverflow.com/q/45022407"", ""45022407"")",0.6337266470009834,"3","9527"
"=HYPERLINK(""https://stackoverflow.com/q/45224842"", ""45224842"")",0.2955304928989137,"1","26"
"=HYPERLINK(""https://stackoverflow.com/q/45296651"", ""45296651"")",0.3713618015721268,"3","1551"
"=HYPERLINK(""https://stackoverflow.com/q/45475822"", ""45475822"")",0.3214440121054906,"0","23"
"=HYPERLINK(""https://stackoverflow.com/q/45508385"", ""45508385"")",0.3373608149727556,"0","39"
"=HYPERLINK(""https://stackoverflow.com/q/45525102"", ""45525102"")",0.3382443216697361,"0","3555"
"=HYPERLINK(""https://stackoverflow.com/q/45538800"", ""45538800"")",0.8279914529914529,"1","140"
"=HYPERLINK(""https://stackoverflow.com/q/45647961"", ""45647961"")",0.3152915291529152,"0","78"
"=HYPERLINK(""https://stackoverflow.com/q/45688074"", ""45688074"")",0.2673835125448028,"1","1170"
"=HYPERLINK(""https://stackoverflow.com/q/45928071"", ""45928071"")",0.4052009456264776,"0","266"
"=HYPERLINK(""https://stackoverflow.com/q/45957280"", ""45957280"")",0.4111623143881207,"2","2325"
"=HYPERLINK(""https://stackoverflow.com/q/46027304"", ""46027304"")",0.4250930356193516,"0","1489"
"=HYPERLINK(""https://stackoverflow.com/q/46335595"", ""46335595"")",0.2696530522617478,"0","912"
"=HYPERLINK(""https://stackoverflow.com/q/46368288"", ""46368288"")",0.2544802867383511,"0","61"
"=HYPERLINK(""https://stackoverflow.com/q/46389155"", ""46389155"")",0.3367260390161156,"0","238"
"=HYPERLINK(""https://stackoverflow.com/q/46406824"", ""46406824"")",0.5940815187046342,"2","3398"
"=HYPERLINK(""https://stackoverflow.com/q/46717539"", ""46717539"")",0.5232602845059593,"1","262"
"=HYPERLINK(""https://stackoverflow.com/q/46872404"", ""46872404"")",0.4626802374893979,"0","181"
"=HYPERLINK(""https://stackoverflow.com/q/46907553"", ""46907553"")",0.6233850129198966,"0","2773"
"=HYPERLINK(""https://stackoverflow.com/q/47060216"", ""47060216"")",0.3850129198966407,"0","591"
"=HYPERLINK(""https://stackoverflow.com/q/47188144"", ""47188144"")",0.3081217359985592,"0","249"
"=HYPERLINK(""https://stackoverflow.com/q/47237298"", ""47237298"")",0.375256523013779,"0","2284"
"=HYPERLINK(""https://stackoverflow.com/q/47460984"", ""47460984"")",0.3826317785362153,"0","637"
"=HYPERLINK(""https://stackoverflow.com/q/47657689"", ""47657689"")",0.7632058287795997,"0","2376"
"=HYPERLINK(""https://stackoverflow.com/q/47680099"", ""47680099"")",0.3002509696554871,"1","231"
"=HYPERLINK(""https://stackoverflow.com/q/47712170"", ""47712170"")",0.3715728715728714,"0","2271"
"=HYPERLINK(""https://stackoverflow.com/q/47766583"", ""47766583"")",0.4103142384603819,"0","198"
"=HYPERLINK(""https://stackoverflow.com/q/47891801"", ""47891801"")",0.5153818313427433,"0","3652"
"=HYPERLINK(""https://stackoverflow.com/q/47938451"", ""47938451"")",0.8126281262812628,"0","1231"
"=HYPERLINK(""https://stackoverflow.com/q/48061633"", ""48061633"")",0.4098554844823502,"0","746"
"=HYPERLINK(""https://stackoverflow.com/q/48245087"", ""48245087"")",0.3033033033033034,"1","145"
"=HYPERLINK(""https://stackoverflow.com/q/48617294"", ""48617294"")",0.4527611443779105,"2","802"
"=HYPERLINK(""https://stackoverflow.com/q/48638499"", ""48638499"")",0.47632058287796,"1","2351"
"=HYPERLINK(""https://stackoverflow.com/q/48730386"", ""48730386"")",0.4136230543997536,"0","1116"
"=HYPERLINK(""https://stackoverflow.com/q/48744363"", ""48744363"")",0.4183842691305381,"0","29"
"=HYPERLINK(""https://stackoverflow.com/q/48758426"", ""48758426"")",0.3811871020743479,"0","420"
"=HYPERLINK(""https://stackoverflow.com/q/48767076"", ""48767076"")",0.6640826873385013,"1","782"
"=HYPERLINK(""https://stackoverflow.com/q/48820008"", ""48820008"")",0.3278371954842544,"9","3376"
"=HYPERLINK(""https://stackoverflow.com/q/48952896"", ""48952896"")",0.3465465465465464,"0","941"
"=HYPERLINK(""https://stackoverflow.com/q/49033921"", ""49033921"")",0.5320458998040859,"3","8567"
"=HYPERLINK(""https://stackoverflow.com/q/49038997"", ""49038997"")",0.5043380912398543,"0","108"
"=HYPERLINK(""https://stackoverflow.com/q/49148481"", ""49148481"")",0.6711658841940533,"0","3001"
"=HYPERLINK(""https://stackoverflow.com/q/49176792"", ""49176792"")",0.3380912398544639,"0","26"
"=HYPERLINK(""https://stackoverflow.com/q/49198336"", ""49198336"")",0.4430014430014429,"0","1042"
"=HYPERLINK(""https://stackoverflow.com/q/49253798"", ""49253798"")",0.5699665831244779,"2","1051"
"=HYPERLINK(""https://stackoverflow.com/q/49363521"", ""49363521"")",0.6195195195195192,"1","1635"
"=HYPERLINK(""https://stackoverflow.com/q/49801395"", ""49801395"")",0.3413357956294245,"0","80"
"=HYPERLINK(""https://stackoverflow.com/q/49804455"", ""49804455"")",0.9491594915949162,"2","7224"
"=HYPERLINK(""https://stackoverflow.com/q/49852067"", ""49852067"")",0.3184849628790737,"0","1792"
"=HYPERLINK(""https://stackoverflow.com/q/49861536"", ""49861536"")",0.4583845838458387,"1","1438"
"=HYPERLINK(""https://stackoverflow.com/q/49957023"", ""49957023"")",0.589310829817159,"0","84"
"=HYPERLINK(""https://stackoverflow.com/q/49997755"", ""49997755"")",0.7532567049808431,"0","1701"
"=HYPERLINK(""https://stackoverflow.com/q/50362296"", ""50362296"")",0.3908612754766601,"0","680"
"=HYPERLINK(""https://stackoverflow.com/q/50493035"", ""50493035"")",0.3228673835125448,"0","310"
"=HYPERLINK(""https://stackoverflow.com/q/50793448"", ""50793448"")",0.5200945626477543,"0","76"
"=HYPERLINK(""https://stackoverflow.com/q/50876328"", ""50876328"")",0.5674990951863915,"1","1829"
"=HYPERLINK(""https://stackoverflow.com/q/50886059"", ""50886059"")",0.5440215301806995,"1","347"
"=HYPERLINK(""https://stackoverflow.com/q/50898300"", ""50898300"")",0.5240702715035362,"0","1564"
"=HYPERLINK(""https://stackoverflow.com/q/51138418"", ""51138418"")",0.6981064665952128,"0","2503"
"=HYPERLINK(""https://stackoverflow.com/q/51150641"", ""51150641"")",0.4537658463832961,"0","123"
"=HYPERLINK(""https://stackoverflow.com/q/51495160"", ""51495160"")",0.5121054907047123,"0","2086"
"=HYPERLINK(""https://stackoverflow.com/q/51557856"", ""51557856"")",0.4152407027150351,"0","1047"
"=HYPERLINK(""https://stackoverflow.com/q/51564154"", ""51564154"")",0.4029833215879727,"1","482"
"=HYPERLINK(""https://stackoverflow.com/q/51660117"", ""51660117"")",0.4722222222222221,"0","152"
"=HYPERLINK(""https://stackoverflow.com/q/51840153"", ""51840153"")",0.3643274853801169,"0","98"
"=HYPERLINK(""https://stackoverflow.com/q/51927605"", ""51927605"")",0.6520094562647755,"1","815"
"=HYPERLINK(""https://stackoverflow.com/q/51950209"", ""51950209"")",0.5479551212450234,"0","863"
"=HYPERLINK(""https://stackoverflow.com/q/52114629"", ""52114629"")",0.3283542976939204,"3","875"
"=HYPERLINK(""https://stackoverflow.com/q/52612821"", ""52612821"")",0.4843189964157707,"0","46"
"=HYPERLINK(""https://stackoverflow.com/q/52713725"", ""52713725"")",0.6149933065595715,"0","3033"
"=HYPERLINK(""https://stackoverflow.com/q/52942039"", ""52942039"")",0.384693618103229,"1","714"
"=HYPERLINK(""https://stackoverflow.com/q/53142843"", ""53142843"")",0.4942586963863561,"1","69"
"=HYPERLINK(""https://stackoverflow.com/q/53152616"", ""53152616"")",0.2498465316144874,"0","234"
"=HYPERLINK(""https://stackoverflow.com/q/53171643"", ""53171643"")",0.3878170775276885,"1","28"
"=HYPERLINK(""https://stackoverflow.com/q/53377218"", ""53377218"")",0.356025039123631,"1","1871"
"=HYPERLINK(""https://stackoverflow.com/q/53482064"", ""53482064"")",0.3731656184486374,"0","64"
"=HYPERLINK(""https://stackoverflow.com/q/53649918"", ""53649918"")",0.4475186649099691,"0","29"
"=HYPERLINK(""https://stackoverflow.com/q/53671953"", ""53671953"")",0.5030441400304413,"0","132"
"=HYPERLINK(""https://stackoverflow.com/q/53709668"", ""53709668"")",0.5737259816207184,"0","213"
"=HYPERLINK(""https://stackoverflow.com/q/53883568"", ""53883568"")",0.4363978770758431,"1","163"
"=HYPERLINK(""https://stackoverflow.com/q/54194327"", ""54194327"")",0.5633736081497277,"2","1420"
"=HYPERLINK(""https://stackoverflow.com/q/54203024"", ""54203024"")",0.4398813597992237,"0","273"
"=HYPERLINK(""https://stackoverflow.com/q/54237105"", ""54237105"")",0.6264494349038603,"1","274"
"=HYPERLINK(""https://stackoverflow.com/q/54346725"", ""54346725"")",0.5109760216143195,"0","3845"
"=HYPERLINK(""https://stackoverflow.com/q/54363256"", ""54363256"")",0.3809123985446402,"2","170"
"=HYPERLINK(""https://stackoverflow.com/q/54398835"", ""54398835"")",0.3993439934399345,"1","321"
"=HYPERLINK(""https://stackoverflow.com/q/54569763"", ""54569763"")",0.3360683760683762,"0","488"
"=HYPERLINK(""https://stackoverflow.com/q/54684110"", ""54684110"")",0.2705264359940619,"2","220"
"=HYPERLINK(""https://stackoverflow.com/q/54906258"", ""54906258"")",0.2923329233292334,"0","3020"
"=HYPERLINK(""https://stackoverflow.com/q/54973715"", ""54973715"")",0.389943741209564,"0","455"
"=HYPERLINK(""https://stackoverflow.com/q/55142267"", ""55142267"")",0.3900074571215513,"1","600"
"=HYPERLINK(""https://stackoverflow.com/q/55144772"", ""55144772"")",0.5429219306770329,"1","1474"
"=HYPERLINK(""https://stackoverflow.com/q/55180026"", ""55180026"")",0.5523427041499329,"0","299"
"=HYPERLINK(""https://stackoverflow.com/q/55264858"", ""55264858"")",0.6831794010635317,"1","1042"
"=HYPERLINK(""https://stackoverflow.com/q/55326334"", ""55326334"")",0.517304189435337,"1","1329"
"=HYPERLINK(""https://stackoverflow.com/q/55339656"", ""55339656"")",0.5123246113007204,"0","57"
"=HYPERLINK(""https://stackoverflow.com/q/55341051"", ""55341051"")",0.4514712340799298,"1","3226"
"=HYPERLINK(""https://stackoverflow.com/q/55371655"", ""55371655"")",0.505009107468124,"0","140"
"=HYPERLINK(""https://stackoverflow.com/q/55389753"", ""55389753"")",0.3488045007032348,"0","52"
"=HYPERLINK(""https://stackoverflow.com/q/55447249"", ""55447249"")",0.6824732682473266,"0","154"
"=HYPERLINK(""https://stackoverflow.com/q/55513527"", ""55513527"")",0.7896962706651287,"1","1191"
"=HYPERLINK(""https://stackoverflow.com/q/55967992"", ""55967992"")",0.4069469113874088,"2","569"
"=HYPERLINK(""https://stackoverflow.com/q/56231950"", ""56231950"")",0.544256120527307,"0","930"
"=HYPERLINK(""https://stackoverflow.com/q/56258353"", ""56258353"")",0.4107619634421856,"0","580"
"=HYPERLINK(""https://stackoverflow.com/q/56269142"", ""56269142"")",0.4440267335004175,"0","1583"
"=HYPERLINK(""https://stackoverflow.com/q/56327285"", ""56327285"")",0.5447746697746698,"0","1005"
"=HYPERLINK(""https://stackoverflow.com/q/56540608"", ""56540608"")",0.3382016036655211,"1","845"
"=HYPERLINK(""https://stackoverflow.com/q/56664973"", ""56664973"")",0.2309685779073536,"3","183"
"=HYPERLINK(""https://stackoverflow.com/q/56789911"", ""56789911"")",0.2420897718910964,"0","1202"
"=HYPERLINK(""https://stackoverflow.com/q/56826366"", ""56826366"")",0.2657004830917874,"0","2116"
"=HYPERLINK(""https://stackoverflow.com/q/56850932"", ""56850932"")",0.3498817966903073,"0","244"
"=HYPERLINK(""https://stackoverflow.com/q/57000159"", ""57000159"")",0.2687338501291988,"0","464"
"=HYPERLINK(""https://stackoverflow.com/q/57034340"", ""57034340"")",0.5008481764206957,"0","975"
"=HYPERLINK(""https://stackoverflow.com/q/57063229"", ""57063229"")",0.3899437412095637,"0","128"
"=HYPERLINK(""https://stackoverflow.com/q/57192460"", ""57192460"")",0.4638329604772559,"0","1247"
"=HYPERLINK(""https://stackoverflow.com/q/57201970"", ""57201970"")",0.4921608725289705,"0","70"
"=HYPERLINK(""https://stackoverflow.com/q/57299079"", ""57299079"")",0.3613067292644758,"0","165"
"=HYPERLINK(""https://stackoverflow.com/q/57328509"", ""57328509"")",0.7261132728058798,"0","68"
"=HYPERLINK(""https://stackoverflow.com/q/57336909"", ""57336909"")",0.2970725216234198,"0","75"
"=HYPERLINK(""https://stackoverflow.com/q/57453735"", ""57453735"")",0.6033697632058289,"1","33"
"=HYPERLINK(""https://stackoverflow.com/q/57777262"", ""57777262"")",0.2590320381731423,"0","90"
"=HYPERLINK(""https://stackoverflow.com/q/58048042"", ""58048042"")",0.4570925392251042,"0","39"
"=HYPERLINK(""https://stackoverflow.com/q/58138456"", ""58138456"")",0.3210594315245476,"1","363"
"=HYPERLINK(""https://stackoverflow.com/q/58184044"", ""58184044"")",0.3239171374764595,"0","603"
"=HYPERLINK(""https://stackoverflow.com/q/58209982"", ""58209982"")",0.4878111367718759,"0","784"
"=HYPERLINK(""https://stackoverflow.com/q/58313856"", ""58313856"")",0.4848804500703235,"0","57"
"=HYPERLINK(""https://stackoverflow.com/q/58435165"", ""58435165"")",0.3593903638151425,"0","358"
"=HYPERLINK(""https://stackoverflow.com/q/58546271"", ""58546271"")",0.2903680225391793,"0","95"
"=HYPERLINK(""https://stackoverflow.com/q/58638855"", ""58638855"")",0.3619281045751632,"0","89"
"=HYPERLINK(""https://stackoverflow.com/q/58701831"", ""58701831"")",0.3801169590643274,"2","688"
"=HYPERLINK(""https://stackoverflow.com/q/58844755"", ""58844755"")",0.6422222222222219,"0","1717"
"=HYPERLINK(""https://stackoverflow.com/q/58876011"", ""58876011"")",0.438846907360761,"0","1727"
"=HYPERLINK(""https://stackoverflow.com/q/58955515"", ""58955515"")",0.3026570048309178,"0","152"
"=HYPERLINK(""https://stackoverflow.com/q/59273376"", ""59273376"")",0.6656611362493715,"1","2026"
"=HYPERLINK(""https://stackoverflow.com/q/59298933"", ""59298933"")",0.3558627752176138,"1","52"
"=HYPERLINK(""https://stackoverflow.com/q/59334083"", ""59334083"")",0.2847222222222222,"0","409"
"=HYPERLINK(""https://stackoverflow.com/q/59368840"", ""59368840"")",0.4802867383512544,"0","145"
"=HYPERLINK(""https://stackoverflow.com/q/59407146"", ""59407146"")",0.4417748319985269,"0","435"
"=HYPERLINK(""https://stackoverflow.com/q/59569314"", ""59569314"")",0.4440652256351914,"0","130"
"=HYPERLINK(""https://stackoverflow.com/q/59645178"", ""59645178"")",0.4752342704149931,"0","638"
"=HYPERLINK(""https://stackoverflow.com/q/59707252"", ""59707252"")",0.5027652086475616,"1","616"
"=HYPERLINK(""https://stackoverflow.com/q/59719707"", ""59719707"")",0.3307672568642544,"0","480"
"=HYPERLINK(""https://stackoverflow.com/q/59898672"", ""59898672"")",0.42011140428027,"0","151"
"=HYPERLINK(""https://stackoverflow.com/q/59929281"", ""59929281"")",0.3299145299145301,"0","33"
"=HYPERLINK(""https://stackoverflow.com/q/59932873"", ""59932873"")",0.4289529914529915,"0","55"
"=HYPERLINK(""https://stackoverflow.com/q/59949362"", ""59949362"")",0.3466461853558626,"0","78"
"=HYPERLINK(""https://stackoverflow.com/q/59981913"", ""59981913"")",0.4192665571975913,"0","355"
"=HYPERLINK(""https://stackoverflow.com/q/60035456"", ""60035456"")",0.7753195673549657,"0","361"
"=HYPERLINK(""https://stackoverflow.com/q/60068545"", ""60068545"")",0.4225104066602628,"1","197"
"=HYPERLINK(""https://stackoverflow.com/q/60102922"", ""60102922"")",0.4307743602567305,"1","1132"
"=HYPERLINK(""https://stackoverflow.com/q/60115946"", ""60115946"")",0.3552599162355258,"0","505"
"=HYPERLINK(""https://stackoverflow.com/q/60314898"", ""60314898"")",0.6160683760683763,"0","45"
"=HYPERLINK(""https://stackoverflow.com/q/60347360"", ""60347360"")",0.4264775413711583,"0","426"
"=HYPERLINK(""https://stackoverflow.com/q/60388684"", ""60388684"")",0.7169093532729893,"1","108"
"=HYPERLINK(""https://stackoverflow.com/q/60459814"", ""60459814"")",0.4288090485695274,"0","523"
"=HYPERLINK(""https://stackoverflow.com/q/60606986"", ""60606986"")",0.7834231460097509,"0","424"
"=HYPERLINK(""https://stackoverflow.com/q/60764528"", ""60764528"")",0.2924625179708359,"0","120"
"=HYPERLINK(""https://stackoverflow.com/q/60810661"", ""60810661"")",0.492133726647001,"1","52"
"=HYPERLINK(""https://stackoverflow.com/q/60975835"", ""60975835"")",0.4214842148421485,"0","206"
"=HYPERLINK(""https://stackoverflow.com/q/61060770"", ""61060770"")",0.310144069469114,"0","643"
"=HYPERLINK(""https://stackoverflow.com/q/61245816"", ""61245816"")",0.378201424995186,"0","31"
"=HYPERLINK(""https://stackoverflow.com/q/61330922"", ""61330922"")",0.3637606837606841,"0","357"
"=HYPERLINK(""https://stackoverflow.com/q/61347910"", ""61347910"")",0.3920335429769392,"0","50"
"=HYPERLINK(""https://stackoverflow.com/q/61369931"", ""61369931"")",0.3886087768440708,"0","43"
"=HYPERLINK(""https://stackoverflow.com/q/61612154"", ""61612154"")",0.3901611535199322,"0","28"
"=HYPERLINK(""https://stackoverflow.com/q/61674307"", ""61674307"")",0.4665831244778612,"0","146"
"=HYPERLINK(""https://stackoverflow.com/q/61766673"", ""61766673"")",0.7316561844863734,"0","55"
"=HYPERLINK(""https://stackoverflow.com/q/61827269"", ""61827269"")",0.7317158931082979,"0","13"
"=HYPERLINK(""https://stackoverflow.com/q/61895080"", ""61895080"")",0.5110104441927771,"0","91"
"=HYPERLINK(""https://stackoverflow.com/q/61928687"", ""61928687"")",0.4190726159230098,"0","150"
"=HYPERLINK(""https://stackoverflow.com/q/61949451"", ""61949451"")",0.3017201301720128,"1","56"
"=HYPERLINK(""https://stackoverflow.com/q/61951241"", ""61951241"")",0.5079365079365079,"0","55"
"=HYPERLINK(""https://stackoverflow.com/q/62028212"", ""62028212"")",0.3454255076431667,"1","64"
"=HYPERLINK(""https://stackoverflow.com/q/62084008"", ""62084008"")",0.8429118773946358,"0","38"
"=HYPERLINK(""https://stackoverflow.com/q/62084407"", ""62084407"")",0.4986041317699606,"0","27"
"=HYPERLINK(""https://stackoverflow.com/q/62150894"", ""62150894"")",0.6687166871668717,"0","35"
"=HYPERLINK(""https://stackoverflow.com/q/62214948"", ""62214948"")",0.2187257187257186,"0","520"
"=HYPERLINK(""https://stackoverflow.com/q/62232264"", ""62232264"")",0.2458071278825996,"1","45"
"=HYPERLINK(""https://stackoverflow.com/q/62291540"", ""62291540"")",0.342037890424987,"0","99"
"=HYPERLINK(""https://stackoverflow.com/q/62382678"", ""62382678"")",0.7204040404040403,"0","264"
"=HYPERLINK(""https://stackoverflow.com/q/62487775"", ""62487775"")",0.4390363815142576,"0","986"
"=HYPERLINK(""https://stackoverflow.com/q/62665277"", ""62665277"")",0.3699494949494948,"0","206"
"=HYPERLINK(""https://stackoverflow.com/q/62688864"", ""62688864"")",0.5867542419266556,"0","448"
"=HYPERLINK(""https://stackoverflow.com/q/62758217"", ""62758217"")",0.2591615362063912,"0","121"
"=HYPERLINK(""https://stackoverflow.com/q/62824425"", ""62824425"")",0.5505975082634121,"0","103"
"=HYPERLINK(""https://stackoverflow.com/q/62839981"", ""62839981"")",0.3196248196248195,"0","32"
"=HYPERLINK(""https://stackoverflow.com/q/62902217"", ""62902217"")",0.5319567354965588,"0","53"
"=HYPERLINK(""https://stackoverflow.com/q/62922425"", ""62922425"")",0.3330176767676766,"0","214"
"=HYPERLINK(""https://stackoverflow.com/q/62927440"", ""62927440"")",0.2688694525429221,"0","13"
"=HYPERLINK(""https://stackoverflow.com/q/63015149"", ""63015149"")",0.4160092044707429,"0","11"
"=HYPERLINK(""https://stackoverflow.com/q/63031854"", ""63031854"")",0.3917874396135259,"0","163"
"=HYPERLINK(""https://stackoverflow.com/q/63052793"", ""63052793"")",0.414404632645675,"0","25"
"=HYPERLINK(""https://stackoverflow.com/q/63059302"", ""63059302"")",0.3637606837606839,"0","29"
"=HYPERLINK(""https://stackoverflow.com/q/63074138"", ""63074138"")",0.5852991452991455,"0","1077"
"=HYPERLINK(""https://stackoverflow.com/q/63088054"", ""63088054"")",0.6484517304189438,"0","43"
"=HYPERLINK(""https://stackoverflow.com/q/63198134"", ""63198134"")",0.572737686139748,"1","2181"
"=HYPERLINK(""https://stackoverflow.com/q/63352505"", ""63352505"")",0.2256824298346789,"0","617"
"=HYPERLINK(""https://stackoverflow.com/q/63455868"", ""63455868"")",0.4400793650793652,"0","143"
"=HYPERLINK(""https://stackoverflow.com/q/63535499"", ""63535499"")",0.4272431427243139,"0","42"
"=HYPERLINK(""https://stackoverflow.com/q/63637658"", ""63637658"")",0.6095740008783486,"0","377"
"=HYPERLINK(""https://stackoverflow.com/q/63708503"", ""63708503"")",0.3041499330655956,"0","84"
"=HYPERLINK(""https://stackoverflow.com/q/63719152"", ""63719152"")",0.4069187921430666,"0","468"
"=HYPERLINK(""https://stackoverflow.com/q/63772264"", ""63772264"")",0.4586238958623895,"0","303"
"=HYPERLINK(""https://stackoverflow.com/q/63925659"", ""63925659"")",0.5316144874155925,"0","567"
"=HYPERLINK(""https://stackoverflow.com/q/64212572"", ""64212572"")",0.6476365868631063,"0","19"
"=HYPERLINK(""https://stackoverflow.com/q/64317061"", ""64317061"")",0.3181126331811263,"0","18"
"=HYPERLINK(""https://stackoverflow.com/q/64400536"", ""64400536"")",0.6098934550989346,"1","35"
"=HYPERLINK(""https://stackoverflow.com/q/64445570"", ""64445570"")",0.2532873109796187,"0","62"
"=HYPERLINK(""https://stackoverflow.com/q/64553980"", ""64553980"")",0.4158981115502856,"0","143"
"=HYPERLINK(""https://stackoverflow.com/q/64719521"", ""64719521"")",0.3220373793386732,"1","32"
"=HYPERLINK(""https://stackoverflow.com/q/64738618"", ""64738618"")",0.3770979392394307,"0","35"
"=HYPERLINK(""https://stackoverflow.com/q/64789063"", ""64789063"")",0.5691609977324263,"0","65"
"=HYPERLINK(""https://stackoverflow.com/q/64872574"", ""64872574"")",0.7148692810457515,"0","41"
"=HYPERLINK(""https://stackoverflow.com/q/64910388"", ""64910388"")",0.367542419266557,"0","23"
"=HYPERLINK(""https://stackoverflow.com/q/65024291"", ""65024291"")",0.3548189073050952,"0","16"
"=HYPERLINK(""https://stackoverflow.com/q/65361594"", ""65361594"")",0.3529040404040404,"1","59"
"=HYPERLINK(""https://stackoverflow.com/q/65494271"", ""65494271"")",0.3308195072900954,"0","110"
"=HYPERLINK(""https://stackoverflow.com/q/65739942"", ""65739942"")",0.3231837606837607,"0","25"
"=HYPERLINK(""https://stackoverflow.com/q/65898780"", ""65898780"")",0.5923520923520921,"1","66"
"=HYPERLINK(""https://stackoverflow.com/q/65917978"", ""65917978"")",0.4568945266619686,"0","32"
"=HYPERLINK(""https://stackoverflow.com/q/65952241"", ""65952241"")",0.482936507936508,"0","24"
"=HYPERLINK(""https://stackoverflow.com/q/65952965"", ""65952965"")",0.4459845984598459,"0","49"
"=HYPERLINK(""https://stackoverflow.com/q/66040971"", ""66040971"")",0.5198000768935025,"1","18"
"=HYPERLINK(""https://stackoverflow.com/q/66162619"", ""66162619"")",0.4665218964893231,"0","58"
"=HYPERLINK(""https://stackoverflow.com/q/66322149"", ""66322149"")",0.2418851435705368,"0","25"
"=HYPERLINK(""https://stackoverflow.com/q/66355910"", ""66355910"")",0.2657865786578657,"0","15"
"=HYPERLINK(""https://stackoverflow.com/q/66357264"", ""66357264"")",0.6470009832841692,"0","58"
"=HYPERLINK(""https://stackoverflow.com/q/66425481"", ""66425481"")",0.5228357191547374,"0","25"
"=HYPERLINK(""https://stackoverflow.com/q/66427258"", ""66427258"")",0.4148343594253887,"0","18"
"=HYPERLINK(""https://stackoverflow.com/q/66451472"", ""66451472"")",0.6084497671324018,"0","18"
"=HYPERLINK(""https://stackoverflow.com/q/66528479"", ""66528479"")",0.5581000848176422,"0","8"
"=HYPERLINK(""https://stackoverflow.com/q/66529297"", ""66529297"")",0.392434988179669,"0","58"
"=HYPERLINK(""https://stackoverflow.com/q/66741622"", ""66741622"")",0.3210174029451137,"0","38"
"=HYPERLINK(""https://stackoverflow.com/q/66744876"", ""66744876"")",0.7104111986001754,"3","52"
"=HYPERLINK(""https://stackoverflow.com/q/66762768"", ""66762768"")",0.631062001227747,"2","30"
"=HYPERLINK(""https://stackoverflow.com/q/66768912"", ""66768912"")",0.7197096594081517,"0","17"
"=HYPERLINK(""https://stackoverflow.com/q/66914799"", ""66914799"")",0.2910844976713239,"0","30"
"=HYPERLINK(""https://stackoverflow.com/q/66994244"", ""66994244"")",0.3768251737331147,"1","37"
"=HYPERLINK(""https://stackoverflow.com/q/67019795"", ""67019795"")",0.5539529914529916,"0","29"
"=HYPERLINK(""https://stackoverflow.com/q/67107661"", ""67107661"")",0.2913466461853558,"0","11"
"=HYPERLINK(""https://stackoverflow.com/q/67109820"", ""67109820"")",0.4734537493158182,"0","20"
"=HYPERLINK(""https://stackoverflow.com/q/67202215"", ""67202215"")",0.3813862093604859,"0","11"
"=HYPERLINK(""https://stackoverflow.com/q/67236176"", ""67236176"")",0.3941261039227766,"0","18"
"=HYPERLINK(""https://stackoverflow.com/q/67267947"", ""67267947"")",0.663940013633265,"1","20"
"=HYPERLINK(""https://stackoverflow.com/q/67280431"", ""67280431"")",0.3006161036753773,"0","10"
"=HYPERLINK(""https://stackoverflow.com/q/67395718"", ""67395718"")",0.4465658976398832,"0","21"
"=HYPERLINK(""https://stackoverflow.com/q/67546202"", ""67546202"")",0.472222222222222,"0","23"
"=HYPERLINK(""https://stackoverflow.com/q/67691552"", ""67691552"")",0.4542664211172498,"1","18"
