link,Correlation
"=HYPERLINK(""https://stackoverflow.com/a/85408"", ""85408"")",0.4348206474190728
"=HYPERLINK(""https://stackoverflow.com/a/586104"", ""586104"")",0.4924924924924921
"=HYPERLINK(""https://stackoverflow.com/a/2564088"", ""2564088"")",0.4565972222222221
"=HYPERLINK(""https://stackoverflow.com/a/2632964"", ""2632964"")",0.5063131313131312
"=HYPERLINK(""https://stackoverflow.com/a/3253545"", ""3253545"")",0.5745876382091717
"=HYPERLINK(""https://stackoverflow.com/a/4439199"", ""4439199"")",0.433948606587043
"=HYPERLINK(""https://stackoverflow.com/a/4466980"", ""4466980"")",0.47413061916878724
"=HYPERLINK(""https://stackoverflow.com/a/4683835"", ""4683835"")",0.4296085858585856
"=HYPERLINK(""https://stackoverflow.com/a/5239711"", ""5239711"")",0.3003472222222222
"=HYPERLINK(""https://stackoverflow.com/a/5513325"", ""5513325"")",0.7462606837606839
"=HYPERLINK(""https://stackoverflow.com/a/5916145"", ""5916145"")",0.4708410067526091
"=HYPERLINK(""https://stackoverflow.com/a/7814012"", ""7814012"")",0.7953929539295392
"=HYPERLINK(""https://stackoverflow.com/a/8138788"", ""8138788"")",0.44984868136619094
"=HYPERLINK(""https://stackoverflow.com/a/8359456"", ""8359456"")",0.5222222222222219
"=HYPERLINK(""https://stackoverflow.com/a/8377097"", ""8377097"")",0.7148692810457516
"=HYPERLINK(""https://stackoverflow.com/a/8442682"", ""8442682"")",0.570048309178744
"=HYPERLINK(""https://stackoverflow.com/a/8663277"", ""8663277"")",0.7222222222222222
"=HYPERLINK(""https://stackoverflow.com/a/9187968"", ""9187968"")",0.4474130619168789
"=HYPERLINK(""https://stackoverflow.com/a/9708445"", ""9708445"")",0.5141141141141141
"=HYPERLINK(""https://stackoverflow.com/a/9811071"", ""9811071"")",0.44240570846075433
"=HYPERLINK(""https://stackoverflow.com/a/10018286"", ""10018286"")",0.8822222222222221
"=HYPERLINK(""https://stackoverflow.com/a/10366810"", ""10366810"")",0.40095525389643033
"=HYPERLINK(""https://stackoverflow.com/a/10403255"", ""10403255"")",0.38024109014675045
"=HYPERLINK(""https://stackoverflow.com/a/10427177"", ""10427177"")",0.5313131313131313
"=HYPERLINK(""https://stackoverflow.com/a/10843363"", ""10843363"")",0.3169590643274853
"=HYPERLINK(""https://stackoverflow.com/a/11098745"", ""11098745"")",0.5659722222222219
"=HYPERLINK(""https://stackoverflow.com/a/11119583"", ""11119583"")",0.6789529914529915
"=HYPERLINK(""https://stackoverflow.com/a/11209532"", ""11209532"")",0.3433721195528176
"=HYPERLINK(""https://stackoverflow.com/a/11355929"", ""11355929"")",0.45392953929539265
"=HYPERLINK(""https://stackoverflow.com/a/11600344"", ""11600344"")",0.5330330330330331
"=HYPERLINK(""https://stackoverflow.com/a/11650142"", ""11650142"")",0.44802867383512535
"=HYPERLINK(""https://stackoverflow.com/a/11868487"", ""11868487"")",0.44713571703191074
"=HYPERLINK(""https://stackoverflow.com/a/11994109"", ""11994109"")",0.4585858585858586
"=HYPERLINK(""https://stackoverflow.com/a/12421653"", ""12421653"")",0.4347915383035532
"=HYPERLINK(""https://stackoverflow.com/a/13497181"", ""13497181"")",0.6758512544802866
"=HYPERLINK(""https://stackoverflow.com/a/13643318"", ""13643318"")",0.5263696876600101
"=HYPERLINK(""https://stackoverflow.com/a/13717681"", ""13717681"")",0.8472222222222223
"=HYPERLINK(""https://stackoverflow.com/a/13917572"", ""13917572"")",0.7387057387057387
"=HYPERLINK(""https://stackoverflow.com/a/15404766"", ""15404766"")",0.4887129873937265
"=HYPERLINK(""https://stackoverflow.com/a/15643728"", ""15643728"")",0.7953929539295392
"=HYPERLINK(""https://stackoverflow.com/a/15651351"", ""15651351"")",0.5388051367950865
"=HYPERLINK(""https://stackoverflow.com/a/16412232"", ""16412232"")",0.8975468975468974
"=HYPERLINK(""https://stackoverflow.com/a/16618056"", ""16618056"")",0.3599467731204257
"=HYPERLINK(""https://stackoverflow.com/a/17234904"", ""17234904"")",0.5355862775217615
"=HYPERLINK(""https://stackoverflow.com/a/17368572"", ""17368572"")",0.4695569770196636
"=HYPERLINK(""https://stackoverflow.com/a/18040009"", ""18040009"")",0.7271082157075641
"=HYPERLINK(""https://stackoverflow.com/a/18107862"", ""18107862"")",0.5622222222222222
"=HYPERLINK(""https://stackoverflow.com/a/18562015"", ""18562015"")",0.5186649099692578
"=HYPERLINK(""https://stackoverflow.com/a/18782961"", ""18782961"")",0.6428723178245166
"=HYPERLINK(""https://stackoverflow.com/a/19351328"", ""19351328"")",0.3406432748538011
"=HYPERLINK(""https://stackoverflow.com/a/20044361"", ""20044361"")",0.365079365079365
"=HYPERLINK(""https://stackoverflow.com/a/20417886"", ""20417886"")",0.42895299145299143
"=HYPERLINK(""https://stackoverflow.com/a/21185363"", ""21185363"")",0.38581061272354156
"=HYPERLINK(""https://stackoverflow.com/a/21330746"", ""21330746"")",0.4775413711583925
"=HYPERLINK(""https://stackoverflow.com/a/21617052"", ""21617052"")",0.31378848728246317
"=HYPERLINK(""https://stackoverflow.com/a/21887722"", ""21887722"")",0.8563685636856367
"=HYPERLINK(""https://stackoverflow.com/a/21932629"", ""21932629"")",0.5327485380116959
"=HYPERLINK(""https://stackoverflow.com/a/22640681"", ""22640681"")",0.24661246612466112
"=HYPERLINK(""https://stackoverflow.com/a/22671750"", ""22671750"")",0.5222222222222219
"=HYPERLINK(""https://stackoverflow.com/a/22828664"", ""22828664"")",0.732991452991453
"=HYPERLINK(""https://stackoverflow.com/a/22970596"", ""22970596"")",0.3961352657004832
"=HYPERLINK(""https://stackoverflow.com/a/23274339"", ""23274339"")",0.615079365079365
"=HYPERLINK(""https://stackoverflow.com/a/23540707"", ""23540707"")",0.5347222222222221
"=HYPERLINK(""https://stackoverflow.com/a/23924891"", ""23924891"")",0.16816816816816804
"=HYPERLINK(""https://stackoverflow.com/a/23981229"", ""23981229"")",0.7534722222222224
"=HYPERLINK(""https://stackoverflow.com/a/24200666"", ""24200666"")",0.32256824298346787
"=HYPERLINK(""https://stackoverflow.com/a/25238101"", ""25238101"")",0.5837857401375316
"=HYPERLINK(""https://stackoverflow.com/a/25672248"", ""25672248"")",0.7663398692810457
"=HYPERLINK(""https://stackoverflow.com/a/25790146"", ""25790146"")",0.5265700483091788
"=HYPERLINK(""https://stackoverflow.com/a/26050497"", ""26050497"")",0.5357815442561206
"=HYPERLINK(""https://stackoverflow.com/a/26101812"", ""26101812"")",0.48429118773946356
"=HYPERLINK(""https://stackoverflow.com/a/26117998"", ""26117998"")",0.5514905149051489
"=HYPERLINK(""https://stackoverflow.com/a/26377432"", ""26377432"")",0.5768733850129201
"=HYPERLINK(""https://stackoverflow.com/a/26503039"", ""26503039"")",0.9049808429118774
"=HYPERLINK(""https://stackoverflow.com/a/26610958"", ""26610958"")",0.5783866057838661
"=HYPERLINK(""https://stackoverflow.com/a/26665411"", ""26665411"")",0.29365079365079355
"=HYPERLINK(""https://stackoverflow.com/a/26753616"", ""26753616"")",0.6094562647754138
"=HYPERLINK(""https://stackoverflow.com/a/26855973"", ""26855973"")",0.7083629471689173
"=HYPERLINK(""https://stackoverflow.com/a/26864402"", ""26864402"")",0.6846728151075977
"=HYPERLINK(""https://stackoverflow.com/a/26875494"", ""26875494"")",0.35983690112130484
"=HYPERLINK(""https://stackoverflow.com/a/27265628"", ""27265628"")",0.4436244362443626
"=HYPERLINK(""https://stackoverflow.com/a/27427343"", ""27427343"")",0.32936507936507925
"=HYPERLINK(""https://stackoverflow.com/a/27780247"", ""27780247"")",0.8266178266178267
"=HYPERLINK(""https://stackoverflow.com/a/27923987"", ""27923987"")",0.604040404040404
"=HYPERLINK(""https://stackoverflow.com/a/28102845"", ""28102845"")",0.45858585858585854
"=HYPERLINK(""https://stackoverflow.com/a/28417817"", ""28417817"")",0.5012919896640827
"=HYPERLINK(""https://stackoverflow.com/a/28862292"", ""28862292"")",0.8084291187739464
"=HYPERLINK(""https://stackoverflow.com/a/29209487"", ""29209487"")",0.7546897546897545
"=HYPERLINK(""https://stackoverflow.com/a/29392744"", ""29392744"")",0.7087994034302758
"=HYPERLINK(""https://stackoverflow.com/a/29412401"", ""29412401"")",0.5738705738705737
"=HYPERLINK(""https://stackoverflow.com/a/29808117"", ""29808117"")",0.7314624686287929
"=HYPERLINK(""https://stackoverflow.com/a/30046400"", ""30046400"")",0.7123407992973211
"=HYPERLINK(""https://stackoverflow.com/a/30168532"", ""30168532"")",0.6582083813917722
"=HYPERLINK(""https://stackoverflow.com/a/30462138"", ""30462138"")",0.5491452991452993
"=HYPERLINK(""https://stackoverflow.com/a/30541389"", ""30541389"")",0.8485108820160366
"=HYPERLINK(""https://stackoverflow.com/a/31080469"", ""31080469"")",0.656353958749168
"=HYPERLINK(""https://stackoverflow.com/a/31133724"", ""31133724"")",0.5163398692810457
"=HYPERLINK(""https://stackoverflow.com/a/31158538"", ""31158538"")",0.40793650793650804
"=HYPERLINK(""https://stackoverflow.com/a/31272628"", ""31272628"")",0.4118465513814351
"=HYPERLINK(""https://stackoverflow.com/a/32056339"", ""32056339"")",0.7913921826965304
"=HYPERLINK(""https://stackoverflow.com/a/32119047"", ""32119047"")",0.5870430691277596
"=HYPERLINK(""https://stackoverflow.com/a/32275279"", ""32275279"")",0.40924512298558113
"=HYPERLINK(""https://stackoverflow.com/a/32452287"", ""32452287"")",0.5392953929539293
"=HYPERLINK(""https://stackoverflow.com/a/33133533"", ""33133533"")",0.2291187739463601
"=HYPERLINK(""https://stackoverflow.com/a/33891843"", ""33891843"")",0.6035781544256121
"=HYPERLINK(""https://stackoverflow.com/a/34261210"", ""34261210"")",0.22222222222222215
"=HYPERLINK(""https://stackoverflow.com/a/35037979"", ""35037979"")",0.8285214348206476
"=HYPERLINK(""https://stackoverflow.com/a/35230104"", ""35230104"")",0.1169590643274855
"=HYPERLINK(""https://stackoverflow.com/a/35375019"", ""35375019"")",0.27485380116959063
"=HYPERLINK(""https://stackoverflow.com/a/35662870"", ""35662870"")",0.3288320303245678
"=HYPERLINK(""https://stackoverflow.com/a/35820106"", ""35820106"")",0.3414882772680937
"=HYPERLINK(""https://stackoverflow.com/a/36343831"", ""36343831"")",0.4817377931564779
"=HYPERLINK(""https://stackoverflow.com/a/36961046"", ""36961046"")",0.5711583924349883
"=HYPERLINK(""https://stackoverflow.com/a/37105471"", ""37105471"")",0.7096699209669919
"=HYPERLINK(""https://stackoverflow.com/a/38126300"", ""38126300"")",0.3919054801407742
"=HYPERLINK(""https://stackoverflow.com/a/39660687"", ""39660687"")",0.5163398692810457
"=HYPERLINK(""https://stackoverflow.com/a/39951761"", ""39951761"")",0.32112332112332115
"=HYPERLINK(""https://stackoverflow.com/a/40299521"", ""40299521"")",0.46741452991453003
"=HYPERLINK(""https://stackoverflow.com/a/41424448"", ""41424448"")",0.4648692810457515
"=HYPERLINK(""https://stackoverflow.com/a/41552143"", ""41552143"")",0.5751633986928104
"=HYPERLINK(""https://stackoverflow.com/a/41891457"", ""41891457"")",0.22222222222222224
"=HYPERLINK(""https://stackoverflow.com/a/42580231"", ""42580231"")",0.4222222222222223
"=HYPERLINK(""https://stackoverflow.com/a/42687614"", ""42687614"")",0.3466461853558625
"=HYPERLINK(""https://stackoverflow.com/a/42870683"", ""42870683"")",0.8153256704980845
"=HYPERLINK(""https://stackoverflow.com/a/43755550"", ""43755550"")",0.5064327485380116
"=HYPERLINK(""https://stackoverflow.com/a/44678360"", ""44678360"")",0.4644367550941945
"=HYPERLINK(""https://stackoverflow.com/a/45472732"", ""45472732"")",0.6128472222222222
"=HYPERLINK(""https://stackoverflow.com/a/45527156"", ""45527156"")",0.3257936507936509
"=HYPERLINK(""https://stackoverflow.com/a/45606741"", ""45606741"")",0.506625891946993
"=HYPERLINK(""https://stackoverflow.com/a/46490004"", ""46490004"")",0.29198966408268745
"=HYPERLINK(""https://stackoverflow.com/a/46797824"", ""46797824"")",0.4222222222222222
"=HYPERLINK(""https://stackoverflow.com/a/47017141"", ""47017141"")",0.8917137476459509
"=HYPERLINK(""https://stackoverflow.com/a/47196444"", ""47196444"")",0.6266339869281045
"=HYPERLINK(""https://stackoverflow.com/a/47935384"", ""47935384"")",0.4097222222222222
"=HYPERLINK(""https://stackoverflow.com/a/48587007"", ""48587007"")",0.22222222222222215
"=HYPERLINK(""https://stackoverflow.com/a/49606969"", ""49606969"")",0.6222222222222223
"=HYPERLINK(""https://stackoverflow.com/a/50037726"", ""50037726"")",0.30977982590885805
"=HYPERLINK(""https://stackoverflow.com/a/50814126"", ""50814126"")",0.6822222222222222
"=HYPERLINK(""https://stackoverflow.com/a/50872375"", ""50872375"")",0.9338786639400134
"=HYPERLINK(""https://stackoverflow.com/a/51345730"", ""51345730"")",0.7122222222222221
"=HYPERLINK(""https://stackoverflow.com/a/51533086"", ""51533086"")",0.4704980842911877
"=HYPERLINK(""https://stackoverflow.com/a/51718418"", ""51718418"")",0.6455351056578051
"=HYPERLINK(""https://stackoverflow.com/a/51868334"", ""51868334"")",0.36991452991453017
"=HYPERLINK(""https://stackoverflow.com/a/51957335"", ""51957335"")",0.27100271002710025
"=HYPERLINK(""https://stackoverflow.com/a/52034980"", ""52034980"")",0.34623277631193194
"=HYPERLINK(""https://stackoverflow.com/a/52042020"", ""52042020"")",0.2504830917874395
"=HYPERLINK(""https://stackoverflow.com/a/52514493"", ""52514493"")",0.5676767676767677
"=HYPERLINK(""https://stackoverflow.com/a/52823233"", ""52823233"")",0.8385012919896639
"=HYPERLINK(""https://stackoverflow.com/a/54169635"", ""54169635"")",0.5440215301806999
"=HYPERLINK(""https://stackoverflow.com/a/54690974"", ""54690974"")",0.5276520864756158
"=HYPERLINK(""https://stackoverflow.com/a/54754650"", ""54754650"")",0.38840298023971526
"=HYPERLINK(""https://stackoverflow.com/a/55541241"", ""55541241"")",0.7261592300962381
"=HYPERLINK(""https://stackoverflow.com/a/56020052"", ""56020052"")",0.30330330330330313
"=HYPERLINK(""https://stackoverflow.com/a/56181337"", ""56181337"")",0.43408662900188305
"=HYPERLINK(""https://stackoverflow.com/a/56297824"", ""56297824"")",0.7352092352092352
"=HYPERLINK(""https://stackoverflow.com/a/56377060"", ""56377060"")",0.2748538011695907
"=HYPERLINK(""https://stackoverflow.com/a/56379473"", ""56379473"")",0.5483760683760682
"=HYPERLINK(""https://stackoverflow.com/a/56549080"", ""56549080"")",0.5161153519932147
"=HYPERLINK(""https://stackoverflow.com/a/56561248"", ""56561248"")",0.553256704980843
"=HYPERLINK(""https://stackoverflow.com/a/56584236"", ""56584236"")",0.28405591092158267
"=HYPERLINK(""https://stackoverflow.com/a/56931913"", ""56931913"")",0.407690673465052
"=HYPERLINK(""https://stackoverflow.com/a/56980339"", ""56980339"")",0.8288704216682057
"=HYPERLINK(""https://stackoverflow.com/a/57139233"", ""57139233"")",0.38438438438438427
"=HYPERLINK(""https://stackoverflow.com/a/57170373"", ""57170373"")",0.48418695773859477
"=HYPERLINK(""https://stackoverflow.com/a/57312643"", ""57312643"")",0.48595848595848595
"=HYPERLINK(""https://stackoverflow.com/a/57410502"", ""57410502"")",0.5409035409035409
"=HYPERLINK(""https://stackoverflow.com/a/57474713"", ""57474713"")",0.7874396135265701
"=HYPERLINK(""https://stackoverflow.com/a/58138012"", ""58138012"")",0.3922222222222221
"=HYPERLINK(""https://stackoverflow.com/a/58292041"", ""58292041"")",0.5943152454780363
"=HYPERLINK(""https://stackoverflow.com/a/58766961"", ""58766961"")",0.2332719459791283
"=HYPERLINK(""https://stackoverflow.com/a/58822751"", ""58822751"")",0.40094562647754145
"=HYPERLINK(""https://stackoverflow.com/a/59105998"", ""59105998"")",0.4256120527306968
"=HYPERLINK(""https://stackoverflow.com/a/59230527"", ""59230527"")",0.6815245478036176
"=HYPERLINK(""https://stackoverflow.com/a/59276138"", ""59276138"")",0.42264866145463165
"=HYPERLINK(""https://stackoverflow.com/a/60276132"", ""60276132"")",0.4694949494949493
"=HYPERLINK(""https://stackoverflow.com/a/60283997"", ""60283997"")",0.6752608962553714
"=HYPERLINK(""https://stackoverflow.com/a/61088718"", ""61088718"")",0.5722222222222217
"=HYPERLINK(""https://stackoverflow.com/a/61109320"", ""61109320"")",0.3196248196248194
"=HYPERLINK(""https://stackoverflow.com/a/61203572"", ""61203572"")",0.9707252162341982
"=HYPERLINK(""https://stackoverflow.com/a/61240763"", ""61240763"")",0.3906432748538012
"=HYPERLINK(""https://stackoverflow.com/a/61692176"", ""61692176"")",0.5503472222222221
"=HYPERLINK(""https://stackoverflow.com/a/61820034"", ""61820034"")",0.457516339869281
"=HYPERLINK(""https://stackoverflow.com/a/62140054"", ""62140054"")",0.3973374295954939
"=HYPERLINK(""https://stackoverflow.com/a/62298966"", ""62298966"")",0.6439089692101739
"=HYPERLINK(""https://stackoverflow.com/a/62499628"", ""62499628"")",0.5310457516339869
"=HYPERLINK(""https://stackoverflow.com/a/62572423"", ""62572423"")",0.7838660578386605
"=HYPERLINK(""https://stackoverflow.com/a/62780555"", ""62780555"")",0.6432748538011696
"=HYPERLINK(""https://stackoverflow.com/a/63248215"", ""63248215"")",0.529184247538678
"=HYPERLINK(""https://stackoverflow.com/a/63779683"", ""63779683"")",0.7567844342037888
"=HYPERLINK(""https://stackoverflow.com/a/63795370"", ""63795370"")",0.5886994949494947
"=HYPERLINK(""https://stackoverflow.com/a/63919844"", ""63919844"")",0.41469084146908397
"=HYPERLINK(""https://stackoverflow.com/a/63963070"", ""63963070"")",0.13526570048309186
"=HYPERLINK(""https://stackoverflow.com/a/64385007"", ""64385007"")",0.3650793650793651
"=HYPERLINK(""https://stackoverflow.com/a/64788152"", ""64788152"")",0.500983284169125
"=HYPERLINK(""https://stackoverflow.com/a/64803448"", ""64803448"")",0.4501633986928105
"=HYPERLINK(""https://stackoverflow.com/a/65205944"", ""65205944"")",0.36294078509647365
"=HYPERLINK(""https://stackoverflow.com/a/65293610"", ""65293610"")",0.5962510790479717
"=HYPERLINK(""https://stackoverflow.com/a/65540873"", ""65540873"")",0.4795751633986927
"=HYPERLINK(""https://stackoverflow.com/a/65946051"", ""65946051"")",0.3822222222222218
"=HYPERLINK(""https://stackoverflow.com/a/65981865"", ""65981865"")",0.6459510357815442
"=HYPERLINK(""https://stackoverflow.com/a/66183695"", ""66183695"")",0.752297410192147
"=HYPERLINK(""https://stackoverflow.com/a/66353174"", ""66353174"")",0.5458373825720764
"=HYPERLINK(""https://stackoverflow.com/a/66385963"", ""66385963"")",0.5188323917137476
"=HYPERLINK(""https://stackoverflow.com/a/66583020"", ""66583020"")",0.3566760037348272
"=HYPERLINK(""https://stackoverflow.com/a/66600189"", ""66600189"")",0.4483528754885536
"=HYPERLINK(""https://stackoverflow.com/a/66961744"", ""66961744"")",0.4537658463832961
"=HYPERLINK(""https://stackoverflow.com/a/67441619"", ""67441619"")",0.5898692810457516
