"link","Correlation","score","view_count"
"=HYPERLINK(""https://stackoverflow.com/q/2285971"", ""2285971"")",0.4021530180699729,"1","7593"
"=HYPERLINK(""https://stackoverflow.com/q/2294422"", ""2294422"")",0.3326118326118324,"1","3625"
"=HYPERLINK(""https://stackoverflow.com/q/2516549"", ""2516549"")",0.487322893363162,"27","57854"
"=HYPERLINK(""https://stackoverflow.com/q/2521919"", ""2521919"")",0.7600812300551205,"2","649"
"=HYPERLINK(""https://stackoverflow.com/q/2875741"", ""2875741"")",0.5692448094912159,"6","5417"
"=HYPERLINK(""https://stackoverflow.com/q/3230085"", ""3230085"")",0.4375196726471513,"2","1645"
"=HYPERLINK(""https://stackoverflow.com/q/4052862"", ""4052862"")",0.5198000768935027,"5","70825"
"=HYPERLINK(""https://stackoverflow.com/q/4432075"", ""4432075"")",0.885816692268305,"1","1770"
"=HYPERLINK(""https://stackoverflow.com/q/4439797"", ""4439797"")",0.4537658463832961,"2","708"
"=HYPERLINK(""https://stackoverflow.com/q/5107930"", ""5107930"")",0.5498817966903075,"1","4371"
"=HYPERLINK(""https://stackoverflow.com/q/5161981"", ""5161981"")",0.3293650793650794,"1","1403"
"=HYPERLINK(""https://stackoverflow.com/q/5512937"", ""5512937"")",0.6963863559608241,"1","4129"
"=HYPERLINK(""https://stackoverflow.com/q/5833347"", ""5833347"")",0.5801767676767674,"1","1355"
"=HYPERLINK(""https://stackoverflow.com/q/5915584"", ""5915584"")",0.5218964893231992,"9","17637"
"=HYPERLINK(""https://stackoverflow.com/q/6920989"", ""6920989"")",0.4000572737686138,"0","2296"
"=HYPERLINK(""https://stackoverflow.com/q/7149343"", ""7149343"")",0.6077184054283291,"0","1711"
"=HYPERLINK(""https://stackoverflow.com/q/7356554"", ""7356554"")",0.5914529914529915,"2","3348"
"=HYPERLINK(""https://stackoverflow.com/q/7599178"", ""7599178"")",0.4383026242322723,"0","3664"
"=HYPERLINK(""https://stackoverflow.com/q/7724771"", ""7724771"")",0.3629001883239171,"0","7510"
"=HYPERLINK(""https://stackoverflow.com/q/8138062"", ""8138062"")",0.6295122380700827,"1","2056"
"=HYPERLINK(""https://stackoverflow.com/q/8170935"", ""8170935"")",0.5748538011695907,"1","2284"
"=HYPERLINK(""https://stackoverflow.com/q/8228044"", ""8228044"")",0.492222222222222,"0","1868"
"=HYPERLINK(""https://stackoverflow.com/q/8367829"", ""8367829"")",0.438568376068376,"0","1363"
"=HYPERLINK(""https://stackoverflow.com/q/8533162"", ""8533162"")",0.568168168168168,"2","3111"
"=HYPERLINK(""https://stackoverflow.com/q/8663200"", ""8663200"")",0.5370737073707369,"3","2789"
"=HYPERLINK(""https://stackoverflow.com/q/8746842"", ""8746842"")",0.3866517524235647,"0","1758"
"=HYPERLINK(""https://stackoverflow.com/q/9187737"", ""9187737"")",0.4432748538011697,"3","6454"
"=HYPERLINK(""https://stackoverflow.com/q/9238634"", ""9238634"")",0.5705828779599272,"5","8260"
"=HYPERLINK(""https://stackoverflow.com/q/9501211"", ""9501211"")",0.6394001363326517,"0","273"
"=HYPERLINK(""https://stackoverflow.com/q/9533212"", ""9533212"")",0.499633054454719,"0","274"
"=HYPERLINK(""https://stackoverflow.com/q/9536927"", ""9536927"")",0.5187046342825236,"0","180"
"=HYPERLINK(""https://stackoverflow.com/q/9563492"", ""9563492"")",0.2735735735735736,"0","282"
"=HYPERLINK(""https://stackoverflow.com/q/9687120"", ""9687120"")",0.7028852056476366,"2","4105"
"=HYPERLINK(""https://stackoverflow.com/q/9708197"", ""9708197"")",0.4185858585858585,"5","5348"
"=HYPERLINK(""https://stackoverflow.com/q/9810888"", ""9810888"")",0.3090738506902559,"3","1714"
"=HYPERLINK(""https://stackoverflow.com/q/9938902"", ""9938902"")",0.691687871077184,"1","11183"
"=HYPERLINK(""https://stackoverflow.com/q/10032051"", ""10032051"")",0.3935140882509304,"0","669"
"=HYPERLINK(""https://stackoverflow.com/q/10063080"", ""10063080"")",0.5808174163072501,"2","320"
"=HYPERLINK(""https://stackoverflow.com/q/10304415"", ""10304415"")",0.310931899641577,"0","1345"
"=HYPERLINK(""https://stackoverflow.com/q/10427062"", ""10427062"")",0.3595716198125835,"1","1512"
"=HYPERLINK(""https://stackoverflow.com/q/10493958"", ""10493958"")",0.4866452991452992,"0","678"
"=HYPERLINK(""https://stackoverflow.com/q/10636570"", ""10636570"")",0.7044356609574001,"1","943"
"=HYPERLINK(""https://stackoverflow.com/q/10843113"", ""10843113"")",0.3462327763119321,"3","1923"
"=HYPERLINK(""https://stackoverflow.com/q/10875641"", ""10875641"")",0.4348206474190729,"1","115"
"=HYPERLINK(""https://stackoverflow.com/q/11048852"", ""11048852"")",0.3650793650793649,"0","293"
"=HYPERLINK(""https://stackoverflow.com/q/11115961"", ""11115961"")",0.5858585858585857,"2","907"
"=HYPERLINK(""https://stackoverflow.com/q/11131613"", ""11131613"")",0.6748538011695907,"0","98"
"=HYPERLINK(""https://stackoverflow.com/q/11132028"", ""11132028"")",0.5039901780233272,"0","7923"
"=HYPERLINK(""https://stackoverflow.com/q/11332736"", ""11332736"")",0.4349881796690307,"1","140"
"=HYPERLINK(""https://stackoverflow.com/q/11834873"", ""11834873"")",0.3108921729611383,"1","15280"
"=HYPERLINK(""https://stackoverflow.com/q/11954774"", ""11954774"")",0.5341488277268096,"3","2600"
"=HYPERLINK(""https://stackoverflow.com/q/12363437"", ""12363437"")",0.3487044356609573,"1","974"
"=HYPERLINK(""https://stackoverflow.com/q/12386876"", ""12386876"")",0.5390161153519932,"0","6875"
"=HYPERLINK(""https://stackoverflow.com/q/12406581"", ""12406581"")",0.4160683760683761,"3","6833"
"=HYPERLINK(""https://stackoverflow.com/q/12421108"", ""12421108"")",0.4881796690307329,"0","2250"
"=HYPERLINK(""https://stackoverflow.com/q/12738538"", ""12738538"")",0.4559884559884558,"2","4466"
"=HYPERLINK(""https://stackoverflow.com/q/12897611"", ""12897611"")",0.3452724821875602,"2","1344"
"=HYPERLINK(""https://stackoverflow.com/q/13393481"", ""13393481"")",0.4756784434203785,"0","13397"
"=HYPERLINK(""https://stackoverflow.com/q/13489208"", ""13489208"")",0.4604297693920336,"2","3960"
"=HYPERLINK(""https://stackoverflow.com/q/13862200"", ""13862200"")",0.3513735137351375,"1","2998"
"=HYPERLINK(""https://stackoverflow.com/q/13946159"", ""13946159"")",0.6015325670498086,"1","408"
"=HYPERLINK(""https://stackoverflow.com/q/14275999"", ""14275999"")",0.3177538092792331,"2","610"
"=HYPERLINK(""https://stackoverflow.com/q/14347890"", ""14347890"")",0.3919639196391966,"0","3079"
"=HYPERLINK(""https://stackoverflow.com/q/14403952"", ""14403952"")",0.335093509350935,"2","1806"
"=HYPERLINK(""https://stackoverflow.com/q/14687492"", ""14687492"")",0.2450235251538183,"1","188"
"=HYPERLINK(""https://stackoverflow.com/q/14811071"", ""14811071"")",0.4710701484895032,"0","48"
"=HYPERLINK(""https://stackoverflow.com/q/14958080"", ""14958080"")",0.6116452991452993,"1","5015"
"=HYPERLINK(""https://stackoverflow.com/q/15015092"", ""15015092"")",0.5890563930764935,"0","286"
"=HYPERLINK(""https://stackoverflow.com/q/15064590"", ""15064590"")",0.4388120839733742,"0","2404"
"=HYPERLINK(""https://stackoverflow.com/q/15102054"", ""15102054"")",0.5496558505408065,"0","995"
"=HYPERLINK(""https://stackoverflow.com/q/15121742"", ""15121742"")",0.6064327485380117,"1","2034"
"=HYPERLINK(""https://stackoverflow.com/q/15215171"", ""15215171"")",0.6102488297610249,"0","1969"
"=HYPERLINK(""https://stackoverflow.com/q/15632042"", ""15632042"")",0.4677312042581502,"2","1927"
"=HYPERLINK(""https://stackoverflow.com/q/16333216"", ""16333216"")",0.3817314246762099,"0","31"
"=HYPERLINK(""https://stackoverflow.com/q/16410629"", ""16410629"")",0.6252448922474112,"1","3638"
"=HYPERLINK(""https://stackoverflow.com/q/16457273"", ""16457273"")",0.2499300307864539,"0","1481"
"=HYPERLINK(""https://stackoverflow.com/q/16606410"", ""16606410"")",0.3242630385487529,"2","911"
"=HYPERLINK(""https://stackoverflow.com/q/16694086"", ""16694086"")",0.5516682863621638,"0","1969"
"=HYPERLINK(""https://stackoverflow.com/q/16801124"", ""16801124"")",0.7900188323917136,"0","236"
"=HYPERLINK(""https://stackoverflow.com/q/16896812"", ""16896812"")",0.6015325670498084,"3","905"
"=HYPERLINK(""https://stackoverflow.com/q/17234087"", ""17234087"")",0.8672603901611536,"0","261"
"=HYPERLINK(""https://stackoverflow.com/q/17261363"", ""17261363"")",0.50070323488045,"0","642"
"=HYPERLINK(""https://stackoverflow.com/q/17358395"", ""17358395"")",0.2864245568525723,"0","145"
"=HYPERLINK(""https://stackoverflow.com/q/17690279"", ""17690279"")",0.4125836680053547,"2","13351"
"=HYPERLINK(""https://stackoverflow.com/q/18071097"", ""18071097"")",0.3673662990632041,"2","204"
"=HYPERLINK(""https://stackoverflow.com/q/18250481"", ""18250481"")",0.8116428771340609,"0","1565"
"=HYPERLINK(""https://stackoverflow.com/q/18490286"", ""18490286"")",0.380450070323488,"0","654"
"=HYPERLINK(""https://stackoverflow.com/q/18550709"", ""18550709"")",0.6700749829584184,"5","11800"
"=HYPERLINK(""https://stackoverflow.com/q/18870787"", ""18870787"")",0.4917874396135264,"0","1275"
"=HYPERLINK(""https://stackoverflow.com/q/18876327"", ""18876327"")",0.4519519519519518,"1","3940"
"=HYPERLINK(""https://stackoverflow.com/q/18899493"", ""18899493"")",0.572871572871573,"0","3808"
"=HYPERLINK(""https://stackoverflow.com/q/18963759"", ""18963759"")",0.2750623807426977,"0","1013"
"=HYPERLINK(""https://stackoverflow.com/q/19350419"", ""19350419"")",0.5546546546546547,"1","1822"
"=HYPERLINK(""https://stackoverflow.com/q/19636641"", ""19636641"")",0.5414404632645674,"3","2071"
"=HYPERLINK(""https://stackoverflow.com/q/19823972"", ""19823972"")",0.5365892207997471,"0","407"
"=HYPERLINK(""https://stackoverflow.com/q/19829166"", ""19829166"")",0.4845173041894354,"1","570"
"=HYPERLINK(""https://stackoverflow.com/q/20746967"", ""20746967"")",0.4976713240186292,"0","620"
"=HYPERLINK(""https://stackoverflow.com/q/21059779"", ""21059779"")",0.4749694749694749,"3","10661"
"=HYPERLINK(""https://stackoverflow.com/q/21119549"", ""21119549"")",0.4483528754885537,"1","2445"
"=HYPERLINK(""https://stackoverflow.com/q/21181659"", ""21181659"")",0.4660645867542419,"1","5280"
"=HYPERLINK(""https://stackoverflow.com/q/21233055"", ""21233055"")",0.422926447574335,"4","2776"
"=HYPERLINK(""https://stackoverflow.com/q/21572035"", ""21572035"")",0.5124255493941261,"1","4678"
"=HYPERLINK(""https://stackoverflow.com/q/21615946"", ""21615946"")",0.3701420989556584,"0","110"
"=HYPERLINK(""https://stackoverflow.com/q/21744182"", ""21744182"")",0.3783935068569826,"0","877"
"=HYPERLINK(""https://stackoverflow.com/q/22003435"", ""22003435"")",0.3331208837900998,"0","395"
"=HYPERLINK(""https://stackoverflow.com/q/22233128"", ""22233128"")",0.670751633986928,"1","374"
"=HYPERLINK(""https://stackoverflow.com/q/22335342"", ""22335342"")",0.6115664845173041,"0","1587"
"=HYPERLINK(""https://stackoverflow.com/q/22408166"", ""22408166"")",0.4627285513361462,"0","575"
"=HYPERLINK(""https://stackoverflow.com/q/22461128"", ""22461128"")",0.5395653956539566,"3","8345"
"=HYPERLINK(""https://stackoverflow.com/q/22644979"", ""22644979"")",0.5207540329889434,"0","1748"
"=HYPERLINK(""https://stackoverflow.com/q/22686779"", ""22686779"")",0.3230286738351254,"0","542"
"=HYPERLINK(""https://stackoverflow.com/q/23348675"", ""23348675"")",0.3713934929404542,"0","1612"
"=HYPERLINK(""https://stackoverflow.com/q/23539692"", ""23539692"")",0.4669920966992094,"0","63"
"=HYPERLINK(""https://stackoverflow.com/q/24030853"", ""24030853"")",0.4732860520094563,"0","732"
"=HYPERLINK(""https://stackoverflow.com/q/24178211"", ""24178211"")",0.4995719910974149,"0","1344"
"=HYPERLINK(""https://stackoverflow.com/q/24928428"", ""24928428"")",0.4970313825275658,"0","65"
"=HYPERLINK(""https://stackoverflow.com/q/25231387"", ""25231387"")",0.6113847837985769,"0","1017"
"=HYPERLINK(""https://stackoverflow.com/q/25672159"", ""25672159"")",0.4929404542664211,"0","137"
"=HYPERLINK(""https://stackoverflow.com/q/25781796"", ""25781796"")",0.5840312674483528,"0","623"
"=HYPERLINK(""https://stackoverflow.com/q/26034663"", ""26034663"")",0.4227912122648966,"0","755"
"=HYPERLINK(""https://stackoverflow.com/q/26117812"", ""26117812"")",0.4185412406271301,"0","2668"
"=HYPERLINK(""https://stackoverflow.com/q/26229960"", ""26229960"")",0.408268733850129,"0","33"
"=HYPERLINK(""https://stackoverflow.com/q/26427092"", ""26427092"")",0.5865079365079364,"0","1076"
"=HYPERLINK(""https://stackoverflow.com/q/26609901"", ""26609901"")",0.8410067526089626,"1","771"
"=HYPERLINK(""https://stackoverflow.com/q/26786679"", ""26786679"")",0.5492492492492492,"0","1463"
"=HYPERLINK(""https://stackoverflow.com/q/27141627"", ""27141627"")",0.4941887494188747,"2","4251"
"=HYPERLINK(""https://stackoverflow.com/q/27376589"", ""27376589"")",0.738615664845173,"1","28679"
"=HYPERLINK(""https://stackoverflow.com/q/27725170"", ""27725170"")",0.3618015721266199,"0","51"
"=HYPERLINK(""https://stackoverflow.com/q/27780184"", ""27780184"")",0.507936507936508,"1","763"
"=HYPERLINK(""https://stackoverflow.com/q/28027605"", ""28027605"")",0.353256704980843,"0","1705"
"=HYPERLINK(""https://stackoverflow.com/q/28042512"", ""28042512"")",0.3200483091787436,"0","128"
"=HYPERLINK(""https://stackoverflow.com/q/28085217"", ""28085217"")",0.3868928809048569,"0","1508"
"=HYPERLINK(""https://stackoverflow.com/q/28171936"", ""28171936"")",0.377151799687011,"1","123"
"=HYPERLINK(""https://stackoverflow.com/q/28409829"", ""28409829"")",0.5396336243793872,"0","142"
"=HYPERLINK(""https://stackoverflow.com/q/28775183"", ""28775183"")",0.4306654939900323,"1","1231"
"=HYPERLINK(""https://stackoverflow.com/q/28790764"", ""28790764"")",0.4458358179288412,"0","93"
"=HYPERLINK(""https://stackoverflow.com/q/29209209"", ""29209209"")",0.4094562647754138,"1","550"
"=HYPERLINK(""https://stackoverflow.com/q/29410692"", ""29410692"")",0.369343757403459,"1","52"
"=HYPERLINK(""https://stackoverflow.com/q/29518416"", ""29518416"")",0.3492580528411148,"3","218"
"=HYPERLINK(""https://stackoverflow.com/q/29807668"", ""29807668"")",0.4895033282130055,"1","2639"
"=HYPERLINK(""https://stackoverflow.com/q/30045347"", ""30045347"")",0.6222222222222222,"1","5461"
"=HYPERLINK(""https://stackoverflow.com/q/30097900"", ""30097900"")",0.4900046490004646,"0","235"
"=HYPERLINK(""https://stackoverflow.com/q/30461903"", ""30461903"")",0.2499145299145299,"0","1704"
"=HYPERLINK(""https://stackoverflow.com/q/30541314"", ""30541314"")",0.6429118773946361,"0","197"
"=HYPERLINK(""https://stackoverflow.com/q/30844579"", ""30844579"")",0.3187739463601532,"1","793"
"=HYPERLINK(""https://stackoverflow.com/q/30925251"", ""30925251"")",0.5573573573573573,"1","2319"
"=HYPERLINK(""https://stackoverflow.com/q/31133586"", ""31133586"")",0.4338091239854462,"0","834"
"=HYPERLINK(""https://stackoverflow.com/q/31176211"", ""31176211"")",0.2962049595835044,"2","2527"
"=HYPERLINK(""https://stackoverflow.com/q/31270484"", ""31270484"")",0.5186294078509643,"1","781"
"=HYPERLINK(""https://stackoverflow.com/q/31780245"", ""31780245"")",0.5956399437412095,"0","74"
"=HYPERLINK(""https://stackoverflow.com/q/31838489"", ""31838489"")",0.4817966903073287,"2","667"
"=HYPERLINK(""https://stackoverflow.com/q/32045377"", ""32045377"")",0.5026979407554236,"0","268"
"=HYPERLINK(""https://stackoverflow.com/q/32085189"", ""32085189"")",0.365664845173042,"1","106"
"=HYPERLINK(""https://stackoverflow.com/q/32104204"", ""32104204"")",0.4470742932281393,"0","265"
"=HYPERLINK(""https://stackoverflow.com/q/32648216"", ""32648216"")",0.4369873228933633,"0","79"
"=HYPERLINK(""https://stackoverflow.com/q/32850204"", ""32850204"")",0.3715728715728715,"0","37"
"=HYPERLINK(""https://stackoverflow.com/q/32972550"", ""32972550"")",0.3546014708805406,"0","3885"
"=HYPERLINK(""https://stackoverflow.com/q/33133184"", ""33133184"")",0.663780663780664,"1","1824"
"=HYPERLINK(""https://stackoverflow.com/q/33533345"", ""33533345"")",0.4877089478859392,"0","671"
"=HYPERLINK(""https://stackoverflow.com/q/33884757"", ""33884757"")",0.3081667164030637,"1","119"
"=HYPERLINK(""https://stackoverflow.com/q/33938966"", ""33938966"")",0.4060574044726184,"0","199"
"=HYPERLINK(""https://stackoverflow.com/q/34178974"", ""34178974"")",0.4717601150133498,"11","615"
"=HYPERLINK(""https://stackoverflow.com/q/34261107"", ""34261107"")",0.5012919896640826,"0","65"
"=HYPERLINK(""https://stackoverflow.com/q/34292278"", ""34292278"")",0.5848176420695506,"1","2030"
"=HYPERLINK(""https://stackoverflow.com/q/35025702"", ""35025702"")",0.5805284111473036,"2","6904"
"=HYPERLINK(""https://stackoverflow.com/q/35036661"", ""35036661"")",0.388018566869742,"3","248"
"=HYPERLINK(""https://stackoverflow.com/q/35092415"", ""35092415"")",0.2812628126281263,"0","62"
"=HYPERLINK(""https://stackoverflow.com/q/35154980"", ""35154980"")",0.3620639108765758,"2","1388"
"=HYPERLINK(""https://stackoverflow.com/q/35554123"", ""35554123"")",0.5598845598845599,"1","376"
"=HYPERLINK(""https://stackoverflow.com/q/35609644"", ""35609644"")",0.7345173041894355,"1","1484"
"=HYPERLINK(""https://stackoverflow.com/q/35780197"", ""35780197"")",0.5900033772374199,"0","1937"
"=HYPERLINK(""https://stackoverflow.com/q/36052876"", ""36052876"")",0.5825163398692811,"0","86"
"=HYPERLINK(""https://stackoverflow.com/q/36134670"", ""36134670"")",0.3121362175310573,"2","512"
"=HYPERLINK(""https://stackoverflow.com/q/36230341"", ""36230341"")",0.4185270721067486,"0","157"
"=HYPERLINK(""https://stackoverflow.com/q/36895026"", ""36895026"")",0.4263038548752835,"0","1167"
"=HYPERLINK(""https://stackoverflow.com/q/36909942"", ""36909942"")",0.253195673549656,"0","526"
"=HYPERLINK(""https://stackoverflow.com/q/37031052"", ""37031052"")",0.5116959064327485,"0","863"
"=HYPERLINK(""https://stackoverflow.com/q/37106442"", ""37106442"")",0.5626477541371159,"0","107"
"=HYPERLINK(""https://stackoverflow.com/q/37163892"", ""37163892"")",0.4157706093189962,"1","40"
"=HYPERLINK(""https://stackoverflow.com/q/37351387"", ""37351387"")",0.2832909245122986,"0","493"
"=HYPERLINK(""https://stackoverflow.com/q/37569705"", ""37569705"")",0.3557727108215708,"1","205"
"=HYPERLINK(""https://stackoverflow.com/q/37852556"", ""37852556"")",0.3870870870870866,"0","116"
"=HYPERLINK(""https://stackoverflow.com/q/37950343"", ""37950343"")",0.3656648451730419,"0","433"
"=HYPERLINK(""https://stackoverflow.com/q/38125907"", ""38125907"")",0.2511401326699833,"0","318"
"=HYPERLINK(""https://stackoverflow.com/q/38180934"", ""38180934"")",0.4056541748849442,"0","802"
"=HYPERLINK(""https://stackoverflow.com/q/38233734"", ""38233734"")",0.6271301976823448,"1","11811"
"=HYPERLINK(""https://stackoverflow.com/q/38759959"", ""38759959"")",0.5895691609977324,"1","3067"
"=HYPERLINK(""https://stackoverflow.com/q/38762240"", ""38762240"")",0.7197096594081519,"1","1286"
"=HYPERLINK(""https://stackoverflow.com/q/39108557"", ""39108557"")",0.2675622726000558,"0","117"
"=HYPERLINK(""https://stackoverflow.com/q/39130241"", ""39130241"")",0.3596749334454254,"0","1352"
"=HYPERLINK(""https://stackoverflow.com/q/39591016"", ""39591016"")",0.8581669226830515,"2","133"
"=HYPERLINK(""https://stackoverflow.com/q/39660567"", ""39660567"")",0.4105339105339103,"3","5410"
"=HYPERLINK(""https://stackoverflow.com/q/39758804"", ""39758804"")",0.6697360343769184,"0","244"
"=HYPERLINK(""https://stackoverflow.com/q/39836417"", ""39836417"")",0.3461160275319569,"0","25"
"=HYPERLINK(""https://stackoverflow.com/q/39888143"", ""39888143"")",0.6045751633986927,"0","2647"
"=HYPERLINK(""https://stackoverflow.com/q/40233484"", ""40233484"")",0.4860520094562648,"1","1512"
"=HYPERLINK(""https://stackoverflow.com/q/40277399"", ""40277399"")",0.9032038173142466,"0","93"
"=HYPERLINK(""https://stackoverflow.com/q/40298775"", ""40298775"")",0.8124477861319964,"0","2789"
"=HYPERLINK(""https://stackoverflow.com/q/40571823"", ""40571823"")",0.4189435336976324,"0","192"
"=HYPERLINK(""https://stackoverflow.com/q/40676675"", ""40676675"")",0.5070323488045008,"1","2666"
"=HYPERLINK(""https://stackoverflow.com/q/40853475"", ""40853475"")",0.4559884559884558,"0","73"
"=HYPERLINK(""https://stackoverflow.com/q/41158933"", ""41158933"")",0.3898868928809047,"1","1214"
"=HYPERLINK(""https://stackoverflow.com/q/41423957"", ""41423957"")",0.3357956294244383,"0","322"
"=HYPERLINK(""https://stackoverflow.com/q/41550829"", ""41550829"")",0.4504101416853098,"0","3237"
"=HYPERLINK(""https://stackoverflow.com/q/41832558"", ""41832558"")",0.3366133661336615,"0","84"
"=HYPERLINK(""https://stackoverflow.com/q/41944880"", ""41944880"")",0.4792976939203353,"2","8638"
"=HYPERLINK(""https://stackoverflow.com/q/41993485"", ""41993485"")",0.4350502105604146,"0","189"
"=HYPERLINK(""https://stackoverflow.com/q/42530417"", ""42530417"")",0.3842643975829327,"0","2506"
"=HYPERLINK(""https://stackoverflow.com/q/42834809"", ""42834809"")",0.3901382642012327,"1","1782"
"=HYPERLINK(""https://stackoverflow.com/q/42842107"", ""42842107"")",0.59245122985581,"0","384"
"=HYPERLINK(""https://stackoverflow.com/q/42906635"", ""42906635"")",0.493214588634436,"1","1501"
"=HYPERLINK(""https://stackoverflow.com/q/43001102"", ""43001102"")",0.5041499330655955,"2","1184"
"=HYPERLINK(""https://stackoverflow.com/q/43173680"", ""43173680"")",0.5657805044308113,"1","2054"
"=HYPERLINK(""https://stackoverflow.com/q/43184542"", ""43184542"")",0.4258304696449025,"0","885"
"=HYPERLINK(""https://stackoverflow.com/q/43219677"", ""43219677"")",0.6042644757433491,"0","745"
"=HYPERLINK(""https://stackoverflow.com/q/43308369"", ""43308369"")",0.702741702741703,"0","474"
"=HYPERLINK(""https://stackoverflow.com/q/43755262"", ""43755262"")",0.4030340303403035,"1","2532"
"=HYPERLINK(""https://stackoverflow.com/q/44046389"", ""44046389"")",0.5722222222222219,"0","23"
"=HYPERLINK(""https://stackoverflow.com/q/44199383"", ""44199383"")",0.3382016036655211,"1","813"
"=HYPERLINK(""https://stackoverflow.com/q/44658382"", ""44658382"")",0.303503010399562,"0","889"
"=HYPERLINK(""https://stackoverflow.com/q/45290840"", ""45290840"")",0.438568376068376,"0","460"
"=HYPERLINK(""https://stackoverflow.com/q/45808556"", ""45808556"")",0.4788593903638152,"0","665"
"=HYPERLINK(""https://stackoverflow.com/q/45822566"", ""45822566"")",0.3206837606837608,"0","181"
"=HYPERLINK(""https://stackoverflow.com/q/45891071"", ""45891071"")",0.4533542976939204,"1","172"
"=HYPERLINK(""https://stackoverflow.com/q/46092409"", ""46092409"")",0.351921470342523,"0","157"
"=HYPERLINK(""https://stackoverflow.com/q/46367343"", ""46367343"")",0.2589869281045751,"0","58"
"=HYPERLINK(""https://stackoverflow.com/q/46580174"", ""46580174"")",0.5972222222222223,"1","141"
"=HYPERLINK(""https://stackoverflow.com/q/46617935"", ""46617935"")",0.6045751633986927,"1","112"
"=HYPERLINK(""https://stackoverflow.com/q/46840598"", ""46840598"")",0.6633986928104575,"0","675"
"=HYPERLINK(""https://stackoverflow.com/q/46847010"", ""46847010"")",0.4080629301868242,"0","223"
"=HYPERLINK(""https://stackoverflow.com/q/46913906"", ""46913906"")",0.4817377931564782,"0","734"
"=HYPERLINK(""https://stackoverflow.com/q/47014649"", ""47014649"")",0.6912487708947885,"0","42"
"=HYPERLINK(""https://stackoverflow.com/q/47015793"", ""47015793"")",0.5697701966358683,"0","850"
"=HYPERLINK(""https://stackoverflow.com/q/47189669"", ""47189669"")",0.5044308111792773,"1","6899"
"=HYPERLINK(""https://stackoverflow.com/q/47236333"", ""47236333"")",0.6180157212661992,"1","3177"
"=HYPERLINK(""https://stackoverflow.com/q/47388164"", ""47388164"")",0.5107104330405303,"0","642"
"=HYPERLINK(""https://stackoverflow.com/q/47705231"", ""47705231"")",0.4125631313131312,"0","630"
"=HYPERLINK(""https://stackoverflow.com/q/47746914"", ""47746914"")",0.3207443897099068,"0","115"
"=HYPERLINK(""https://stackoverflow.com/q/47873137"", ""47873137"")",0.8031045751633986,"0","592"
"=HYPERLINK(""https://stackoverflow.com/q/48064290"", ""48064290"")",0.5421749967204513,"0","154"
"=HYPERLINK(""https://stackoverflow.com/q/48081145"", ""48081145"")",0.4149494949494947,"0","2762"
"=HYPERLINK(""https://stackoverflow.com/q/48163469"", ""48163469"")",0.6117571059431527,"0","2679"
"=HYPERLINK(""https://stackoverflow.com/q/48332365"", ""48332365"")",0.4627285513361462,"0","538"
"=HYPERLINK(""https://stackoverflow.com/q/48424599"", ""48424599"")",0.3993439934399344,"1","874"
"=HYPERLINK(""https://stackoverflow.com/q/48452016"", ""48452016"")",0.3446712018140589,"1","42"
"=HYPERLINK(""https://stackoverflow.com/q/48637372"", ""48637372"")",0.325670498084291,"0","408"
"=HYPERLINK(""https://stackoverflow.com/q/48646419"", ""48646419"")",0.3135683760683761,"0","66"
"=HYPERLINK(""https://stackoverflow.com/q/49170478"", ""49170478"")",0.3025281495644786,"1","4619"
"=HYPERLINK(""https://stackoverflow.com/q/49283447"", ""49283447"")",0.3210246174318031,"0","140"
"=HYPERLINK(""https://stackoverflow.com/q/49444662"", ""49444662"")",0.51301720130172,"0","1629"
"=HYPERLINK(""https://stackoverflow.com/q/49681039"", ""49681039"")",0.4174029451137882,"0","167"
"=HYPERLINK(""https://stackoverflow.com/q/49768762"", ""49768762"")",0.6141820212171972,"0","1530"
"=HYPERLINK(""https://stackoverflow.com/q/49861165"", ""49861165"")",0.3986928104575164,"0","761"
"=HYPERLINK(""https://stackoverflow.com/q/50005890"", ""50005890"")",0.451490514905149,"1","1196"
"=HYPERLINK(""https://stackoverflow.com/q/50191693"", ""50191693"")",0.5951730418943533,"0","1352"
"=HYPERLINK(""https://stackoverflow.com/q/50325571"", ""50325571"")",0.4584031267448353,"1","511"
"=HYPERLINK(""https://stackoverflow.com/q/50814089"", ""50814089"")",0.6631860776439091,"0","569"
"=HYPERLINK(""https://stackoverflow.com/q/50936296"", ""50936296"")",0.4989020641194555,"0","898"
"=HYPERLINK(""https://stackoverflow.com/q/50994070"", ""50994070"")",0.3465465465465465,"1","90"
"=HYPERLINK(""https://stackoverflow.com/q/51268758"", ""51268758"")",0.5206093189964158,"1","1846"
"=HYPERLINK(""https://stackoverflow.com/q/51543746"", ""51543746"")",0.3222222222222218,"1","1617"
"=HYPERLINK(""https://stackoverflow.com/q/51714301"", ""51714301"")",0.8910533910533909,"1","1587"
"=HYPERLINK(""https://stackoverflow.com/q/51770342"", ""51770342"")",0.741559238796808,"0","4649"
"=HYPERLINK(""https://stackoverflow.com/q/51827975"", ""51827975"")",0.5381831342743394,"2","478"
"=HYPERLINK(""https://stackoverflow.com/q/51946034"", ""51946034"")",0.296125224531691,"0","489"
"=HYPERLINK(""https://stackoverflow.com/q/51950855"", ""51950855"")",0.4788102943442752,"0","66"
"=HYPERLINK(""https://stackoverflow.com/q/51960443"", ""51960443"")",0.3605621431708389,"2","286"
"=HYPERLINK(""https://stackoverflow.com/q/52327518"", ""52327518"")",0.4090734332948867,"2","173"
"=HYPERLINK(""https://stackoverflow.com/q/52485323"", ""52485323"")",0.2887751232461128,"3","608"
"=HYPERLINK(""https://stackoverflow.com/q/52556074"", ""52556074"")",0.4921017402945114,"0","395"
"=HYPERLINK(""https://stackoverflow.com/q/52821168"", ""52821168"")",0.4879966008073083,"0","650"
"=HYPERLINK(""https://stackoverflow.com/q/53085415"", ""53085415"")",0.4942113967824388,"0","679"
"=HYPERLINK(""https://stackoverflow.com/q/53166629"", ""53166629"")",0.4804189435336977,"1","392"
"=HYPERLINK(""https://stackoverflow.com/q/53832430"", ""53832430"")",0.3600373482726423,"1","34"
"=HYPERLINK(""https://stackoverflow.com/q/54123476"", ""54123476"")",0.3328416912487711,"1","70"
"=HYPERLINK(""https://stackoverflow.com/q/54129058"", ""54129058"")",0.5084817642069551,"1","4009"
"=HYPERLINK(""https://stackoverflow.com/q/54418268"", ""54418268"")",0.4966747769667478,"1","9"
"=HYPERLINK(""https://stackoverflow.com/q/54577461"", ""54577461"")",0.3200945626477542,"1","100"
"=HYPERLINK(""https://stackoverflow.com/q/54646038"", ""54646038"")",0.3293650793650794,"0","35"
"=HYPERLINK(""https://stackoverflow.com/q/54687991"", ""54687991"")",0.3711583924349882,"1","325"
"=HYPERLINK(""https://stackoverflow.com/q/54716606"", ""54716606"")",0.5222222222222223,"0","62"
"=HYPERLINK(""https://stackoverflow.com/q/54754190"", ""54754190"")",0.4048569527611442,"0","1666"
"=HYPERLINK(""https://stackoverflow.com/q/54857737"", ""54857737"")",0.5549953314659196,"1","116"
"=HYPERLINK(""https://stackoverflow.com/q/55261980"", ""55261980"")",0.5130767949358654,"1","3854"
"=HYPERLINK(""https://stackoverflow.com/q/55310427"", ""55310427"")",0.617141390813446,"0","1040"
"=HYPERLINK(""https://stackoverflow.com/q/55414768"", ""55414768"")",0.3284169124877092,"0","555"
"=HYPERLINK(""https://stackoverflow.com/q/55536374"", ""55536374"")",0.4045426642111726,"0","108"
"=HYPERLINK(""https://stackoverflow.com/q/56019826"", ""56019826"")",0.4213172448466565,"0","68"
"=HYPERLINK(""https://stackoverflow.com/q/56106858"", ""56106858"")",0.5605172154563225,"0","243"
"=HYPERLINK(""https://stackoverflow.com/q/56181124"", ""56181124"")",0.4692499633054454,"1","543"
"=HYPERLINK(""https://stackoverflow.com/q/56296380"", ""56296380"")",0.3696876600102404,"0","51"
"=HYPERLINK(""https://stackoverflow.com/q/56378742"", ""56378742"")",0.5227148330596606,"0","5548"
"=HYPERLINK(""https://stackoverflow.com/q/56542435"", ""56542435"")",0.7107718405428327,"1","593"
"=HYPERLINK(""https://stackoverflow.com/q/56601698"", ""56601698"")",0.3711583924349883,"0","22"
"=HYPERLINK(""https://stackoverflow.com/q/56650929"", ""56650929"")",0.6238615664845172,"0","1525"
"=HYPERLINK(""https://stackoverflow.com/q/56733931"", ""56733931"")",0.3269097222222222,"1","106"
"=HYPERLINK(""https://stackoverflow.com/q/56748346"", ""56748346"")",0.4984653161448741,"0","477"
"=HYPERLINK(""https://stackoverflow.com/q/56889217"", ""56889217"")",0.5528673835125448,"0","173"
"=HYPERLINK(""https://stackoverflow.com/q/56904018"", ""56904018"")",0.285190737964351,"0","35"
"=HYPERLINK(""https://stackoverflow.com/q/56979508"", ""56979508"")",0.6988179669030734,"1","554"
"=HYPERLINK(""https://stackoverflow.com/q/57321699"", ""57321699"")",0.7108872096277637,"0","129"
"=HYPERLINK(""https://stackoverflow.com/q/57474658"", ""57474658"")",0.846837606837607,"2","54"
"=HYPERLINK(""https://stackoverflow.com/q/57538687"", ""57538687"")",0.351550124462548,"1","113"
"=HYPERLINK(""https://stackoverflow.com/q/57539027"", ""57539027"")",0.4576307825335062,"0","738"
"=HYPERLINK(""https://stackoverflow.com/q/57583350"", ""57583350"")",0.3173093854551858,"0","127"
"=HYPERLINK(""https://stackoverflow.com/q/57689109"", ""57689109"")",0.5925518925518926,"0","314"
"=HYPERLINK(""https://stackoverflow.com/q/57753289"", ""57753289"")",0.4140826873385011,"0","60"
"=HYPERLINK(""https://stackoverflow.com/q/58082775"", ""58082775"")",0.3896135265700482,"0","129"
"=HYPERLINK(""https://stackoverflow.com/q/58136585"", ""58136585"")",0.4686287930641111,"1","156"
"=HYPERLINK(""https://stackoverflow.com/q/58318846"", ""58318846"")",0.5946360153256706,"0","251"
"=HYPERLINK(""https://stackoverflow.com/q/58418226"", ""58418226"")",0.448823207443897,"2","434"
"=HYPERLINK(""https://stackoverflow.com/q/58450556"", ""58450556"")",0.4239960581423994,"0","83"
"=HYPERLINK(""https://stackoverflow.com/q/58455629"", ""58455629"")",0.6449627470035635,"5","244"
"=HYPERLINK(""https://stackoverflow.com/q/58795479"", ""58795479"")",0.4896640826873386,"0","121"
"=HYPERLINK(""https://stackoverflow.com/q/58914328"", ""58914328"")",0.2314529914529916,"1","434"
"=HYPERLINK(""https://stackoverflow.com/q/59230493"", ""59230493"")",0.8495284952849526,"1","45"
"=HYPERLINK(""https://stackoverflow.com/q/59284389"", ""59284389"")",0.6222222222222221,"0","1008"
"=HYPERLINK(""https://stackoverflow.com/q/59600152"", ""59600152"")",0.3621539628365566,"0","643"
"=HYPERLINK(""https://stackoverflow.com/q/59820674"", ""59820674"")",0.2745478036175711,"0","36"
"=HYPERLINK(""https://stackoverflow.com/q/60084817"", ""60084817"")",0.4202087994034306,"0","1316"
"=HYPERLINK(""https://stackoverflow.com/q/60101102"", ""60101102"")",0.4198506807202459,"0","110"
"=HYPERLINK(""https://stackoverflow.com/q/60230875"", ""60230875"")",0.3536090835360909,"1","461"
"=HYPERLINK(""https://stackoverflow.com/q/60260982"", ""60260982"")",0.4104141041410415,"0","356"
"=HYPERLINK(""https://stackoverflow.com/q/60272446"", ""60272446"")",0.7847222222222223,"4","3038"
"=HYPERLINK(""https://stackoverflow.com/q/60397328"", ""60397328"")",0.3256704980842911,"0","319"
"=HYPERLINK(""https://stackoverflow.com/q/60601201"", ""60601201"")",0.8206474190726161,"0","328"
"=HYPERLINK(""https://stackoverflow.com/q/60609166"", ""60609166"")",0.3153729071537289,"0","2869"
"=HYPERLINK(""https://stackoverflow.com/q/60764023"", ""60764023"")",0.4209192906261311,"0","47"
"=HYPERLINK(""https://stackoverflow.com/q/60811345"", ""60811345"")",0.2961521833117163,"0","296"
"=HYPERLINK(""https://stackoverflow.com/q/60836488"", ""60836488"")",0.5581906016688627,"0","23"
"=HYPERLINK(""https://stackoverflow.com/q/60986529"", ""60986529"")",0.5923520923520927,"0","126"
"=HYPERLINK(""https://stackoverflow.com/q/61033796"", ""61033796"")",0.3076652601969055,"0","254"
"=HYPERLINK(""https://stackoverflow.com/q/61105387"", ""61105387"")",0.2891968180651783,"0","296"
"=HYPERLINK(""https://stackoverflow.com/q/61127025"", ""61127025"")",0.6100338565712528,"0","3081"
"=HYPERLINK(""https://stackoverflow.com/q/61153814"", ""61153814"")",0.5805284111473036,"0","302"
"=HYPERLINK(""https://stackoverflow.com/q/61207287"", ""61207287"")",0.5604575163398693,"0","643"
"=HYPERLINK(""https://stackoverflow.com/q/61226407"", ""61226407"")",0.5443376068376068,"0","106"
"=HYPERLINK(""https://stackoverflow.com/q/61685518"", ""61685518"")",0.2299079609071068,"0","55"
"=HYPERLINK(""https://stackoverflow.com/q/62020069"", ""62020069"")",0.3413357956294244,"0","455"
"=HYPERLINK(""https://stackoverflow.com/q/62052991"", ""62052991"")",0.4276276276276277,"0","78"
"=HYPERLINK(""https://stackoverflow.com/q/62167045"", ""62167045"")",0.363496460449369,"0","27"
"=HYPERLINK(""https://stackoverflow.com/q/62218711"", ""62218711"")",0.5531045751633986,"0","15"
"=HYPERLINK(""https://stackoverflow.com/q/62296299"", ""62296299"")",0.381258366800535,"1","102"
"=HYPERLINK(""https://stackoverflow.com/q/62529025"", ""62529025"")",0.3296047725577929,"1","82"
"=HYPERLINK(""https://stackoverflow.com/q/62549774"", ""62549774"")",0.8654383026242323,"0","15"
"=HYPERLINK(""https://stackoverflow.com/q/62559341"", ""62559341"")",0.6360153256704981,"0","38"
"=HYPERLINK(""https://stackoverflow.com/q/62572379"", ""62572379"")",0.3726647000983284,"0","33"
"=HYPERLINK(""https://stackoverflow.com/q/62581604"", ""62581604"")",0.6629001883239171,"2","159"
"=HYPERLINK(""https://stackoverflow.com/q/62646305"", ""62646305"")",0.4007936507936508,"0","76"
"=HYPERLINK(""https://stackoverflow.com/q/62778129"", ""62778129"")",0.4933592484612896,"0","42"
"=HYPERLINK(""https://stackoverflow.com/q/62882879"", ""62882879"")",0.3850129198966406,"0","956"
"=HYPERLINK(""https://stackoverflow.com/q/63055661"", ""63055661"")",0.7978036175710592,"1","63"
"=HYPERLINK(""https://stackoverflow.com/q/63062029"", ""63062029"")",0.75070323488045,"0","75"
"=HYPERLINK(""https://stackoverflow.com/q/63198988"", ""63198988"")",0.3668005354752343,"0","25"
"=HYPERLINK(""https://stackoverflow.com/q/63241609"", ""63241609"")",0.3614627285513361,"0","74"
"=HYPERLINK(""https://stackoverflow.com/q/63247616"", ""63247616"")",0.3954323838850397,"0","1195"
"=HYPERLINK(""https://stackoverflow.com/q/63247893"", ""63247893"")",0.4403430275913499,"0","53"
"=HYPERLINK(""https://stackoverflow.com/q/63329641"", ""63329641"")",0.3401467505241092,"0","51"
"=HYPERLINK(""https://stackoverflow.com/q/63558557"", ""63558557"")",0.5779914529914532,"1","59"
"=HYPERLINK(""https://stackoverflow.com/q/63904425"", ""63904425"")",0.5329914529914529,"0","41"
"=HYPERLINK(""https://stackoverflow.com/q/64040330"", ""64040330"")",0.3991855730075624,"0","100"
"=HYPERLINK(""https://stackoverflow.com/q/64325935"", ""64325935"")",0.3156288156288156,"0","265"
"=HYPERLINK(""https://stackoverflow.com/q/64344444"", ""64344444"")",0.3000283446712017,"0","19"
"=HYPERLINK(""https://stackoverflow.com/q/64462800"", ""64462800"")",0.6720492118415993,"0","140"
"=HYPERLINK(""https://stackoverflow.com/q/64550150"", ""64550150"")",0.4848804500703237,"0","281"
"=HYPERLINK(""https://stackoverflow.com/q/64675548"", ""64675548"")",0.47790404040404,"0","94"
"=HYPERLINK(""https://stackoverflow.com/q/64691977"", ""64691977"")",0.3850129198966406,"0","47"
"=HYPERLINK(""https://stackoverflow.com/q/64784789"", ""64784789"")",0.438288704216682,"1","83"
"=HYPERLINK(""https://stackoverflow.com/q/64799866"", ""64799866"")",0.3365079365079366,"0","120"
"=HYPERLINK(""https://stackoverflow.com/q/64978045"", ""64978045"")",0.452991452991453,"0","85"
"=HYPERLINK(""https://stackoverflow.com/q/64985533"", ""64985533"")",0.5450070323488044,"0","113"
"=HYPERLINK(""https://stackoverflow.com/q/64989279"", ""64989279"")",0.4627882599580712,"0","23"
"=HYPERLINK(""https://stackoverflow.com/q/65107721"", ""65107721"")",0.4877089478859388,"0","19"
"=HYPERLINK(""https://stackoverflow.com/q/65221495"", ""65221495"")",0.5585054080629301,"0","58"
"=HYPERLINK(""https://stackoverflow.com/q/65231705"", ""65231705"")",0.5991066443327748,"0","48"
"=HYPERLINK(""https://stackoverflow.com/q/65250272"", ""65250272"")",0.2283571915473754,"1","74"
"=HYPERLINK(""https://stackoverflow.com/q/65290306"", ""65290306"")",0.4349389852280027,"0","84"
"=HYPERLINK(""https://stackoverflow.com/q/65425705"", ""65425705"")",0.2713131313131312,"0","122"
"=HYPERLINK(""https://stackoverflow.com/q/65429699"", ""65429699"")",0.4222222222222224,"0","29"
"=HYPERLINK(""https://stackoverflow.com/q/65611743"", ""65611743"")",0.5329365079365079,"0","45"
"=HYPERLINK(""https://stackoverflow.com/q/65663922"", ""65663922"")",0.5478036175710596,"0","88"
"=HYPERLINK(""https://stackoverflow.com/q/65940061"", ""65940061"")",0.7062721528740945,"0","66"
"=HYPERLINK(""https://stackoverflow.com/q/66008969"", ""66008969"")",0.198469253101082,"1","50"
"=HYPERLINK(""https://stackoverflow.com/q/66044939"", ""66044939"")",0.5804696449026345,"0","20"
"=HYPERLINK(""https://stackoverflow.com/q/66169770"", ""66169770"")",0.5005473453749316,"0","51"
"=HYPERLINK(""https://stackoverflow.com/q/66171466"", ""66171466"")",0.7883760683760686,"0","135"
"=HYPERLINK(""https://stackoverflow.com/q/66206049"", ""66206049"")",0.2838238649326943,"1","27"
"=HYPERLINK(""https://stackoverflow.com/q/66267022"", ""66267022"")",0.4189435336976321,"0","42"
"=HYPERLINK(""https://stackoverflow.com/q/66349302"", ""66349302"")",0.4415088800821958,"0","34"
"=HYPERLINK(""https://stackoverflow.com/q/66421313"", ""66421313"")",0.7058287795992716,"0","59"
"=HYPERLINK(""https://stackoverflow.com/q/66452979"", ""66452979"")",0.4588211131649208,"0","38"
"=HYPERLINK(""https://stackoverflow.com/q/66600132"", ""66600132"")",0.4634673584089925,"0","46"
"=HYPERLINK(""https://stackoverflow.com/q/66602267"", ""66602267"")",0.5695128626163108,"0","31"
"=HYPERLINK(""https://stackoverflow.com/q/66744519"", ""66744519"")",0.359806114839672,"0","16"
"=HYPERLINK(""https://stackoverflow.com/q/66801333"", ""66801333"")",0.6414993306559572,"0","29"
"=HYPERLINK(""https://stackoverflow.com/q/66816153"", ""66816153"")",0.5171530977982591,"0","18"
"=HYPERLINK(""https://stackoverflow.com/q/66865793"", ""66865793"")",0.378743961352657,"0","61"
"=HYPERLINK(""https://stackoverflow.com/q/66927465"", ""66927465"")",0.6260683760683762,"0","41"
"=HYPERLINK(""https://stackoverflow.com/q/66999802"", ""66999802"")",0.6459510357815442,"0","106"
"=HYPERLINK(""https://stackoverflow.com/q/67020399"", ""67020399"")",0.3773468759618344,"0","17"
"=HYPERLINK(""https://stackoverflow.com/q/67116533"", ""67116533"")",0.3245844269466317,"0","7"
"=HYPERLINK(""https://stackoverflow.com/q/67160158"", ""67160158"")",0.4612279583598899,"0","21"
"=HYPERLINK(""https://stackoverflow.com/q/67276910"", ""67276910"")",0.3594253884491353,"0","27"
"=HYPERLINK(""https://stackoverflow.com/q/67368083"", ""67368083"")",0.4809178743961351,"0","16"
"=HYPERLINK(""https://stackoverflow.com/q/67412618"", ""67412618"")",0.4376918354818908,"0","29"
"=HYPERLINK(""https://stackoverflow.com/q/67536598"", ""67536598"")",0.3089692101740294,"0","33"
"=HYPERLINK(""https://stackoverflow.com/q/67690897"", ""67690897"")",0.5827991452991453,"0","15"
"=HYPERLINK(""https://stackoverflow.com/q/67715569"", ""67715569"")",0.4779040404040401,"0","10"
"=HYPERLINK(""https://stackoverflow.com/q/67733764"", ""67733764"")",0.7587757470263997,"0","16"
