"link","Correlation","score","view_count"
"=HYPERLINK(""https://stackoverflow.com/q/12556"", ""12556"")",0.813131313131313,"8","2987"
"=HYPERLINK(""https://stackoverflow.com/q/116629"", ""116629"")",0.5691609977324261,"2","1853"
"=HYPERLINK(""https://stackoverflow.com/q/122745"", ""122745"")",0.7913921826965302,"2","1700"
"=HYPERLINK(""https://stackoverflow.com/q/199691"", ""199691"")",0.826249067859806,"2","2407"
"=HYPERLINK(""https://stackoverflow.com/q/283210"", ""283210"")",0.7604807974201113,"0","466"
"=HYPERLINK(""https://stackoverflow.com/q/293094"", ""293094"")",0.6764206955046649,"3","1871"
"=HYPERLINK(""https://stackoverflow.com/q/299465"", ""299465"")",0.4263038548752835,"3","380"
"=HYPERLINK(""https://stackoverflow.com/q/301639"", ""301639"")",0.6930393428447903,"0","1694"
"=HYPERLINK(""https://stackoverflow.com/q/312357"", ""312357"")",0.7823488045007031,"38","16056"
"=HYPERLINK(""https://stackoverflow.com/q/326366"", ""326366"")",0.3062558356676003,"0","2220"
"=HYPERLINK(""https://stackoverflow.com/q/359717"", ""359717"")",0.8535586277521762,"1","352"
"=HYPERLINK(""https://stackoverflow.com/q/387092"", ""387092"")",0.7790112913938705,"115","42477"
"=HYPERLINK(""https://stackoverflow.com/q/400503"", ""400503"")",0.8288806685847377,"5","1140"
"=HYPERLINK(""https://stackoverflow.com/q/400756"", ""400756"")",0.8672301461524918,"6","4367"
"=HYPERLINK(""https://stackoverflow.com/q/421960"", ""421960"")",0.4012105490704712,"38","71628"
"=HYPERLINK(""https://stackoverflow.com/q/445511"", ""445511"")",0.3986928104575162,"0","3089"
"=HYPERLINK(""https://stackoverflow.com/q/478841"", ""478841"")",0.4324383322418687,"3","2279"
"=HYPERLINK(""https://stackoverflow.com/q/510664"", ""510664"")",0.5137428949622364,"42","64289"
"=HYPERLINK(""https://stackoverflow.com/q/652587"", ""652587"")",0.4870151216305062,"47","62307"
"=HYPERLINK(""https://stackoverflow.com/q/679249"", ""679249"")",0.5007457121551084,"8","9796"
"=HYPERLINK(""https://stackoverflow.com/q/804628"", ""804628"")",0.8804500703234881,"2","14806"
"=HYPERLINK(""https://stackoverflow.com/q/824513"", ""824513"")",0.7312719959778783,"0","267"
"=HYPERLINK(""https://stackoverflow.com/q/862294"", ""862294"")",0.7165013984235952,"37","11581"
"=HYPERLINK(""https://stackoverflow.com/q/919419"", ""919419"")",0.5866588419405319,"2","1236"
"=HYPERLINK(""https://stackoverflow.com/q/1026317"", ""1026317"")",0.2946992864424057,"1","6119"
"=HYPERLINK(""https://stackoverflow.com/q/1049354"", ""1049354"")",0.3427041499330656,"1","315"
"=HYPERLINK(""https://stackoverflow.com/q/1187776"", ""1187776"")",0.5861275476660088,"3","372"
"=HYPERLINK(""https://stackoverflow.com/q/1197011"", ""1197011"")",0.7591997141836373,"2","1343"
"=HYPERLINK(""https://stackoverflow.com/q/1222297"", ""1222297"")",0.8165439887837364,"3","2612"
"=HYPERLINK(""https://stackoverflow.com/q/1236439"", ""1236439"")",0.3012495778453226,"1","2747"
"=HYPERLINK(""https://stackoverflow.com/q/1258834"", ""1258834"")",0.3562428407789232,"3","3872"
"=HYPERLINK(""https://stackoverflow.com/q/1263756"", ""1263756"")",0.6084056876808857,"1","694"
"=HYPERLINK(""https://stackoverflow.com/q/1272219"", ""1272219"")",0.9011695906432748,"11","3496"
"=HYPERLINK(""https://stackoverflow.com/q/1446375"", ""1446375"")",0.7552037525652302,"2","1954"
"=HYPERLINK(""https://stackoverflow.com/q/1481583"", ""1481583"")",0.4773727768973411,"6","3104"
"=HYPERLINK(""https://stackoverflow.com/q/1488541"", ""1488541"")",0.5141401956842245,"1","779"
"=HYPERLINK(""https://stackoverflow.com/q/1489429"", ""1489429"")",0.5391452991452989,"5","5719"
"=HYPERLINK(""https://stackoverflow.com/q/1513920"", ""1513920"")",0.6115351993214588,"16","18036"
"=HYPERLINK(""https://stackoverflow.com/q/1517746"", ""1517746"")",0.4992670771034889,"1","1094"
"=HYPERLINK(""https://stackoverflow.com/q/1518594"", ""1518594"")",0.5163875382676029,"88","11575"
"=HYPERLINK(""https://stackoverflow.com/q/1596957"", ""1596957"")",0.8015325670498086,"4","8980"
"=HYPERLINK(""https://stackoverflow.com/q/1647822"", ""1647822"")",0.6969210174029451,"1","2056"
"=HYPERLINK(""https://stackoverflow.com/q/1656831"", ""1656831"")",0.5945093674642926,"3","742"
"=HYPERLINK(""https://stackoverflow.com/q/1664503"", ""1664503"")",0.7968078575813383,"89","40920"
"=HYPERLINK(""https://stackoverflow.com/q/1686207"", ""1686207"")",0.657805044308112,"0","708"
"=HYPERLINK(""https://stackoverflow.com/q/1720907"", ""1720907"")",0.3811427619523573,"5","3785"
"=HYPERLINK(""https://stackoverflow.com/q/1764497"", ""1764497"")",0.4952597648843381,"4","4631"
"=HYPERLINK(""https://stackoverflow.com/q/1815814"", ""1815814"")",0.5190521934037785,"1","631"
"=HYPERLINK(""https://stackoverflow.com/q/1829148"", ""1829148"")",0.6947622679888128,"2","1373"
"=HYPERLINK(""https://stackoverflow.com/q/1905866"", ""1905866"")",0.683489827856025,"2","1655"
"=HYPERLINK(""https://stackoverflow.com/q/1928751"", ""1928751"")",0.5930251419302514,"2","1374"
"=HYPERLINK(""https://stackoverflow.com/q/1946698"", ""1946698"")",0.6387307611216528,"13","16751"
"=HYPERLINK(""https://stackoverflow.com/q/2054883"", ""2054883"")",0.8330596606458675,"0","140"
"=HYPERLINK(""https://stackoverflow.com/q/2063690"", ""2063690"")",0.7300015715857301,"4","419"
"=HYPERLINK(""https://stackoverflow.com/q/2070572"", ""2070572"")",0.441112776944861,"2","458"
"=HYPERLINK(""https://stackoverflow.com/q/2098685"", ""2098685"")",0.738452588714369,"4","2841"
"=HYPERLINK(""https://stackoverflow.com/q/2141512"", ""2141512"")",0.6421905265011444,"0","955"
"=HYPERLINK(""https://stackoverflow.com/q/2165274"", ""2165274"")",0.9060166886253844,"0","1381"
"=HYPERLINK(""https://stackoverflow.com/q/2183494"", ""2183494"")",0.8685636856368563,"4","1042"
"=HYPERLINK(""https://stackoverflow.com/q/2322109"", ""2322109"")",0.8092094923778091,"2","353"
"=HYPERLINK(""https://stackoverflow.com/q/2340220"", ""2340220"")",0.3884491351509823,"1","800"
"=HYPERLINK(""https://stackoverflow.com/q/2377082"", ""2377082"")",0.6000848176420696,"0","340"
"=HYPERLINK(""https://stackoverflow.com/q/2475070"", ""2475070"")",0.745906432748538,"0","542"
"=HYPERLINK(""https://stackoverflow.com/q/2481850"", ""2481850"")",0.5987808257134942,"1","1572"
"=HYPERLINK(""https://stackoverflow.com/q/2512396"", ""2512396"")",0.9241452991452992,"0","570"
"=HYPERLINK(""https://stackoverflow.com/q/2517065"", ""2517065"")",0.7480348417250903,"7","1256"
"=HYPERLINK(""https://stackoverflow.com/q/2544215"", ""2544215"")",0.8426601784266018,"1","591"
"=HYPERLINK(""https://stackoverflow.com/q/2554337"", ""2554337"")",0.5461867192636423,"0","160"
"=HYPERLINK(""https://stackoverflow.com/q/2635830"", ""2635830"")",0.4985858585858584,"7","10826"
"=HYPERLINK(""https://stackoverflow.com/q/2757467"", ""2757467"")",0.6490996925779535,"3","1291"
"=HYPERLINK(""https://stackoverflow.com/q/2842571"", ""2842571"")",0.5735735735735736,"1","933"
"=HYPERLINK(""https://stackoverflow.com/q/2930043"", ""2930043"")",0.6738351254480286,"5","3526"
"=HYPERLINK(""https://stackoverflow.com/q/2949273"", ""2949273"")",0.8655957161981257,"0","173"
"=HYPERLINK(""https://stackoverflow.com/q/2953203"", ""2953203"")",0.8841577060931899,"3","1940"
"=HYPERLINK(""https://stackoverflow.com/q/2980420"", ""2980420"")",0.4207839481511075,"1","719"
"=HYPERLINK(""https://stackoverflow.com/q/3001429"", ""3001429"")",0.7287915652879156,"4","886"
"=HYPERLINK(""https://stackoverflow.com/q/3016015"", ""3016015"")",0.8432748538011695,"27","21473"
"=HYPERLINK(""https://stackoverflow.com/q/3052622"", ""3052622"")",0.2790522535048081,"2","965"
"=HYPERLINK(""https://stackoverflow.com/q/3063505"", ""3063505"")",0.4479875283446711,"2","112"
"=HYPERLINK(""https://stackoverflow.com/q/3122291"", ""3122291"")",0.5942272663584139,"0","295"
"=HYPERLINK(""https://stackoverflow.com/q/3122747"", ""3122747"")",0.6320160366552119,"7","715"
"=HYPERLINK(""https://stackoverflow.com/q/3171375"", ""3171375"")",0.5058760683760685,"1","130"
"=HYPERLINK(""https://stackoverflow.com/q/3173115"", ""3173115"")",0.5636433660697093,"7","983"
"=HYPERLINK(""https://stackoverflow.com/q/3239368"", ""3239368"")",0.6781416176882172,"1","614"
"=HYPERLINK(""https://stackoverflow.com/q/3393985"", ""3393985"")",0.4972222222222223,"2","2310"
"=HYPERLINK(""https://stackoverflow.com/q/3489348"", ""3489348"")",0.5039901780233272,"0","838"
"=HYPERLINK(""https://stackoverflow.com/q/3494057"", ""3494057"")",0.8760683760683757,"2","791"
"=HYPERLINK(""https://stackoverflow.com/q/3585276"", ""3585276"")",0.5274170274170279,"5","210"
"=HYPERLINK(""https://stackoverflow.com/q/3886724"", ""3886724"")",0.6439613526570049,"0","105"
"=HYPERLINK(""https://stackoverflow.com/q/3895029"", ""3895029"")",0.5153818313427433,"0","616"
"=HYPERLINK(""https://stackoverflow.com/q/3899608"", ""3899608"")",0.5400064787819889,"1","127"
"=HYPERLINK(""https://stackoverflow.com/q/3906522"", ""3906522"")",0.4327485380116959,"4","2213"
"=HYPERLINK(""https://stackoverflow.com/q/3907209"", ""3907209"")",0.4819336539647307,"0","99"
"=HYPERLINK(""https://stackoverflow.com/q/3947267"", ""3947267"")",0.7974101921470342,"9","5488"
"=HYPERLINK(""https://stackoverflow.com/q/3952481"", ""3952481"")",0.5033282130056325,"0","343"
"=HYPERLINK(""https://stackoverflow.com/q/3990732"", ""3990732"")",0.7548855388051369,"2","1194"
"=HYPERLINK(""https://stackoverflow.com/q/3998387"", ""3998387"")",0.8363954505686788,"0","252"
"=HYPERLINK(""https://stackoverflow.com/q/4106944"", ""4106944"")",0.2613142777077205,"1","2934"
"=HYPERLINK(""https://stackoverflow.com/q/4114350"", ""4114350"")",0.3948068630149552,"6","2411"
"=HYPERLINK(""https://stackoverflow.com/q/4345843"", ""4345843"")",0.676767676767677,"2","5928"
"=HYPERLINK(""https://stackoverflow.com/q/4421823"", ""4421823"")",0.638252756573367,"0","4760"
"=HYPERLINK(""https://stackoverflow.com/q/4507020"", ""4507020"")",0.4317083882301276,"1","114"
"=HYPERLINK(""https://stackoverflow.com/q/4586789"", ""4586789"")",0.5690856908569084,"0","288"
"=HYPERLINK(""https://stackoverflow.com/q/4655418"", ""4655418"")",0.4238351254480285,"0","1381"
"=HYPERLINK(""https://stackoverflow.com/q/4657952"", ""4657952"")",0.6627627627627628,"4","1671"
"=HYPERLINK(""https://stackoverflow.com/q/4752199"", ""4752199"")",0.5791998629315516,"6","4241"
"=HYPERLINK(""https://stackoverflow.com/q/4944561"", ""4944561"")",0.2680053547523426,"5","20873"
"=HYPERLINK(""https://stackoverflow.com/q/4945201"", ""4945201"")",0.6075433231396534,"0","182"
"=HYPERLINK(""https://stackoverflow.com/q/4984743"", ""4984743"")",0.6748538011695902,"13","20980"
"=HYPERLINK(""https://stackoverflow.com/q/5022873"", ""5022873"")",0.7919896640826872,"0","1966"
"=HYPERLINK(""https://stackoverflow.com/q/5094064"", ""5094064"")",0.4729426833173232,"3","1913"
"=HYPERLINK(""https://stackoverflow.com/q/5123258"", ""5123258"")",0.5312555027293536,"0","981"
"=HYPERLINK(""https://stackoverflow.com/q/5125537"", ""5125537"")",0.6443858106127238,"0","4911"
"=HYPERLINK(""https://stackoverflow.com/q/5204708"", ""5204708"")",0.3881562881562882,"1","559"
"=HYPERLINK(""https://stackoverflow.com/q/5254870"", ""5254870"")",0.5582350839585567,"2","2560"
"=HYPERLINK(""https://stackoverflow.com/q/5264806"", ""5264806"")",0.4737497171305723,"2","692"
"=HYPERLINK(""https://stackoverflow.com/q/5361006"", ""5361006"")",0.6421905265011443,"3","188"
"=HYPERLINK(""https://stackoverflow.com/q/5416486"", ""5416486"")",0.3649377821825791,"0","1442"
"=HYPERLINK(""https://stackoverflow.com/q/5489965"", ""5489965"")",0.924644367550942,"0","891"
"=HYPERLINK(""https://stackoverflow.com/q/5770080"", ""5770080"")",0.5886493940053706,"4","1493"
"=HYPERLINK(""https://stackoverflow.com/q/5789498"", ""5789498"")",0.8094705443698732,"3","2713"
"=HYPERLINK(""https://stackoverflow.com/q/5806293"", ""5806293"")",0.5548710928587726,"4","556"
"=HYPERLINK(""https://stackoverflow.com/q/5925540"", ""5925540"")",0.2327763119319849,"1","357"
"=HYPERLINK(""https://stackoverflow.com/q/5951802"", ""5951802"")",0.2820086990905497,"2","2006"
"=HYPERLINK(""https://stackoverflow.com/q/5967486"", ""5967486"")",0.8364129095836411,"1","819"
"=HYPERLINK(""https://stackoverflow.com/q/5986542"", ""5986542"")",0.8244666112496538,"9","2189"
"=HYPERLINK(""https://stackoverflow.com/q/6068882"", ""6068882"")",0.8836146272855134,"12","775"
"=HYPERLINK(""https://stackoverflow.com/q/6126595"", ""6126595"")",0.4377910844976712,"2","622"
"=HYPERLINK(""https://stackoverflow.com/q/6192594"", ""6192594"")",0.6254480286738348,"1","1116"
"=HYPERLINK(""https://stackoverflow.com/q/6197045"", ""6197045"")",0.3568756875687567,"8","2345"
"=HYPERLINK(""https://stackoverflow.com/q/6255337"", ""6255337"")",0.5452991452991452,"2","345"
"=HYPERLINK(""https://stackoverflow.com/q/6257982"", ""6257982"")",0.4087173990710969,"8","4698"
"=HYPERLINK(""https://stackoverflow.com/q/6357549"", ""6357549"")",0.3657990484186956,"1","2420"
"=HYPERLINK(""https://stackoverflow.com/q/6596055"", ""6596055"")",0.2404341427520236,"0","565"
"=HYPERLINK(""https://stackoverflow.com/q/6801289"", ""6801289"")",0.8239921337266469,"0","1647"
"=HYPERLINK(""https://stackoverflow.com/q/6856905"", ""6856905"")",0.4490263459335623,"0","94"
"=HYPERLINK(""https://stackoverflow.com/q/6911950"", ""6911950"")",0.6024257374858671,"1","231"
"=HYPERLINK(""https://stackoverflow.com/q/6991805"", ""6991805"")",0.3520299145299145,"0","1733"
"=HYPERLINK(""https://stackoverflow.com/q/7002401"", ""7002401"")",0.6485296707166751,"3","3923"
"=HYPERLINK(""https://stackoverflow.com/q/7017040"", ""7017040"")",0.4927424534360952,"3","2702"
"=HYPERLINK(""https://stackoverflow.com/q/7056022"", ""7056022"")",0.438846907360761,"7","14893"
"=HYPERLINK(""https://stackoverflow.com/q/7348200"", ""7348200"")",0.5469644902634593,"0","465"
"=HYPERLINK(""https://stackoverflow.com/q/7414822"", ""7414822"")",0.591970121381886,"1","385"
"=HYPERLINK(""https://stackoverflow.com/q/7546190"", ""7546190"")",0.5432748538011695,"7","10935"
"=HYPERLINK(""https://stackoverflow.com/q/7710043"", ""7710043"")",0.4887316561844865,"3","453"
"=HYPERLINK(""https://stackoverflow.com/q/7710982"", ""7710982"")",0.733033033033033,"0","772"
"=HYPERLINK(""https://stackoverflow.com/q/7791444"", ""7791444"")",0.576218959579482,"7","17312"
"=HYPERLINK(""https://stackoverflow.com/q/7799140"", ""7799140"")",0.2544802867383511,"1","1749"
"=HYPERLINK(""https://stackoverflow.com/q/7815482"", ""7815482"")",0.4156788367314684,"2","2305"
"=HYPERLINK(""https://stackoverflow.com/q/7833326"", ""7833326"")",0.3993439934399344,"1","1693"
"=HYPERLINK(""https://stackoverflow.com/q/7841998"", ""7841998"")",0.2384476705569785,"3","4780"
"=HYPERLINK(""https://stackoverflow.com/q/7878971"", ""7878971"")",0.824631860776439,"2","316"
"=HYPERLINK(""https://stackoverflow.com/q/7898026"", ""7898026"")",0.5643908969210175,"1","914"
"=HYPERLINK(""https://stackoverflow.com/q/7931938"", ""7931938"")",0.5413711583924351,"1","503"
"=HYPERLINK(""https://stackoverflow.com/q/8021383"", ""8021383"")",0.7556950255695026,"8","1073"
"=HYPERLINK(""https://stackoverflow.com/q/8066623"", ""8066623"")",0.8958749168330006,"1","3646"
"=HYPERLINK(""https://stackoverflow.com/q/8417241"", ""8417241"")",0.3061148396718867,"0","298"
"=HYPERLINK(""https://stackoverflow.com/q/8476904"", ""8476904"")",0.4013753166847629,"1","529"
"=HYPERLINK(""https://stackoverflow.com/q/8599475"", ""8599475"")",0.3711583924349883,"2","1900"
"=HYPERLINK(""https://stackoverflow.com/q/8658846"", ""8658846"")",0.6532567049808432,"1","2693"
"=HYPERLINK(""https://stackoverflow.com/q/9045723"", ""9045723"")",0.6988930923357153,"3","677"
"=HYPERLINK(""https://stackoverflow.com/q/9056977"", ""9056977"")",0.2209167391935016,"4","2158"
"=HYPERLINK(""https://stackoverflow.com/q/9228452"", ""9228452"")",0.2142222222222221,"1","694"
"=HYPERLINK(""https://stackoverflow.com/q/9773852"", ""9773852"")",0.5165260196905768,"0","1131"
"=HYPERLINK(""https://stackoverflow.com/q/9821708"", ""9821708"")",0.2323153899240857,"0","1488"
"=HYPERLINK(""https://stackoverflow.com/q/9871136"", ""9871136"")",0.6651287966166862,"8","7963"
"=HYPERLINK(""https://stackoverflow.com/q/9968551"", ""9968551"")",0.713869000265182,"0","1266"
"=HYPERLINK(""https://stackoverflow.com/q/10001619"", ""10001619"")",0.3943533697632061,"1","134"
"=HYPERLINK(""https://stackoverflow.com/q/10127112"", ""10127112"")",0.2496373658253553,"1","3181"
"=HYPERLINK(""https://stackoverflow.com/q/10152318"", ""10152318"")",0.3225285009358517,"1","1403"
"=HYPERLINK(""https://stackoverflow.com/q/10407918"", ""10407918"")",0.3644816364481634,"1","363"
"=HYPERLINK(""https://stackoverflow.com/q/10423674"", ""10423674"")",0.4639073663463907,"0","119"
"=HYPERLINK(""https://stackoverflow.com/q/10423801"", ""10423801"")",0.4120956399437409,"0","59"
"=HYPERLINK(""https://stackoverflow.com/q/10439503"", ""10439503"")",0.2108114338404794,"2","1253"
"=HYPERLINK(""https://stackoverflow.com/q/10554095"", ""10554095"")",0.2393650793650793,"0","9338"
"=HYPERLINK(""https://stackoverflow.com/q/11112741"", ""11112741"")",0.2543650793650794,"1","245"
"=HYPERLINK(""https://stackoverflow.com/q/11214880"", ""11214880"")",0.3208354733778463,"2","288"
"=HYPERLINK(""https://stackoverflow.com/q/11352468"", ""11352468"")",0.3444026733500418,"1","1363"
"=HYPERLINK(""https://stackoverflow.com/q/11436769"", ""11436769"")",0.3218532185321854,"0","190"
"=HYPERLINK(""https://stackoverflow.com/q/11552080"", ""11552080"")",0.7869926129007693,"2","1850"
"=HYPERLINK(""https://stackoverflow.com/q/11653245"", ""11653245"")",0.6053391053391057,"1","531"
"=HYPERLINK(""https://stackoverflow.com/q/11836182"", ""11836182"")",0.3962222222222221,"7","2303"
"=HYPERLINK(""https://stackoverflow.com/q/11970874"", ""11970874"")",0.3462327763119321,"0","52"
"=HYPERLINK(""https://stackoverflow.com/q/12004748"", ""12004748"")",0.5997732426303856,"10","6033"
"=HYPERLINK(""https://stackoverflow.com/q/12110647"", ""12110647"")",0.759535655058043,"1","1785"
"=HYPERLINK(""https://stackoverflow.com/q/12639442"", ""12639442"")",0.3468422830124958,"0","154"
"=HYPERLINK(""https://stackoverflow.com/q/12712504"", ""12712504"")",0.2776158082280534,"1","1092"
"=HYPERLINK(""https://stackoverflow.com/q/12911480"", ""12911480"")",0.3500417710944026,"2","5693"
"=HYPERLINK(""https://stackoverflow.com/q/12988670"", ""12988670"")",0.5290107339715695,"1","2308"
"=HYPERLINK(""https://stackoverflow.com/q/13023677"", ""13023677"")",0.4553510565780502,"0","1570"
"=HYPERLINK(""https://stackoverflow.com/q/13059568"", ""13059568"")",0.4257105943152451,"0","257"
"=HYPERLINK(""https://stackoverflow.com/q/13127750"", ""13127750"")",0.2980078044773052,"1","790"
"=HYPERLINK(""https://stackoverflow.com/q/13128741"", ""13128741"")",0.295751633986928,"1","1234"
"=HYPERLINK(""https://stackoverflow.com/q/13183322"", ""13183322"")",0.3345509893455098,"1","1052"
"=HYPERLINK(""https://stackoverflow.com/q/13221759"", ""13221759"")",0.4348206474190724,"3","1269"
"=HYPERLINK(""https://stackoverflow.com/q/13263806"", ""13263806"")",0.8789789789789789,"0","379"
"=HYPERLINK(""https://stackoverflow.com/q/13312721"", ""13312721"")",0.8274853801169589,"0","359"
"=HYPERLINK(""https://stackoverflow.com/q/13387419"", ""13387419"")",0.693254967814162,"0","121"
"=HYPERLINK(""https://stackoverflow.com/q/13561945"", ""13561945"")",0.5202991452991453,"0","949"
"=HYPERLINK(""https://stackoverflow.com/q/13667478"", ""13667478"")",0.5992714025500908,"1","1924"
"=HYPERLINK(""https://stackoverflow.com/q/13698563"", ""13698563"")",0.4059310610437129,"1","3672"
"=HYPERLINK(""https://stackoverflow.com/q/13763665"", ""13763665"")",0.8698732289336315,"0","440"
"=HYPERLINK(""https://stackoverflow.com/q/13927377"", ""13927377"")",0.459791282995703,"0","157"
"=HYPERLINK(""https://stackoverflow.com/q/14073151"", ""14073151"")",0.4238515501244625,"2","2603"
"=HYPERLINK(""https://stackoverflow.com/q/14179576"", ""14179576"")",0.3613067292644757,"1","101"
"=HYPERLINK(""https://stackoverflow.com/q/14221994"", ""14221994"")",0.3803331051791009,"1","1020"
"=HYPERLINK(""https://stackoverflow.com/q/14281766"", ""14281766"")",0.6255241090146751,"0","76"
"=HYPERLINK(""https://stackoverflow.com/q/14345529"", ""14345529"")",0.4573057544417923,"3","1758"
"=HYPERLINK(""https://stackoverflow.com/q/14807022"", ""14807022"")",0.3458895996209432,"2","2027"
"=HYPERLINK(""https://stackoverflow.com/q/15141476"", ""15141476"")",0.2700483091787437,"1","688"
"=HYPERLINK(""https://stackoverflow.com/q/15450571"", ""15450571"")",0.6784434203789041,"0","274"
"=HYPERLINK(""https://stackoverflow.com/q/15692982"", ""15692982"")",0.6143384047948364,"2","20396"
"=HYPERLINK(""https://stackoverflow.com/q/15917448"", ""15917448"")",0.3786578657865785,"0","6252"
"=HYPERLINK(""https://stackoverflow.com/q/16036795"", ""16036795"")",0.2932281393819855,"1","1024"
"=HYPERLINK(""https://stackoverflow.com/q/16084643"", ""16084643"")",0.4222222222222224,"0","594"
"=HYPERLINK(""https://stackoverflow.com/q/16172781"", ""16172781"")",0.4529914529914529,"1","398"
"=HYPERLINK(""https://stackoverflow.com/q/16388186"", ""16388186"")",0.4528560250391241,"0","837"
"=HYPERLINK(""https://stackoverflow.com/q/16447049"", ""16447049"")",0.3123747881029435,"2","8041"
"=HYPERLINK(""https://stackoverflow.com/q/16968540"", ""16968540"")",0.3861566484517307,"1","339"
"=HYPERLINK(""https://stackoverflow.com/q/17023874"", ""17023874"")",0.2837985769020249,"0","1529"
"=HYPERLINK(""https://stackoverflow.com/q/17240964"", ""17240964"")",0.3570345089116417,"2","1707"
"=HYPERLINK(""https://stackoverflow.com/q/17560714"", ""17560714"")",0.4992670771034888,"1","1827"
"=HYPERLINK(""https://stackoverflow.com/q/17886747"", ""17886747"")",0.3498817966903074,"0","98"
"=HYPERLINK(""https://stackoverflow.com/q/18025262"", ""18025262"")",0.8152454780361756,"2","1931"
"=HYPERLINK(""https://stackoverflow.com/q/18403642"", ""18403642"")",0.4595639943741208,"1","364"
"=HYPERLINK(""https://stackoverflow.com/q/18459536"", ""18459536"")",0.3278371954842543,"1","1011"
"=HYPERLINK(""https://stackoverflow.com/q/18686396"", ""18686396"")",0.304769392033543,"0","437"
"=HYPERLINK(""https://stackoverflow.com/q/19711291"", ""19711291"")",0.7786131996658313,"1","419"
"=HYPERLINK(""https://stackoverflow.com/q/19848918"", ""19848918"")",0.2829334104269055,"1","893"
"=HYPERLINK(""https://stackoverflow.com/q/19864312"", ""19864312"")",0.8411598665640236,"0","228"
"=HYPERLINK(""https://stackoverflow.com/q/20375428"", ""20375428"")",0.3753912363067292,"1","333"
"=HYPERLINK(""https://stackoverflow.com/q/20912209"", ""20912209"")",0.4952849528495286,"2","401"
"=HYPERLINK(""https://stackoverflow.com/q/20918841"", ""20918841"")",0.668530947054437,"0","1384"
"=HYPERLINK(""https://stackoverflow.com/q/21095139"", ""21095139"")",0.2950070323488044,"3","352"
"=HYPERLINK(""https://stackoverflow.com/q/21756241"", ""21756241"")",0.4233211233211233,"0","201"
"=HYPERLINK(""https://stackoverflow.com/q/22156204"", ""22156204"")",0.518832391713748,"2","2271"
"=HYPERLINK(""https://stackoverflow.com/q/22227418"", ""22227418"")",0.3627894232086587,"1","412"
"=HYPERLINK(""https://stackoverflow.com/q/22348223"", ""22348223"")",0.4614860259032037,"0","76"
"=HYPERLINK(""https://stackoverflow.com/q/22717740"", ""22717740"")",0.5036292573981016,"0","1620"
"=HYPERLINK(""https://stackoverflow.com/q/22735582"", ""22735582"")",0.3428447903156074,"1","2236"
"=HYPERLINK(""https://stackoverflow.com/q/23073453"", ""23073453"")",0.5293650793650795,"2","2719"
"=HYPERLINK(""https://stackoverflow.com/q/23082758"", ""23082758"")",0.3672222222222221,"0","811"
"=HYPERLINK(""https://stackoverflow.com/q/23200909"", ""23200909"")",0.6864254554785731,"2","2324"
"=HYPERLINK(""https://stackoverflow.com/q/23261369"", ""23261369"")",0.2028739533831182,"3","858"
"=HYPERLINK(""https://stackoverflow.com/q/23280991"", ""23280991"")",0.5699665831244783,"3","429"
"=HYPERLINK(""https://stackoverflow.com/q/23435949"", ""23435949"")",0.2713578000202205,"0","117"
"=HYPERLINK(""https://stackoverflow.com/q/23569242"", ""23569242"")",0.510941151476524,"6","26906"
"=HYPERLINK(""https://stackoverflow.com/q/23695745"", ""23695745"")",0.3591098302913864,"2","504"
"=HYPERLINK(""https://stackoverflow.com/q/23757488"", ""23757488"")",0.3274853801169591,"3","3284"
"=HYPERLINK(""https://stackoverflow.com/q/24014290"", ""24014290"")",0.3113941967445153,"2","436"
"=HYPERLINK(""https://stackoverflow.com/q/24461275"", ""24461275"")",0.4560931899641578,"1","196"
"=HYPERLINK(""https://stackoverflow.com/q/24606401"", ""24606401"")",0.6775413711583925,"0","1803"
"=HYPERLINK(""https://stackoverflow.com/q/24977683"", ""24977683"")",0.424661246612466,"1","114"
"=HYPERLINK(""https://stackoverflow.com/q/25125874"", ""25125874"")",0.2954439795443978,"1","3691"
"=HYPERLINK(""https://stackoverflow.com/q/25372614"", ""25372614"")",0.2028047464940669,"0","43"
"=HYPERLINK(""https://stackoverflow.com/q/25743252"", ""25743252"")",0.3235606543445931,"1","551"
"=HYPERLINK(""https://stackoverflow.com/q/26375915"", ""26375915"")",0.4019568422463475,"0","125"
"=HYPERLINK(""https://stackoverflow.com/q/26390658"", ""26390658"")",0.417966903073286,"1","201"
"=HYPERLINK(""https://stackoverflow.com/q/26762410"", ""26762410"")",0.2892325315005727,"1","193"
"=HYPERLINK(""https://stackoverflow.com/q/26808177"", ""26808177"")",0.3996415770609319,"0","106"
"=HYPERLINK(""https://stackoverflow.com/q/27332161"", ""27332161"")",0.2956854905880395,"1","163"
"=HYPERLINK(""https://stackoverflow.com/q/27419635"", ""27419635"")",0.6613366133661338,"0","141"
"=HYPERLINK(""https://stackoverflow.com/q/27646131"", ""27646131"")",0.7107718405428328,"0","5952"
"=HYPERLINK(""https://stackoverflow.com/q/27700355"", ""27700355"")",0.3489412791966818,"1","99"
"=HYPERLINK(""https://stackoverflow.com/q/27932149"", ""27932149"")",0.2496291090809712,"0","827"
"=HYPERLINK(""https://stackoverflow.com/q/28026328"", ""28026328"")",0.3211233211233211,"0","536"
"=HYPERLINK(""https://stackoverflow.com/q/28088225"", ""28088225"")",0.2518080210387902,"1","910"
"=HYPERLINK(""https://stackoverflow.com/q/28092855"", ""28092855"")",0.3684486373165618,"0","475"
"=HYPERLINK(""https://stackoverflow.com/q/28552876"", ""28552876"")",0.502222222222222,"0","142"
"=HYPERLINK(""https://stackoverflow.com/q/28566845"", ""28566845"")",0.327856025039124,"0","1014"
"=HYPERLINK(""https://stackoverflow.com/q/28769714"", ""28769714"")",0.376175065495454,"0","829"
"=HYPERLINK(""https://stackoverflow.com/q/29308113"", ""29308113"")",0.3080431177446103,"5","476"
"=HYPERLINK(""https://stackoverflow.com/q/29639769"", ""29639769"")",0.6533045533970608,"5","431"
"=HYPERLINK(""https://stackoverflow.com/q/30152483"", ""30152483"")",0.1814521202969673,"0","1032"
"=HYPERLINK(""https://stackoverflow.com/q/30377082"", ""30377082"")",0.9435336976320584,"1","9705"
"=HYPERLINK(""https://stackoverflow.com/q/31685756"", ""31685756"")",0.4842911877394636,"0","1109"
"=HYPERLINK(""https://stackoverflow.com/q/31787266"", ""31787266"")",0.232289336316182,"2","98"
"=HYPERLINK(""https://stackoverflow.com/q/32240567"", ""32240567"")",0.2711403783840284,"2","214"
"=HYPERLINK(""https://stackoverflow.com/q/32255617"", ""32255617"")",0.409308314937454,"0","629"
"=HYPERLINK(""https://stackoverflow.com/q/32640848"", ""32640848"")",0.2718910963944078,"1","2364"
"=HYPERLINK(""https://stackoverflow.com/q/32723648"", ""32723648"")",0.5582877959927138,"0","893"
"=HYPERLINK(""https://stackoverflow.com/q/32733550"", ""32733550"")",0.3546546546546545,"2","1697"
"=HYPERLINK(""https://stackoverflow.com/q/32963481"", ""32963481"")",0.4575163398692809,"0","304"
"=HYPERLINK(""https://stackoverflow.com/q/33192855"", ""33192855"")",0.7781067522000165,"1","1429"
"=HYPERLINK(""https://stackoverflow.com/q/33282820"", ""33282820"")",0.5315607436230004,"2","377"
"=HYPERLINK(""https://stackoverflow.com/q/34173931"", ""34173931"")",0.5222222222222218,"0","2264"
"=HYPERLINK(""https://stackoverflow.com/q/34333996"", ""34333996"")",0.3242630385487529,"0","629"
"=HYPERLINK(""https://stackoverflow.com/q/34631941"", ""34631941"")",0.3806380638063804,"0","386"
"=HYPERLINK(""https://stackoverflow.com/q/34882680"", ""34882680"")",0.3062930186823994,"1","1267"
"=HYPERLINK(""https://stackoverflow.com/q/35139344"", ""35139344"")",0.7166871668716688,"0","1002"
"=HYPERLINK(""https://stackoverflow.com/q/35398285"", ""35398285"")",0.2836914875895386,"2","374"
"=HYPERLINK(""https://stackoverflow.com/q/35439458"", ""35439458"")",0.5621937727200884,"1","284"
"=HYPERLINK(""https://stackoverflow.com/q/35482963"", ""35482963"")",0.2879661668589003,"2","983"
"=HYPERLINK(""https://stackoverflow.com/q/35559232"", ""35559232"")",0.3060060060060061,"0","74"
"=HYPERLINK(""https://stackoverflow.com/q/35781203"", ""35781203"")",0.2836976320582879,"1","938"
"=HYPERLINK(""https://stackoverflow.com/q/35921513"", ""35921513"")",0.5744389709906952,"0","249"
"=HYPERLINK(""https://stackoverflow.com/q/36203020"", ""36203020"")",0.4722222222222221,"0","945"
"=HYPERLINK(""https://stackoverflow.com/q/36255306"", ""36255306"")",0.3011134802179578,"0","168"
"=HYPERLINK(""https://stackoverflow.com/q/36985155"", ""36985155"")",0.615808228053126,"0","400"
"=HYPERLINK(""https://stackoverflow.com/q/37006689"", ""37006689"")",0.3857334098297953,"0","159"
"=HYPERLINK(""https://stackoverflow.com/q/37169827"", ""37169827"")",0.2269954919119595,"0","224"
"=HYPERLINK(""https://stackoverflow.com/q/37541684"", ""37541684"")",0.3911972914742998,"0","150"
"=HYPERLINK(""https://stackoverflow.com/q/37544322"", ""37544322"")",0.3384384384384384,"2","147"
"=HYPERLINK(""https://stackoverflow.com/q/37681881"", ""37681881"")",0.2528149564478438,"0","240"
"=HYPERLINK(""https://stackoverflow.com/q/37736705"", ""37736705"")",0.771355170199101,"2","229"
"=HYPERLINK(""https://stackoverflow.com/q/37994417"", ""37994417"")",0.3596945060359694,"3","1509"
"=HYPERLINK(""https://stackoverflow.com/q/38141797"", ""38141797"")",0.7107014848950333,"2","1838"
"=HYPERLINK(""https://stackoverflow.com/q/38735978"", ""38735978"")",0.4647034252297408,"6","260"
"=HYPERLINK(""https://stackoverflow.com/q/39015886"", ""39015886"")",0.4192297035189802,"0","56"
"=HYPERLINK(""https://stackoverflow.com/q/39127918"", ""39127918"")",0.9328605200945628,"0","225"
"=HYPERLINK(""https://stackoverflow.com/q/39155847"", ""39155847"")",0.4676048079742012,"0","400"
"=HYPERLINK(""https://stackoverflow.com/q/39266655"", ""39266655"")",0.4433760683760685,"0","160"
"=HYPERLINK(""https://stackoverflow.com/q/39789973"", ""39789973"")",0.4636994949494947,"1","210"
"=HYPERLINK(""https://stackoverflow.com/q/39847225"", ""39847225"")",0.5617141390813445,"0","402"
"=HYPERLINK(""https://stackoverflow.com/q/39936352"", ""39936352"")",0.4359151682803134,"0","46"
"=HYPERLINK(""https://stackoverflow.com/q/40042121"", ""40042121"")",0.248461289277616,"0","752"
"=HYPERLINK(""https://stackoverflow.com/q/40145159"", ""40145159"")",0.7706093189964157,"2","625"
"=HYPERLINK(""https://stackoverflow.com/q/40746467"", ""40746467"")",0.3265627898349101,"0","150"
"=HYPERLINK(""https://stackoverflow.com/q/40847925"", ""40847925"")",0.2940785096473718,"0","151"
"=HYPERLINK(""https://stackoverflow.com/q/40889711"", ""40889711"")",0.5442561205273072,"18","17971"
"=HYPERLINK(""https://stackoverflow.com/q/41173895"", ""41173895"")",0.7599106644332775,"1","525"
"=HYPERLINK(""https://stackoverflow.com/q/41505326"", ""41505326"")",0.366825073546051,"0","74"
"=HYPERLINK(""https://stackoverflow.com/q/41920846"", ""41920846"")",0.4282523729759909,"0","859"
"=HYPERLINK(""https://stackoverflow.com/q/41946575"", ""41946575"")",0.3853742754963622,"0","264"
"=HYPERLINK(""https://stackoverflow.com/q/42016078"", ""42016078"")",0.54875283446712,"2","3191"
"=HYPERLINK(""https://stackoverflow.com/q/42115855"", ""42115855"")",0.2301377895045443,"0","73"
"=HYPERLINK(""https://stackoverflow.com/q/42138263"", ""42138263"")",0.7815442561205272,"1","480"
"=HYPERLINK(""https://stackoverflow.com/q/42221849"", ""42221849"")",0.4690576652601967,"1","57"
"=HYPERLINK(""https://stackoverflow.com/q/42419349"", ""42419349"")",0.4567499095186392,"0","281"
"=HYPERLINK(""https://stackoverflow.com/q/42968646"", ""42968646"")",0.3121876201460977,"1","128"
"=HYPERLINK(""https://stackoverflow.com/q/43279782"", ""43279782"")",0.4082687338501293,"1","48"
"=HYPERLINK(""https://stackoverflow.com/q/43408281"", ""43408281"")",0.8836395450568678,"0","440"
"=HYPERLINK(""https://stackoverflow.com/q/43439815"", ""43439815"")",0.4337606837606838,"1","215"
"=HYPERLINK(""https://stackoverflow.com/q/43874962"", ""43874962"")",0.2775727757277574,"2","267"
"=HYPERLINK(""https://stackoverflow.com/q/44284261"", ""44284261"")",0.3277631193198477,"0","195"
"=HYPERLINK(""https://stackoverflow.com/q/44446679"", ""44446679"")",0.3304696449026345,"0","338"
"=HYPERLINK(""https://stackoverflow.com/q/44960596"", ""44960596"")",0.5104705592510475,"0","108"
"=HYPERLINK(""https://stackoverflow.com/q/45076031"", ""45076031"")",0.9396737457679286,"0","1505"
"=HYPERLINK(""https://stackoverflow.com/q/45205162"", ""45205162"")",0.3372849837284983,"1","1551"
"=HYPERLINK(""https://stackoverflow.com/q/45227649"", ""45227649"")",0.3614267676767673,"0","318"
"=HYPERLINK(""https://stackoverflow.com/q/45631057"", ""45631057"")",0.9307649357900614,"0","6167"
"=HYPERLINK(""https://stackoverflow.com/q/45817120"", ""45817120"")",0.5109546165884192,"0","208"
"=HYPERLINK(""https://stackoverflow.com/q/46090082"", ""46090082"")",0.2580528411147303,"1","332"
"=HYPERLINK(""https://stackoverflow.com/q/46423459"", ""46423459"")",0.3576902025177884,"0","1794"
"=HYPERLINK(""https://stackoverflow.com/q/46667871"", ""46667871"")",0.5657004830917874,"1","114"
"=HYPERLINK(""https://stackoverflow.com/q/46764659"", ""46764659"")",0.7126068376068376,"0","163"
"=HYPERLINK(""https://stackoverflow.com/q/46786515"", ""46786515"")",0.5108820160366551,"1","117"
"=HYPERLINK(""https://stackoverflow.com/q/46959373"", ""46959373"")",0.4438970990695124,"0","815"
"=HYPERLINK(""https://stackoverflow.com/q/47154112"", ""47154112"")",0.4139081344624069,"0","97"
"=HYPERLINK(""https://stackoverflow.com/q/47691795"", ""47691795"")",0.3537290715372905,"0","399"
"=HYPERLINK(""https://stackoverflow.com/q/47819834"", ""47819834"")",0.5218061334566192,"0","29"
"=HYPERLINK(""https://stackoverflow.com/q/48147071"", ""48147071"")",0.5858585858585857,"0","335"
"=HYPERLINK(""https://stackoverflow.com/q/48284673"", ""48284673"")",0.6472222222222223,"0","294"
"=HYPERLINK(""https://stackoverflow.com/q/49261726"", ""49261726"")",0.3602312719959778,"1","694"
"=HYPERLINK(""https://stackoverflow.com/q/49946837"", ""49946837"")",0.6212606837606839,"0","797"
"=HYPERLINK(""https://stackoverflow.com/q/49989419"", ""49989419"")",0.320530890298332,"0","196"
"=HYPERLINK(""https://stackoverflow.com/q/50285426"", ""50285426"")",0.4396135265700484,"0","1245"
"=HYPERLINK(""https://stackoverflow.com/q/50364258"", ""50364258"")",0.3330767256864253,"1","59"
"=HYPERLINK(""https://stackoverflow.com/q/50695644"", ""50695644"")",0.6139272913466463,"4","8172"
"=HYPERLINK(""https://stackoverflow.com/q/50780827"", ""50780827"")",0.4869281045751633,"1","1074"
"=HYPERLINK(""https://stackoverflow.com/q/50858766"", ""50858766"")",0.5804639804639805,"0","49"
"=HYPERLINK(""https://stackoverflow.com/q/51205206"", ""51205206"")",0.4587491683300064,"0","56"
"=HYPERLINK(""https://stackoverflow.com/q/51536665"", ""51536665"")",0.4768347683476835,"1","135"
"=HYPERLINK(""https://stackoverflow.com/q/51545936"", ""51545936"")",0.45158002038736,"4","2260"
"=HYPERLINK(""https://stackoverflow.com/q/51563462"", ""51563462"")",0.4787439613526567,"0","590"
"=HYPERLINK(""https://stackoverflow.com/q/51665421"", ""51665421"")",0.3134274339486065,"0","332"
"=HYPERLINK(""https://stackoverflow.com/q/51703334"", ""51703334"")",0.3408446712018139,"1","143"
"=HYPERLINK(""https://stackoverflow.com/q/52181731"", ""52181731"")",0.4647164485501666,"0","261"
"=HYPERLINK(""https://stackoverflow.com/q/52250246"", ""52250246"")",0.4268111323560655,"0","124"
"=HYPERLINK(""https://stackoverflow.com/q/52264149"", ""52264149"")",0.2953354297693921,"0","517"
"=HYPERLINK(""https://stackoverflow.com/q/52519202"", ""52519202"")",0.3483904465212877,"1","397"
"=HYPERLINK(""https://stackoverflow.com/q/52656748"", ""52656748"")",0.4756784434203787,"1","52"
"=HYPERLINK(""https://stackoverflow.com/q/52688924"", ""52688924"")",0.3051715309779825,"0","122"
"=HYPERLINK(""https://stackoverflow.com/q/52918543"", ""52918543"")",0.7130572527721204,"0","181"
"=HYPERLINK(""https://stackoverflow.com/q/52952495"", ""52952495"")",0.5168168168168171,"1","163"
"=HYPERLINK(""https://stackoverflow.com/q/53010665"", ""53010665"")",0.7636856368563688,"1","17"
"=HYPERLINK(""https://stackoverflow.com/q/53043346"", ""53043346"")",0.442911877394636,"0","159"
"=HYPERLINK(""https://stackoverflow.com/q/53084465"", ""53084465"")",0.3916033297140789,"0","85"
"=HYPERLINK(""https://stackoverflow.com/q/53302726"", ""53302726"")",0.5676767676767676,"0","236"
"=HYPERLINK(""https://stackoverflow.com/q/53303701"", ""53303701"")",0.4489664082687338,"0","109"
"=HYPERLINK(""https://stackoverflow.com/q/53504540"", ""53504540"")",0.379650160137965,"0","1255"
"=HYPERLINK(""https://stackoverflow.com/q/53544934"", ""53544934"")",0.5107339715694809,"0","38"
"=HYPERLINK(""https://stackoverflow.com/q/53557538"", ""53557538"")",0.2372147259703482,"0","76"
"=HYPERLINK(""https://stackoverflow.com/q/53820097"", ""53820097"")",0.4274623968947114,"0","43"
"=HYPERLINK(""https://stackoverflow.com/q/54458136"", ""54458136"")",0.3934929404542664,"0","381"
"=HYPERLINK(""https://stackoverflow.com/q/54462153"", ""54462153"")",0.3897649291867427,"0","63"
"=HYPERLINK(""https://stackoverflow.com/q/54917316"", ""54917316"")",0.251405101599654,"1","31"
"=HYPERLINK(""https://stackoverflow.com/q/55008226"", ""55008226"")",0.2980239714933594,"1","523"
"=HYPERLINK(""https://stackoverflow.com/q/55184969"", ""55184969"")",0.4192665571975917,"0","85"
"=HYPERLINK(""https://stackoverflow.com/q/55304547"", ""55304547"")",0.7671324018629407,"2","279"
"=HYPERLINK(""https://stackoverflow.com/q/55484404"", ""55484404"")",0.2514448990194169,"0","68"
"=HYPERLINK(""https://stackoverflow.com/q/55617000"", ""55617000"")",0.2973075464543039,"0","110"
"=HYPERLINK(""https://stackoverflow.com/q/56133703"", ""56133703"")",0.3385364216179926,"0","285"
"=HYPERLINK(""https://stackoverflow.com/q/56194269"", ""56194269"")",0.5187739463601533,"0","199"
"=HYPERLINK(""https://stackoverflow.com/q/56287838"", ""56287838"")",0.4873228933631618,"0","58"
"=HYPERLINK(""https://stackoverflow.com/q/56480978"", ""56480978"")",0.4318112633181125,"0","162"
"=HYPERLINK(""https://stackoverflow.com/q/56512702"", ""56512702"")",0.3973147006439237,"0","86"
"=HYPERLINK(""https://stackoverflow.com/q/56896845"", ""56896845"")",0.5164652925846954,"0","281"
"=HYPERLINK(""https://stackoverflow.com/q/57774860"", ""57774860"")",0.3074494949494948,"0","78"
"=HYPERLINK(""https://stackoverflow.com/q/58015798"", ""58015798"")",0.307159934566503,"0","540"
"=HYPERLINK(""https://stackoverflow.com/q/58562738"", ""58562738"")",0.8001116694584031,"0","284"
"=HYPERLINK(""https://stackoverflow.com/q/58626811"", ""58626811"")",0.4360246579461736,"0","74"
"=HYPERLINK(""https://stackoverflow.com/q/58723066"", ""58723066"")",0.4844070961718019,"2","397"
"=HYPERLINK(""https://stackoverflow.com/q/58812003"", ""58812003"")",0.702741702741703,"0","70"
"=HYPERLINK(""https://stackoverflow.com/q/59202844"", ""59202844"")",0.3654654654654651,"0","50"
"=HYPERLINK(""https://stackoverflow.com/q/59346308"", ""59346308"")",0.3914529914529914,"0","210"
"=HYPERLINK(""https://stackoverflow.com/q/59652308"", ""59652308"")",0.3774568792619335,"0","1475"
"=HYPERLINK(""https://stackoverflow.com/q/59986306"", ""59986306"")",0.4126554352186121,"0","325"
"=HYPERLINK(""https://stackoverflow.com/q/60234847"", ""60234847"")",0.4385858585858585,"2","112"
"=HYPERLINK(""https://stackoverflow.com/q/60236006"", ""60236006"")",0.3504717889466591,"0","48"
"=HYPERLINK(""https://stackoverflow.com/q/60325363"", ""60325363"")",0.2697469746974697,"0","193"
"=HYPERLINK(""https://stackoverflow.com/q/60633360"", ""60633360"")",0.765491452991453,"0","140"
"=HYPERLINK(""https://stackoverflow.com/q/60667139"", ""60667139"")",0.3684486373165619,"1","18"
"=HYPERLINK(""https://stackoverflow.com/q/60736675"", ""60736675"")",0.4081804764916721,"5","281"
"=HYPERLINK(""https://stackoverflow.com/q/60743907"", ""60743907"")",0.7571619812583668,"2","699"
"=HYPERLINK(""https://stackoverflow.com/q/60934461"", ""60934461"")",0.3850129198966405,"0","19"
"=HYPERLINK(""https://stackoverflow.com/q/61021550"", ""61021550"")",0.2586173695359137,"0","23"
"=HYPERLINK(""https://stackoverflow.com/q/61207772"", ""61207772"")",0.5116959064327484,"0","75"
"=HYPERLINK(""https://stackoverflow.com/q/61372082"", ""61372082"")",0.5940815187046339,"0","69"
"=HYPERLINK(""https://stackoverflow.com/q/61379667"", ""61379667"")",0.2865079365079366,"1","57"
"=HYPERLINK(""https://stackoverflow.com/q/61402700"", ""61402700"")",0.578050443081118,"1","1174"
"=HYPERLINK(""https://stackoverflow.com/q/61778003"", ""61778003"")",0.5027652086475615,"0","23"
"=HYPERLINK(""https://stackoverflow.com/q/61873529"", ""61873529"")",0.4268464996788697,"1","30"
"=HYPERLINK(""https://stackoverflow.com/q/62102679"", ""62102679"")",0.3858106127235416,"1","1240"
"=HYPERLINK(""https://stackoverflow.com/q/62386616"", ""62386616"")",0.3650793650793655,"1","58"
"=HYPERLINK(""https://stackoverflow.com/q/62400167"", ""62400167"")",0.3834312902322978,"0","12"
"=HYPERLINK(""https://stackoverflow.com/q/62456346"", ""62456346"")",0.348804500703235,"5","64"
"=HYPERLINK(""https://stackoverflow.com/q/62505576"", ""62505576"")",0.3916782891678287,"0","167"
"=HYPERLINK(""https://stackoverflow.com/q/62679391"", ""62679391"")",0.4795512124502352,"1","258"
"=HYPERLINK(""https://stackoverflow.com/q/63027870"", ""63027870"")",0.2412003244120033,"0","68"
"=HYPERLINK(""https://stackoverflow.com/q/63069496"", ""63069496"")",0.5936507936507937,"0","26"
"=HYPERLINK(""https://stackoverflow.com/q/63142481"", ""63142481"")",0.3436095054592165,"2","38"
"=HYPERLINK(""https://stackoverflow.com/q/63958840"", ""63958840"")",0.3607612650433808,"1","237"
"=HYPERLINK(""https://stackoverflow.com/q/64337954"", ""64337954"")",0.3897956716237455,"0","44"
"=HYPERLINK(""https://stackoverflow.com/q/64426917"", ""64426917"")",0.5436507936507937,"2","84"
"=HYPERLINK(""https://stackoverflow.com/q/64471456"", ""64471456"")",0.3972655497785481,"4","145"
"=HYPERLINK(""https://stackoverflow.com/q/64540346"", ""64540346"")",0.4438581061272353,"1","452"
"=HYPERLINK(""https://stackoverflow.com/q/64682349"", ""64682349"")",0.3965738072366313,"0","24"
"=HYPERLINK(""https://stackoverflow.com/q/64760487"", ""64760487"")",0.5130172013017198,"0","50"
"=HYPERLINK(""https://stackoverflow.com/q/65227541"", ""65227541"")",0.5996187913443211,"0","44"
"=HYPERLINK(""https://stackoverflow.com/q/65423704"", ""65423704"")",0.3439479541174457,"0","26"
"=HYPERLINK(""https://stackoverflow.com/q/65581608"", ""65581608"")",0.3809123985446401,"0","11"
"=HYPERLINK(""https://stackoverflow.com/q/65674061"", ""65674061"")",0.2895299145299146,"0","61"
"=HYPERLINK(""https://stackoverflow.com/q/65949690"", ""65949690"")",0.2526570048309176,"1","84"
"=HYPERLINK(""https://stackoverflow.com/q/66027815"", ""66027815"")",0.3722222222222219,"0","17"
"=HYPERLINK(""https://stackoverflow.com/q/66227458"", ""66227458"")",0.3831720902961009,"0","33"
"=HYPERLINK(""https://stackoverflow.com/q/66284681"", ""66284681"")",0.430216300682622,"0","36"
"=HYPERLINK(""https://stackoverflow.com/q/66323606"", ""66323606"")",0.2666147455867082,"2","81"
"=HYPERLINK(""https://stackoverflow.com/q/66341615"", ""66341615"")",0.6857790735341756,"0","240"
"=HYPERLINK(""https://stackoverflow.com/q/66474951"", ""66474951"")",0.288090485695276,"0","43"
"=HYPERLINK(""https://stackoverflow.com/q/66490704"", ""66490704"")",0.3604710701484892,"0","24"
"=HYPERLINK(""https://stackoverflow.com/q/66577509"", ""66577509"")",0.6930225106144356,"0","6"
"=HYPERLINK(""https://stackoverflow.com/q/66683856"", ""66683856"")",0.5427041499330657,"0","11"
"=HYPERLINK(""https://stackoverflow.com/q/66768639"", ""66768639"")",0.4026019690576651,"0","11"
"=HYPERLINK(""https://stackoverflow.com/q/67009530"", ""67009530"")",0.4182449494949493,"1","25"
"=HYPERLINK(""https://stackoverflow.com/q/67110713"", ""67110713"")",0.6844070961718021,"0","8"
"=HYPERLINK(""https://stackoverflow.com/q/67159361"", ""67159361"")",0.7105943152454781,"0","13"
"=HYPERLINK(""https://stackoverflow.com/q/67439021"", ""67439021"")",0.3564504101416856,"0","10"
"=HYPERLINK(""https://stackoverflow.com/q/67614027"", ""67614027"")",0.4557551563539585,"0","45"
"=HYPERLINK(""https://stackoverflow.com/q/67683848"", ""67683848"")",0.3354297693920335,"0","10"
"=HYPERLINK(""https://stackoverflow.com/q/67690929"", ""67690929"")",0.4666464370606382,"0","18"
