link,Correlation
"=HYPERLINK(""https://stackoverflow.com/a/2946793"", ""2946793"")",0.4589771891096396
"=HYPERLINK(""https://stackoverflow.com/a/4072504"", ""4072504"")",0.43650793650793634
"=HYPERLINK(""https://stackoverflow.com/a/4151820"", ""4151820"")",0.5652454780361759
"=HYPERLINK(""https://stackoverflow.com/a/4378898"", ""4378898"")",0.7340332458442699
"=HYPERLINK(""https://stackoverflow.com/a/4413435"", ""4413435"")",0.42133726647001
"=HYPERLINK(""https://stackoverflow.com/a/5353787"", ""5353787"")",0.5322222222222217
"=HYPERLINK(""https://stackoverflow.com/a/5506981"", ""5506981"")",0.7708947885939036
"=HYPERLINK(""https://stackoverflow.com/a/5785305"", ""5785305"")",0.8002038735983691
"=HYPERLINK(""https://stackoverflow.com/a/6202045"", ""6202045"")",0.5022222222222219
"=HYPERLINK(""https://stackoverflow.com/a/6660801"", ""6660801"")",0.47676767676767673
"=HYPERLINK(""https://stackoverflow.com/a/7054864"", ""7054864"")",0.48605200945626476
"=HYPERLINK(""https://stackoverflow.com/a/7273658"", ""7273658"")",0.4927140255009108
"=HYPERLINK(""https://stackoverflow.com/a/7957018"", ""7957018"")",0.5273069679849343
"=HYPERLINK(""https://stackoverflow.com/a/8184505"", ""8184505"")",0.4257105943152454
"=HYPERLINK(""https://stackoverflow.com/a/8299829"", ""8299829"")",0.6352657004830917
"=HYPERLINK(""https://stackoverflow.com/a/8380028"", ""8380028"")",0.6767676767676768
"=HYPERLINK(""https://stackoverflow.com/a/8791156"", ""8791156"")",0.4222222222222223
"=HYPERLINK(""https://stackoverflow.com/a/9003869"", ""9003869"")",0.37970253718285224
"=HYPERLINK(""https://stackoverflow.com/a/9169068"", ""9169068"")",0.5751633986928104
"=HYPERLINK(""https://stackoverflow.com/a/9485762"", ""9485762"")",0.303303303303303
"=HYPERLINK(""https://stackoverflow.com/a/9819356"", ""9819356"")",0.3445931591247081
"=HYPERLINK(""https://stackoverflow.com/a/9960411"", ""9960411"")",0.376068376068376
"=HYPERLINK(""https://stackoverflow.com/a/9984493"", ""9984493"")",0.3854875283446714
"=HYPERLINK(""https://stackoverflow.com/a/10022341"", ""10022341"")",0.33850129198966383
"=HYPERLINK(""https://stackoverflow.com/a/10302509"", ""10302509"")",0.527485380116959
"=HYPERLINK(""https://stackoverflow.com/a/10836597"", ""10836597"")",0.4244694132334583
"=HYPERLINK(""https://stackoverflow.com/a/10853950"", ""10853950"")",0.6493269450148299
"=HYPERLINK(""https://stackoverflow.com/a/11352716"", ""11352716"")",0.3323771275578505
"=HYPERLINK(""https://stackoverflow.com/a/11484562"", ""11484562"")",0.41691248770894807
"=HYPERLINK(""https://stackoverflow.com/a/11506918"", ""11506918"")",0.503472222222222
"=HYPERLINK(""https://stackoverflow.com/a/11528257"", ""11528257"")",0.4595103578154425
"=HYPERLINK(""https://stackoverflow.com/a/11614703"", ""11614703"")",0.30385487528344696
"=HYPERLINK(""https://stackoverflow.com/a/11658222"", ""11658222"")",0.6124661246612465
"=HYPERLINK(""https://stackoverflow.com/a/11827754"", ""11827754"")",0.5189255189255189
"=HYPERLINK(""https://stackoverflow.com/a/11989985"", ""11989985"")",0.8015325670498086
"=HYPERLINK(""https://stackoverflow.com/a/12054906"", ""12054906"")",0.4089310829817157
"=HYPERLINK(""https://stackoverflow.com/a/12067619"", ""12067619"")",0.6867891513560809
"=HYPERLINK(""https://stackoverflow.com/a/12370815"", ""12370815"")",0.6258919469928645
"=HYPERLINK(""https://stackoverflow.com/a/12490599"", ""12490599"")",0.6087252897068848
"=HYPERLINK(""https://stackoverflow.com/a/12800684"", ""12800684"")",0.8780663780663779
"=HYPERLINK(""https://stackoverflow.com/a/13077220"", ""13077220"")",0.1452991452991453
"=HYPERLINK(""https://stackoverflow.com/a/13388074"", ""13388074"")",0.4575163398692809
"=HYPERLINK(""https://stackoverflow.com/a/13522365"", ""13522365"")",0.49626068376068394
"=HYPERLINK(""https://stackoverflow.com/a/13804161"", ""13804161"")",0.35983690112130484
"=HYPERLINK(""https://stackoverflow.com/a/13857344"", ""13857344"")",0.2901723920976467
"=HYPERLINK(""https://stackoverflow.com/a/14245138"", ""14245138"")",0.5222222222222219
"=HYPERLINK(""https://stackoverflow.com/a/14248117"", ""14248117"")",0.509350935093509
"=HYPERLINK(""https://stackoverflow.com/a/14498107"", ""14498107"")",0.28026971562591635
"=HYPERLINK(""https://stackoverflow.com/a/14500639"", ""14500639"")",0.3367260390161154
"=HYPERLINK(""https://stackoverflow.com/a/14850375"", ""14850375"")",0.36507936507936506
"=HYPERLINK(""https://stackoverflow.com/a/14968362"", ""14968362"")",0.5546760480797421
"=HYPERLINK(""https://stackoverflow.com/a/14969870"", ""14969870"")",0.2539179432998768
"=HYPERLINK(""https://stackoverflow.com/a/15258068"", ""15258068"")",0.6118326118326116
"=HYPERLINK(""https://stackoverflow.com/a/15352087"", ""15352087"")",0.35920852359208516
"=HYPERLINK(""https://stackoverflow.com/a/15769278"", ""15769278"")",0.2762762762762761
"=HYPERLINK(""https://stackoverflow.com/a/15929099"", ""15929099"")",0.31811263318112626
"=HYPERLINK(""https://stackoverflow.com/a/16192342"", ""16192342"")",0.6516700749829581
"=HYPERLINK(""https://stackoverflow.com/a/16362246"", ""16362246"")",0.27579365079365087
"=HYPERLINK(""https://stackoverflow.com/a/16363862"", ""16363862"")",0.4731447314473146
"=HYPERLINK(""https://stackoverflow.com/a/18217234"", ""18217234"")",0.63506625891947
"=HYPERLINK(""https://stackoverflow.com/a/18328311"", ""18328311"")",0.5235920852359208
"=HYPERLINK(""https://stackoverflow.com/a/18509364"", ""18509364"")",0.27627627627627616
"=HYPERLINK(""https://stackoverflow.com/a/18560950"", ""18560950"")",0.7000703234880448
"=HYPERLINK(""https://stackoverflow.com/a/18599667"", ""18599667"")",0.7202459376372417
"=HYPERLINK(""https://stackoverflow.com/a/18759841"", ""18759841"")",0.7075163398692811
"=HYPERLINK(""https://stackoverflow.com/a/18791585"", ""18791585"")",0.37115839243498816
"=HYPERLINK(""https://stackoverflow.com/a/18918391"", ""18918391"")",0.5163398692810457
"=HYPERLINK(""https://stackoverflow.com/a/19145221"", ""19145221"")",0.48993875765529327
"=HYPERLINK(""https://stackoverflow.com/a/19191155"", ""19191155"")",0.29365079365079355
"=HYPERLINK(""https://stackoverflow.com/a/20040881"", ""20040881"")",0.3642455685257241
"=HYPERLINK(""https://stackoverflow.com/a/20052797"", ""20052797"")",0.44140030441400313
"=HYPERLINK(""https://stackoverflow.com/a/20110032"", ""20110032"")",0.5254292193067704
"=HYPERLINK(""https://stackoverflow.com/a/20172362"", ""20172362"")",0.4200244200244201
"=HYPERLINK(""https://stackoverflow.com/a/20304153"", ""20304153"")",0.37139349294045426
"=HYPERLINK(""https://stackoverflow.com/a/20495761"", ""20495761"")",0.5483091787439615
"=HYPERLINK(""https://stackoverflow.com/a/20662106"", ""20662106"")",0.4049145299145301
"=HYPERLINK(""https://stackoverflow.com/a/20718880"", ""20718880"")",0.3260284505959245
"=HYPERLINK(""https://stackoverflow.com/a/20770302"", ""20770302"")",0.37791084497671323
"=HYPERLINK(""https://stackoverflow.com/a/21060316"", ""21060316"")",0.22222222222222227
"=HYPERLINK(""https://stackoverflow.com/a/21060575"", ""21060575"")",0.3897614892379289
"=HYPERLINK(""https://stackoverflow.com/a/21132284"", ""21132284"")",0.7485380116959065
"=HYPERLINK(""https://stackoverflow.com/a/21635493"", ""21635493"")",0.3760683760683762
"=HYPERLINK(""https://stackoverflow.com/a/21948503"", ""21948503"")",0.4853801169590643
"=HYPERLINK(""https://stackoverflow.com/a/22188579"", ""22188579"")",0.3485380116959063
"=HYPERLINK(""https://stackoverflow.com/a/22467071"", ""22467071"")",0.3164845173041896
"=HYPERLINK(""https://stackoverflow.com/a/22721014"", ""22721014"")",0.2704537334762416
"=HYPERLINK(""https://stackoverflow.com/a/22764709"", ""22764709"")",0.5045751633986928
"=HYPERLINK(""https://stackoverflow.com/a/22872096"", ""22872096"")",0.24924924924924918
"=HYPERLINK(""https://stackoverflow.com/a/23831015"", ""23831015"")",0.6059431524547803
"=HYPERLINK(""https://stackoverflow.com/a/24186128"", ""24186128"")",0.3003472222222223
"=HYPERLINK(""https://stackoverflow.com/a/24410486"", ""24410486"")",0.3832391713747645
"=HYPERLINK(""https://stackoverflow.com/a/24563650"", ""24563650"")",0.585858585858586
"=HYPERLINK(""https://stackoverflow.com/a/24701689"", ""24701689"")",0.582222222222222
"=HYPERLINK(""https://stackoverflow.com/a/24815731"", ""24815731"")",0.6150793650793648
"=HYPERLINK(""https://stackoverflow.com/a/25124285"", ""25124285"")",0.36507936507936495
"=HYPERLINK(""https://stackoverflow.com/a/25248951"", ""25248951"")",0.32936507936507925
"=HYPERLINK(""https://stackoverflow.com/a/25556936"", ""25556936"")",0.27754137115839245
"=HYPERLINK(""https://stackoverflow.com/a/25604551"", ""25604551"")",0.2661782661782662
"=HYPERLINK(""https://stackoverflow.com/a/25752726"", ""25752726"")",0.5039901780233272
"=HYPERLINK(""https://stackoverflow.com/a/25848059"", ""25848059"")",0.6631671041119863
"=HYPERLINK(""https://stackoverflow.com/a/25997089"", ""25997089"")",0.7313131313131312
"=HYPERLINK(""https://stackoverflow.com/a/26090536"", ""26090536"")",0.42166820560172363
"=HYPERLINK(""https://stackoverflow.com/a/26098206"", ""26098206"")",0.8493408662900186
"=HYPERLINK(""https://stackoverflow.com/a/26196403"", ""26196403"")",0.30917874396135275
"=HYPERLINK(""https://stackoverflow.com/a/26407431"", ""26407431"")",0.30330330330330313
"=HYPERLINK(""https://stackoverflow.com/a/26422257"", ""26422257"")",0.48538011695906436
"=HYPERLINK(""https://stackoverflow.com/a/26494722"", ""26494722"")",0.5228618810708363
"=HYPERLINK(""https://stackoverflow.com/a/26681540"", ""26681540"")",0.14409722222222224
"=HYPERLINK(""https://stackoverflow.com/a/27261493"", ""27261493"")",0.7052730696798493
"=HYPERLINK(""https://stackoverflow.com/a/27316269"", ""27316269"")",0.668943533697632
"=HYPERLINK(""https://stackoverflow.com/a/27322399"", ""27322399"")",0.3877394636015326
"=HYPERLINK(""https://stackoverflow.com/a/27384184"", ""27384184"")",0.25448028673835116
"=HYPERLINK(""https://stackoverflow.com/a/27434889"", ""27434889"")",0.5079365079365077
"=HYPERLINK(""https://stackoverflow.com/a/27691885"", ""27691885"")",0.5463601532567048
"=HYPERLINK(""https://stackoverflow.com/a/27883756"", ""27883756"")",0.5917874396135266
"=HYPERLINK(""https://stackoverflow.com/a/28229615"", ""28229615"")",0.30441400304414
"=HYPERLINK(""https://stackoverflow.com/a/28702946"", ""28702946"")",0.6253842775581904
"=HYPERLINK(""https://stackoverflow.com/a/28775708"", ""28775708"")",0.3417101311838154
"=HYPERLINK(""https://stackoverflow.com/a/28945625"", ""28945625"")",0.296849087893864
"=HYPERLINK(""https://stackoverflow.com/a/29434990"", ""29434990"")",0.3087802670287395
"=HYPERLINK(""https://stackoverflow.com/a/29738167"", ""29738167"")",0.6342704149933065
"=HYPERLINK(""https://stackoverflow.com/a/29818020"", ""29818020"")",0.7303655446977922
"=HYPERLINK(""https://stackoverflow.com/a/30007473"", ""30007473"")",0.5131313131313131
"=HYPERLINK(""https://stackoverflow.com/a/30107135"", ""30107135"")",0.6755094194540558
"=HYPERLINK(""https://stackoverflow.com/a/30155618"", ""30155618"")",0.4308111792774368
"=HYPERLINK(""https://stackoverflow.com/a/30236460"", ""30236460"")",0.28299570288520565
"=HYPERLINK(""https://stackoverflow.com/a/30482331"", ""30482331"")",0.6702741702741701
"=HYPERLINK(""https://stackoverflow.com/a/30593615"", ""30593615"")",0.4767676767676768
"=HYPERLINK(""https://stackoverflow.com/a/30758214"", ""30758214"")",0.6014168530947056
"=HYPERLINK(""https://stackoverflow.com/a/30919943"", ""30919943"")",0.3993439934399344
"=HYPERLINK(""https://stackoverflow.com/a/31117267"", ""31117267"")",0.8069679849340865
"=HYPERLINK(""https://stackoverflow.com/a/31118129"", ""31118129"")",0.35096473719228194
"=HYPERLINK(""https://stackoverflow.com/a/31514393"", ""31514393"")",0.6585858585858585
"=HYPERLINK(""https://stackoverflow.com/a/31798483"", ""31798483"")",0.5825163398692811
"=HYPERLINK(""https://stackoverflow.com/a/31902605"", ""31902605"")",0.5524974515800206
"=HYPERLINK(""https://stackoverflow.com/a/32078104"", ""32078104"")",0.3834648257725182
"=HYPERLINK(""https://stackoverflow.com/a/32161901"", ""32161901"")",0.697831978319783
"=HYPERLINK(""https://stackoverflow.com/a/32596783"", ""32596783"")",0.6029985623331281
"=HYPERLINK(""https://stackoverflow.com/a/32630823"", ""32630823"")",0.3708368317940104
"=HYPERLINK(""https://stackoverflow.com/a/32812869"", ""32812869"")",0.37351373513735164
"=HYPERLINK(""https://stackoverflow.com/a/32901849"", ""32901849"")",0.37818552497451585
"=HYPERLINK(""https://stackoverflow.com/a/33075522"", ""33075522"")",0.4842911877394636
"=HYPERLINK(""https://stackoverflow.com/a/33118018"", ""33118018"")",0.6534148827726812
"=HYPERLINK(""https://stackoverflow.com/a/33213374"", ""33213374"")",0.3920335429769393
"=HYPERLINK(""https://stackoverflow.com/a/33548257"", ""33548257"")",0.47222222222222204
"=HYPERLINK(""https://stackoverflow.com/a/33833874"", ""33833874"")",0.6408268733850129
"=HYPERLINK(""https://stackoverflow.com/a/34364753"", ""34364753"")",0.33310517910107224
"=HYPERLINK(""https://stackoverflow.com/a/34501011"", ""34501011"")",0.13699494949494942
"=HYPERLINK(""https://stackoverflow.com/a/34691418"", ""34691418"")",0.7690972222222224
"=HYPERLINK(""https://stackoverflow.com/a/35208110"", ""35208110"")",0.4321669736034377
"=HYPERLINK(""https://stackoverflow.com/a/35336478"", ""35336478"")",0.4332313965341488
"=HYPERLINK(""https://stackoverflow.com/a/35488122"", ""35488122"")",0.48741559238796817
"=HYPERLINK(""https://stackoverflow.com/a/35778165"", ""35778165"")",0.36507936507936495
"=HYPERLINK(""https://stackoverflow.com/a/35785781"", ""35785781"")",0.38151425762045255
"=HYPERLINK(""https://stackoverflow.com/a/35850191"", ""35850191"")",0.21222222222222212
"=HYPERLINK(""https://stackoverflow.com/a/36017736"", ""36017736"")",0.7645951035781543
"=HYPERLINK(""https://stackoverflow.com/a/36238130"", ""36238130"")",0.42356450410141705
"=HYPERLINK(""https://stackoverflow.com/a/36406138"", ""36406138"")",0.393076493579006
"=HYPERLINK(""https://stackoverflow.com/a/36475123"", ""36475123"")",0.38084291187739466
"=HYPERLINK(""https://stackoverflow.com/a/36606690"", ""36606690"")",0.23829939264022865
"=HYPERLINK(""https://stackoverflow.com/a/36809896"", ""36809896"")",0.47222222222222204
"=HYPERLINK(""https://stackoverflow.com/a/36825795"", ""36825795"")",0.5735735735735733
"=HYPERLINK(""https://stackoverflow.com/a/37074284"", ""37074284"")",0.19337606837606844
"=HYPERLINK(""https://stackoverflow.com/a/37418220"", ""37418220"")",0.3253350626891482
"=HYPERLINK(""https://stackoverflow.com/a/37608794"", ""37608794"")",0.5676767676767677
"=HYPERLINK(""https://stackoverflow.com/a/37707903"", ""37707903"")",0.5628815628815629
"=HYPERLINK(""https://stackoverflow.com/a/37882937"", ""37882937"")",0.40079365079365065
"=HYPERLINK(""https://stackoverflow.com/a/37982527"", ""37982527"")",0.5056867891513563
"=HYPERLINK(""https://stackoverflow.com/a/39219614"", ""39219614"")",0.6520094562647755
"=HYPERLINK(""https://stackoverflow.com/a/39575254"", ""39575254"")",0.40013633265167
"=HYPERLINK(""https://stackoverflow.com/a/40136483"", ""40136483"")",0.1951951951951951
"=HYPERLINK(""https://stackoverflow.com/a/40260067"", ""40260067"")",0.5626477541371158
"=HYPERLINK(""https://stackoverflow.com/a/40340767"", ""40340767"")",0.47737686139747987
"=HYPERLINK(""https://stackoverflow.com/a/40506654"", ""40506654"")",0.8075880758807586
"=HYPERLINK(""https://stackoverflow.com/a/40833988"", ""40833988"")",0.5983690112130482
"=HYPERLINK(""https://stackoverflow.com/a/40934756"", ""40934756"")",0.6928104575163399
"=HYPERLINK(""https://stackoverflow.com/a/41260322"", ""41260322"")",0.6320582877959927
"=HYPERLINK(""https://stackoverflow.com/a/41628084"", ""41628084"")",0.5273069679849341
"=HYPERLINK(""https://stackoverflow.com/a/42332773"", ""42332773"")",0.34850208570345065
"=HYPERLINK(""https://stackoverflow.com/a/42428146"", ""42428146"")",0.5650057273768613
"=HYPERLINK(""https://stackoverflow.com/a/42447864"", ""42447864"")",0.4132222222222221
"=HYPERLINK(""https://stackoverflow.com/a/42489887"", ""42489887"")",0.7003563330093944
"=HYPERLINK(""https://stackoverflow.com/a/42949711"", ""42949711"")",0.5635683760683761
"=HYPERLINK(""https://stackoverflow.com/a/43076168"", ""43076168"")",0.5079365079365078
"=HYPERLINK(""https://stackoverflow.com/a/43256797"", ""43256797"")",0.5109661047670837
"=HYPERLINK(""https://stackoverflow.com/a/43267882"", ""43267882"")",0.4083797401219835
"=HYPERLINK(""https://stackoverflow.com/a/43805966"", ""43805966"")",0.8408662900188321
"=HYPERLINK(""https://stackoverflow.com/a/43878513"", ""43878513"")",0.6180005863383173
"=HYPERLINK(""https://stackoverflow.com/a/44002776"", ""44002776"")",0.37847222222222215
"=HYPERLINK(""https://stackoverflow.com/a/44529824"", ""44529824"")",0.38075880758807573
"=HYPERLINK(""https://stackoverflow.com/a/44898694"", ""44898694"")",0.4550989345509892
"=HYPERLINK(""https://stackoverflow.com/a/45135534"", ""45135534"")",0.8663940013633261
"=HYPERLINK(""https://stackoverflow.com/a/45413894"", ""45413894"")",0.45509893455098926
"=HYPERLINK(""https://stackoverflow.com/a/45997521"", ""45997521"")",0.6434988179669031
"=HYPERLINK(""https://stackoverflow.com/a/46543851"", ""46543851"")",0.6124661246612463
"=HYPERLINK(""https://stackoverflow.com/a/46580652"", ""46580652"")",0.32567049808429116
"=HYPERLINK(""https://stackoverflow.com/a/47185202"", ""47185202"")",0.649249249249249
"=HYPERLINK(""https://stackoverflow.com/a/47622598"", ""47622598"")",0.3315972222222224
"=HYPERLINK(""https://stackoverflow.com/a/47815338"", ""47815338"")",0.21640826873385005
"=HYPERLINK(""https://stackoverflow.com/a/47858513"", ""47858513"")",0.562143170838823
"=HYPERLINK(""https://stackoverflow.com/a/48208592"", ""48208592"")",0.5898111550285463
"=HYPERLINK(""https://stackoverflow.com/a/48350052"", ""48350052"")",0.26861397479954174
"=HYPERLINK(""https://stackoverflow.com/a/48637461"", ""48637461"")",0.5838458384583844
"=HYPERLINK(""https://stackoverflow.com/a/48795393"", ""48795393"")",0.3313131313131312
"=HYPERLINK(""https://stackoverflow.com/a/48942966"", ""48942966"")",0.4140030441400304
"=HYPERLINK(""https://stackoverflow.com/a/48970681"", ""48970681"")",0.4018629407850963
"=HYPERLINK(""https://stackoverflow.com/a/48981346"", ""48981346"")",0.4337606837606838
"=HYPERLINK(""https://stackoverflow.com/a/49223287"", ""49223287"")",0.30318174246210244
"=HYPERLINK(""https://stackoverflow.com/a/49241827"", ""49241827"")",0.5214348206474192
"=HYPERLINK(""https://stackoverflow.com/a/49363498"", ""49363498"")",0.4222222222222223
"=HYPERLINK(""https://stackoverflow.com/a/49392616"", ""49392616"")",0.4357745836185259
"=HYPERLINK(""https://stackoverflow.com/a/49432742"", ""49432742"")",0.6041317699609154
"=HYPERLINK(""https://stackoverflow.com/a/49471494"", ""49471494"")",0.8479890933878661
"=HYPERLINK(""https://stackoverflow.com/a/49909077"", ""49909077"")",0.4124062713019764
"=HYPERLINK(""https://stackoverflow.com/a/50038070"", ""50038070"")",0.43170838823012736
"=HYPERLINK(""https://stackoverflow.com/a/50082188"", ""50082188"")",0.35125448028673806
"=HYPERLINK(""https://stackoverflow.com/a/50090204"", ""50090204"")",0.7403866581686852
"=HYPERLINK(""https://stackoverflow.com/a/50102285"", ""50102285"")",0.32936507936507925
"=HYPERLINK(""https://stackoverflow.com/a/50226732"", ""50226732"")",0.3181126331811263
"=HYPERLINK(""https://stackoverflow.com/a/50366203"", ""50366203"")",0.42304189435336975
"=HYPERLINK(""https://stackoverflow.com/a/50380995"", ""50380995"")",0.5409035409035409
"=HYPERLINK(""https://stackoverflow.com/a/50399606"", ""50399606"")",0.3149494949494948
"=HYPERLINK(""https://stackoverflow.com/a/50453786"", ""50453786"")",0.3763724198506805
"=HYPERLINK(""https://stackoverflow.com/a/50459280"", ""50459280"")",0.5738705738705738
"=HYPERLINK(""https://stackoverflow.com/a/50497563"", ""50497563"")",0.5580155801558014
"=HYPERLINK(""https://stackoverflow.com/a/50544173"", ""50544173"")",0.4114114114114112
"=HYPERLINK(""https://stackoverflow.com/a/50635771"", ""50635771"")",0.5483091787439615
"=HYPERLINK(""https://stackoverflow.com/a/50768553"", ""50768553"")",0.6057838660578385
"=HYPERLINK(""https://stackoverflow.com/a/50894915"", ""50894915"")",0.4734785036292574
"=HYPERLINK(""https://stackoverflow.com/a/50911449"", ""50911449"")",0.3524161280393968
"=HYPERLINK(""https://stackoverflow.com/a/50973217"", ""50973217"")",0.47910295616717646
"=HYPERLINK(""https://stackoverflow.com/a/51405925"", ""51405925"")",0.5190972222222221
"=HYPERLINK(""https://stackoverflow.com/a/51624433"", ""51624433"")",0.18563685636856364
"=HYPERLINK(""https://stackoverflow.com/a/51634080"", ""51634080"")",0.6095740008783487
"=HYPERLINK(""https://stackoverflow.com/a/51636767"", ""51636767"")",0.31877394636015327
"=HYPERLINK(""https://stackoverflow.com/a/51754153"", ""51754153"")",0.6307328605200944
"=HYPERLINK(""https://stackoverflow.com/a/51768836"", ""51768836"")",0.40376068376068397
"=HYPERLINK(""https://stackoverflow.com/a/52079098"", ""52079098"")",0.5628815628815629
"=HYPERLINK(""https://stackoverflow.com/a/52084650"", ""52084650"")",0.4051490514905147
"=HYPERLINK(""https://stackoverflow.com/a/52100131"", ""52100131"")",0.8003472222222224
"=HYPERLINK(""https://stackoverflow.com/a/52192156"", ""52192156"")",0.6040404040404042
"=HYPERLINK(""https://stackoverflow.com/a/52192370"", ""52192370"")",0.3485108820160365
"=HYPERLINK(""https://stackoverflow.com/a/52296201"", ""52296201"")",0.6801169590643276
"=HYPERLINK(""https://stackoverflow.com/a/52754952"", ""52754952"")",0.3480217957829899
"=HYPERLINK(""https://stackoverflow.com/a/52878861"", ""52878861"")",0.3000254258835494
"=HYPERLINK(""https://stackoverflow.com/a/52974285"", ""52974285"")",0.39171374764595107
"=HYPERLINK(""https://stackoverflow.com/a/52981224"", ""52981224"")",0.6624301944925863
"=HYPERLINK(""https://stackoverflow.com/a/53091581"", ""53091581"")",0.1490514905149051
"=HYPERLINK(""https://stackoverflow.com/a/53175413"", ""53175413"")",0.3866057838660578
"=HYPERLINK(""https://stackoverflow.com/a/53419082"", ""53419082"")",0.5917874396135268
"=HYPERLINK(""https://stackoverflow.com/a/53470358"", ""53470358"")",0.43274853801169594
"=HYPERLINK(""https://stackoverflow.com/a/53509723"", ""53509723"")",0.440972222222222
"=HYPERLINK(""https://stackoverflow.com/a/53520368"", ""53520368"")",0.46496628554676067
"=HYPERLINK(""https://stackoverflow.com/a/53612531"", ""53612531"")",0.3592085235920852
"=HYPERLINK(""https://stackoverflow.com/a/53625031"", ""53625031"")",0.500983284169125
"=HYPERLINK(""https://stackoverflow.com/a/53644282"", ""53644282"")",0.482222222222222
"=HYPERLINK(""https://stackoverflow.com/a/53701180"", ""53701180"")",0.6468797564687974
"=HYPERLINK(""https://stackoverflow.com/a/53771614"", ""53771614"")",0.7629198966408266
"=HYPERLINK(""https://stackoverflow.com/a/54013376"", ""54013376"")",0.40521667693571584
"=HYPERLINK(""https://stackoverflow.com/a/54035928"", ""54035928"")",0.4339486065870431
"=HYPERLINK(""https://stackoverflow.com/a/54423151"", ""54423151"")",0.508986928104575
"=HYPERLINK(""https://stackoverflow.com/a/54467806"", ""54467806"")",0.7611832611832611
"=HYPERLINK(""https://stackoverflow.com/a/54561993"", ""54561993"")",0.35513361462728565
"=HYPERLINK(""https://stackoverflow.com/a/54749568"", ""54749568"")",0.7795992714025504
"=HYPERLINK(""https://stackoverflow.com/a/55089583"", ""55089583"")",0.7596183441058787
"=HYPERLINK(""https://stackoverflow.com/a/55238954"", ""55238954"")",0.5195195195195192
"=HYPERLINK(""https://stackoverflow.com/a/55376044"", ""55376044"")",0.5236928104575163
"=HYPERLINK(""https://stackoverflow.com/a/55528522"", ""55528522"")",0.7838660578386606
"=HYPERLINK(""https://stackoverflow.com/a/55687583"", ""55687583"")",0.6022222222222217
"=HYPERLINK(""https://stackoverflow.com/a/55754324"", ""55754324"")",0.7838660578386606
"=HYPERLINK(""https://stackoverflow.com/a/56031916"", ""56031916"")",0.7265700483091785
"=HYPERLINK(""https://stackoverflow.com/a/56177275"", ""56177275"")",0.5542832909245125
"=HYPERLINK(""https://stackoverflow.com/a/56210098"", ""56210098"")",0.5793650793650792
"=HYPERLINK(""https://stackoverflow.com/a/56267566"", ""56267566"")",0.33986928104575154
"=HYPERLINK(""https://stackoverflow.com/a/56441630"", ""56441630"")",0.5163398692810456
"=HYPERLINK(""https://stackoverflow.com/a/56533825"", ""56533825"")",0.6602753195673553
"=HYPERLINK(""https://stackoverflow.com/a/56565404"", ""56565404"")",0.19519519519519513
"=HYPERLINK(""https://stackoverflow.com/a/56586220"", ""56586220"")",0.1169590643274855
"=HYPERLINK(""https://stackoverflow.com/a/56678659"", ""56678659"")",0.8704980842911877
"=HYPERLINK(""https://stackoverflow.com/a/56973174"", ""56973174"")",0.3779108449767132
"=HYPERLINK(""https://stackoverflow.com/a/57051012"", ""57051012"")",0.4140826873385012
"=HYPERLINK(""https://stackoverflow.com/a/57115642"", ""57115642"")",0.8741559238796809
"=HYPERLINK(""https://stackoverflow.com/a/57614094"", ""57614094"")",0.379438717067583
"=HYPERLINK(""https://stackoverflow.com/a/57851597"", ""57851597"")",0.46986373165618445
"=HYPERLINK(""https://stackoverflow.com/a/57865200"", ""57865200"")",0.3557727108215708
"=HYPERLINK(""https://stackoverflow.com/a/57965639"", ""57965639"")",0.5271002710027097
"=HYPERLINK(""https://stackoverflow.com/a/58543128"", ""58543128"")",0.44775413711583933
"=HYPERLINK(""https://stackoverflow.com/a/58648173"", ""58648173"")",0.5043031470777136
"=HYPERLINK(""https://stackoverflow.com/a/58730632"", ""58730632"")",0.6909722222222224
"=HYPERLINK(""https://stackoverflow.com/a/58757108"", ""58757108"")",0.40079365079365065
"=HYPERLINK(""https://stackoverflow.com/a/58838000"", ""58838000"")",0.6476365868631063
"=HYPERLINK(""https://stackoverflow.com/a/59113708"", ""59113708"")",0.3748369500770782
"=HYPERLINK(""https://stackoverflow.com/a/59141714"", ""59141714"")",0.5923520923520922
"=HYPERLINK(""https://stackoverflow.com/a/59152338"", ""59152338"")",0.6276276276276274
"=HYPERLINK(""https://stackoverflow.com/a/59232740"", ""59232740"")",0.23329233292332924
"=HYPERLINK(""https://stackoverflow.com/a/59451394"", ""59451394"")",0.42694663167104135
"=HYPERLINK(""https://stackoverflow.com/a/59515020"", ""59515020"")",0.2519251925192519
"=HYPERLINK(""https://stackoverflow.com/a/59650028"", ""59650028"")",0.5026650266502667
"=HYPERLINK(""https://stackoverflow.com/a/59778458"", ""59778458"")",0.45158002038735984
"=HYPERLINK(""https://stackoverflow.com/a/59781532"", ""59781532"")",0.20219140558123616
"=HYPERLINK(""https://stackoverflow.com/a/59853108"", ""59853108"")",0.6947496947496948
"=HYPERLINK(""https://stackoverflow.com/a/59960355"", ""59960355"")",0.398046398046398
"=HYPERLINK(""https://stackoverflow.com/a/60059476"", ""60059476"")",0.5131313131313132
"=HYPERLINK(""https://stackoverflow.com/a/60395738"", ""60395738"")",0.6490514905149051
"=HYPERLINK(""https://stackoverflow.com/a/60544114"", ""60544114"")",0.1695906432748539
"=HYPERLINK(""https://stackoverflow.com/a/60602283"", ""60602283"")",0.3456399437412094
"=HYPERLINK(""https://stackoverflow.com/a/60662723"", ""60662723"")",0.22222222222222213
"=HYPERLINK(""https://stackoverflow.com/a/60673556"", ""60673556"")",0.11695906432748532
"=HYPERLINK(""https://stackoverflow.com/a/60926030"", ""60926030"")",0.35496558505408055
"=HYPERLINK(""https://stackoverflow.com/a/60982101"", ""60982101"")",0.7857581338244322
"=HYPERLINK(""https://stackoverflow.com/a/61020989"", ""61020989"")",0.4253472222222222
"=HYPERLINK(""https://stackoverflow.com/a/61115634"", ""61115634"")",0.6276276276276274
"=HYPERLINK(""https://stackoverflow.com/a/61443803"", ""61443803"")",0.7222222222222224
"=HYPERLINK(""https://stackoverflow.com/a/61517305"", ""61517305"")",0.5817928841184656
"=HYPERLINK(""https://stackoverflow.com/a/61524463"", ""61524463"")",0.2767676767676767
"=HYPERLINK(""https://stackoverflow.com/a/61688554"", ""61688554"")",0.249016480595428
"=HYPERLINK(""https://stackoverflow.com/a/61812208"", ""61812208"")",0.6617826617826619
"=HYPERLINK(""https://stackoverflow.com/a/62024778"", ""62024778"")",0.5257936507936506
"=HYPERLINK(""https://stackoverflow.com/a/62046674"", ""62046674"")",0.42534722222222227
"=HYPERLINK(""https://stackoverflow.com/a/62080408"", ""62080408"")",0.3866517524235647
"=HYPERLINK(""https://stackoverflow.com/a/62118541"", ""62118541"")",0.6276276276276275
"=HYPERLINK(""https://stackoverflow.com/a/62193408"", ""62193408"")",0.5313131313131313
"=HYPERLINK(""https://stackoverflow.com/a/62200323"", ""62200323"")",0.3091787439613527
"=HYPERLINK(""https://stackoverflow.com/a/62444016"", ""62444016"")",0.8222222222222221
"=HYPERLINK(""https://stackoverflow.com/a/62672027"", ""62672027"")",0.1865079365079364
"=HYPERLINK(""https://stackoverflow.com/a/63023665"", ""63023665"")",0.33622873688020266
"=HYPERLINK(""https://stackoverflow.com/a/63130173"", ""63130173"")",0.6912775968150561
"=HYPERLINK(""https://stackoverflow.com/a/63142908"", ""63142908"")",0.3004463237021377
"=HYPERLINK(""https://stackoverflow.com/a/63196221"", ""63196221"")",0.8913398692810457
"=HYPERLINK(""https://stackoverflow.com/a/63491863"", ""63491863"")",0.3257936507936509
"=HYPERLINK(""https://stackoverflow.com/a/63712374"", ""63712374"")",0.5500910746812389
"=HYPERLINK(""https://stackoverflow.com/a/63727844"", ""63727844"")",0.6722222222222223
"=HYPERLINK(""https://stackoverflow.com/a/63950384"", ""63950384"")",0.35066258919469934
"=HYPERLINK(""https://stackoverflow.com/a/64258283"", ""64258283"")",0.5880758807588072
"=HYPERLINK(""https://stackoverflow.com/a/64344309"", ""64344309"")",0.4824961948249619
"=HYPERLINK(""https://stackoverflow.com/a/64365258"", ""64365258"")",0.4905149051490514
"=HYPERLINK(""https://stackoverflow.com/a/64370458"", ""64370458"")",0.46150793650793664
"=HYPERLINK(""https://stackoverflow.com/a/64537679"", ""64537679"")",0.4618535586277516
"=HYPERLINK(""https://stackoverflow.com/a/64545193"", ""64545193"")",0.8485958485958486
"=HYPERLINK(""https://stackoverflow.com/a/64572655"", ""64572655"")",0.524974515800204
"=HYPERLINK(""https://stackoverflow.com/a/64715986"", ""64715986"")",0.4230418943533699
"=HYPERLINK(""https://stackoverflow.com/a/64759652"", ""64759652"")",0.3131313131313132
"=HYPERLINK(""https://stackoverflow.com/a/64858608"", ""64858608"")",0.327485380116959
"=HYPERLINK(""https://stackoverflow.com/a/64884772"", ""64884772"")",0.7432748538011701
"=HYPERLINK(""https://stackoverflow.com/a/65012038"", ""65012038"")",0.7065972222222224
"=HYPERLINK(""https://stackoverflow.com/a/65098722"", ""65098722"")",0.38548752834467126
"=HYPERLINK(""https://stackoverflow.com/a/65124410"", ""65124410"")",0.4291187739463602
"=HYPERLINK(""https://stackoverflow.com/a/65308155"", ""65308155"")",0.4584031267448352
"=HYPERLINK(""https://stackoverflow.com/a/65388397"", ""65388397"")",0.38593903638151444
"=HYPERLINK(""https://stackoverflow.com/a/65412078"", ""65412078"")",0.7100271002710026
"=HYPERLINK(""https://stackoverflow.com/a/65578740"", ""65578740"")",0.6980842911877395
"=HYPERLINK(""https://stackoverflow.com/a/65744499"", ""65744499"")",0.430186823992134
"=HYPERLINK(""https://stackoverflow.com/a/65842629"", ""65842629"")",0.25793650793650785
"=HYPERLINK(""https://stackoverflow.com/a/65847726"", ""65847726"")",0.560153256704981
"=HYPERLINK(""https://stackoverflow.com/a/65915600"", ""65915600"")",0.6612466124661246
"=HYPERLINK(""https://stackoverflow.com/a/65933783"", ""65933783"")",0.4000878348704436
"=HYPERLINK(""https://stackoverflow.com/a/66059541"", ""66059541"")",0.5016339869281046
"=HYPERLINK(""https://stackoverflow.com/a/66245996"", ""66245996"")",0.5629301868239922
"=HYPERLINK(""https://stackoverflow.com/a/66498097"", ""66498097"")",0.3619812583668003
"=HYPERLINK(""https://stackoverflow.com/a/66748457"", ""66748457"")",0.3267238299392642
"=HYPERLINK(""https://stackoverflow.com/a/66787311"", ""66787311"")",0.8285214348206477
"=HYPERLINK(""https://stackoverflow.com/a/66791294"", ""66791294"")",0.6398046398046399
"=HYPERLINK(""https://stackoverflow.com/a/66822071"", ""66822071"")",0.47831978319783164
"=HYPERLINK(""https://stackoverflow.com/a/67063571"", ""67063571"")",0.8522222222222221
"=HYPERLINK(""https://stackoverflow.com/a/67099823"", ""67099823"")",0.6074681238615666
"=HYPERLINK(""https://stackoverflow.com/a/67144246"", ""67144246"")",0.6507936507936506
"=HYPERLINK(""https://stackoverflow.com/a/67194154"", ""67194154"")",0.7176350662589194
"=HYPERLINK(""https://stackoverflow.com/a/67322030"", ""67322030"")",0.5923387403853474
"=HYPERLINK(""https://stackoverflow.com/a/67399102"", ""67399102"")",0.8003472222222225
"=HYPERLINK(""https://stackoverflow.com/a/67511155"", ""67511155"")",0.28874106922887394
"=HYPERLINK(""https://stackoverflow.com/a/67604857"", ""67604857"")",0.5071059431524547
"=HYPERLINK(""https://stackoverflow.com/a/67715173"", ""67715173"")",0.42133726647000974
"=HYPERLINK(""https://stackoverflow.com/a/67745039"", ""67745039"")",0.1798493408662899
