link,Correlation
"=HYPERLINK(""https://stackoverflow.com/a/1914581"", ""1914581"")",0.37476459510357807
"=HYPERLINK(""https://stackoverflow.com/a/9418463"", ""9418463"")",0.20048309178743967
"=HYPERLINK(""https://stackoverflow.com/a/10551777"", ""10551777"")",0.7611832611832611
"=HYPERLINK(""https://stackoverflow.com/a/11961076"", ""11961076"")",0.42304189435336975
"=HYPERLINK(""https://stackoverflow.com/a/12949787"", ""12949787"")",0.41318731462468583
"=HYPERLINK(""https://stackoverflow.com/a/15648763"", ""15648763"")",0.2949494949494949
"=HYPERLINK(""https://stackoverflow.com/a/16330967"", ""16330967"")",0.6816816816816815
"=HYPERLINK(""https://stackoverflow.com/a/16537533"", ""16537533"")",0.31147028968532814
"=HYPERLINK(""https://stackoverflow.com/a/18099674"", ""18099674"")",0.30856583455702424
"=HYPERLINK(""https://stackoverflow.com/a/18283449"", ""18283449"")",0.40903540903540897
"=HYPERLINK(""https://stackoverflow.com/a/19728175"", ""19728175"")",0.4905149051490513
"=HYPERLINK(""https://stackoverflow.com/a/22260012"", ""22260012"")",0.18704634282523716
"=HYPERLINK(""https://stackoverflow.com/a/24167444"", ""24167444"")",0.524974515800204
"=HYPERLINK(""https://stackoverflow.com/a/27580594"", ""27580594"")",0.2710027100271001
"=HYPERLINK(""https://stackoverflow.com/a/28028839"", ""28028839"")",0.43961352657004843
"=HYPERLINK(""https://stackoverflow.com/a/30941915"", ""30941915"")",0.5779073534175574
"=HYPERLINK(""https://stackoverflow.com/a/32452402"", ""32452402"")",0.32313965341488277
"=HYPERLINK(""https://stackoverflow.com/a/33036582"", ""33036582"")",0.38323917137476454
"=HYPERLINK(""https://stackoverflow.com/a/33814247"", ""33814247"")",0.5274170274170278
"=HYPERLINK(""https://stackoverflow.com/a/34340241"", ""34340241"")",0.45844269466316717
"=HYPERLINK(""https://stackoverflow.com/a/35195249"", ""35195249"")",0.4634282523729759
"=HYPERLINK(""https://stackoverflow.com/a/35322198"", ""35322198"")",0.5536175710594317
"=HYPERLINK(""https://stackoverflow.com/a/36073742"", ""36073742"")",0.43408662900188333
"=HYPERLINK(""https://stackoverflow.com/a/39285517"", ""39285517"")",0.44222222222222207
"=HYPERLINK(""https://stackoverflow.com/a/42172680"", ""42172680"")",0.30197682344921584
"=HYPERLINK(""https://stackoverflow.com/a/43120086"", ""43120086"")",0.4214842148421483
"=HYPERLINK(""https://stackoverflow.com/a/43618698"", ""43618698"")",0.6989664082687337
"=HYPERLINK(""https://stackoverflow.com/a/44395911"", ""44395911"")",0.40862020710887204
"=HYPERLINK(""https://stackoverflow.com/a/45635853"", ""45635853"")",0.5711583924349882
"=HYPERLINK(""https://stackoverflow.com/a/45854779"", ""45854779"")",0.38834600072385095
"=HYPERLINK(""https://stackoverflow.com/a/47178092"", ""47178092"")",0.3879525593008739
"=HYPERLINK(""https://stackoverflow.com/a/47446871"", ""47446871"")",0.3853801169590645
"=HYPERLINK(""https://stackoverflow.com/a/47772069"", ""47772069"")",0.41073896863370574
"=HYPERLINK(""https://stackoverflow.com/a/47822730"", ""47822730"")",0.32748538011695905
"=HYPERLINK(""https://stackoverflow.com/a/49363860"", ""49363860"")",0.439243498817967
"=HYPERLINK(""https://stackoverflow.com/a/49884054"", ""49884054"")",0.11695906432748529
"=HYPERLINK(""https://stackoverflow.com/a/50116782"", ""50116782"")",0.4086629001883237
"=HYPERLINK(""https://stackoverflow.com/a/50858707"", ""50858707"")",0.4519519519519521
"=HYPERLINK(""https://stackoverflow.com/a/51261404"", ""51261404"")",0.5214348206474191
"=HYPERLINK(""https://stackoverflow.com/a/52257906"", ""52257906"")",0.3478503629257397
"=HYPERLINK(""https://stackoverflow.com/a/52738277"", ""52738277"")",0.4141041410414106
"=HYPERLINK(""https://stackoverflow.com/a/53438713"", ""53438713"")",0.34922222222222216
"=HYPERLINK(""https://stackoverflow.com/a/55040574"", ""55040574"")",0.4097222222222223
"=HYPERLINK(""https://stackoverflow.com/a/55479872"", ""55479872"")",0.33181126331811267
"=HYPERLINK(""https://stackoverflow.com/a/56948300"", ""56948300"")",0.47000983284169123
"=HYPERLINK(""https://stackoverflow.com/a/57256230"", ""57256230"")",0.7245263696876599
"=HYPERLINK(""https://stackoverflow.com/a/57394350"", ""57394350"")",0.6094562647754137
"=HYPERLINK(""https://stackoverflow.com/a/59126456"", ""59126456"")",0.38757655293088394
"=HYPERLINK(""https://stackoverflow.com/a/59497140"", ""59497140"")",0.15079365079365073
"=HYPERLINK(""https://stackoverflow.com/a/59688149"", ""59688149"")",0.6096760967609677
"=HYPERLINK(""https://stackoverflow.com/a/60194485"", ""60194485"")",0.2663398692810458
"=HYPERLINK(""https://stackoverflow.com/a/60969829"", ""60969829"")",0.4477541371158393
"=HYPERLINK(""https://stackoverflow.com/a/61919316"", ""61919316"")",0.2912598791259877
"=HYPERLINK(""https://stackoverflow.com/a/61949394"", ""61949394"")",0.325192519251925
"=HYPERLINK(""https://stackoverflow.com/a/61949850"", ""61949850"")",0.28859390363815157
"=HYPERLINK(""https://stackoverflow.com/a/62169149"", ""62169149"")",0.23801169590643276
"=HYPERLINK(""https://stackoverflow.com/a/62840312"", ""62840312"")",0.40972222222222227
"=HYPERLINK(""https://stackoverflow.com/a/63727292"", ""63727292"")",0.7093070930709309
"=HYPERLINK(""https://stackoverflow.com/a/63774605"", ""63774605"")",0.5613225682429837
"=HYPERLINK(""https://stackoverflow.com/a/63839025"", ""63839025"")",0.442002442002442
"=HYPERLINK(""https://stackoverflow.com/a/63951792"", ""63951792"")",0.4271402550091078
"=HYPERLINK(""https://stackoverflow.com/a/64554705"", ""64554705"")",0.2122222222222221
"=HYPERLINK(""https://stackoverflow.com/a/64825851"", ""64825851"")",0.7836976320582878
"=HYPERLINK(""https://stackoverflow.com/a/65954450"", ""65954450"")",0.696248196248196
