"link","Correlation","score","view_count"
"=HYPERLINK(""https://stackoverflow.com/q/1497383"", ""1497383"")",0.584426946631671,"2","2262"
"=HYPERLINK(""https://stackoverflow.com/q/1913812"", ""1913812"")",0.4931581828133551,"1","1517"
"=HYPERLINK(""https://stackoverflow.com/q/1974454"", ""1974454"")",0.2427000379218808,"4","5813"
"=HYPERLINK(""https://stackoverflow.com/q/4861270"", ""4861270"")",0.4538011695906434,"1","8273"
"=HYPERLINK(""https://stackoverflow.com/q/4926787"", ""4926787"")",0.6277521761392727,"6","3813"
"=HYPERLINK(""https://stackoverflow.com/q/4930695"", ""4930695"")",0.3808429118773947,"1","5739"
"=HYPERLINK(""https://stackoverflow.com/q/5454996"", ""5454996"")",0.5241090146750523,"1","8822"
"=HYPERLINK(""https://stackoverflow.com/q/5820180"", ""5820180"")",0.3005632360471069,"14","12667"
"=HYPERLINK(""https://stackoverflow.com/q/6738882"", ""6738882"")",0.8398692810457516,"1","1621"
"=HYPERLINK(""https://stackoverflow.com/q/6958876"", ""6958876"")",0.4624819624819622,"0","4277"
"=HYPERLINK(""https://stackoverflow.com/q/7442604"", ""7442604"")",0.8352657004830917,"1","1064"
"=HYPERLINK(""https://stackoverflow.com/q/8208594"", ""8208594"")",0.5091074681238617,"0","920"
"=HYPERLINK(""https://stackoverflow.com/q/8351671"", ""8351671"")",0.2642069550466498,"0","468"
"=HYPERLINK(""https://stackoverflow.com/q/9093523"", ""9093523"")",0.5265700483091788,"2","2134"
"=HYPERLINK(""https://stackoverflow.com/q/9201163"", ""9201163"")",0.2399605814239959,"1","4780"
"=HYPERLINK(""https://stackoverflow.com/q/9906658"", ""9906658"")",0.5689558905639308,"0","580"
"=HYPERLINK(""https://stackoverflow.com/q/10254158"", ""10254158"")",0.4962747003563328,"1","2012"
"=HYPERLINK(""https://stackoverflow.com/q/10421617"", ""10421617"")",0.1894949494949495,"0","1642"
"=HYPERLINK(""https://stackoverflow.com/q/10539132"", ""10539132"")",0.5544697792254795,"1","939"
"=HYPERLINK(""https://stackoverflow.com/q/10770479"", ""10770479"")",0.4383026242322724,"1","353"
"=HYPERLINK(""https://stackoverflow.com/q/11136764"", ""11136764"")",0.4705592510470559,"1","966"
"=HYPERLINK(""https://stackoverflow.com/q/11583998"", ""11583998"")",0.3004830917874393,"0","1189"
"=HYPERLINK(""https://stackoverflow.com/q/11697264"", ""11697264"")",0.297926447574335,"0","2561"
"=HYPERLINK(""https://stackoverflow.com/q/12800180"", ""12800180"")",0.2387316561844863,"3","17283"
"=HYPERLINK(""https://stackoverflow.com/q/13712540"", ""13712540"")",0.629091442829884,"2","4029"
"=HYPERLINK(""https://stackoverflow.com/q/13714157"", ""13714157"")",0.4190972222222223,"1","399"
"=HYPERLINK(""https://stackoverflow.com/q/13910226"", ""13910226"")",0.3401140391431653,"1","818"
"=HYPERLINK(""https://stackoverflow.com/q/14598065"", ""14598065"")",0.3757936507936508,"0","2172"
"=HYPERLINK(""https://stackoverflow.com/q/14956963"", ""14956963"")",0.6494374120956398,"1","3693"
"=HYPERLINK(""https://stackoverflow.com/q/15118835"", ""15118835"")",0.3256270141516044,"2","676"
"=HYPERLINK(""https://stackoverflow.com/q/15521782"", ""15521782"")",0.4439795443979543,"0","145"
"=HYPERLINK(""https://stackoverflow.com/q/15702351"", ""15702351"")",0.7448352875488554,"0","108"
"=HYPERLINK(""https://stackoverflow.com/q/15947160"", ""15947160"")",0.3955176767676767,"0","353"
"=HYPERLINK(""https://stackoverflow.com/q/16465021"", ""16465021"")",0.4825351667456929,"0","915"
"=HYPERLINK(""https://stackoverflow.com/q/16760781"", ""16760781"")",0.7030732860520095,"2","20379"
"=HYPERLINK(""https://stackoverflow.com/q/17840780"", ""17840780"")",0.4600072385088671,"1","767"
"=HYPERLINK(""https://stackoverflow.com/q/18083701"", ""18083701"")",0.3825361235675136,"1","2774"
"=HYPERLINK(""https://stackoverflow.com/q/18106224"", ""18106224"")",0.624202420242024,"1","1077"
"=HYPERLINK(""https://stackoverflow.com/q/18187448"", ""18187448"")",0.5260196905766525,"0","67"
"=HYPERLINK(""https://stackoverflow.com/q/18594392"", ""18594392"")",0.6530522617479138,"1","406"
"=HYPERLINK(""https://stackoverflow.com/q/18633693"", ""18633693"")",0.6393076493579006,"0","256"
"=HYPERLINK(""https://stackoverflow.com/q/19119203"", ""19119203"")",0.6278825995807128,"0","2306"
"=HYPERLINK(""https://stackoverflow.com/q/19727757"", ""19727757"")",0.5549070471249459,"3","2281"
"=HYPERLINK(""https://stackoverflow.com/q/21884772"", ""21884772"")",0.7068638604474782,"0","5053"
"=HYPERLINK(""https://stackoverflow.com/q/23489587"", ""23489587"")",0.4371543489190547,"0","51"
"=HYPERLINK(""https://stackoverflow.com/q/23499055"", ""23499055"")",0.5176767676767676,"0","677"
"=HYPERLINK(""https://stackoverflow.com/q/23933300"", ""23933300"")",0.4995597816516994,"1","727"
"=HYPERLINK(""https://stackoverflow.com/q/23947848"", ""23947848"")",0.4244382887042167,"0","1057"
"=HYPERLINK(""https://stackoverflow.com/q/24140820"", ""24140820"")",0.4979954180985107,"6","33453"
"=HYPERLINK(""https://stackoverflow.com/q/24775573"", ""24775573"")",0.3078675780726443,"2","1339"
"=HYPERLINK(""https://stackoverflow.com/q/24796510"", ""24796510"")",0.6091000502765208,"1","258"
"=HYPERLINK(""https://stackoverflow.com/q/24962584"", ""24962584"")",0.4623836752999215,"0","338"
"=HYPERLINK(""https://stackoverflow.com/q/25153190"", ""25153190"")",0.3505408062930185,"1","11297"
"=HYPERLINK(""https://stackoverflow.com/q/25310935"", ""25310935"")",0.4070471249459574,"0","564"
"=HYPERLINK(""https://stackoverflow.com/q/25673603"", ""25673603"")",0.3643908969210173,"0","2957"
"=HYPERLINK(""https://stackoverflow.com/q/26128386"", ""26128386"")",0.4747819491846794,"0","2201"
"=HYPERLINK(""https://stackoverflow.com/q/26174643"", ""26174643"")",0.7682344921608725,"1","487"
"=HYPERLINK(""https://stackoverflow.com/q/26784510"", ""26784510"")",0.8072024593763722,"4","5735"
"=HYPERLINK(""https://stackoverflow.com/q/26849387"", ""26849387"")",0.5024990388312189,"2","530"
"=HYPERLINK(""https://stackoverflow.com/q/26982481"", ""26982481"")",0.4274109014675053,"0","794"
"=HYPERLINK(""https://stackoverflow.com/q/27265184"", ""27265184"")",0.5913497390007458,"0","385"
"=HYPERLINK(""https://stackoverflow.com/q/27580466"", ""27580466"")",0.5800203873598369,"0","641"
"=HYPERLINK(""https://stackoverflow.com/q/27793944"", ""27793944"")",0.4048569527611442,"1","1336"
"=HYPERLINK(""https://stackoverflow.com/q/27881498"", ""27881498"")",0.6047107014848949,"0","992"
"=HYPERLINK(""https://stackoverflow.com/q/27987429"", ""27987429"")",0.5107597716293371,"0","186"
"=HYPERLINK(""https://stackoverflow.com/q/27995028"", ""27995028"")",0.7312042581503656,"2","715"
"=HYPERLINK(""https://stackoverflow.com/q/28221298"", ""28221298"")",0.5912259122591226,"1","802"
"=HYPERLINK(""https://stackoverflow.com/q/28454757"", ""28454757"")",0.3881208397337429,"1","425"
"=HYPERLINK(""https://stackoverflow.com/q/28478299"", ""28478299"")",0.2098955658277692,"0","902"
"=HYPERLINK(""https://stackoverflow.com/q/28601892"", ""28601892"")",0.4168168168168168,"4","15971"
"=HYPERLINK(""https://stackoverflow.com/q/28633854"", ""28633854"")",0.4860803153486079,"0","469"
"=HYPERLINK(""https://stackoverflow.com/q/28727869"", ""28727869"")",0.8458384583845836,"0","3140"
"=HYPERLINK(""https://stackoverflow.com/q/29161339"", ""29161339"")",0.6056214317083884,"1","601"
"=HYPERLINK(""https://stackoverflow.com/q/29299435"", ""29299435"")",0.4162520729684909,"0","193"
"=HYPERLINK(""https://stackoverflow.com/q/29693889"", ""29693889"")",0.4765700483091783,"1","1596"
"=HYPERLINK(""https://stackoverflow.com/q/29787828"", ""29787828"")",0.6578050443081116,"2","21445"
"=HYPERLINK(""https://stackoverflow.com/q/29895764"", ""29895764"")",0.4217787632421775,"0","458"
"=HYPERLINK(""https://stackoverflow.com/q/29988940"", ""29988940"")",0.2898812208690423,"0","288"
"=HYPERLINK(""https://stackoverflow.com/q/30055218"", ""30055218"")",0.5466497031382527,"1","1847"
"=HYPERLINK(""https://stackoverflow.com/q/30186422"", ""30186422"")",0.4788957335158566,"0","1265"
"=HYPERLINK(""https://stackoverflow.com/q/30269434"", ""30269434"")",0.5115839243498819,"0","3054"
"=HYPERLINK(""https://stackoverflow.com/q/30795871"", ""30795871"")",0.2996870109546166,"0","391"
"=HYPERLINK(""https://stackoverflow.com/q/30933780"", ""30933780"")",0.5652256351915053,"1","1961"
"=HYPERLINK(""https://stackoverflow.com/q/31394040"", ""31394040"")",0.4363280156731037,"0","560"
"=HYPERLINK(""https://stackoverflow.com/q/31465082"", ""31465082"")",0.3927979151859748,"0","155"
"=HYPERLINK(""https://stackoverflow.com/q/31694209"", ""31694209"")",0.7371158392434988,"0","355"
"=HYPERLINK(""https://stackoverflow.com/q/32048378"", ""32048378"")",0.4024547803617568,"0","762"
"=HYPERLINK(""https://stackoverflow.com/q/32116833"", ""32116833"")",0.4284077892325313,"1","1643"
"=HYPERLINK(""https://stackoverflow.com/q/32254379"", ""32254379"")",0.4753867791842476,"0","3199"
"=HYPERLINK(""https://stackoverflow.com/q/32348566"", ""32348566"")",0.9148451730418944,"0","24"
"=HYPERLINK(""https://stackoverflow.com/q/32879382"", ""32879382"")",0.2636472429347325,"0","3057"
"=HYPERLINK(""https://stackoverflow.com/q/33008527"", ""33008527"")",0.5717031910803537,"0","732"
"=HYPERLINK(""https://stackoverflow.com/q/33036014"", ""33036014"")",0.7146845337800111,"2","7303"
"=HYPERLINK(""https://stackoverflow.com/q/33167452"", ""33167452"")",0.3944994499449942,"4","3359"
"=HYPERLINK(""https://stackoverflow.com/q/33196041"", ""33196041"")",0.3975468975468973,"0","1690"
"=HYPERLINK(""https://stackoverflow.com/q/33273635"", ""33273635"")",0.5782989812840559,"0","101"
"=HYPERLINK(""https://stackoverflow.com/q/33413687"", ""33413687"")",0.2551101975562407,"0","1456"
"=HYPERLINK(""https://stackoverflow.com/q/33566729"", ""33566729"")",0.4334898278560249,"2","1860"
"=HYPERLINK(""https://stackoverflow.com/q/33672964"", ""33672964"")",0.4580712788259957,"0","844"
"=HYPERLINK(""https://stackoverflow.com/q/33766431"", ""33766431"")",0.5824237335572348,"1","420"
"=HYPERLINK(""https://stackoverflow.com/q/33993777"", ""33993777"")",0.491209563994374,"0","275"
"=HYPERLINK(""https://stackoverflow.com/q/34305702"", ""34305702"")",0.2906432748538012,"0","459"
"=HYPERLINK(""https://stackoverflow.com/q/34377578"", ""34377578"")",0.2776783939574638,"1","2151"
"=HYPERLINK(""https://stackoverflow.com/q/34404543"", ""34404543"")",0.3187240316311484,"0","129"
"=HYPERLINK(""https://stackoverflow.com/q/34657313"", ""34657313"")",0.4975386779184248,"0","403"
"=HYPERLINK(""https://stackoverflow.com/q/34783882"", ""34783882"")",0.5827991452991453,"0","152"
"=HYPERLINK(""https://stackoverflow.com/q/35058153"", ""35058153"")",0.6327280587980977,"2","717"
"=HYPERLINK(""https://stackoverflow.com/q/35235698"", ""35235698"")",0.5590643274853802,"0","2557"
"=HYPERLINK(""https://stackoverflow.com/q/35267773"", ""35267773"")",0.3770894788593905,"1","115"
"=HYPERLINK(""https://stackoverflow.com/q/35319087"", ""35319087"")",0.3591324904923422,"0","1229"
"=HYPERLINK(""https://stackoverflow.com/q/35452998"", ""35452998"")",0.6636015325670499,"0","4741"
"=HYPERLINK(""https://stackoverflow.com/q/35584023"", ""35584023"")",0.443979544397954,"0","1051"
"=HYPERLINK(""https://stackoverflow.com/q/35866136"", ""35866136"")",0.8234492160872525,"2","84"
"=HYPERLINK(""https://stackoverflow.com/q/36064097"", ""36064097"")",0.6281262812628128,"0","59"
"=HYPERLINK(""https://stackoverflow.com/q/36431538"", ""36431538"")",0.4762938834600071,"0","231"
"=HYPERLINK(""https://stackoverflow.com/q/37148654"", ""37148654"")",0.457516339869281,"3","2090"
"=HYPERLINK(""https://stackoverflow.com/q/37389054"", ""37389054"")",0.26006006006006,"0","52"
"=HYPERLINK(""https://stackoverflow.com/q/37677419"", ""37677419"")",0.6809178743961352,"1","896"
"=HYPERLINK(""https://stackoverflow.com/q/37841355"", ""37841355"")",0.4769392033542977,"2","3650"
"=HYPERLINK(""https://stackoverflow.com/q/38091074"", ""38091074"")",0.8000910746812386,"1","1316"
"=HYPERLINK(""https://stackoverflow.com/q/38103875"", ""38103875"")",0.4973762263289985,"1","7433"
"=HYPERLINK(""https://stackoverflow.com/q/38216980"", ""38216980"")",0.3331008833100881,"1","1232"
"=HYPERLINK(""https://stackoverflow.com/q/38632210"", ""38632210"")",0.3538011695906433,"0","620"
"=HYPERLINK(""https://stackoverflow.com/q/38643356"", ""38643356"")",0.2341112578893291,"0","86"
"=HYPERLINK(""https://stackoverflow.com/q/38783550"", ""38783550"")",0.3197831978319781,"0","1914"
"=HYPERLINK(""https://stackoverflow.com/q/38823269"", ""38823269"")",0.7644757433489829,"0","929"
"=HYPERLINK(""https://stackoverflow.com/q/38911751"", ""38911751"")",0.6007936507936508,"0","248"
"=HYPERLINK(""https://stackoverflow.com/q/39243374"", ""39243374"")",0.4878111367718757,"0","645"
"=HYPERLINK(""https://stackoverflow.com/q/39270254"", ""39270254"")",0.360510086756559,"4","1309"
"=HYPERLINK(""https://stackoverflow.com/q/39361272"", ""39361272"")",0.4376918354818908,"0","605"
"=HYPERLINK(""https://stackoverflow.com/q/39757269"", ""39757269"")",0.2605200945626478,"0","68"
"=HYPERLINK(""https://stackoverflow.com/q/39823768"", ""39823768"")",0.7959064327485382,"0","222"
"=HYPERLINK(""https://stackoverflow.com/q/40416199"", ""40416199"")",0.4298346789696269,"0","694"
"=HYPERLINK(""https://stackoverflow.com/q/40681260"", ""40681260"")",0.6181498240321769,"1","91"
"=HYPERLINK(""https://stackoverflow.com/q/40924567"", ""40924567"")",0.6034376918354819,"0","185"
"=HYPERLINK(""https://stackoverflow.com/q/40932253"", ""40932253"")",0.2556729264475745,"2","678"
"=HYPERLINK(""https://stackoverflow.com/q/41257691"", ""41257691"")",0.8947885939036383,"0","267"
"=HYPERLINK(""https://stackoverflow.com/q/41377662"", ""41377662"")",0.6862879306411133,"5","544"
"=HYPERLINK(""https://stackoverflow.com/q/41698593"", ""41698593"")",0.3646272855133616,"1","487"
"=HYPERLINK(""https://stackoverflow.com/q/41947574"", ""41947574"")",0.6382527565733672,"1","1916"
"=HYPERLINK(""https://stackoverflow.com/q/42026693"", ""42026693"")",0.3477452347745232,"0","189"
"=HYPERLINK(""https://stackoverflow.com/q/42074147"", ""42074147"")",0.3808938089380895,"0","1181"
"=HYPERLINK(""https://stackoverflow.com/q/42284300"", ""42284300"")",0.3700483091787439,"1","9952"
"=HYPERLINK(""https://stackoverflow.com/q/42384993"", ""42384993"")",0.297536029753603,"1","3732"
"=HYPERLINK(""https://stackoverflow.com/q/42441030"", ""42441030"")",0.7805044308111792,"0","629"
"=HYPERLINK(""https://stackoverflow.com/q/42448701"", ""42448701"")",0.663167104111986,"0","246"
"=HYPERLINK(""https://stackoverflow.com/q/42809736"", ""42809736"")",0.426182618261826,"1","112"
"=HYPERLINK(""https://stackoverflow.com/q/42825441"", ""42825441"")",0.3874941887494187,"1","649"
"=HYPERLINK(""https://stackoverflow.com/q/42946566"", ""42946566"")",0.4092451229855813,"1","797"
"=HYPERLINK(""https://stackoverflow.com/q/42955433"", ""42955433"")",0.4000878348704433,"2","592"
"=HYPERLINK(""https://stackoverflow.com/q/43254104"", ""43254104"")",0.4099145299145303,"0","11628"
"=HYPERLINK(""https://stackoverflow.com/q/43349785"", ""43349785"")",0.2465465465465465,"0","493"
"=HYPERLINK(""https://stackoverflow.com/q/43586733"", ""43586733"")",0.7567844342037889,"1","720"
"=HYPERLINK(""https://stackoverflow.com/q/43617669"", ""43617669"")",0.916033297140789,"2","1599"
"=HYPERLINK(""https://stackoverflow.com/q/43659874"", ""43659874"")",0.5361757105943155,"1","267"
"=HYPERLINK(""https://stackoverflow.com/q/43704179"", ""43704179"")",0.5808228053126012,"0","165"
"=HYPERLINK(""https://stackoverflow.com/q/43908351"", ""43908351"")",0.1989664082687337,"0","1125"
"=HYPERLINK(""https://stackoverflow.com/q/43984189"", ""43984189"")",0.4604772557792693,"0","507"
"=HYPERLINK(""https://stackoverflow.com/q/44164049"", ""44164049"")",0.3839243498817967,"0","450"
"=HYPERLINK(""https://stackoverflow.com/q/44200839"", ""44200839"")",0.4190726159230101,"1","5847"
"=HYPERLINK(""https://stackoverflow.com/q/44361931"", ""44361931"")",0.3695906432748538,"0","369"
"=HYPERLINK(""https://stackoverflow.com/q/44395404"", ""44395404"")",0.51599654128837,"1","4429"
"=HYPERLINK(""https://stackoverflow.com/q/44688922"", ""44688922"")",0.6374471357170319,"2","2884"
"=HYPERLINK(""https://stackoverflow.com/q/44976514"", ""44976514"")",0.4353937993452727,"5","254"
"=HYPERLINK(""https://stackoverflow.com/q/45051636"", ""45051636"")",0.2606837606837607,"0","514"
"=HYPERLINK(""https://stackoverflow.com/q/45081802"", ""45081802"")",0.6115079365079366,"0","22"
"=HYPERLINK(""https://stackoverflow.com/q/45104817"", ""45104817"")",0.8921017402945112,"0","17"
"=HYPERLINK(""https://stackoverflow.com/q/45343216"", ""45343216"")",0.8903073286052009,"1","99"
"=HYPERLINK(""https://stackoverflow.com/q/45359115"", ""45359115"")",0.4860744649662858,"0","711"
"=HYPERLINK(""https://stackoverflow.com/q/45565228"", ""45565228"")",0.6925779534475186,"0","387"
"=HYPERLINK(""https://stackoverflow.com/q/45635531"", ""45635531"")",0.636968766001024,"0","332"
"=HYPERLINK(""https://stackoverflow.com/q/45654997"", ""45654997"")",0.4673584089926502,"0","863"
"=HYPERLINK(""https://stackoverflow.com/q/45817545"", ""45817545"")",0.8656648451730419,"0","586"
"=HYPERLINK(""https://stackoverflow.com/q/45818292"", ""45818292"")",0.6114627285513361,"0","417"
"=HYPERLINK(""https://stackoverflow.com/q/46252548"", ""46252548"")",0.490307328605201,"0","81"
"=HYPERLINK(""https://stackoverflow.com/q/46348397"", ""46348397"")",0.4791392182696528,"2","3662"
"=HYPERLINK(""https://stackoverflow.com/q/46354176"", ""46354176"")",0.3408662900188324,"0","247"
"=HYPERLINK(""https://stackoverflow.com/q/46669282"", ""46669282"")",0.7264063226406322,"0","2055"
"=HYPERLINK(""https://stackoverflow.com/q/46701869"", ""46701869"")",0.4893977947413064,"0","944"
"=HYPERLINK(""https://stackoverflow.com/q/47071917"", ""47071917"")",0.3840866290018833,"0","1984"
"=HYPERLINK(""https://stackoverflow.com/q/47114107"", ""47114107"")",0.4184247538677919,"1","173"
"=HYPERLINK(""https://stackoverflow.com/q/47432140"", ""47432140"")",0.4581093189964159,"0","1473"
"=HYPERLINK(""https://stackoverflow.com/q/47607285"", ""47607285"")",0.514765243254727,"1","915"
"=HYPERLINK(""https://stackoverflow.com/q/47628259"", ""47628259"")",0.3407992973210362,"0","114"
"=HYPERLINK(""https://stackoverflow.com/q/47628302"", ""47628302"")",0.3413187314624684,"0","771"
"=HYPERLINK(""https://stackoverflow.com/q/47758108"", ""47758108"")",0.6897546897546897,"2","878"
"=HYPERLINK(""https://stackoverflow.com/q/47888925"", ""47888925"")",0.6458863443596269,"0","361"
"=HYPERLINK(""https://stackoverflow.com/q/48040039"", ""48040039"")",0.4077425842131723,"1","2787"
"=HYPERLINK(""https://stackoverflow.com/q/48098455"", ""48098455"")",0.7247347850362925,"0","293"
"=HYPERLINK(""https://stackoverflow.com/q/48168734"", ""48168734"")",0.442911877394636,"0","285"
"=HYPERLINK(""https://stackoverflow.com/q/48201849"", ""48201849"")",0.8411147303655446,"1","272"
"=HYPERLINK(""https://stackoverflow.com/q/48234466"", ""48234466"")",0.4258150365934797,"0","543"
"=HYPERLINK(""https://stackoverflow.com/q/48503780"", ""48503780"")",0.5661136249371542,"2","662"
"=HYPERLINK(""https://stackoverflow.com/q/48574540"", ""48574540"")",0.2701264138389886,"0","50"
"=HYPERLINK(""https://stackoverflow.com/q/48768192"", ""48768192"")",0.8031045751633986,"2","217"
"=HYPERLINK(""https://stackoverflow.com/q/48946188"", ""48946188"")",0.6543489190548014,"0","630"
"=HYPERLINK(""https://stackoverflow.com/q/48965299"", ""48965299"")",0.3561714139081343,"0","135"
"=HYPERLINK(""https://stackoverflow.com/q/49148471"", ""49148471"")",0.7383512544802867,"2","2424"
"=HYPERLINK(""https://stackoverflow.com/q/49212191"", ""49212191"")",0.4289529914529915,"0","1666"
"=HYPERLINK(""https://stackoverflow.com/q/49485611"", ""49485611"")",0.6148602590320384,"2","532"
"=HYPERLINK(""https://stackoverflow.com/q/49679262"", ""49679262"")",0.8235812256197308,"0","427"
"=HYPERLINK(""https://stackoverflow.com/q/49680759"", ""49680759"")",0.7960477255779268,"1","1168"
"=HYPERLINK(""https://stackoverflow.com/q/49692182"", ""49692182"")",0.3828870421668206,"1","439"
"=HYPERLINK(""https://stackoverflow.com/q/49740260"", ""49740260"")",0.7194824961948248,"1","2693"
"=HYPERLINK(""https://stackoverflow.com/q/49762182"", ""49762182"")",0.4749938408474991,"0","301"
"=HYPERLINK(""https://stackoverflow.com/q/49873359"", ""49873359"")",0.3655196028077384,"1","121"
"=HYPERLINK(""https://stackoverflow.com/q/50116618"", ""50116618"")",0.7558760683760682,"3","4088"
"=HYPERLINK(""https://stackoverflow.com/q/50151082"", ""50151082"")",0.6823449216087252,"2","676"
"=HYPERLINK(""https://stackoverflow.com/q/50276925"", ""50276925"")",0.5240702715035364,"1","2123"
"=HYPERLINK(""https://stackoverflow.com/q/50363606"", ""50363606"")",0.4807449494949494,"0","795"
"=HYPERLINK(""https://stackoverflow.com/q/50406292"", ""50406292"")",0.377931564782776,"0","2275"
"=HYPERLINK(""https://stackoverflow.com/q/50487922"", ""50487922"")",0.7613927291346645,"1","1200"
"=HYPERLINK(""https://stackoverflow.com/q/50610871"", ""50610871"")",0.7169590643274855,"1","700"
"=HYPERLINK(""https://stackoverflow.com/q/50729666"", ""50729666"")",0.7033305345647914,"5","447"
"=HYPERLINK(""https://stackoverflow.com/q/50738644"", ""50738644"")",0.5452991452991451,"0","2955"
"=HYPERLINK(""https://stackoverflow.com/q/50805544"", ""50805544"")",0.6064327485380115,"0","5671"
"=HYPERLINK(""https://stackoverflow.com/q/50843020"", ""50843020"")",0.7819889860706188,"1","567"
"=HYPERLINK(""https://stackoverflow.com/q/50931903"", ""50931903"")",0.338501291989664,"1","67"
"=HYPERLINK(""https://stackoverflow.com/q/50951917"", ""50951917"")",0.5206837606837608,"4","383"
"=HYPERLINK(""https://stackoverflow.com/q/51185013"", ""51185013"")",0.5266577060931901,"0","540"
"=HYPERLINK(""https://stackoverflow.com/q/51416788"", ""51416788"")",0.532748538011696,"0","1120"
"=HYPERLINK(""https://stackoverflow.com/q/51439011"", ""51439011"")",0.839310829817159,"0","818"
"=HYPERLINK(""https://stackoverflow.com/q/51477451"", ""51477451"")",0.3640907343329488,"0","244"
"=HYPERLINK(""https://stackoverflow.com/q/51957147"", ""51957147"")",0.3854875283446712,"3","1962"
"=HYPERLINK(""https://stackoverflow.com/q/52200539"", ""52200539"")",0.4605943152454781,"1","1250"
"=HYPERLINK(""https://stackoverflow.com/q/52302552"", ""52302552"")",0.4689754689754689,"1","400"
"=HYPERLINK(""https://stackoverflow.com/q/52403321"", ""52403321"")",0.5443871706758304,"1","292"
"=HYPERLINK(""https://stackoverflow.com/q/52405749"", ""52405749"")",0.318171049514333,"1","575"
"=HYPERLINK(""https://stackoverflow.com/q/52475159"", ""52475159"")",0.3923253150057273,"0","194"
"=HYPERLINK(""https://stackoverflow.com/q/52603241"", ""52603241"")",0.7922222222222222,"0","66"
"=HYPERLINK(""https://stackoverflow.com/q/52717500"", ""52717500"")",0.6611362493715434,"2","1122"
"=HYPERLINK(""https://stackoverflow.com/q/52817583"", ""52817583"")",0.6197632058287795,"1","792"
"=HYPERLINK(""https://stackoverflow.com/q/53003083"", ""53003083"")",0.4037606837606838,"0","3456"
"=HYPERLINK(""https://stackoverflow.com/q/53039353"", ""53039353"")",0.5710594315245481,"1","802"
"=HYPERLINK(""https://stackoverflow.com/q/53190500"", ""53190500"")",0.4874155923879682,"1","41"
"=HYPERLINK(""https://stackoverflow.com/q/53416209"", ""53416209"")",0.3070048309178742,"0","635"
"=HYPERLINK(""https://stackoverflow.com/q/53473424"", ""53473424"")",0.4920897718910965,"1","369"
"=HYPERLINK(""https://stackoverflow.com/q/53474813"", ""53474813"")",0.5390161153519932,"0","1023"
"=HYPERLINK(""https://stackoverflow.com/q/53596599"", ""53596599"")",0.713406101315421,"1","1387"
"=HYPERLINK(""https://stackoverflow.com/q/53648132"", ""53648132"")",0.6115351993214587,"0","679"
"=HYPERLINK(""https://stackoverflow.com/q/53812078"", ""53812078"")",0.3895154553049287,"0","474"
"=HYPERLINK(""https://stackoverflow.com/q/54134476"", ""54134476"")",0.3722222222222223,"1","1582"
"=HYPERLINK(""https://stackoverflow.com/q/54173232"", ""54173232"")",0.4987199180747568,"1","71"
"=HYPERLINK(""https://stackoverflow.com/q/54191355"", ""54191355"")",0.5808228053126011,"1","532"
"=HYPERLINK(""https://stackoverflow.com/q/54217951"", ""54217951"")",0.459778783308195,"0","483"
"=HYPERLINK(""https://stackoverflow.com/q/54231234"", ""54231234"")",0.3848317645786001,"1","384"
"=HYPERLINK(""https://stackoverflow.com/q/54291296"", ""54291296"")",0.4693813131313128,"0","228"
"=HYPERLINK(""https://stackoverflow.com/q/54339752"", ""54339752"")",0.5124596892406919,"0","545"
"=HYPERLINK(""https://stackoverflow.com/q/54364666"", ""54364666"")",0.3432306255835666,"1","1037"
"=HYPERLINK(""https://stackoverflow.com/q/54368347"", ""54368347"")",0.3684301972026758,"2","233"
"=HYPERLINK(""https://stackoverflow.com/q/54467714"", ""54467714"")",0.3011695906432748,"1","77"
"=HYPERLINK(""https://stackoverflow.com/q/54487103"", ""54487103"")",0.6083608360836084,"1","146"
"=HYPERLINK(""https://stackoverflow.com/q/54636322"", ""54636322"")",0.5837857401375316,"0","76"
"=HYPERLINK(""https://stackoverflow.com/q/54650802"", ""54650802"")",0.4915949159491595,"0","2280"
"=HYPERLINK(""https://stackoverflow.com/q/54775702"", ""54775702"")",0.7815442561205271,"0","694"
"=HYPERLINK(""https://stackoverflow.com/q/54779367"", ""54779367"")",0.4722222222222221,"0","1355"
"=HYPERLINK(""https://stackoverflow.com/q/54813854"", ""54813854"")",0.5961352657004831,"0","283"
"=HYPERLINK(""https://stackoverflow.com/q/54924275"", ""54924275"")",0.6517524235645044,"0","31"
"=HYPERLINK(""https://stackoverflow.com/q/54945999"", ""54945999"")",0.5206093189964157,"0","304"
"=HYPERLINK(""https://stackoverflow.com/q/55010153"", ""55010153"")",0.5128531973656255,"0","110"
"=HYPERLINK(""https://stackoverflow.com/q/55062208"", ""55062208"")",0.3170199100834939,"1","120"
"=HYPERLINK(""https://stackoverflow.com/q/55105622"", ""55105622"")",0.6094562647754137,"0","825"
"=HYPERLINK(""https://stackoverflow.com/q/55114968"", ""55114968"")",0.5286534958666107,"1","204"
"=HYPERLINK(""https://stackoverflow.com/q/55311928"", ""55311928"")",0.5036292573981013,"1","814"
"=HYPERLINK(""https://stackoverflow.com/q/55379902"", ""55379902"")",0.755009107468124,"1","60"
"=HYPERLINK(""https://stackoverflow.com/q/55427869"", ""55427869"")",0.3977060931899641,"0","186"
"=HYPERLINK(""https://stackoverflow.com/q/55510594"", ""55510594"")",0.5096473719228208,"2","1501"
"=HYPERLINK(""https://stackoverflow.com/q/55511723"", ""55511723"")",0.4909202831640505,"2","4059"
"=HYPERLINK(""https://stackoverflow.com/q/55536159"", ""55536159"")",0.9183548189073052,"0","85"
"=HYPERLINK(""https://stackoverflow.com/q/55665850"", ""55665850"")",0.5496558505408065,"0","39"
"=HYPERLINK(""https://stackoverflow.com/q/55821054"", ""55821054"")",0.7683476834768348,"0","2710"
"=HYPERLINK(""https://stackoverflow.com/q/55857818"", ""55857818"")",0.417661961635903,"0","1616"
"=HYPERLINK(""https://stackoverflow.com/q/56354135"", ""56354135"")",0.4226995491911959,"1","136"
"=HYPERLINK(""https://stackoverflow.com/q/56568877"", ""56568877"")",0.3094705443698735,"0","88"
"=HYPERLINK(""https://stackoverflow.com/q/56757229"", ""56757229"")",0.2979402378880185,"0","402"
"=HYPERLINK(""https://stackoverflow.com/q/56990210"", ""56990210"")",0.3431290232297789,"0","985"
"=HYPERLINK(""https://stackoverflow.com/q/57021007"", ""57021007"")",0.5371158392434988,"2","215"
"=HYPERLINK(""https://stackoverflow.com/q/57070821"", ""57070821"")",0.5004040404040403,"0","116"
"=HYPERLINK(""https://stackoverflow.com/q/57106927"", ""57106927"")",0.7425174251742515,"1","85"
"=HYPERLINK(""https://stackoverflow.com/q/57167494"", ""57167494"")",0.2916099773242631,"0","79"
"=HYPERLINK(""https://stackoverflow.com/q/57224921"", ""57224921"")",0.6533492347445837,"1","42"
"=HYPERLINK(""https://stackoverflow.com/q/57412834"", ""57412834"")",0.5395653956539566,"1","261"
"=HYPERLINK(""https://stackoverflow.com/q/57616107"", ""57616107"")",0.6114437791084497,"0","44"
"=HYPERLINK(""https://stackoverflow.com/q/57626922"", ""57626922"")",0.5908858166922683,"0","82"
"=HYPERLINK(""https://stackoverflow.com/q/57835121"", ""57835121"")",0.3716198125836678,"0","234"
"=HYPERLINK(""https://stackoverflow.com/q/58097200"", ""58097200"")",0.3420447074293228,"1","310"
"=HYPERLINK(""https://stackoverflow.com/q/58221279"", ""58221279"")",0.344359626802375,"0","75"
"=HYPERLINK(""https://stackoverflow.com/q/58255469"", ""58255469"")",0.4094562647754137,"1","29"
"=HYPERLINK(""https://stackoverflow.com/q/58318074"", ""58318074"")",0.5245478036175711,"0","408"
"=HYPERLINK(""https://stackoverflow.com/q/58489329"", ""58489329"")",0.3466461853558625,"1","164"
"=HYPERLINK(""https://stackoverflow.com/q/58695793"", ""58695793"")",0.6873385012919897,"1","387"
"=HYPERLINK(""https://stackoverflow.com/q/58740005"", ""58740005"")",0.3496585040812929,"0","251"
"=HYPERLINK(""https://stackoverflow.com/q/58835193"", ""58835193"")",0.3881796690307329,"0","202"
"=HYPERLINK(""https://stackoverflow.com/q/59145990"", ""59145990"")",0.3040530127908769,"0","118"
"=HYPERLINK(""https://stackoverflow.com/q/59243633"", ""59243633"")",0.5645867542419266,"1","334"
"=HYPERLINK(""https://stackoverflow.com/q/59267231"", ""59267231"")",0.6402550091074682,"1","239"
"=HYPERLINK(""https://stackoverflow.com/q/59285846"", ""59285846"")",0.4177109440267333,"0","297"
"=HYPERLINK(""https://stackoverflow.com/q/59303971"", ""59303971"")",0.6115664845173042,"0","27"
"=HYPERLINK(""https://stackoverflow.com/q/59366183"", ""59366183"")",0.7249846531614489,"0","1157"
"=HYPERLINK(""https://stackoverflow.com/q/59408079"", ""59408079"")",0.3519690576652604,"0","93"
"=HYPERLINK(""https://stackoverflow.com/q/59644321"", ""59644321"")",0.7796690307328605,"0","114"
"=HYPERLINK(""https://stackoverflow.com/q/59661186"", ""59661186"")",0.5249940772328832,"1","291"
"=HYPERLINK(""https://stackoverflow.com/q/59671684"", ""59671684"")",0.4730365544697792,"1","580"
"=HYPERLINK(""https://stackoverflow.com/q/59683852"", ""59683852"")",0.2416128039396738,"1","282"
"=HYPERLINK(""https://stackoverflow.com/q/59776697"", ""59776697"")",0.295992714025501,"0","80"
"=HYPERLINK(""https://stackoverflow.com/q/59834358"", ""59834358"")",0.3034030340303403,"1","27"
"=HYPERLINK(""https://stackoverflow.com/q/59954547"", ""59954547"")",0.3840847499384084,"0","136"
"=HYPERLINK(""https://stackoverflow.com/q/60063934"", ""60063934"")",0.3912363067292645,"0","175"
"=HYPERLINK(""https://stackoverflow.com/q/60113006"", ""60113006"")",0.6828133552271484,"0","47"
"=HYPERLINK(""https://stackoverflow.com/q/60177565"", ""60177565"")",0.4077060931899642,"0","71"
"=HYPERLINK(""https://stackoverflow.com/q/60296736"", ""60296736"")",0.3218072844628861,"0","545"
"=HYPERLINK(""https://stackoverflow.com/q/60356959"", ""60356959"")",0.452991452991453,"2","3250"
"=HYPERLINK(""https://stackoverflow.com/q/60462908"", ""60462908"")",0.5318456531845652,"0","129"
"=HYPERLINK(""https://stackoverflow.com/q/60513636"", ""60513636"")",0.4924300744162175,"0","188"
"=HYPERLINK(""https://stackoverflow.com/q/60570939"", ""60570939"")",0.8636015325670499,"0","387"
"=HYPERLINK(""https://stackoverflow.com/q/60620482"", ""60620482"")",0.3894247945694892,"3","125"
"=HYPERLINK(""https://stackoverflow.com/q/60629371"", ""60629371"")",0.602998562333128,"0","699"
"=HYPERLINK(""https://stackoverflow.com/q/60685688"", ""60685688"")",0.4000572737686139,"1","76"
"=HYPERLINK(""https://stackoverflow.com/q/60717513"", ""60717513"")",0.8328779599271403,"0","33"
"=HYPERLINK(""https://stackoverflow.com/q/60774129"", ""60774129"")",0.6332894158981115,"1","40"
"=HYPERLINK(""https://stackoverflow.com/q/60874299"", ""60874299"")",0.3118773946360154,"0","690"
"=HYPERLINK(""https://stackoverflow.com/q/60929391"", ""60929391"")",0.4647164485501667,"0","82"
"=HYPERLINK(""https://stackoverflow.com/q/60968270"", ""60968270"")",0.3727768973410811,"0","1986"
"=HYPERLINK(""https://stackoverflow.com/q/61038047"", ""61038047"")",0.8638604474781949,"0","458"
"=HYPERLINK(""https://stackoverflow.com/q/61048897"", ""61048897"")",0.8062930186823992,"0","62"
"=HYPERLINK(""https://stackoverflow.com/q/61056105"", ""61056105"")",0.339086127547666,"0","86"
"=HYPERLINK(""https://stackoverflow.com/q/61246601"", ""61246601"")",0.5438302624232273,"0","74"
"=HYPERLINK(""https://stackoverflow.com/q/61359272"", ""61359272"")",0.4131769960915685,"1","561"
"=HYPERLINK(""https://stackoverflow.com/q/61367723"", ""61367723"")",0.8567191421400865,"0","191"
"=HYPERLINK(""https://stackoverflow.com/q/61392819"", ""61392819"")",0.4052119129438716,"0","584"
"=HYPERLINK(""https://stackoverflow.com/q/61396226"", ""61396226"")",0.3711583924349881,"0","216"
"=HYPERLINK(""https://stackoverflow.com/q/61427181"", ""61427181"")",0.2356450410141686,"0","245"
"=HYPERLINK(""https://stackoverflow.com/q/61455447"", ""61455447"")",0.5524762637926609,"0","93"
"=HYPERLINK(""https://stackoverflow.com/q/61589476"", ""61589476"")",0.6905766526019692,"0","392"
"=HYPERLINK(""https://stackoverflow.com/q/61686276"", ""61686276"")",0.3943533697632059,"0","184"
"=HYPERLINK(""https://stackoverflow.com/q/61736859"", ""61736859"")",0.3302554632194522,"0","114"
"=HYPERLINK(""https://stackoverflow.com/q/61782655"", ""61782655"")",0.5862775217613926,"0","306"
"=HYPERLINK(""https://stackoverflow.com/q/61811489"", ""61811489"")",0.6485380116959065,"1","118"
"=HYPERLINK(""https://stackoverflow.com/q/61879687"", ""61879687"")",0.4308688387635757,"0","27"
"=HYPERLINK(""https://stackoverflow.com/q/61911329"", ""61911329"")",0.3756418155678784,"0","21"
"=HYPERLINK(""https://stackoverflow.com/q/61948118"", ""61948118"")",0.5299145299145299,"0","43"
"=HYPERLINK(""https://stackoverflow.com/q/61949202"", ""61949202"")",0.830517153097798,"0","340"
"=HYPERLINK(""https://stackoverflow.com/q/62020899"", ""62020899"")",0.3861566484517303,"1","20"
"=HYPERLINK(""https://stackoverflow.com/q/62165059"", ""62165059"")",0.4722222222222222,"0","189"
"=HYPERLINK(""https://stackoverflow.com/q/62196631"", ""62196631"")",0.4214656017934708,"0","307"
"=HYPERLINK(""https://stackoverflow.com/q/62234783"", ""62234783"")",0.5870430691277595,"0","74"
"=HYPERLINK(""https://stackoverflow.com/q/62276320"", ""62276320"")",0.7741702741702741,"0","95"
"=HYPERLINK(""https://stackoverflow.com/q/62305233"", ""62305233"")",0.293131313131313,"0","36"
"=HYPERLINK(""https://stackoverflow.com/q/62324149"", ""62324149"")",0.6803503010399561,"0","95"
"=HYPERLINK(""https://stackoverflow.com/q/62355087"", ""62355087"")",0.4067859806114841,"0","39"
"=HYPERLINK(""https://stackoverflow.com/q/62392545"", ""62392545"")",0.3264066799506595,"0","152"
"=HYPERLINK(""https://stackoverflow.com/q/62412793"", ""62412793"")",0.404632645674991,"0","52"
"=HYPERLINK(""https://stackoverflow.com/q/62463944"", ""62463944"")",0.5604575163398692,"0","16"
"=HYPERLINK(""https://stackoverflow.com/q/62468012"", ""62468012"")",0.7581338244321669,"1","127"
"=HYPERLINK(""https://stackoverflow.com/q/62571588"", ""62571588"")",0.5232602845059592,"0","236"
"=HYPERLINK(""https://stackoverflow.com/q/62685819"", ""62685819"")",0.5399562123700056,"0","691"
"=HYPERLINK(""https://stackoverflow.com/q/62881795"", ""62881795"")",0.5388449135150984,"0","80"
"=HYPERLINK(""https://stackoverflow.com/q/62898307"", ""62898307"")",0.4291187739463603,"0","12"
"=HYPERLINK(""https://stackoverflow.com/q/63160248"", ""63160248"")",0.4263744713571704,"0","394"
"=HYPERLINK(""https://stackoverflow.com/q/63172679"", ""63172679"")",0.5302514193025143,"0","668"
"=HYPERLINK(""https://stackoverflow.com/q/63211944"", ""63211944"")",0.3315972222222225,"0","135"
"=HYPERLINK(""https://stackoverflow.com/q/63245880"", ""63245880"")",0.3010399562123698,"0","57"
"=HYPERLINK(""https://stackoverflow.com/q/63254234"", ""63254234"")",0.3052672049211841,"0","21"
"=HYPERLINK(""https://stackoverflow.com/q/63323711"", ""63323711"")",0.5500910746812386,"0","68"
"=HYPERLINK(""https://stackoverflow.com/q/63358654"", ""63358654"")",0.47756981580511,"0","76"
"=HYPERLINK(""https://stackoverflow.com/q/63415636"", ""63415636"")",0.3744778613199664,"0","56"
"=HYPERLINK(""https://stackoverflow.com/q/63452272"", ""63452272"")",0.4989749897498974,"0","94"
"=HYPERLINK(""https://stackoverflow.com/q/63457198"", ""63457198"")",0.4308111792774368,"1","327"
"=HYPERLINK(""https://stackoverflow.com/q/63555589"", ""63555589"")",0.8107177974434612,"0","88"
"=HYPERLINK(""https://stackoverflow.com/q/63611761"", ""63611761"")",0.7107718405428328,"0","33"
"=HYPERLINK(""https://stackoverflow.com/q/63669414"", ""63669414"")",0.374471357170319,"0","72"
"=HYPERLINK(""https://stackoverflow.com/q/63723789"", ""63723789"")",0.6323604710701484,"0","228"
"=HYPERLINK(""https://stackoverflow.com/q/63750273"", ""63750273"")",0.4245122985581003,"0","88"
"=HYPERLINK(""https://stackoverflow.com/q/63761328"", ""63761328"")",0.5065595716198127,"0","362"
"=HYPERLINK(""https://stackoverflow.com/q/63896486"", ""63896486"")",0.2416774751405101,"0","161"
"=HYPERLINK(""https://stackoverflow.com/q/63916462"", ""63916462"")",0.3367123832240112,"0","33"
"=HYPERLINK(""https://stackoverflow.com/q/63921206"", ""63921206"")",0.5316684762938833,"0","14"
"=HYPERLINK(""https://stackoverflow.com/q/63995245"", ""63995245"")",0.5141685309470544,"0","429"
"=HYPERLINK(""https://stackoverflow.com/q/64043467"", ""64043467"")",0.6148602590320382,"1","60"
"=HYPERLINK(""https://stackoverflow.com/q/64070294"", ""64070294"")",0.3861566484517303,"0","384"
"=HYPERLINK(""https://stackoverflow.com/q/64097399"", ""64097399"")",0.9118773946360154,"0","19"
"=HYPERLINK(""https://stackoverflow.com/q/64201881"", ""64201881"")",0.5229741019214703,"0","16"
"=HYPERLINK(""https://stackoverflow.com/q/64225538"", ""64225538"")",0.1507936507936507,"1","26"
"=HYPERLINK(""https://stackoverflow.com/q/64293678"", ""64293678"")",0.3454887861667524,"0","103"
"=HYPERLINK(""https://stackoverflow.com/q/64313123"", ""64313123"")",0.8472222222222221,"0","14"
"=HYPERLINK(""https://stackoverflow.com/q/64354457"", ""64354457"")",0.9271402550091076,"0","53"
"=HYPERLINK(""https://stackoverflow.com/q/64534552"", ""64534552"")",0.4533780011166943,"1","70"
"=HYPERLINK(""https://stackoverflow.com/q/64573737"", ""64573737"")",0.4416217603284576,"0","29"
"=HYPERLINK(""https://stackoverflow.com/q/64575359"", ""64575359"")",0.6774109014675054,"1","46"
"=HYPERLINK(""https://stackoverflow.com/q/64621880"", ""64621880"")",0.2696210661528581,"0","44"
"=HYPERLINK(""https://stackoverflow.com/q/64623902"", ""64623902"")",0.4980842911877395,"1","28"
"=HYPERLINK(""https://stackoverflow.com/q/64696211"", ""64696211"")",0.6318607764390896,"0","221"
"=HYPERLINK(""https://stackoverflow.com/q/64809173"", ""64809173"")",0.478859390363815,"0","19"
"=HYPERLINK(""https://stackoverflow.com/q/64825092"", ""64825092"")",0.5021056041464205,"0","94"
"=HYPERLINK(""https://stackoverflow.com/q/64842442"", ""64842442"")",0.8202121719709657,"0","242"
"=HYPERLINK(""https://stackoverflow.com/q/64932376"", ""64932376"")",0.3998421156502863,"0","20"
"=HYPERLINK(""https://stackoverflow.com/q/65013556"", ""65013556"")",0.287768440709617,"1","20"
"=HYPERLINK(""https://stackoverflow.com/q/65022525"", ""65022525"")",0.7136994949494948,"0","37"
"=HYPERLINK(""https://stackoverflow.com/q/65026346"", ""65026346"")",0.3744713571703191,"0","39"
"=HYPERLINK(""https://stackoverflow.com/q/65080803"", ""65080803"")",0.5606837606837606,"0","43"
"=HYPERLINK(""https://stackoverflow.com/q/65218933"", ""65218933"")",0.4853801169590642,"0","81"
"=HYPERLINK(""https://stackoverflow.com/q/65346405"", ""65346405"")",0.4730365544697791,"0","153"
"=HYPERLINK(""https://stackoverflow.com/q/65666023"", ""65666023"")",0.6455176767676766,"0","77"
"=HYPERLINK(""https://stackoverflow.com/q/65800464"", ""65800464"")",0.6032845778804208,"0","44"
"=HYPERLINK(""https://stackoverflow.com/q/65810549"", ""65810549"")",0.4388469073607609,"0","43"
"=HYPERLINK(""https://stackoverflow.com/q/65898789"", ""65898789"")",0.5813382443216698,"0","30"
"=HYPERLINK(""https://stackoverflow.com/q/65933684"", ""65933684"")",0.2794741306191689,"0","43"
"=HYPERLINK(""https://stackoverflow.com/q/65935865"", ""65935865"")",0.8176420695504666,"0","107"
"=HYPERLINK(""https://stackoverflow.com/q/65952390"", ""65952390"")",0.413061916878711,"0","21"
"=HYPERLINK(""https://stackoverflow.com/q/66005810"", ""66005810"")",0.3247152970144661,"0","108"
"=HYPERLINK(""https://stackoverflow.com/q/66174523"", ""66174523"")",0.5043945953036862,"0","24"
"=HYPERLINK(""https://stackoverflow.com/q/66195040"", ""66195040"")",0.432134758665371,"0","27"
"=HYPERLINK(""https://stackoverflow.com/q/66225744"", ""66225744"")",0.3231994209192906,"0","17"
"=HYPERLINK(""https://stackoverflow.com/q/66313551"", ""66313551"")",0.5476939203354299,"0","40"
"=HYPERLINK(""https://stackoverflow.com/q/66372000"", ""66372000"")",0.4526369687660008,"0","34"
"=HYPERLINK(""https://stackoverflow.com/q/66481357"", ""66481357"")",0.4526369687660007,"1","22"
"=HYPERLINK(""https://stackoverflow.com/q/66544016"", ""66544016"")",0.6369687660010239,"0","15"
"=HYPERLINK(""https://stackoverflow.com/q/66573164"", ""66573164"")",0.3191751308094799,"0","17"
"=HYPERLINK(""https://stackoverflow.com/q/66602649"", ""66602649"")",0.6026008797093133,"0","21"
"=HYPERLINK(""https://stackoverflow.com/q/66666494"", ""66666494"")",0.7044356609574001,"0","38"
"=HYPERLINK(""https://stackoverflow.com/q/66802571"", ""66802571"")",0.381313131313131,"0","11"
"=HYPERLINK(""https://stackoverflow.com/q/66863568"", ""66863568"")",0.2765315492588219,"1","17"
"=HYPERLINK(""https://stackoverflow.com/q/66891796"", ""66891796"")",0.58062930186824,"0","35"
"=HYPERLINK(""https://stackoverflow.com/q/66912416"", ""66912416"")",0.5026570048309178,"0","13"
"=HYPERLINK(""https://stackoverflow.com/q/66945416"", ""66945416"")",0.2842461612864224,"0","41"
"=HYPERLINK(""https://stackoverflow.com/q/66986309"", ""66986309"")",0.5744949494949492,"0","6"
"=HYPERLINK(""https://stackoverflow.com/q/67184508"", ""67184508"")",0.3724685276409413,"0","5"
"=HYPERLINK(""https://stackoverflow.com/q/67232438"", ""67232438"")",0.5218964893231994,"0","55"
"=HYPERLINK(""https://stackoverflow.com/q/67237421"", ""67237421"")",0.8180306054557551,"0","34"
"=HYPERLINK(""https://stackoverflow.com/q/67430528"", ""67430528"")",0.3904914529914531,"0","22"
"=HYPERLINK(""https://stackoverflow.com/q/67470348"", ""67470348"")",0.2953929539295391,"0","12"
"=HYPERLINK(""https://stackoverflow.com/q/67490705"", ""67490705"")",0.484407096171802,"0","10"
"=HYPERLINK(""https://stackoverflow.com/q/67631389"", ""67631389"")",0.77991452991453,"0","19"
"=HYPERLINK(""https://stackoverflow.com/q/67673346"", ""67673346"")",0.7984934086629001,"0","16"
"=HYPERLINK(""https://stackoverflow.com/q/67676221"", ""67676221"")",0.465495764823119,"0","54"
"=HYPERLINK(""https://stackoverflow.com/q/67693899"", ""67693899"")",0.6709756848261003,"0","7"
"=HYPERLINK(""https://stackoverflow.com/q/67719018"", ""67719018"")",0.3822222222222223,"0","11"
"=HYPERLINK(""https://stackoverflow.com/q/67748646"", ""67748646"")",0.5355862775217614,"0","5"
