"link","Correlation","score","view_count"
"=HYPERLINK(""https://stackoverflow.com/q/184009"", ""184009"")",0.3808429118773946,"0","5403"
"=HYPERLINK(""https://stackoverflow.com/q/475015"", ""475015"")",0.481645725548164,"2","2806"
"=HYPERLINK(""https://stackoverflow.com/q/553669"", ""553669"")",0.3601532567049804,"0","5303"
"=HYPERLINK(""https://stackoverflow.com/q/586088"", ""586088"")",0.5380116959064328,"4","28849"
"=HYPERLINK(""https://stackoverflow.com/q/808072"", ""808072"")",0.5150399017802335,"1","10900"
"=HYPERLINK(""https://stackoverflow.com/q/911278"", ""911278"")",0.2848111269163904,"1","3742"
"=HYPERLINK(""https://stackoverflow.com/q/1175846"", ""1175846"")",0.457305754441792,"0","341"
"=HYPERLINK(""https://stackoverflow.com/q/1356143"", ""1356143"")",0.6175710594315239,"0","8906"
"=HYPERLINK(""https://stackoverflow.com/q/1578526"", ""1578526"")",0.3766339869281044,"1","262"
"=HYPERLINK(""https://stackoverflow.com/q/1880511"", ""1880511"")",0.2777263850344329,"4","38778"
"=HYPERLINK(""https://stackoverflow.com/q/1940672"", ""1940672"")",0.437703393770339,"0","4636"
"=HYPERLINK(""https://stackoverflow.com/q/2525707"", ""2525707"")",0.4824032176973352,"5","17314"
"=HYPERLINK(""https://stackoverflow.com/q/3213470"", ""3213470"")",0.2543650793650794,"13","3591"
"=HYPERLINK(""https://stackoverflow.com/q/3333587"", ""3333587"")",0.4639804639804639,"1","4289"
"=HYPERLINK(""https://stackoverflow.com/q/3364547"", ""3364547"")",0.433948606587043,"0","291"
"=HYPERLINK(""https://stackoverflow.com/q/3425192"", ""3425192"")",0.3508379247015611,"0","11963"
"=HYPERLINK(""https://stackoverflow.com/q/3675951"", ""3675951"")",0.2249923053247152,"1","1340"
"=HYPERLINK(""https://stackoverflow.com/q/3766832"", ""3766832"")",0.3399488798676892,"0","4073"
"=HYPERLINK(""https://stackoverflow.com/q/4141799"", ""4141799"")",0.3567868660216948,"1","1896"
"=HYPERLINK(""https://stackoverflow.com/q/4248469"", ""4248469"")",0.4348919054801407,"0","305"
"=HYPERLINK(""https://stackoverflow.com/q/4829076"", ""4829076"")",0.4138648735190522,"0","265"
"=HYPERLINK(""https://stackoverflow.com/q/5794593"", ""5794593"")",0.4005354752342702,"1","2612"
"=HYPERLINK(""https://stackoverflow.com/q/5833704"", ""5833704"")",0.4396801088990982,"3","2981"
"=HYPERLINK(""https://stackoverflow.com/q/6186886"", ""6186886"")",0.4762762762762758,"3","6958"
"=HYPERLINK(""https://stackoverflow.com/q/6271857"", ""6271857"")",0.3769183548189073,"0","301"
"=HYPERLINK(""https://stackoverflow.com/q/6293704"", ""6293704"")",0.6785122009002614,"3","2145"
"=HYPERLINK(""https://stackoverflow.com/q/6816050"", ""6816050"")",0.3598061148396722,"1","540"
"=HYPERLINK(""https://stackoverflow.com/q/6841512"", ""6841512"")",0.5271262733949308,"1","1086"
"=HYPERLINK(""https://stackoverflow.com/q/6978901"", ""6978901"")",0.6313131313131308,"2","1813"
"=HYPERLINK(""https://stackoverflow.com/q/7095022"", ""7095022"")",0.3593903638151429,"2","3452"
"=HYPERLINK(""https://stackoverflow.com/q/7126345"", ""7126345"")",0.9241452991452996,"3","5392"
"=HYPERLINK(""https://stackoverflow.com/q/7679733"", ""7679733"")",0.2785602503912364,"2","490"
"=HYPERLINK(""https://stackoverflow.com/q/7833773"", ""7833773"")",0.3329817158931084,"1","428"
"=HYPERLINK(""https://stackoverflow.com/q/8405842"", ""8405842"")",0.2984787213556714,"3","2270"
"=HYPERLINK(""https://stackoverflow.com/q/8511018"", ""8511018"")",0.4125336409073431,"1","692"
"=HYPERLINK(""https://stackoverflow.com/q/8527456"", ""8527456"")",0.3953314659197011,"0","782"
"=HYPERLINK(""https://stackoverflow.com/q/8995478"", ""8995478"")",0.360918477423332,"2","10304"
"=HYPERLINK(""https://stackoverflow.com/q/9164172"", ""9164172"")",0.6483585858585854,"2","2202"
"=HYPERLINK(""https://stackoverflow.com/q/9203143"", ""9203143"")",0.3346309813463101,"4","3628"
"=HYPERLINK(""https://stackoverflow.com/q/9228900"", ""9228900"")",0.6959064327485389,"3","6224"
"=HYPERLINK(""https://stackoverflow.com/q/9257779"", ""9257779"")",0.3034103410341032,"1","4497"
"=HYPERLINK(""https://stackoverflow.com/q/9288958"", ""9288958"")",0.4737559645535101,"2","1302"
"=HYPERLINK(""https://stackoverflow.com/q/9438305"", ""9438305"")",0.6460449369036628,"0","500"
"=HYPERLINK(""https://stackoverflow.com/q/9462477"", ""9462477"")",0.8120839733742946,"0","5468"
"=HYPERLINK(""https://stackoverflow.com/q/9465260"", ""9465260"")",0.5463601532567052,"17","26947"
"=HYPERLINK(""https://stackoverflow.com/q/9486112"", ""9486112"")",0.429246251797084,"1","2738"
"=HYPERLINK(""https://stackoverflow.com/q/9530155"", ""9530155"")",0.3428879642471877,"1","1233"
"=HYPERLINK(""https://stackoverflow.com/q/9534712"", ""9534712"")",0.846075433231397,"0","2269"
"=HYPERLINK(""https://stackoverflow.com/q/9537267"", ""9537267"")",0.6741452991452994,"3","5726"
"=HYPERLINK(""https://stackoverflow.com/q/9647939"", ""9647939"")",0.3650793650793652,"3","961"
"=HYPERLINK(""https://stackoverflow.com/q/9742913"", ""9742913"")",0.4754689754689751,"25","16834"
"=HYPERLINK(""https://stackoverflow.com/q/9766725"", ""9766725"")",0.6395450568678929,"0","1991"
"=HYPERLINK(""https://stackoverflow.com/q/9769876"", ""9769876"")",0.2845059592464438,"2","9378"
"=HYPERLINK(""https://stackoverflow.com/q/9833992"", ""9833992"")",0.4954780361757101,"2","9171"
"=HYPERLINK(""https://stackoverflow.com/q/9928137"", ""9928137"")",0.364245568525724,"0","368"
"=HYPERLINK(""https://stackoverflow.com/q/9929325"", ""9929325"")",0.3395855662736693,"1","785"
"=HYPERLINK(""https://stackoverflow.com/q/9980294"", ""9980294"")",0.511297852474323,"0","690"
"=HYPERLINK(""https://stackoverflow.com/q/9988825"", ""9988825"")",0.8805136795086536,"3","5339"
"=HYPERLINK(""https://stackoverflow.com/q/10083472"", ""10083472"")",0.5286131996658306,"7","44943"
"=HYPERLINK(""https://stackoverflow.com/q/10104347"", ""10104347"")",0.5772710821570755,"0","634"
"=HYPERLINK(""https://stackoverflow.com/q/10228780"", ""10228780"")",0.4622222222222228,"0","3297"
"=HYPERLINK(""https://stackoverflow.com/q/10694587"", ""10694587"")",0.7139349294045428,"5","955"
"=HYPERLINK(""https://stackoverflow.com/q/10720724"", ""10720724"")",0.3115839243498819,"1","986"
"=HYPERLINK(""https://stackoverflow.com/q/10786280"", ""10786280"")",0.2206374361683395,"1","1859"
"=HYPERLINK(""https://stackoverflow.com/q/10898993"", ""10898993"")",0.665128796616685,"0","1482"
"=HYPERLINK(""https://stackoverflow.com/q/10903120"", ""10903120"")",0.49301113480218,"4","8504"
"=HYPERLINK(""https://stackoverflow.com/q/10971971"", ""10971971"")",0.4498084291187738,"0","2124"
"=HYPERLINK(""https://stackoverflow.com/q/11104776"", ""11104776"")",0.5583924349881798,"0","1460"
"=HYPERLINK(""https://stackoverflow.com/q/11151512"", ""11151512"")",0.3884029802397153,"1","1816"
"=HYPERLINK(""https://stackoverflow.com/q/11159083"", ""11159083"")",0.5176767676767673,"1","501"
"=HYPERLINK(""https://stackoverflow.com/q/11453345"", ""11453345"")",0.3515325670498085,"0","624"
"=HYPERLINK(""https://stackoverflow.com/q/11476787"", ""11476787"")",0.3688387635756053,"2","3899"
"=HYPERLINK(""https://stackoverflow.com/q/11514769"", ""11514769"")",0.6027531956735502,"7","1908"
"=HYPERLINK(""https://stackoverflow.com/q/11672627"", ""11672627"")",0.5858585858585851,"2","2281"
"=HYPERLINK(""https://stackoverflow.com/q/11750397"", ""11750397"")",0.3492430074416217,"0","1527"
"=HYPERLINK(""https://stackoverflow.com/q/11750591"", ""11750591"")",0.4615218331171637,"0","3507"
"=HYPERLINK(""https://stackoverflow.com/q/11970460"", ""11970460"")",0.2532643508253263,"1","4466"
"=HYPERLINK(""https://stackoverflow.com/q/12008358"", ""12008358"")",0.4567499095186391,"1","2494"
"=HYPERLINK(""https://stackoverflow.com/q/12091794"", ""12091794"")",0.3025546321945215,"2","2019"
"=HYPERLINK(""https://stackoverflow.com/q/12246622"", ""12246622"")",0.4487415592387969,"0","1840"
"=HYPERLINK(""https://stackoverflow.com/q/12317518"", ""12317518"")",0.5313825275657346,"3","10112"
"=HYPERLINK(""https://stackoverflow.com/q/12834687"", ""12834687"")",0.6771875801898897,"0","1990"
"=HYPERLINK(""https://stackoverflow.com/q/13521899"", ""13521899"")",0.4067240672406725,"0","4976"
"=HYPERLINK(""https://stackoverflow.com/q/13702913"", ""13702913"")",0.790896921017402,"3","304"
"=HYPERLINK(""https://stackoverflow.com/q/13746270"", ""13746270"")",0.2695906432748541,"0","1845"
"=HYPERLINK(""https://stackoverflow.com/q/13772088"", ""13772088"")",0.4258646063281828,"0","1691"
"=HYPERLINK(""https://stackoverflow.com/q/14004487"", ""14004487"")",0.4609765474817372,"3","110"
"=HYPERLINK(""https://stackoverflow.com/q/14014071"", ""14014071"")",0.4763658686310621,"1","2037"
"=HYPERLINK(""https://stackoverflow.com/q/14069175"", ""14069175"")",0.542222222222223,"1","4078"
"=HYPERLINK(""https://stackoverflow.com/q/14590219"", ""14590219"")",0.2998022933965997,"0","927"
"=HYPERLINK(""https://stackoverflow.com/q/14852952"", ""14852952"")",0.4492160872528968,"0","1027"
"=HYPERLINK(""https://stackoverflow.com/q/15283189"", ""15283189"")",0.6371706758304696,"5","2087"
"=HYPERLINK(""https://stackoverflow.com/q/15397701"", ""15397701"")",0.2639423762658681,"0","536"
"=HYPERLINK(""https://stackoverflow.com/q/15415552"", ""15415552"")",0.3621539628365563,"0","1691"
"=HYPERLINK(""https://stackoverflow.com/q/15699226"", ""15699226"")",0.6274853801169601,"0","1183"
"=HYPERLINK(""https://stackoverflow.com/q/15798586"", ""15798586"")",0.5114529914529921,"1","1832"
"=HYPERLINK(""https://stackoverflow.com/q/15808482"", ""15808482"")",0.5044308111792768,"1","660"
"=HYPERLINK(""https://stackoverflow.com/q/15833813"", ""15833813"")",0.3849441157133467,"1","658"
"=HYPERLINK(""https://stackoverflow.com/q/16013657"", ""16013657"")",0.4704980842911878,"0","380"
"=HYPERLINK(""https://stackoverflow.com/q/16081962"", ""16081962"")",0.3879680785758135,"1","883"
"=HYPERLINK(""https://stackoverflow.com/q/16152727"", ""16152727"")",0.7118773946360154,"1","1861"
"=HYPERLINK(""https://stackoverflow.com/q/16189001"", ""16189001"")",0.6209563994374113,"0","1798"
"=HYPERLINK(""https://stackoverflow.com/q/16431598"", ""16431598"")",0.7352092352092346,"0","1930"
"=HYPERLINK(""https://stackoverflow.com/q/16448809"", ""16448809"")",0.6657190239279799,"1","1856"
"=HYPERLINK(""https://stackoverflow.com/q/16460833"", ""16460833"")",0.4335624284077891,"1","717"
"=HYPERLINK(""https://stackoverflow.com/q/16518730"", ""16518730"")",0.3339501889120209,"1","906"
"=HYPERLINK(""https://stackoverflow.com/q/16610822"", ""16610822"")",0.457788042083654,"1","839"
"=HYPERLINK(""https://stackoverflow.com/q/16617053"", ""16617053"")",0.4699286442405711,"1","7575"
"=HYPERLINK(""https://stackoverflow.com/q/16827074"", ""16827074"")",0.4739000745712158,"2","713"
"=HYPERLINK(""https://stackoverflow.com/q/16913194"", ""16913194"")",0.4159938485198001,"0","491"
"=HYPERLINK(""https://stackoverflow.com/q/17033062"", ""17033062"")",0.4877089478859395,"1","1063"
"=HYPERLINK(""https://stackoverflow.com/q/17466927"", ""17466927"")",0.7376226328998395,"3","13681"
"=HYPERLINK(""https://stackoverflow.com/q/17566736"", ""17566736"")",0.6010882016036653,"1","2318"
"=HYPERLINK(""https://stackoverflow.com/q/17570340"", ""17570340"")",0.676209952283571,"0","3388"
"=HYPERLINK(""https://stackoverflow.com/q/17680805"", ""17680805"")",0.3108921729611382,"0","866"
"=HYPERLINK(""https://stackoverflow.com/q/17837440"", ""17837440"")",0.3780267028739533,"4","4547"
"=HYPERLINK(""https://stackoverflow.com/q/18043140"", ""18043140"")",0.4148451730418946,"5","16875"
"=HYPERLINK(""https://stackoverflow.com/q/18213808"", ""18213808"")",0.5504664970313832,"1","4303"
"=HYPERLINK(""https://stackoverflow.com/q/18562001"", ""18562001"")",0.5951035781544248,"0","92"
"=HYPERLINK(""https://stackoverflow.com/q/18873680"", ""18873680"")",0.3598061148396722,"0","1123"
"=HYPERLINK(""https://stackoverflow.com/q/18876385"", ""18876385"")",0.4079365079365081,"0","2284"
"=HYPERLINK(""https://stackoverflow.com/q/19130039"", ""19130039"")",0.4988179669030734,"0","650"
"=HYPERLINK(""https://stackoverflow.com/q/19190182"", ""19190182"")",0.3447903156074362,"0","1016"
"=HYPERLINK(""https://stackoverflow.com/q/19222091"", ""19222091"")",0.4300144300144298,"2","508"
"=HYPERLINK(""https://stackoverflow.com/q/19247673"", ""19247673"")",0.7759134973900081,"1","2197"
"=HYPERLINK(""https://stackoverflow.com/q/19447740"", ""19447740"")",0.4392434988179669,"1","134"
"=HYPERLINK(""https://stackoverflow.com/q/19458393"", ""19458393"")",0.4508596356171412,"0","821"
"=HYPERLINK(""https://stackoverflow.com/q/19563191"", ""19563191"")",0.3053247152970145,"0","2415"
"=HYPERLINK(""https://stackoverflow.com/q/19903243"", ""19903243"")",0.6539053905390535,"0","124"
"=HYPERLINK(""https://stackoverflow.com/q/20097791"", ""20097791"")",0.7606837606837609,"0","375"
"=HYPERLINK(""https://stackoverflow.com/q/20539175"", ""20539175"")",0.4640255009107472,"0","682"
"=HYPERLINK(""https://stackoverflow.com/q/20668478"", ""20668478"")",0.6750872869172324,"0","255"
"=HYPERLINK(""https://stackoverflow.com/q/20708423"", ""20708423"")",0.5707564241766195,"2","1329"
"=HYPERLINK(""https://stackoverflow.com/q/20818625"", ""20818625"")",0.6529914529914539,"2","7767"
"=HYPERLINK(""https://stackoverflow.com/q/20862320"", ""20862320"")",0.6812386156648462,"0","884"
"=HYPERLINK(""https://stackoverflow.com/q/21102937"", ""21102937"")",0.476988253418063,"1","3792"
"=HYPERLINK(""https://stackoverflow.com/q/21472986"", ""21472986"")",0.5058043117744618,"0","1029"
"=HYPERLINK(""https://stackoverflow.com/q/21586919"", ""21586919"")",0.340141297366731,"0","238"
"=HYPERLINK(""https://stackoverflow.com/q/21775551"", ""21775551"")",0.5019055995309296,"3","5976"
"=HYPERLINK(""https://stackoverflow.com/q/22101713"", ""22101713"")",0.20906432748538,"1","752"
"=HYPERLINK(""https://stackoverflow.com/q/22309349"", ""22309349"")",0.3472222222222224,"0","2471"
"=HYPERLINK(""https://stackoverflow.com/q/22327490"", ""22327490"")",0.475595535565551,"1","485"
"=HYPERLINK(""https://stackoverflow.com/q/22498141"", ""22498141"")",0.8904914529914533,"1","4406"
"=HYPERLINK(""https://stackoverflow.com/q/22803429"", ""22803429"")",0.373973194984868,"1","5115"
"=HYPERLINK(""https://stackoverflow.com/q/22850269"", ""22850269"")",0.5120973955925415,"1","2712"
"=HYPERLINK(""https://stackoverflow.com/q/22861584"", ""22861584"")",0.3579006141820209,"0","342"
"=HYPERLINK(""https://stackoverflow.com/q/23100517"", ""23100517"")",0.607936507936508,"0","1007"
"=HYPERLINK(""https://stackoverflow.com/q/23326473"", ""23326473"")",0.6005354752342698,"2","2646"
"=HYPERLINK(""https://stackoverflow.com/q/23496450"", ""23496450"")",0.6625891946992867,"1","697"
"=HYPERLINK(""https://stackoverflow.com/q/23526240"", ""23526240"")",0.6622222222222233,"2","117"
"=HYPERLINK(""https://stackoverflow.com/q/23530539"", ""23530539"")",0.319108035371011,"0","1723"
"=HYPERLINK(""https://stackoverflow.com/q/23533245"", ""23533245"")",0.5058760683760686,"2","1368"
"=HYPERLINK(""https://stackoverflow.com/q/23633348"", ""23633348"")",0.3972222222222222,"0","695"
"=HYPERLINK(""https://stackoverflow.com/q/23680329"", ""23680329"")",0.4880450070323484,"0","625"
"=HYPERLINK(""https://stackoverflow.com/q/23829602"", ""23829602"")",0.3913398692810457,"0","1006"
"=HYPERLINK(""https://stackoverflow.com/q/23847387"", ""23847387"")",0.591349739000746,"0","1849"
"=HYPERLINK(""https://stackoverflow.com/q/23924814"", ""23924814"")",0.4935790061418197,"0","907"
"=HYPERLINK(""https://stackoverflow.com/q/23981044"", ""23981044"")",0.3766339869281045,"1","309"
"=HYPERLINK(""https://stackoverflow.com/q/24069734"", ""24069734"")",0.4805423490051068,"1","206"
"=HYPERLINK(""https://stackoverflow.com/q/24209678"", ""24209678"")",0.4899145299145305,"2","224"
"=HYPERLINK(""https://stackoverflow.com/q/24213418"", ""24213418"")",0.3854021385402135,"0","392"
"=HYPERLINK(""https://stackoverflow.com/q/24264066"", ""24264066"")",0.5827991452991456,"1","641"
"=HYPERLINK(""https://stackoverflow.com/q/24586407"", ""24586407"")",0.3435942538844916,"0","974"
"=HYPERLINK(""https://stackoverflow.com/q/24742613"", ""24742613"")",0.4913131313131312,"1","646"
"=HYPERLINK(""https://stackoverflow.com/q/24823447"", ""24823447"")",0.2660366552119129,"1","532"
"=HYPERLINK(""https://stackoverflow.com/q/24862442"", ""24862442"")",0.2826756227260003,"1","342"
"=HYPERLINK(""https://stackoverflow.com/q/24952543"", ""24952543"")",0.2958418541240623,"0","150"
"=HYPERLINK(""https://stackoverflow.com/q/25075969"", ""25075969"")",0.5979922427561024,"0","1706"
"=HYPERLINK(""https://stackoverflow.com/q/25247958"", ""25247958"")",0.5472222222222224,"0","407"
"=HYPERLINK(""https://stackoverflow.com/q/25462237"", ""25462237"")",0.4042802697156261,"1","984"
"=HYPERLINK(""https://stackoverflow.com/q/25502300"", ""25502300"")",0.5568302528149571,"1","1172"
"=HYPERLINK(""https://stackoverflow.com/q/25874571"", ""25874571"")",0.6625891946992868,"0","1290"
"=HYPERLINK(""https://stackoverflow.com/q/26058723"", ""26058723"")",0.5223644697328912,"1","492"
"=HYPERLINK(""https://stackoverflow.com/q/26707915"", ""26707915"")",0.4562647754137117,"0","113"
"=HYPERLINK(""https://stackoverflow.com/q/26788926"", ""26788926"")",0.5796690307328606,"0","3056"
"=HYPERLINK(""https://stackoverflow.com/q/26839897"", ""26839897"")",0.2258585858585858,"0","146"
"=HYPERLINK(""https://stackoverflow.com/q/27232513"", ""27232513"")",0.5915652879156539,"0","529"
"=HYPERLINK(""https://stackoverflow.com/q/27402633"", ""27402633"")",0.5964737192282098,"1","119"
"=HYPERLINK(""https://stackoverflow.com/q/27424270"", ""27424270"")",0.4912160620579505,"2","58"
"=HYPERLINK(""https://stackoverflow.com/q/27538495"", ""27538495"")",0.6281262812628128,"0","413"
"=HYPERLINK(""https://stackoverflow.com/q/27564665"", ""27564665"")",0.4222222222222219,"0","217"
"=HYPERLINK(""https://stackoverflow.com/q/27611610"", ""27611610"")",0.4271402550091074,"1","1024"
"=HYPERLINK(""https://stackoverflow.com/q/27626647"", ""27626647"")",0.6420472951085208,"0","418"
"=HYPERLINK(""https://stackoverflow.com/q/28102197"", ""28102197"")",0.4820762368207628,"1","1197"
"=HYPERLINK(""https://stackoverflow.com/q/28109536"", ""28109536"")",0.8363954505686803,"0","60"
"=HYPERLINK(""https://stackoverflow.com/q/28218534"", ""28218534"")",0.4569306148253521,"1","1876"
"=HYPERLINK(""https://stackoverflow.com/q/28237809"", ""28237809"")",0.4036381514257622,"0","1243"
"=HYPERLINK(""https://stackoverflow.com/q/28424773"", ""28424773"")",0.3443596268023753,"0","240"
"=HYPERLINK(""https://stackoverflow.com/q/28810259"", ""28810259"")",0.5632360471070142,"2","1886"
"=HYPERLINK(""https://stackoverflow.com/q/28840001"", ""28840001"")",0.4681681681681679,"0","414"
"=HYPERLINK(""https://stackoverflow.com/q/28883096"", ""28883096"")",0.4397794741306199,"0","744"
"=HYPERLINK(""https://stackoverflow.com/q/29144310"", ""29144310"")",0.3087606837606839,"3","3597"
"=HYPERLINK(""https://stackoverflow.com/q/29354602"", ""29354602"")",0.2763459335624284,"1","14178"
"=HYPERLINK(""https://stackoverflow.com/q/29711698"", ""29711698"")",0.4376738000241808,"0","97"
"=HYPERLINK(""https://stackoverflow.com/q/29900654"", ""29900654"")",0.3119319847552039,"1","1304"
"=HYPERLINK(""https://stackoverflow.com/q/29910851"", ""29910851"")",0.4572452636968758,"2","2716"
"=HYPERLINK(""https://stackoverflow.com/q/29970077"", ""29970077"")",0.6385118149824031,"3","1948"
"=HYPERLINK(""https://stackoverflow.com/q/30101704"", ""30101704"")",0.2786424556852571,"0","67"
"=HYPERLINK(""https://stackoverflow.com/q/30134501"", ""30134501"")",0.6053391053391048,"2","275"
"=HYPERLINK(""https://stackoverflow.com/q/30268554"", ""30268554"")",0.413131313131313,"1","256"
"=HYPERLINK(""https://stackoverflow.com/q/30614347"", ""30614347"")",0.3881208397337425,"0","299"
"=HYPERLINK(""https://stackoverflow.com/q/30817227"", ""30817227"")",0.4025500910746817,"0","386"
"=HYPERLINK(""https://stackoverflow.com/q/30924663"", ""30924663"")",0.2904524994077236,"1","361"
"=HYPERLINK(""https://stackoverflow.com/q/31051970"", ""31051970"")",0.4117265954000654,"2","98"
"=HYPERLINK(""https://stackoverflow.com/q/31145971"", ""31145971"")",0.4951951951951947,"2","260"
"=HYPERLINK(""https://stackoverflow.com/q/31267380"", ""31267380"")",0.3579688285570638,"1","295"
"=HYPERLINK(""https://stackoverflow.com/q/31534748"", ""31534748"")",0.4537658463832962,"3","1637"
"=HYPERLINK(""https://stackoverflow.com/q/31574623"", ""31574623"")",0.3357090643274854,"0","1188"
"=HYPERLINK(""https://stackoverflow.com/q/31636120"", ""31636120"")",0.373793386732389,"0","1721"
"=HYPERLINK(""https://stackoverflow.com/q/31704091"", ""31704091"")",0.347222222222222,"1","172"
"=HYPERLINK(""https://stackoverflow.com/q/31736034"", ""31736034"")",0.2942443828870422,"1","266"
"=HYPERLINK(""https://stackoverflow.com/q/31737607"", ""31737607"")",0.4537493158182809,"0","76"
"=HYPERLINK(""https://stackoverflow.com/q/31824176"", ""31824176"")",0.9049145299145304,"1","1243"
"=HYPERLINK(""https://stackoverflow.com/q/31827315"", ""31827315"")",0.7734033245844281,"1","21"
"=HYPERLINK(""https://stackoverflow.com/q/31911654"", ""31911654"")",0.5384277558190593,"1","828"
"=HYPERLINK(""https://stackoverflow.com/q/32027256"", ""32027256"")",0.1686177859930172,"2","4715"
"=HYPERLINK(""https://stackoverflow.com/q/32101277"", ""32101277"")",0.6707516339869283,"0","2479"
"=HYPERLINK(""https://stackoverflow.com/q/32124154"", ""32124154"")",0.494262524489224,"0","353"
"=HYPERLINK(""https://stackoverflow.com/q/32368258"", ""32368258"")",0.4949494949494946,"2","733"
"=HYPERLINK(""https://stackoverflow.com/q/32896817"", ""32896817"")",0.3000524109014676,"0","863"
"=HYPERLINK(""https://stackoverflow.com/q/33010736"", ""33010736"")",0.6114267676767672,"0","177"
"=HYPERLINK(""https://stackoverflow.com/q/33083951"", ""33083951"")",0.7135717031910794,"1","2013"
"=HYPERLINK(""https://stackoverflow.com/q/33428570"", ""33428570"")",0.3568855638681071,"0","245"
"=HYPERLINK(""https://stackoverflow.com/q/33437038"", ""33437038"")",0.4390896921017399,"2","1015"
"=HYPERLINK(""https://stackoverflow.com/q/33694861"", ""33694861"")",0.3003981179876946,"0","234"
"=HYPERLINK(""https://stackoverflow.com/q/33847920"", ""33847920"")",0.6059431524547795,"0","494"
"=HYPERLINK(""https://stackoverflow.com/q/34098137"", ""34098137"")",0.652952700811642,"1","251"
"=HYPERLINK(""https://stackoverflow.com/q/34432270"", ""34432270"")",0.3933631618195379,"1","416"
"=HYPERLINK(""https://stackoverflow.com/q/34595071"", ""34595071"")",0.7966903073286052,"0","562"
"=HYPERLINK(""https://stackoverflow.com/q/34596422"", ""34596422"")",0.5008711968904968,"1","388"
"=HYPERLINK(""https://stackoverflow.com/q/34668786"", ""34668786"")",0.3908969210174027,"0","47"
"=HYPERLINK(""https://stackoverflow.com/q/34801970"", ""34801970"")",0.3720593557727107,"0","141"
"=HYPERLINK(""https://stackoverflow.com/q/34934514"", ""34934514"")",0.7345374931581818,"0","1458"
"=HYPERLINK(""https://stackoverflow.com/q/35130970"", ""35130970"")",0.2362847222222224,"0","152"
"=HYPERLINK(""https://stackoverflow.com/q/35206126"", ""35206126"")",0.3081597222222225,"1","33"
"=HYPERLINK(""https://stackoverflow.com/q/35532088"", ""35532088"")",0.5166828636216397,"1","238"
"=HYPERLINK(""https://stackoverflow.com/q/35592438"", ""35592438"")",0.5587606837606842,"6","21982"
"=HYPERLINK(""https://stackoverflow.com/q/35782711"", ""35782711"")",0.3512544802867379,"2","94"
"=HYPERLINK(""https://stackoverflow.com/q/36186804"", ""36186804"")",0.513080947983995,"0","66"
"=HYPERLINK(""https://stackoverflow.com/q/36633851"", ""36633851"")",0.4437205935577271,"0","74"
"=HYPERLINK(""https://stackoverflow.com/q/36666380"", ""36666380"")",0.4653833164471464,"0","206"
"=HYPERLINK(""https://stackoverflow.com/q/36759321"", ""36759321"")",0.660957400087834,"1","142"
"=HYPERLINK(""https://stackoverflow.com/q/36765751"", ""36765751"")",0.2674483528754883,"0","208"
"=HYPERLINK(""https://stackoverflow.com/q/37124035"", ""37124035"")",0.4218809252938943,"0","285"
"=HYPERLINK(""https://stackoverflow.com/q/37159918"", ""37159918"")",0.387057387057387,"0","402"
"=HYPERLINK(""https://stackoverflow.com/q/37418588"", ""37418588"")",0.5839585566273673,"1","167"
"=HYPERLINK(""https://stackoverflow.com/q/37515832"", ""37515832"")",0.2473268247326823,"1","525"
"=HYPERLINK(""https://stackoverflow.com/q/37576943"", ""37576943"")",0.4686507936507938,"1","576"
"=HYPERLINK(""https://stackoverflow.com/q/38056405"", ""38056405"")",0.3417557499190154,"0","645"
"=HYPERLINK(""https://stackoverflow.com/q/38196745"", ""38196745"")",0.8598061148396726,"1","3303"
"=HYPERLINK(""https://stackoverflow.com/q/38217715"", ""38217715"")",0.7140255009107478,"1","53"
"=HYPERLINK(""https://stackoverflow.com/q/38464937"", ""38464937"")",0.5686789151356092,"1","65"
"=HYPERLINK(""https://stackoverflow.com/q/38660569"", ""38660569"")",0.357170319108035,"1","58"
"=HYPERLINK(""https://stackoverflow.com/q/38852108"", ""38852108"")",0.437205935577271,"0","53"
"=HYPERLINK(""https://stackoverflow.com/q/39349069"", ""39349069"")",0.4300144300144297,"3","240"
"=HYPERLINK(""https://stackoverflow.com/q/39415430"", ""39415430"")",0.3475866537091029,"0","672"
"=HYPERLINK(""https://stackoverflow.com/q/39478083"", ""39478083"")",0.5261994949494946,"1","114"
"=HYPERLINK(""https://stackoverflow.com/q/39538637"", ""39538637"")",0.4770698676515852,"2","1046"
"=HYPERLINK(""https://stackoverflow.com/q/39834063"", ""39834063"")",0.4141198768064443,"0","173"
"=HYPERLINK(""https://stackoverflow.com/q/39876550"", ""39876550"")",0.5108128262490682,"1","292"
"=HYPERLINK(""https://stackoverflow.com/q/40005733"", ""40005733"")",0.2345570239843368,"0","46"
"=HYPERLINK(""https://stackoverflow.com/q/40016939"", ""40016939"")",0.7045231071779751,"3","232"
"=HYPERLINK(""https://stackoverflow.com/q/40130555"", ""40130555"")",0.4376918354818908,"0","1117"
"=HYPERLINK(""https://stackoverflow.com/q/40151012"", ""40151012"")",0.3715821084242138,"0","159"
"=HYPERLINK(""https://stackoverflow.com/q/40420215"", ""40420215"")",0.3422222222222227,"1","81"
"=HYPERLINK(""https://stackoverflow.com/q/40774405"", ""40774405"")",0.3380116959064329,"1","47"
"=HYPERLINK(""https://stackoverflow.com/q/41133772"", ""41133772"")",0.7105943152454771,"0","402"
"=HYPERLINK(""https://stackoverflow.com/q/41725733"", ""41725733"")",0.3593189964157708,"0","1506"
"=HYPERLINK(""https://stackoverflow.com/q/42108591"", ""42108591"")",0.457788042083654,"1","38"
"=HYPERLINK(""https://stackoverflow.com/q/42254945"", ""42254945"")",0.6796479647964793,"1","77"
"=HYPERLINK(""https://stackoverflow.com/q/42293686"", ""42293686"")",0.3431290232297783,"1","163"
"=HYPERLINK(""https://stackoverflow.com/q/42330565"", ""42330565"")",0.3873835125448029,"1","69"
"=HYPERLINK(""https://stackoverflow.com/q/42592379"", ""42592379"")",0.2590320381731422,"0","74"
"=HYPERLINK(""https://stackoverflow.com/q/42605984"", ""42605984"")",0.3884029802397156,"0","162"
"=HYPERLINK(""https://stackoverflow.com/q/42628037"", ""42628037"")",0.3934929404542665,"0","311"
"=HYPERLINK(""https://stackoverflow.com/q/42749167"", ""42749167"")",0.3694614860259028,"1","267"
"=HYPERLINK(""https://stackoverflow.com/q/42797456"", ""42797456"")",0.475386779184247,"1","1397"
"=HYPERLINK(""https://stackoverflow.com/q/42837347"", ""42837347"")",0.5514475743348991,"0","802"
"=HYPERLINK(""https://stackoverflow.com/q/42956763"", ""42956763"")",0.5451794206658018,"0","568"
"=HYPERLINK(""https://stackoverflow.com/q/43316233"", ""43316233"")",0.4754689754689752,"1","2558"
"=HYPERLINK(""https://stackoverflow.com/q/43388822"", ""43388822"")",0.5260896255371394,"0","439"
"=HYPERLINK(""https://stackoverflow.com/q/43607369"", ""43607369"")",0.6293650793650793,"1","611"
"=HYPERLINK(""https://stackoverflow.com/q/43734104"", ""43734104"")",0.3529040404040401,"0","1150"
"=HYPERLINK(""https://stackoverflow.com/q/43756654"", ""43756654"")",0.5010683760683763,"4","2334"
"=HYPERLINK(""https://stackoverflow.com/q/43993152"", ""43993152"")",0.4032176973353442,"0","208"
"=HYPERLINK(""https://stackoverflow.com/q/44041037"", ""44041037"")",0.3422830124957786,"2","149"
"=HYPERLINK(""https://stackoverflow.com/q/44173182"", ""44173182"")",0.2153018069973085,"1","372"
"=HYPERLINK(""https://stackoverflow.com/q/44240405"", ""44240405"")",0.3176068376068378,"1","15"
"=HYPERLINK(""https://stackoverflow.com/q/44415622"", ""44415622"")",0.5972222222222224,"0","49"
"=HYPERLINK(""https://stackoverflow.com/q/44541144"", ""44541144"")",0.5582877959927147,"1","79"
"=HYPERLINK(""https://stackoverflow.com/q/44581683"", ""44581683"")",0.5150399017802334,"0","637"
"=HYPERLINK(""https://stackoverflow.com/q/44662177"", ""44662177"")",0.3176420695504668,"1","572"
"=HYPERLINK(""https://stackoverflow.com/q/44705778"", ""44705778"")",0.4481636448163641,"2","368"
"=HYPERLINK(""https://stackoverflow.com/q/44799009"", ""44799009"")",0.4648692810457517,"0","213"
"=HYPERLINK(""https://stackoverflow.com/q/44827202"", ""44827202"")",0.4912095639943738,"0","665"
"=HYPERLINK(""https://stackoverflow.com/q/45045639"", ""45045639"")",0.4952849528495286,"4","2080"
"=HYPERLINK(""https://stackoverflow.com/q/45316441"", ""45316441"")",0.3234191754322331,"0","54"
"=HYPERLINK(""https://stackoverflow.com/q/45383860"", ""45383860"")",0.5959064327485388,"1","497"
"=HYPERLINK(""https://stackoverflow.com/q/45485507"", ""45485507"")",0.3460669542000412,"1","533"
"=HYPERLINK(""https://stackoverflow.com/q/45563729"", ""45563729"")",0.4452907749969774,"1","97"
"=HYPERLINK(""https://stackoverflow.com/q/45566612"", ""45566612"")",0.553617571059431,"0","1911"
"=HYPERLINK(""https://stackoverflow.com/q/45874369"", ""45874369"")",0.2855133614627285,"0","27"
"=HYPERLINK(""https://stackoverflow.com/q/45882901"", ""45882901"")",0.3940972222222225,"2","1178"
"=HYPERLINK(""https://stackoverflow.com/q/46209767"", ""46209767"")",0.4741907261592307,"0","181"
"=HYPERLINK(""https://stackoverflow.com/q/46234836"", ""46234836"")",0.5274170274170272,"2","153"
"=HYPERLINK(""https://stackoverflow.com/q/46362311"", ""46362311"")",0.4763658686310622,"2","645"
"=HYPERLINK(""https://stackoverflow.com/q/46546949"", ""46546949"")",0.5510941151476532,"0","192"
"=HYPERLINK(""https://stackoverflow.com/q/46717398"", ""46717398"")",0.5791354055019653,"1","145"
"=HYPERLINK(""https://stackoverflow.com/q/46818718"", ""46818718"")",0.2659788924463419,"0","2081"
"=HYPERLINK(""https://stackoverflow.com/q/46895765"", ""46895765"")",0.3089692101740293,"2","1277"
"=HYPERLINK(""https://stackoverflow.com/q/47279539"", ""47279539"")",0.3437691835481892,"0","1043"
"=HYPERLINK(""https://stackoverflow.com/q/47290958"", ""47290958"")",0.2844790315607435,"1","105"
"=HYPERLINK(""https://stackoverflow.com/q/47321083"", ""47321083"")",0.9325670498084296,"1","83"
"=HYPERLINK(""https://stackoverflow.com/q/47414396"", ""47414396"")",0.6291187739463602,"1","73"
"=HYPERLINK(""https://stackoverflow.com/q/47459467"", ""47459467"")",0.32719459791283,"0","177"
"=HYPERLINK(""https://stackoverflow.com/q/47628734"", ""47628734"")",0.2119129438717067,"0","27"
"=HYPERLINK(""https://stackoverflow.com/q/47696093"", ""47696093"")",0.9113788487282456,"0","43"
"=HYPERLINK(""https://stackoverflow.com/q/48022724"", ""48022724"")",0.4820647419072624,"0","291"
"=HYPERLINK(""https://stackoverflow.com/q/48251198"", ""48251198"")",0.8753587535875359,"0","1789"
"=HYPERLINK(""https://stackoverflow.com/q/48446147"", ""48446147"")",0.5154914529914532,"1","99"
"=HYPERLINK(""https://stackoverflow.com/q/48502251"", ""48502251"")",0.338786639400136,"0","333"
"=HYPERLINK(""https://stackoverflow.com/q/48524463"", ""48524463"")",0.2968633705475812,"1","124"
"=HYPERLINK(""https://stackoverflow.com/q/48534833"", ""48534833"")",0.5010683760683764,"0","237"
"=HYPERLINK(""https://stackoverflow.com/q/48686712"", ""48686712"")",0.5711583924349882,"0","1429"
"=HYPERLINK(""https://stackoverflow.com/q/48837735"", ""48837735"")",0.5932629462041227,"1","781"
"=HYPERLINK(""https://stackoverflow.com/q/49157019"", ""49157019"")",0.7287157287157281,"0","439"
"=HYPERLINK(""https://stackoverflow.com/q/49172134"", ""49172134"")",0.2943109468063258,"0","46"
"=HYPERLINK(""https://stackoverflow.com/q/49257787"", ""49257787"")",0.303049289891395,"0","585"
"=HYPERLINK(""https://stackoverflow.com/q/49311336"", ""49311336"")",0.698966408268733,"0","84"
"=HYPERLINK(""https://stackoverflow.com/q/49505377"", ""49505377"")",0.6439613526570036,"0","256"
"=HYPERLINK(""https://stackoverflow.com/q/49675118"", ""49675118"")",0.3289415898111547,"0","579"
"=HYPERLINK(""https://stackoverflow.com/q/49774214"", ""49774214"")",0.2971182000308215,"0","311"
"=HYPERLINK(""https://stackoverflow.com/q/50036821"", ""50036821"")",0.2451095461658843,"1","76"
"=HYPERLINK(""https://stackoverflow.com/q/50096152"", ""50096152"")",0.4340448823207441,"2","351"
"=HYPERLINK(""https://stackoverflow.com/q/50351676"", ""50351676"")",0.3287795992714027,"0","410"
"=HYPERLINK(""https://stackoverflow.com/q/50420941"", ""50420941"")",0.344381313131313,"0","225"
"=HYPERLINK(""https://stackoverflow.com/q/50513352"", ""50513352"")",0.5441219583699798,"1","57"
"=HYPERLINK(""https://stackoverflow.com/q/50589281"", ""50589281"")",0.6427701674277017,"0","202"
"=HYPERLINK(""https://stackoverflow.com/q/50607509"", ""50607509"")",0.302222222222222,"0","342"
"=HYPERLINK(""https://stackoverflow.com/q/50625648"", ""50625648"")",0.3706272152874096,"0","2466"
"=HYPERLINK(""https://stackoverflow.com/q/50814032"", ""50814032"")",0.6897546897546895,"0","40"
"=HYPERLINK(""https://stackoverflow.com/q/50873007"", ""50873007"")",0.5402945113788482,"0","49"
"=HYPERLINK(""https://stackoverflow.com/q/50968960"", ""50968960"")",0.3449944994499448,"0","524"
"=HYPERLINK(""https://stackoverflow.com/q/51089697"", ""51089697"")",0.3656648451730421,"0","37"
"=HYPERLINK(""https://stackoverflow.com/q/51123964"", ""51123964"")",0.9086629001883226,"0","54"
"=HYPERLINK(""https://stackoverflow.com/q/51257882"", ""51257882"")",0.7853801169590654,"0","415"
"=HYPERLINK(""https://stackoverflow.com/q/51258323"", ""51258323"")",0.9289529914529918,"0","562"
"=HYPERLINK(""https://stackoverflow.com/q/51483123"", ""51483123"")",0.4791392182696527,"1","416"
"=HYPERLINK(""https://stackoverflow.com/q/51607812"", ""51607812"")",0.5562262463670913,"1","301"
"=HYPERLINK(""https://stackoverflow.com/q/51626328"", ""51626328"")",0.7170319108035362,"1","314"
"=HYPERLINK(""https://stackoverflow.com/q/51640618"", ""51640618"")",0.2831640504770699,"0","422"
"=HYPERLINK(""https://stackoverflow.com/q/51799514"", ""51799514"")",0.4636015325670491,"0","284"
"=HYPERLINK(""https://stackoverflow.com/q/51964422"", ""51964422"")",0.8535586277521747,"1","97"
"=HYPERLINK(""https://stackoverflow.com/q/51974194"", ""51974194"")",0.4315818281335519,"0","38"
"=HYPERLINK(""https://stackoverflow.com/q/51977444"", ""51977444"")",0.362647754137116,"0","64"
"=HYPERLINK(""https://stackoverflow.com/q/52007832"", ""52007832"")",0.6384384384384376,"0","444"
"=HYPERLINK(""https://stackoverflow.com/q/52010011"", ""52010011"")",0.6752423564504106,"1","1199"
"=HYPERLINK(""https://stackoverflow.com/q/52066768"", ""52066768"")",0.502105604146421,"1","191"
"=HYPERLINK(""https://stackoverflow.com/q/52076322"", ""52076322"")",0.4194487245334704,"1","337"
"=HYPERLINK(""https://stackoverflow.com/q/52410726"", ""52410726"")",0.8257207644962762,"1","174"
"=HYPERLINK(""https://stackoverflow.com/q/52506183"", ""52506183"")",0.4332774986041314,"0","29"
"=HYPERLINK(""https://stackoverflow.com/q/52614349"", ""52614349"")",0.2936507936507938,"0","224"
"=HYPERLINK(""https://stackoverflow.com/q/52677656"", ""52677656"")",0.6916099773242633,"0","110"
"=HYPERLINK(""https://stackoverflow.com/q/52765149"", ""52765149"")",0.7663398692810459,"2","5035"
"=HYPERLINK(""https://stackoverflow.com/q/52886099"", ""52886099"")",0.2931756590293174,"2","1732"
"=HYPERLINK(""https://stackoverflow.com/q/52904033"", ""52904033"")",0.6116452991452995,"0","57"
"=HYPERLINK(""https://stackoverflow.com/q/52920775"", ""52920775"")",0.4191629487996605,"0","59"
"=HYPERLINK(""https://stackoverflow.com/q/53187416"", ""53187416"")",0.6025903203817308,"0","312"
"=HYPERLINK(""https://stackoverflow.com/q/53220326"", ""53220326"")",0.6094562647754138,"0","450"
"=HYPERLINK(""https://stackoverflow.com/q/53230060"", ""53230060"")",0.5689964157706098,"1","588"
"=HYPERLINK(""https://stackoverflow.com/q/53261597"", ""53261597"")",0.5898111550285455,"0","276"
"=HYPERLINK(""https://stackoverflow.com/q/53724474"", ""53724474"")",0.3961352657004826,"1","1644"
"=HYPERLINK(""https://stackoverflow.com/q/53832913"", ""53832913"")",0.3347420320478958,"0","444"
"=HYPERLINK(""https://stackoverflow.com/q/53936881"", ""53936881"")",0.4186507936507938,"0","657"
"=HYPERLINK(""https://stackoverflow.com/q/54080820"", ""54080820"")",0.3966408268733848,"1","100"
"=HYPERLINK(""https://stackoverflow.com/q/54143107"", ""54143107"")",0.3931229150628688,"0","630"
"=HYPERLINK(""https://stackoverflow.com/q/54245262"", ""54245262"")",0.7152970144659897,"2","155"
"=HYPERLINK(""https://stackoverflow.com/q/54671606"", ""54671606"")",0.4208203530633438,"1","99"
"=HYPERLINK(""https://stackoverflow.com/q/54859677"", ""54859677"")",0.548376068376069,"0","133"
"=HYPERLINK(""https://stackoverflow.com/q/55104040"", ""55104040"")",0.285934133579563,"0","26"
"=HYPERLINK(""https://stackoverflow.com/q/55299858"", ""55299858"")",0.3692101740294509,"1","964"
"=HYPERLINK(""https://stackoverflow.com/q/55338648"", ""55338648"")",0.3512544802867382,"0","704"
"=HYPERLINK(""https://stackoverflow.com/q/55355621"", ""55355621"")",0.8392434988179671,"0","69"
"=HYPERLINK(""https://stackoverflow.com/q/55415866"", ""55415866"")",0.55485820548582,"1","308"
"=HYPERLINK(""https://stackoverflow.com/q/55516806"", ""55516806"")",0.434611602753196,"1","127"
"=HYPERLINK(""https://stackoverflow.com/q/55644850"", ""55644850"")",0.7084100675260898,"0","2969"
"=HYPERLINK(""https://stackoverflow.com/q/55832533"", ""55832533"")",0.4636015325670499,"0","1171"
"=HYPERLINK(""https://stackoverflow.com/q/55921227"", ""55921227"")",0.2514051015996541,"0","432"
"=HYPERLINK(""https://stackoverflow.com/q/56051716"", ""56051716"")",0.5419896640826868,"0","281"
"=HYPERLINK(""https://stackoverflow.com/q/56065790"", ""56065790"")",0.3438438438438437,"1","201"
"=HYPERLINK(""https://stackoverflow.com/q/56270048"", ""56270048"")",0.4396135265700478,"0","144"
"=HYPERLINK(""https://stackoverflow.com/q/56701895"", ""56701895"")",0.588179669030733,"0","28"
"=HYPERLINK(""https://stackoverflow.com/q/56858621"", ""56858621"")",0.3779315647827755,"0","254"
"=HYPERLINK(""https://stackoverflow.com/q/56896485"", ""56896485"")",0.3952991452991453,"1","642"
"=HYPERLINK(""https://stackoverflow.com/q/56965410"", ""56965410"")",0.9142637447135707,"0","58"
"=HYPERLINK(""https://stackoverflow.com/q/56971471"", ""56971471"")",0.7472881852829089,"0","120"
"=HYPERLINK(""https://stackoverflow.com/q/56983444"", ""56983444"")",0.7516339869281039,"0","816"
"=HYPERLINK(""https://stackoverflow.com/q/56983590"", ""56983590"")",0.6084291187739465,"1","121"
"=HYPERLINK(""https://stackoverflow.com/q/57127124"", ""57127124"")",0.5299145299145301,"0","55"
"=HYPERLINK(""https://stackoverflow.com/q/57296830"", ""57296830"")",0.5101969057665254,"0","193"
"=HYPERLINK(""https://stackoverflow.com/q/57322919"", ""57322919"")",0.4001883239171372,"0","184"
"=HYPERLINK(""https://stackoverflow.com/q/57394786"", ""57394786"")",0.5380116959064329,"0","53"
"=HYPERLINK(""https://stackoverflow.com/q/57500053"", ""57500053"")",0.2582494860975872,"1","141"
"=HYPERLINK(""https://stackoverflow.com/q/57685832"", ""57685832"")",0.3225682429834677,"0","29"
"=HYPERLINK(""https://stackoverflow.com/q/58057522"", ""58057522"")",0.3248916267396758,"0","226"
"=HYPERLINK(""https://stackoverflow.com/q/58197009"", ""58197009"")",0.4148451730418944,"1","48"
"=HYPERLINK(""https://stackoverflow.com/q/58314623"", ""58314623"")",0.4686287930641108,"0","52"
"=HYPERLINK(""https://stackoverflow.com/q/58328963"", ""58328963"")",0.203558175070945,"0","281"
"=HYPERLINK(""https://stackoverflow.com/q/58375807"", ""58375807"")",0.327930467465351,"0","157"
"=HYPERLINK(""https://stackoverflow.com/q/58387653"", ""58387653"")",0.9321458863443612,"0","101"
"=HYPERLINK(""https://stackoverflow.com/q/58557511"", ""58557511"")",0.3553583168967785,"0","590"
"=HYPERLINK(""https://stackoverflow.com/q/58657618"", ""58657618"")",0.8852056476365869,"0","44"
"=HYPERLINK(""https://stackoverflow.com/q/58741169"", ""58741169"")",0.5049808429118775,"1","35"
"=HYPERLINK(""https://stackoverflow.com/q/58804964"", ""58804964"")",0.4148343594253886,"1","207"
"=HYPERLINK(""https://stackoverflow.com/q/59073849"", ""59073849"")",0.3945299145299151,"0","86"
"=HYPERLINK(""https://stackoverflow.com/q/59084319"", ""59084319"")",0.5354752342704143,"0","142"
"=HYPERLINK(""https://stackoverflow.com/q/59720097"", ""59720097"")",0.4029802397149337,"0","239"
"=HYPERLINK(""https://stackoverflow.com/q/59826309"", ""59826309"")",0.3052672049211841,"0","56"
"=HYPERLINK(""https://stackoverflow.com/q/60020671"", ""60020671"")",0.4627285513361459,"0","19"
"=HYPERLINK(""https://stackoverflow.com/q/60034598"", ""60034598"")",0.5542380324989014,"1","122"
"=HYPERLINK(""https://stackoverflow.com/q/60044665"", ""60044665"")",0.3850886717336229,"0","59"
"=HYPERLINK(""https://stackoverflow.com/q/60121144"", ""60121144"")",0.4768347683476837,"1","291"
"=HYPERLINK(""https://stackoverflow.com/q/60153129"", ""60153129"")",0.3053247152970146,"1","17"
"=HYPERLINK(""https://stackoverflow.com/q/60161460"", ""60161460"")",0.5924349881796692,"0","85"
"=HYPERLINK(""https://stackoverflow.com/q/60227631"", ""60227631"")",0.8012776637006608,"0","76"
"=HYPERLINK(""https://stackoverflow.com/q/60259548"", ""60259548"")",0.6356837606837608,"0","320"
"=HYPERLINK(""https://stackoverflow.com/q/60604593"", ""60604593"")",0.4065540194572448,"0","78"
"=HYPERLINK(""https://stackoverflow.com/q/60662730"", ""60662730"")",0.4658931082981715,"0","1199"
"=HYPERLINK(""https://stackoverflow.com/q/60667211"", ""60667211"")",0.4104141041410416,"0","127"
"=HYPERLINK(""https://stackoverflow.com/q/60673996"", ""60673996"")",0.522617479139218,"0","53"
"=HYPERLINK(""https://stackoverflow.com/q/60830692"", ""60830692"")",0.3646879756468796,"0","328"
"=HYPERLINK(""https://stackoverflow.com/q/60863710"", ""60863710"")",0.480286738351254,"0","50"
"=HYPERLINK(""https://stackoverflow.com/q/61129744"", ""61129744"")",0.8186507936507937,"1","716"
"=HYPERLINK(""https://stackoverflow.com/q/61137790"", ""61137790"")",0.4802867383512539,"0","36"
"=HYPERLINK(""https://stackoverflow.com/q/61284315"", ""61284315"")",0.5906432748538021,"0","48"
"=HYPERLINK(""https://stackoverflow.com/q/61409065"", ""61409065"")",0.4404040404040403,"0","101"
"=HYPERLINK(""https://stackoverflow.com/q/61443240"", ""61443240"")",0.827388273882739,"0","1501"
"=HYPERLINK(""https://stackoverflow.com/q/61947247"", ""61947247"")",0.2869371682931006,"3","125"
"=HYPERLINK(""https://stackoverflow.com/q/62046480"", ""62046480"")",0.3297140788997466,"0","20"
"=HYPERLINK(""https://stackoverflow.com/q/62063952"", ""62063952"")",0.3977947413061924,"0","32"
"=HYPERLINK(""https://stackoverflow.com/q/62141153"", ""62141153"")",0.3443596268023752,"0","18"
"=HYPERLINK(""https://stackoverflow.com/q/62179464"", ""62179464"")",0.8766001024065524,"0","43"
"=HYPERLINK(""https://stackoverflow.com/q/62334821"", ""62334821"")",0.3658686310620013,"0","241"
"=HYPERLINK(""https://stackoverflow.com/q/62349599"", ""62349599"")",0.3578386605783865,"0","497"
"=HYPERLINK(""https://stackoverflow.com/q/62392233"", ""62392233"")",0.7055819686564541,"1","82"
"=HYPERLINK(""https://stackoverflow.com/q/62397332"", ""62397332"")",0.3204933778182187,"1","109"
"=HYPERLINK(""https://stackoverflow.com/q/62443221"", ""62443221"")",0.786738351254481,"1","50"
"=HYPERLINK(""https://stackoverflow.com/q/62466714"", ""62466714"")",0.4465989535241612,"0","30"
"=HYPERLINK(""https://stackoverflow.com/q/62636725"", ""62636725"")",0.8311716385646347,"1","112"
"=HYPERLINK(""https://stackoverflow.com/q/62662022"", ""62662022"")",0.3645147123407989,"0","19"
"=HYPERLINK(""https://stackoverflow.com/q/62760776"", ""62760776"")",0.2603901611535202,"2","621"
"=HYPERLINK(""https://stackoverflow.com/q/62766720"", ""62766720"")",0.6969057665260191,"2","50"
"=HYPERLINK(""https://stackoverflow.com/q/62791225"", ""62791225"")",0.4586754241926651,"0","37"
"=HYPERLINK(""https://stackoverflow.com/q/63051700"", ""63051700"")",0.7703271784904452,"0","6"
"=HYPERLINK(""https://stackoverflow.com/q/63185022"", ""63185022"")",0.6538011695906443,"0","119"
"=HYPERLINK(""https://stackoverflow.com/q/63345858"", ""63345858"")",0.6168168168168161,"0","58"
"=HYPERLINK(""https://stackoverflow.com/q/63371885"", ""63371885"")",0.6975511695906432,"0","110"
"=HYPERLINK(""https://stackoverflow.com/q/63661818"", ""63661818"")",0.5871182961252244,"1","49"
"=HYPERLINK(""https://stackoverflow.com/q/63715701"", ""63715701"")",0.482064741907262,"0","83"
"=HYPERLINK(""https://stackoverflow.com/q/63728929"", ""63728929"")",0.4554238032498897,"0","8"
"=HYPERLINK(""https://stackoverflow.com/q/63879709"", ""63879709"")",0.2636129506990436,"0","53"
"=HYPERLINK(""https://stackoverflow.com/q/64346089"", ""64346089"")",0.4257936507936509,"0","56"
"=HYPERLINK(""https://stackoverflow.com/q/64360031"", ""64360031"")",0.3465465465465462,"0","1281"
"=HYPERLINK(""https://stackoverflow.com/q/64459724"", ""64459724"")",0.2950070323488047,"2","55"
"=HYPERLINK(""https://stackoverflow.com/q/64601127"", ""64601127"")",0.428989139515455,"0","49"
"=HYPERLINK(""https://stackoverflow.com/q/64621815"", ""64621815"")",0.4241452991452993,"0","31"
"=HYPERLINK(""https://stackoverflow.com/q/64906781"", ""64906781"")",0.4230418943533698,"0","125"
"=HYPERLINK(""https://stackoverflow.com/q/64922277"", ""64922277"")",0.2918424753867792,"0","22"
"=HYPERLINK(""https://stackoverflow.com/q/65064758"", ""65064758"")",0.4464035824237332,"0","30"
"=HYPERLINK(""https://stackoverflow.com/q/65098684"", ""65098684"")",0.3195072900955252,"0","29"
"=HYPERLINK(""https://stackoverflow.com/q/65177959"", ""65177959"")",0.5808429118773948,"0","72"
"=HYPERLINK(""https://stackoverflow.com/q/65290553"", ""65290553"")",0.4675052410901468,"1","73"
"=HYPERLINK(""https://stackoverflow.com/q/65302707"", ""65302707"")",0.4773054015198198,"0","64"
"=HYPERLINK(""https://stackoverflow.com/q/65434255"", ""65434255"")",0.3326118326118323,"0","29"
"=HYPERLINK(""https://stackoverflow.com/q/65498491"", ""65498491"")",0.3190532081377153,"0","23"
"=HYPERLINK(""https://stackoverflow.com/q/65905084"", ""65905084"")",0.4853801169590648,"1","44"
"=HYPERLINK(""https://stackoverflow.com/q/66072249"", ""66072249"")",0.3692810457516338,"0","300"
"=HYPERLINK(""https://stackoverflow.com/q/66238840"", ""66238840"")",0.5242356450410145,"0","22"
"=HYPERLINK(""https://stackoverflow.com/q/66312445"", ""66312445"")",0.4624686287930635,"1","99"
"=HYPERLINK(""https://stackoverflow.com/q/66353571"", ""66353571"")",0.4731447314473144,"0","20"
"=HYPERLINK(""https://stackoverflow.com/q/66380040"", ""66380040"")",0.3975468975468971,"0","25"
"=HYPERLINK(""https://stackoverflow.com/q/66664710"", ""66664710"")",0.3388651809704444,"0","100"
"=HYPERLINK(""https://stackoverflow.com/q/66750932"", ""66750932"")",0.6640826873385006,"1","17"
"=HYPERLINK(""https://stackoverflow.com/q/66780650"", ""66780650"")",0.3672603901611541,"0","22"
"=HYPERLINK(""https://stackoverflow.com/q/66781877"", ""66781877"")",0.2613739351096611,"3","124"
"=HYPERLINK(""https://stackoverflow.com/q/66887447"", ""66887447"")",0.3975468975468973,"0","8"
"=HYPERLINK(""https://stackoverflow.com/q/67074824"", ""67074824"")",0.3718067097568483,"0","33"
"=HYPERLINK(""https://stackoverflow.com/q/67174835"", ""67174835"")",0.4507936507936508,"0","9"
"=HYPERLINK(""https://stackoverflow.com/q/67266975"", ""67266975"")",0.4440195453579778,"0","11"
"=HYPERLINK(""https://stackoverflow.com/q/67412899"", ""67412899"")",0.710701484895032,"0","10"
"=HYPERLINK(""https://stackoverflow.com/q/67747595"", ""67747595"")",0.2962367033163495,"0","12"
