link,Correlation
"=HYPERLINK(""https://stackoverflow.com/a/634532"", ""634532"")",0.2994499449944994
"=HYPERLINK(""https://stackoverflow.com/a/1522091"", ""1522091"")",0.10134310134310134
"=HYPERLINK(""https://stackoverflow.com/a/4108152"", ""4108152"")",0.32403217697335346
"=HYPERLINK(""https://stackoverflow.com/a/4439897"", ""4439897"")",0.42953929539295377
"=HYPERLINK(""https://stackoverflow.com/a/4645403"", ""4645403"")",0.4848804500703232
"=HYPERLINK(""https://stackoverflow.com/a/5284314"", ""5284314"")",0.9116959064327491
"=HYPERLINK(""https://stackoverflow.com/a/5476360"", ""5476360"")",0.35366552119129435
"=HYPERLINK(""https://stackoverflow.com/a/6348208"", ""6348208"")",0.3181126331811263
"=HYPERLINK(""https://stackoverflow.com/a/6412122"", ""6412122"")",0.40514905149051456
"=HYPERLINK(""https://stackoverflow.com/a/7499606"", ""7499606"")",0.19290285049447334
"=HYPERLINK(""https://stackoverflow.com/a/8043017"", ""8043017"")",0.46718866517524255
"=HYPERLINK(""https://stackoverflow.com/a/8318740"", ""8318740"")",0.19522222222222213
"=HYPERLINK(""https://stackoverflow.com/a/9411551"", ""9411551"")",0.35831689677843537
"=HYPERLINK(""https://stackoverflow.com/a/9491303"", ""9491303"")",0.4492160872528967
"=HYPERLINK(""https://stackoverflow.com/a/9925989"", ""9925989"")",0.22222222222222227
"=HYPERLINK(""https://stackoverflow.com/a/10930068"", ""10930068"")",0.3038863208354734
"=HYPERLINK(""https://stackoverflow.com/a/12164206"", ""12164206"")",0.5925347222222228
"=HYPERLINK(""https://stackoverflow.com/a/12198490"", ""12198490"")",0.5012919896640824
"=HYPERLINK(""https://stackoverflow.com/a/12635352"", ""12635352"")",0.6233782915863841
"=HYPERLINK(""https://stackoverflow.com/a/12952645"", ""12952645"")",0.48385012919896614
"=HYPERLINK(""https://stackoverflow.com/a/13284851"", ""13284851"")",0.45598845598845555
"=HYPERLINK(""https://stackoverflow.com/a/13356948"", ""13356948"")",0.9579365079365081
"=HYPERLINK(""https://stackoverflow.com/a/13561582"", ""13561582"")",0.37351373513735153
"=HYPERLINK(""https://stackoverflow.com/a/13877163"", ""13877163"")",0.7695906432748543
"=HYPERLINK(""https://stackoverflow.com/a/13884050"", ""13884050"")",0.4268111323560657
"=HYPERLINK(""https://stackoverflow.com/a/13954921"", ""13954921"")",0.06432748538011702
"=HYPERLINK(""https://stackoverflow.com/a/14254746"", ""14254746"")",0.35636856368563663
"=HYPERLINK(""https://stackoverflow.com/a/14454400"", ""14454400"")",0.2497451580020389
"=HYPERLINK(""https://stackoverflow.com/a/16249242"", ""16249242"")",0.5598845598845597
"=HYPERLINK(""https://stackoverflow.com/a/16593422"", ""16593422"")",0.45659722222222243
"=HYPERLINK(""https://stackoverflow.com/a/19597469"", ""19597469"")",0.38796807857581345
"=HYPERLINK(""https://stackoverflow.com/a/20610591"", ""20610591"")",0.5539529914529916
"=HYPERLINK(""https://stackoverflow.com/a/20618597"", ""20618597"")",0.30098117210289027
"=HYPERLINK(""https://stackoverflow.com/a/20692038"", ""20692038"")",0.4687975646879755
"=HYPERLINK(""https://stackoverflow.com/a/20900665"", ""20900665"")",0.6351915054986725
"=HYPERLINK(""https://stackoverflow.com/a/21570711"", ""21570711"")",0.37948401685681976
"=HYPERLINK(""https://stackoverflow.com/a/22180438"", ""22180438"")",0.621531773430508
"=HYPERLINK(""https://stackoverflow.com/a/23457577"", ""23457577"")",0.4388120839733739
"=HYPERLINK(""https://stackoverflow.com/a/23605405"", ""23605405"")",0.30330330330330313
"=HYPERLINK(""https://stackoverflow.com/a/23857202"", ""23857202"")",0.39222222222222214
"=HYPERLINK(""https://stackoverflow.com/a/24868264"", ""24868264"")",0.34665661136249365
"=HYPERLINK(""https://stackoverflow.com/a/24889651"", ""24889651"")",0.883239171374764
"=HYPERLINK(""https://stackoverflow.com/a/25507513"", ""25507513"")",0.26516700749829564
"=HYPERLINK(""https://stackoverflow.com/a/26074905"", ""26074905"")",0.4412195836997948
"=HYPERLINK(""https://stackoverflow.com/a/26606641"", ""26606641"")",0.4323838850397741
"=HYPERLINK(""https://stackoverflow.com/a/26715881"", ""26715881"")",0.9040404040404035
"=HYPERLINK(""https://stackoverflow.com/a/27314711"", ""27314711"")",0.24040404040404043
"=HYPERLINK(""https://stackoverflow.com/a/27485895"", ""27485895"")",0.4830917874396137
"=HYPERLINK(""https://stackoverflow.com/a/28081449"", ""28081449"")",0.6178266178266177
"=HYPERLINK(""https://stackoverflow.com/a/28146823"", ""28146823"")",0.3598369011213049
"=HYPERLINK(""https://stackoverflow.com/a/28176196"", ""28176196"")",0.48309178743961373
"=HYPERLINK(""https://stackoverflow.com/a/28189890"", ""28189890"")",0.6020299145299147
"=HYPERLINK(""https://stackoverflow.com/a/28527464"", ""28527464"")",0.6955046649703142
"=HYPERLINK(""https://stackoverflow.com/a/29811620"", ""29811620"")",0.4349881796690308
"=HYPERLINK(""https://stackoverflow.com/a/30174263"", ""30174263"")",0.31597222222222227
"=HYPERLINK(""https://stackoverflow.com/a/31053187"", ""31053187"")",0.7122222222222219
"=HYPERLINK(""https://stackoverflow.com/a/31557784"", ""31557784"")",0.5265700483091784
"=HYPERLINK(""https://stackoverflow.com/a/31648116"", ""31648116"")",0.7790404040404038
"=HYPERLINK(""https://stackoverflow.com/a/32117946"", ""32117946"")",0.7105943152454776
"=HYPERLINK(""https://stackoverflow.com/a/32575964"", ""32575964"")",0.40584177308087477
"=HYPERLINK(""https://stackoverflow.com/a/32833066"", ""32833066"")",0.6909722222222223
"=HYPERLINK(""https://stackoverflow.com/a/32898134"", ""32898134"")",0.45299145299145305
"=HYPERLINK(""https://stackoverflow.com/a/34693603"", ""34693603"")",0.48664529914529925
"=HYPERLINK(""https://stackoverflow.com/a/35774995"", ""35774995"")",0.263967952772507
"=HYPERLINK(""https://stackoverflow.com/a/35900930"", ""35900930"")",0.41130971046305
"=HYPERLINK(""https://stackoverflow.com/a/36216493"", ""36216493"")",0.34722222222222243
"=HYPERLINK(""https://stackoverflow.com/a/36444098"", ""36444098"")",0.3923943063522416
"=HYPERLINK(""https://stackoverflow.com/a/37383469"", ""37383469"")",0.30230435774583614
"=HYPERLINK(""https://stackoverflow.com/a/39279650"", ""39279650"")",0.6806837606837611
"=HYPERLINK(""https://stackoverflow.com/a/39489286"", ""39489286"")",0.38660578386605776
"=HYPERLINK(""https://stackoverflow.com/a/39564736"", ""39564736"")",0.5958485958485958
"=HYPERLINK(""https://stackoverflow.com/a/39711115"", ""39711115"")",0.3016519574564381
"=HYPERLINK(""https://stackoverflow.com/a/40287379"", ""40287379"")",0.42133726647001
"=HYPERLINK(""https://stackoverflow.com/a/40455205"", ""40455205"")",0.34222222222222254
"=HYPERLINK(""https://stackoverflow.com/a/40653253"", ""40653253"")",0.4622222222222221
"=HYPERLINK(""https://stackoverflow.com/a/41501021"", ""41501021"")",0.5384384384384382
"=HYPERLINK(""https://stackoverflow.com/a/43353699"", ""43353699"")",0.5260196905766522
"=HYPERLINK(""https://stackoverflow.com/a/43646009"", ""43646009"")",0.4615270350564469
"=HYPERLINK(""https://stackoverflow.com/a/43992133"", ""43992133"")",0.35793650793650805
"=HYPERLINK(""https://stackoverflow.com/a/44258621"", ""44258621"")",0.6432748538011701
"=HYPERLINK(""https://stackoverflow.com/a/45008155"", ""45008155"")",0.31978319783197817
"=HYPERLINK(""https://stackoverflow.com/a/45232873"", ""45232873"")",0.42880904856952745
"=HYPERLINK(""https://stackoverflow.com/a/45280128"", ""45280128"")",0.2748538011695908
"=HYPERLINK(""https://stackoverflow.com/a/45677109"", ""45677109"")",0.34817642069550486
"=HYPERLINK(""https://stackoverflow.com/a/45901465"", ""45901465"")",0.5586277521761389
"=HYPERLINK(""https://stackoverflow.com/a/45954831"", ""45954831"")",0.5601532567049808
"=HYPERLINK(""https://stackoverflow.com/a/46073368"", ""46073368"")",0.4239267676767675
"=HYPERLINK(""https://stackoverflow.com/a/46209944"", ""46209944"")",0.47185725871857276
"=HYPERLINK(""https://stackoverflow.com/a/46371610"", ""46371610"")",0.3264567499095186
"=HYPERLINK(""https://stackoverflow.com/a/46822435"", ""46822435"")",0.3882738827388274
"=HYPERLINK(""https://stackoverflow.com/a/46935313"", ""46935313"")",0.2585858585858587
"=HYPERLINK(""https://stackoverflow.com/a/47193815"", ""47193815"")",0.5347222222222225
"=HYPERLINK(""https://stackoverflow.com/a/47472222"", ""47472222"")",0.4046702591737232
"=HYPERLINK(""https://stackoverflow.com/a/47572061"", ""47572061"")",0.36199167467178994
"=HYPERLINK(""https://stackoverflow.com/a/47620036"", ""47620036"")",0.4274853801169594
"=HYPERLINK(""https://stackoverflow.com/a/47670667"", ""47670667"")",0.33251633986928103
"=HYPERLINK(""https://stackoverflow.com/a/48081658"", ""48081658"")",0.3856463467358408
"=HYPERLINK(""https://stackoverflow.com/a/49160924"", ""49160924"")",0.4816364481636446
"=HYPERLINK(""https://stackoverflow.com/a/49429075"", ""49429075"")",0.37596553773024366
"=HYPERLINK(""https://stackoverflow.com/a/49431594"", ""49431594"")",0.3243498817966903
"=HYPERLINK(""https://stackoverflow.com/a/49501847"", ""49501847"")",0.5951035781544253
"=HYPERLINK(""https://stackoverflow.com/a/50552456"", ""50552456"")",0.5109251510925149
"=HYPERLINK(""https://stackoverflow.com/a/51330771"", ""51330771"")",0.3868928809048567
"=HYPERLINK(""https://stackoverflow.com/a/51388176"", ""51388176"")",0.3852657004830914
"=HYPERLINK(""https://stackoverflow.com/a/51703536"", ""51703536"")",0.5727045373347627
"=HYPERLINK(""https://stackoverflow.com/a/52295066"", ""52295066"")",0.3472222222222221
"=HYPERLINK(""https://stackoverflow.com/a/52592182"", ""52592182"")",0.812222222222222
"=HYPERLINK(""https://stackoverflow.com/a/52719673"", ""52719673"")",0.48249619482496187
"=HYPERLINK(""https://stackoverflow.com/a/52765403"", ""52765403"")",0.48538011695906474
"=HYPERLINK(""https://stackoverflow.com/a/53509205"", ""53509205"")",0.7114529914529919
"=HYPERLINK(""https://stackoverflow.com/a/54451688"", ""54451688"")",0.2405708460754333
"=HYPERLINK(""https://stackoverflow.com/a/55040518"", ""55040518"")",0.5581906016688624
"=HYPERLINK(""https://stackoverflow.com/a/55269604"", ""55269604"")",0.6075433231396536
"=HYPERLINK(""https://stackoverflow.com/a/55275597"", ""55275597"")",0.4508596356171413
"=HYPERLINK(""https://stackoverflow.com/a/55277875"", ""55277875"")",0.4315245478036174
"=HYPERLINK(""https://stackoverflow.com/a/55596660"", ""55596660"")",0.5947277654594724
"=HYPERLINK(""https://stackoverflow.com/a/55614489"", ""55614489"")",0.4710701484895029
"=HYPERLINK(""https://stackoverflow.com/a/55926162"", ""55926162"")",0.3183760683760684
"=HYPERLINK(""https://stackoverflow.com/a/56098700"", ""56098700"")",0.40005727376861394
"=HYPERLINK(""https://stackoverflow.com/a/56204510"", ""56204510"")",0.7178490443796572
"=HYPERLINK(""https://stackoverflow.com/a/56337255"", ""56337255"")",0.5852280025690433
"=HYPERLINK(""https://stackoverflow.com/a/56727944"", ""56727944"")",0.411411411411411
"=HYPERLINK(""https://stackoverflow.com/a/56960628"", ""56960628"")",0.6006006006006002
"=HYPERLINK(""https://stackoverflow.com/a/57224286"", ""57224286"")",0.45249940772328845
"=HYPERLINK(""https://stackoverflow.com/a/57678440"", ""57678440"")",0.4080629301868243
"=HYPERLINK(""https://stackoverflow.com/a/57815340"", ""57815340"")",0.4321347586653711
"=HYPERLINK(""https://stackoverflow.com/a/57863598"", ""57863598"")",0.38222222222222196
"=HYPERLINK(""https://stackoverflow.com/a/58338527"", ""58338527"")",0.2847222222222224
"=HYPERLINK(""https://stackoverflow.com/a/58731381"", ""58731381"")",0.25246415770609315
"=HYPERLINK(""https://stackoverflow.com/a/59029151"", ""59029151"")",0.4426946631671045
"=HYPERLINK(""https://stackoverflow.com/a/59127404"", ""59127404"")",0.33304016417472904
"=HYPERLINK(""https://stackoverflow.com/a/59203251"", ""59203251"")",0.5237297599106642
"=HYPERLINK(""https://stackoverflow.com/a/59255996"", ""59255996"")",0.4118773946360152
"=HYPERLINK(""https://stackoverflow.com/a/59293073"", ""59293073"")",0.35735735735735713
"=HYPERLINK(""https://stackoverflow.com/a/60009363"", ""60009363"")",0.48683760683760724
"=HYPERLINK(""https://stackoverflow.com/a/60382375"", ""60382375"")",0.36175710594315225
"=HYPERLINK(""https://stackoverflow.com/a/60523709"", ""60523709"")",0.5066258919469929
"=HYPERLINK(""https://stackoverflow.com/a/60839486"", ""60839486"")",0.2690307328605201
"=HYPERLINK(""https://stackoverflow.com/a/61257082"", ""61257082"")",0.29141282274441555
"=HYPERLINK(""https://stackoverflow.com/a/61353391"", ""61353391"")",0.37965662455458393
"=HYPERLINK(""https://stackoverflow.com/a/61483084"", ""61483084"")",0.4332313965341489
"=HYPERLINK(""https://stackoverflow.com/a/61670407"", ""61670407"")",0.5739463601532567
"=HYPERLINK(""https://stackoverflow.com/a/61688257"", ""61688257"")",0.7289336316181957
"=HYPERLINK(""https://stackoverflow.com/a/61741405"", ""61741405"")",0.4370109546165888
"=HYPERLINK(""https://stackoverflow.com/a/61769309"", ""61769309"")",0.5595716198125834
"=HYPERLINK(""https://stackoverflow.com/a/61773054"", ""61773054"")",0.6257936507936508
"=HYPERLINK(""https://stackoverflow.com/a/61827092"", ""61827092"")",0.9315245478036169
"=HYPERLINK(""https://stackoverflow.com/a/61891399"", ""61891399"")",0.5243498817966904
"=HYPERLINK(""https://stackoverflow.com/a/61894507"", ""61894507"")",0.5870430691277596
"=HYPERLINK(""https://stackoverflow.com/a/61914440"", ""61914440"")",0.3323139653414883
"=HYPERLINK(""https://stackoverflow.com/a/62223058"", ""62223058"")",0.4648692810457516
"=HYPERLINK(""https://stackoverflow.com/a/62327170"", ""62327170"")",0.4914529914529916
"=HYPERLINK(""https://stackoverflow.com/a/62529404"", ""62529404"")",0.5067172435593492
"=HYPERLINK(""https://stackoverflow.com/a/62657410"", ""62657410"")",0.33592484612892803
"=HYPERLINK(""https://stackoverflow.com/a/62751442"", ""62751442"")",0.676276276276276
"=HYPERLINK(""https://stackoverflow.com/a/63156312"", ""63156312"")",0.6084497671324016
"=HYPERLINK(""https://stackoverflow.com/a/63358263"", ""63358263"")",0.272473478503629
"=HYPERLINK(""https://stackoverflow.com/a/63613649"", ""63613649"")",0.5939801472942685
"=HYPERLINK(""https://stackoverflow.com/a/64235023"", ""64235023"")",0.6160683760683766
"=HYPERLINK(""https://stackoverflow.com/a/64299579"", ""64299579"")",0.41005764261578226
"=HYPERLINK(""https://stackoverflow.com/a/64508721"", ""64508721"")",0.3896349348453195
"=HYPERLINK(""https://stackoverflow.com/a/64690761"", ""64690761"")",0.384009587399418
"=HYPERLINK(""https://stackoverflow.com/a/64701828"", ""64701828"")",0.6293018682399214
"=HYPERLINK(""https://stackoverflow.com/a/65440300"", ""65440300"")",0.34376918354818903
"=HYPERLINK(""https://stackoverflow.com/a/65898940"", ""65898940"")",0.48993875765529354
"=HYPERLINK(""https://stackoverflow.com/a/66151318"", ""66151318"")",0.321997165958156
"=HYPERLINK(""https://stackoverflow.com/a/66266517"", ""66266517"")",0.26633986928104564
"=HYPERLINK(""https://stackoverflow.com/a/66580531"", ""66580531"")",0.8035371011149555
"=HYPERLINK(""https://stackoverflow.com/a/66700600"", ""66700600"")",0.3961352657004833
"=HYPERLINK(""https://stackoverflow.com/a/66985543"", ""66985543"")",0.3628472222222224
"=HYPERLINK(""https://stackoverflow.com/a/67086272"", ""67086272"")",0.2591349739000747
"=HYPERLINK(""https://stackoverflow.com/a/67192269"", ""67192269"")",0.8791989664082682
"=HYPERLINK(""https://stackoverflow.com/a/67227898"", ""67227898"")",0.2874396135265701
"=HYPERLINK(""https://stackoverflow.com/a/67483961"", ""67483961"")",0.37334762415148276
"=HYPERLINK(""https://stackoverflow.com/a/67657805"", ""67657805"")",0.4505959246443675
