link,Correlation
"=HYPERLINK(""https://stackoverflow.com/a/1194523"", ""1194523"")",0.3066549399003227
"=HYPERLINK(""https://stackoverflow.com/a/1559495"", ""1559495"")",0.41894353369763243
"=HYPERLINK(""https://stackoverflow.com/a/1645177"", ""1645177"")",0.5325670498084284
"=HYPERLINK(""https://stackoverflow.com/a/1757223"", ""1757223"")",0.3789042498719915
"=HYPERLINK(""https://stackoverflow.com/a/1987818"", ""1987818"")",0.6922821024617426
"=HYPERLINK(""https://stackoverflow.com/a/2882872"", ""2882872"")",0.5235920852359208
"=HYPERLINK(""https://stackoverflow.com/a/2941522"", ""2941522"")",0.3528754885538801
"=HYPERLINK(""https://stackoverflow.com/a/3079357"", ""3079357"")",0.6549145299145301
"=HYPERLINK(""https://stackoverflow.com/a/3969627"", ""3969627"")",0.44040404040404024
"=HYPERLINK(""https://stackoverflow.com/a/4409544"", ""4409544"")",0.4615079365079367
"=HYPERLINK(""https://stackoverflow.com/a/4605567"", ""4605567"")",0.4158841940532085
"=HYPERLINK(""https://stackoverflow.com/a/4803683"", ""4803683"")",0.35196905766526027
"=HYPERLINK(""https://stackoverflow.com/a/5221608"", ""5221608"")",0.2663398692810458
"=HYPERLINK(""https://stackoverflow.com/a/6108459"", ""6108459"")",0.16816816816816801
"=HYPERLINK(""https://stackoverflow.com/a/6764725"", ""6764725"")",0.5282908238053361
"=HYPERLINK(""https://stackoverflow.com/a/7279458"", ""7279458"")",0.27868155236576303
"=HYPERLINK(""https://stackoverflow.com/a/7418343"", ""7418343"")",0.5390539053905387
"=HYPERLINK(""https://stackoverflow.com/a/7686536"", ""7686536"")",0.46832274215289843
"=HYPERLINK(""https://stackoverflow.com/a/8009936"", ""8009936"")",0.27485380116959035
"=HYPERLINK(""https://stackoverflow.com/a/8565348"", ""8565348"")",0.5827991452991453
"=HYPERLINK(""https://stackoverflow.com/a/8594910"", ""8594910"")",0.6541549953314658
"=HYPERLINK(""https://stackoverflow.com/a/9085824"", ""9085824"")",0.767676767676767
"=HYPERLINK(""https://stackoverflow.com/a/9128699"", ""9128699"")",0.47833967736088473
"=HYPERLINK(""https://stackoverflow.com/a/9401780"", ""9401780"")",0.4190548014077424
"=HYPERLINK(""https://stackoverflow.com/a/9478807"", ""9478807"")",0.43977947413062
"=HYPERLINK(""https://stackoverflow.com/a/9584796"", ""9584796"")",0.5457516339869283
"=HYPERLINK(""https://stackoverflow.com/a/9720800"", ""9720800"")",0.43424753867791793
"=HYPERLINK(""https://stackoverflow.com/a/9847120"", ""9847120"")",0.27247347850362896
"=HYPERLINK(""https://stackoverflow.com/a/9879468"", ""9879468"")",0.664529914529915
"=HYPERLINK(""https://stackoverflow.com/a/10098305"", ""10098305"")",0.6350129198966401
"=HYPERLINK(""https://stackoverflow.com/a/10521183"", ""10521183"")",0.33033033033033
"=HYPERLINK(""https://stackoverflow.com/a/10732333"", ""10732333"")",0.3563685636856365
"=HYPERLINK(""https://stackoverflow.com/a/11156074"", ""11156074"")",0.4764595103578149
"=HYPERLINK(""https://stackoverflow.com/a/11211226"", ""11211226"")",0.48538011695906513
"=HYPERLINK(""https://stackoverflow.com/a/11215858"", ""11215858"")",0.26660502388657736
"=HYPERLINK(""https://stackoverflow.com/a/11410052"", ""11410052"")",0.4003044140030441
"=HYPERLINK(""https://stackoverflow.com/a/11929866"", ""11929866"")",0.7197096594081513
"=HYPERLINK(""https://stackoverflow.com/a/12182003"", ""12182003"")",0.3587372055740538
"=HYPERLINK(""https://stackoverflow.com/a/12504428"", ""12504428"")",0.7399213372664707
"=HYPERLINK(""https://stackoverflow.com/a/12574695"", ""12574695"")",0.4414003044140029
"=HYPERLINK(""https://stackoverflow.com/a/12588678"", ""12588678"")",0.3939474618388353
"=HYPERLINK(""https://stackoverflow.com/a/12634418"", ""12634418"")",0.6468797564687975
"=HYPERLINK(""https://stackoverflow.com/a/12661631"", ""12661631"")",0.3967602099018935
"=HYPERLINK(""https://stackoverflow.com/a/12837409"", ""12837409"")",0.45751633986928103
"=HYPERLINK(""https://stackoverflow.com/a/12839422"", ""12839422"")",0.7611832611832606
"=HYPERLINK(""https://stackoverflow.com/a/13455516"", ""13455516"")",0.5056073153899243
"=HYPERLINK(""https://stackoverflow.com/a/13838194"", ""13838194"")",0.40972222222222243
"=HYPERLINK(""https://stackoverflow.com/a/14382345"", ""14382345"")",0.44051875219067704
"=HYPERLINK(""https://stackoverflow.com/a/14401534"", ""14401534"")",0.5329914529914537
"=HYPERLINK(""https://stackoverflow.com/a/14559478"", ""14559478"")",0.5186077643908965
"=HYPERLINK(""https://stackoverflow.com/a/14770157"", ""14770157"")",0.5305226174791385
"=HYPERLINK(""https://stackoverflow.com/a/14844515"", ""14844515"")",0.4000878348704434
"=HYPERLINK(""https://stackoverflow.com/a/15237068"", ""15237068"")",0.30096237970253736
"=HYPERLINK(""https://stackoverflow.com/a/15536466"", ""15536466"")",0.5924644367550935
"=HYPERLINK(""https://stackoverflow.com/a/15542291"", ""15542291"")",0.2657004830917877
"=HYPERLINK(""https://stackoverflow.com/a/15641271"", ""15641271"")",0.6033697632058298
"=HYPERLINK(""https://stackoverflow.com/a/16556753"", ""16556753"")",0.37412095639943727
"=HYPERLINK(""https://stackoverflow.com/a/16930003"", ""16930003"")",0.49646044936903666
"=HYPERLINK(""https://stackoverflow.com/a/17585781"", ""17585781"")",0.2325772518080211
"=HYPERLINK(""https://stackoverflow.com/a/18275259"", ""18275259"")",0.6456597222222231
"=HYPERLINK(""https://stackoverflow.com/a/18439296"", ""18439296"")",0.439243498817967
"=HYPERLINK(""https://stackoverflow.com/a/18577549"", ""18577549"")",0.443813131313131
"=HYPERLINK(""https://stackoverflow.com/a/18651727"", ""18651727"")",0.3328779599271407
"=HYPERLINK(""https://stackoverflow.com/a/18713332"", ""18713332"")",0.3455098934550989
"=HYPERLINK(""https://stackoverflow.com/a/18902351"", ""18902351"")",0.3693437574034592
"=HYPERLINK(""https://stackoverflow.com/a/19161206"", ""19161206"")",0.5313131313131313
"=HYPERLINK(""https://stackoverflow.com/a/19560750"", ""19560750"")",0.40010683760683774
"=HYPERLINK(""https://stackoverflow.com/a/19590260"", ""19590260"")",0.37820142499518605
"=HYPERLINK(""https://stackoverflow.com/a/19628416"", ""19628416"")",0.36068376068376096
"=HYPERLINK(""https://stackoverflow.com/a/19658725"", ""19658725"")",0.43650793650793673
"=HYPERLINK(""https://stackoverflow.com/a/19827186"", ""19827186"")",0.4684533780011163
"=HYPERLINK(""https://stackoverflow.com/a/20062264"", ""20062264"")",0.5746974697469743
"=HYPERLINK(""https://stackoverflow.com/a/20193442"", ""20193442"")",0.6174791392182687
"=HYPERLINK(""https://stackoverflow.com/a/20379131"", ""20379131"")",0.5751633986928105
"=HYPERLINK(""https://stackoverflow.com/a/20462233"", ""20462233"")",0.4539295392953926
"=HYPERLINK(""https://stackoverflow.com/a/20473224"", ""20473224"")",0.465465465465465
"=HYPERLINK(""https://stackoverflow.com/a/20709148"", ""20709148"")",0.5474817377931558
"=HYPERLINK(""https://stackoverflow.com/a/21109754"", ""21109754"")",0.6033297140788995
"=HYPERLINK(""https://stackoverflow.com/a/21255963"", ""21255963"")",0.8602590320381718
"=HYPERLINK(""https://stackoverflow.com/a/21431478"", ""21431478"")",0.23286052009456276
"=HYPERLINK(""https://stackoverflow.com/a/21434470"", ""21434470"")",0.3222222222222219
"=HYPERLINK(""https://stackoverflow.com/a/21662911"", ""21662911"")",0.6762762762762754
"=HYPERLINK(""https://stackoverflow.com/a/21822931"", ""21822931"")",0.35906432748538064
"=HYPERLINK(""https://stackoverflow.com/a/21854399"", ""21854399"")",0.45392953929539265
"=HYPERLINK(""https://stackoverflow.com/a/22070538"", ""22070538"")",0.4241452991452993
"=HYPERLINK(""https://stackoverflow.com/a/22204633"", ""22204633"")",0.3934929404542665
"=HYPERLINK(""https://stackoverflow.com/a/22213904"", ""22213904"")",0.3744713571703187
"=HYPERLINK(""https://stackoverflow.com/a/22532081"", ""22532081"")",0.27485380116959024
"=HYPERLINK(""https://stackoverflow.com/a/22570400"", ""22570400"")",0.5608048993875776
"=HYPERLINK(""https://stackoverflow.com/a/22931320"", ""22931320"")",0.4741907261592307
"=HYPERLINK(""https://stackoverflow.com/a/22950701"", ""22950701"")",0.31396534148827737
"=HYPERLINK(""https://stackoverflow.com/a/22953332"", ""22953332"")",0.4369461486025898
"=HYPERLINK(""https://stackoverflow.com/a/23009878"", ""23009878"")",0.3540550196498751
"=HYPERLINK(""https://stackoverflow.com/a/23398277"", ""23398277"")",0.5796690307328607
"=HYPERLINK(""https://stackoverflow.com/a/23721993"", ""23721993"")",0.49494949494949486
"=HYPERLINK(""https://stackoverflow.com/a/23824783"", ""23824783"")",0.768733850129198
"=HYPERLINK(""https://stackoverflow.com/a/24053231"", ""24053231"")",0.4113131313131313
"=HYPERLINK(""https://stackoverflow.com/a/24376722"", ""24376722"")",0.4911297852474322
"=HYPERLINK(""https://stackoverflow.com/a/24389446"", ""24389446"")",0.5463601532567052
"=HYPERLINK(""https://stackoverflow.com/a/24404488"", ""24404488"")",0.5828563041244679
"=HYPERLINK(""https://stackoverflow.com/a/24432893"", ""24432893"")",0.890161153519934
"=HYPERLINK(""https://stackoverflow.com/a/24434877"", ""24434877"")",0.6057838660578385
"=HYPERLINK(""https://stackoverflow.com/a/24658820"", ""24658820"")",0.8069679849340856
"=HYPERLINK(""https://stackoverflow.com/a/24750837"", ""24750837"")",0.43694614860258996
"=HYPERLINK(""https://stackoverflow.com/a/24776993"", ""24776993"")",0.3940972222222224
"=HYPERLINK(""https://stackoverflow.com/a/24928759"", ""24928759"")",0.7968828557063848
"=HYPERLINK(""https://stackoverflow.com/a/25003276"", ""25003276"")",0.41119860017497856
"=HYPERLINK(""https://stackoverflow.com/a/25078305"", ""25078305"")",0.7389586238958618
"=HYPERLINK(""https://stackoverflow.com/a/25083151"", ""25083151"")",0.4678743961352653
"=HYPERLINK(""https://stackoverflow.com/a/25135422"", ""25135422"")",0.6497031382527576
"=HYPERLINK(""https://stackoverflow.com/a/25140449"", ""25140449"")",0.4007936507936507
"=HYPERLINK(""https://stackoverflow.com/a/25248054"", ""25248054"")",0.45509893455098926
"=HYPERLINK(""https://stackoverflow.com/a/25311526"", ""25311526"")",0.4627882599580715
"=HYPERLINK(""https://stackoverflow.com/a/25932007"", ""25932007"")",0.42911877394636017
"=HYPERLINK(""https://stackoverflow.com/a/26032905"", ""26032905"")",0.7277167277167276
"=HYPERLINK(""https://stackoverflow.com/a/27061632"", ""27061632"")",0.43601532567049806
"=HYPERLINK(""https://stackoverflow.com/a/27198725"", ""27198725"")",0.8189073050951505
"=HYPERLINK(""https://stackoverflow.com/a/28662480"", ""28662480"")",0.5939281861611962
"=HYPERLINK(""https://stackoverflow.com/a/28843043"", ""28843043"")",0.3087087087087084
"=HYPERLINK(""https://stackoverflow.com/a/28871287"", ""28871287"")",0.7983091787439597
"=HYPERLINK(""https://stackoverflow.com/a/28895690"", ""28895690"")",0.38151425762045266
"=HYPERLINK(""https://stackoverflow.com/a/29396288"", ""29396288"")",0.553256704980843
"=HYPERLINK(""https://stackoverflow.com/a/29650258"", ""29650258"")",0.6829365079365082
"=HYPERLINK(""https://stackoverflow.com/a/29773305"", ""29773305"")",0.6443327749860407
"=HYPERLINK(""https://stackoverflow.com/a/29847384"", ""29847384"")",0.6578050443081108
"=HYPERLINK(""https://stackoverflow.com/a/29875345"", ""29875345"")",0.3408662900188321
"=HYPERLINK(""https://stackoverflow.com/a/30094525"", ""30094525"")",0.31648451730418986
"=HYPERLINK(""https://stackoverflow.com/a/30354345"", ""30354345"")",0.5800203873598371
"=HYPERLINK(""https://stackoverflow.com/a/30441367"", ""30441367"")",0.8305171530977967
"=HYPERLINK(""https://stackoverflow.com/a/30645886"", ""30645886"")",0.07936507936507937
"=HYPERLINK(""https://stackoverflow.com/a/31047402"", ""31047402"")",0.6652189648932318
"=HYPERLINK(""https://stackoverflow.com/a/31533036"", ""31533036"")",0.42561205273069636
"=HYPERLINK(""https://stackoverflow.com/a/31656603"", ""31656603"")",0.6115664845173048
"=HYPERLINK(""https://stackoverflow.com/a/32623898"", ""32623898"")",0.4416792357968827
"=HYPERLINK(""https://stackoverflow.com/a/33008345"", ""33008345"")",0.3966903073286054
"=HYPERLINK(""https://stackoverflow.com/a/33305376"", ""33305376"")",0.7606837606837611
"=HYPERLINK(""https://stackoverflow.com/a/34124101"", ""34124101"")",0.4138389886892878
"=HYPERLINK(""https://stackoverflow.com/a/34619038"", ""34619038"")",0.27755819060166853
"=HYPERLINK(""https://stackoverflow.com/a/34996977"", ""34996977"")",0.8908268733850117
"=HYPERLINK(""https://stackoverflow.com/a/35698742"", ""35698742"")",0.32748538011695866
"=HYPERLINK(""https://stackoverflow.com/a/36111259"", ""36111259"")",0.39295392953929503
"=HYPERLINK(""https://stackoverflow.com/a/36728500"", ""36728500"")",0.627130197682344
"=HYPERLINK(""https://stackoverflow.com/a/38346804"", ""38346804"")",0.48966408268733796
"=HYPERLINK(""https://stackoverflow.com/a/38703128"", ""38703128"")",0.483091787439614
"=HYPERLINK(""https://stackoverflow.com/a/38703934"", ""38703934"")",0.7207644962747017
"=HYPERLINK(""https://stackoverflow.com/a/38867204"", ""38867204"")",0.35265700483091816
"=HYPERLINK(""https://stackoverflow.com/a/39204766"", ""39204766"")",0.4051490514905145
"=HYPERLINK(""https://stackoverflow.com/a/39716542"", ""39716542"")",0.43222222222222206
"=HYPERLINK(""https://stackoverflow.com/a/40013547"", ""40013547"")",0.11695906432748544
"=HYPERLINK(""https://stackoverflow.com/a/40486597"", ""40486597"")",0.876201460976546
"=HYPERLINK(""https://stackoverflow.com/a/40652870"", ""40652870"")",0.49590643274853874
"=HYPERLINK(""https://stackoverflow.com/a/40806388"", ""40806388"")",0.47850362925739764
"=HYPERLINK(""https://stackoverflow.com/a/40920883"", ""40920883"")",0.45582877959927187
"=HYPERLINK(""https://stackoverflow.com/a/41810640"", ""41810640"")",0.5624284077892324
"=HYPERLINK(""https://stackoverflow.com/a/41963946"", ""41963946"")",0.46649703138252824
"=HYPERLINK(""https://stackoverflow.com/a/42133258"", ""42133258"")",0.3959745327582666
"=HYPERLINK(""https://stackoverflow.com/a/42909995"", ""42909995"")",0.3327991452991454
"=HYPERLINK(""https://stackoverflow.com/a/42983205"", ""42983205"")",0.52143482064742
"=HYPERLINK(""https://stackoverflow.com/a/43076958"", ""43076958"")",0.3972222222222223
"=HYPERLINK(""https://stackoverflow.com/a/43091352"", ""43091352"")",0.8222222222222213
"=HYPERLINK(""https://stackoverflow.com/a/43371804"", ""43371804"")",0.843760683760685
"=HYPERLINK(""https://stackoverflow.com/a/43471048"", ""43471048"")",0.48861566484517344
"=HYPERLINK(""https://stackoverflow.com/a/43683075"", ""43683075"")",0.8075880758807581
"=HYPERLINK(""https://stackoverflow.com/a/44138293"", ""44138293"")",0.9102956167176356
"=HYPERLINK(""https://stackoverflow.com/a/44546142"", ""44546142"")",0.4849340866290016
"=HYPERLINK(""https://stackoverflow.com/a/44828694"", ""44828694"")",0.7182852143482076
"=HYPERLINK(""https://stackoverflow.com/a/44908658"", ""44908658"")",0.3522222222222221
"=HYPERLINK(""https://stackoverflow.com/a/45097077"", ""45097077"")",0.34870443566095716
"=HYPERLINK(""https://stackoverflow.com/a/45824089"", ""45824089"")",0.31177446102819245
"=HYPERLINK(""https://stackoverflow.com/a/46649415"", ""46649415"")",0.20404040404040405
"=HYPERLINK(""https://stackoverflow.com/a/46821360"", ""46821360"")",0.28736880202678244
"=HYPERLINK(""https://stackoverflow.com/a/47475579"", ""47475579"")",0.7914917436328003
"=HYPERLINK(""https://stackoverflow.com/a/47478174"", ""47478174"")",0.362647754137116
"=HYPERLINK(""https://stackoverflow.com/a/48717677"", ""48717677"")",0.4549388726603915
"=HYPERLINK(""https://stackoverflow.com/a/48729626"", ""48729626"")",0.5993848519800069
"=HYPERLINK(""https://stackoverflow.com/a/49194327"", ""49194327"")",0.412563131313131
"=HYPERLINK(""https://stackoverflow.com/a/49666578"", ""49666578"")",0.5133614627285508
"=HYPERLINK(""https://stackoverflow.com/a/50047736"", ""50047736"")",0.30522617479139225
"=HYPERLINK(""https://stackoverflow.com/a/50584369"", ""50584369"")",0.41081176263426666
"=HYPERLINK(""https://stackoverflow.com/a/50905603"", ""50905603"")",0.1948249619482496
"=HYPERLINK(""https://stackoverflow.com/a/51204864"", ""51204864"")",0.6167176350662592
"=HYPERLINK(""https://stackoverflow.com/a/52301662"", ""52301662"")",0.5372907153729072
"=HYPERLINK(""https://stackoverflow.com/a/52548768"", ""52548768"")",0.5016339869281047
"=HYPERLINK(""https://stackoverflow.com/a/54408401"", ""54408401"")",0.32567049808429127
"=HYPERLINK(""https://stackoverflow.com/a/54448324"", ""54448324"")",0.06432748538011693
"=HYPERLINK(""https://stackoverflow.com/a/54512075"", ""54512075"")",0.24396135265700497
"=HYPERLINK(""https://stackoverflow.com/a/55105900"", ""55105900"")",0.4388120839733738
"=HYPERLINK(""https://stackoverflow.com/a/56193585"", ""56193585"")",0.9187739463601536
"=HYPERLINK(""https://stackoverflow.com/a/56281267"", ""56281267"")",0.5583924349881797
"=HYPERLINK(""https://stackoverflow.com/a/57537484"", ""57537484"")",0.376068376068376
"=HYPERLINK(""https://stackoverflow.com/a/57617890"", ""57617890"")",0.2567049808429119
"=HYPERLINK(""https://stackoverflow.com/a/58339408"", ""58339408"")",0.15079365079365076
"=HYPERLINK(""https://stackoverflow.com/a/58446794"", ""58446794"")",0.44751866490996867
"=HYPERLINK(""https://stackoverflow.com/a/58657720"", ""58657720"")",0.1695906432748536
"=HYPERLINK(""https://stackoverflow.com/a/58757883"", ""58757883"")",0.263318112633181
"=HYPERLINK(""https://stackoverflow.com/a/58910027"", ""58910027"")",0.14905149051490507
"=HYPERLINK(""https://stackoverflow.com/a/59145864"", ""59145864"")",0.46897546897546866
"=HYPERLINK(""https://stackoverflow.com/a/59188819"", ""59188819"")",0.9104439312291506
"=HYPERLINK(""https://stackoverflow.com/a/59740905"", ""59740905"")",0.615079365079365
"=HYPERLINK(""https://stackoverflow.com/a/60338650"", ""60338650"")",0.5209235209235205
"=HYPERLINK(""https://stackoverflow.com/a/60989178"", ""60989178"")",0.4256120527306966
"=HYPERLINK(""https://stackoverflow.com/a/61120387"", ""61120387"")",0.55897786903947
"=HYPERLINK(""https://stackoverflow.com/a/61487921"", ""61487921"")",0.5187046342825232
"=HYPERLINK(""https://stackoverflow.com/a/62522770"", ""62522770"")",0.24734785036292548
"=HYPERLINK(""https://stackoverflow.com/a/63193339"", ""63193339"")",0.33910533910533885
"=HYPERLINK(""https://stackoverflow.com/a/63198102"", ""63198102"")",0.6360153256704981
"=HYPERLINK(""https://stackoverflow.com/a/64476382"", ""64476382"")",0.5532567049808431
"=HYPERLINK(""https://stackoverflow.com/a/65087840"", ""65087840"")",0.657004830917875
"=HYPERLINK(""https://stackoverflow.com/a/65490865"", ""65490865"")",0.3294886582083812
"=HYPERLINK(""https://stackoverflow.com/a/65674112"", ""65674112"")",0.846075433231397
"=HYPERLINK(""https://stackoverflow.com/a/65782752"", ""65782752"")",0.35645041014168555
"=HYPERLINK(""https://stackoverflow.com/a/66341550"", ""66341550"")",0.5622222222222216
"=HYPERLINK(""https://stackoverflow.com/a/66963447"", ""66963447"")",0.24764595103578135
"=HYPERLINK(""https://stackoverflow.com/a/67091686"", ""67091686"")",0.4897897897897893
