link,Correlation
"=HYPERLINK(""https://stackoverflow.com/a/1504551"", ""1504551"")",0.5898692810457515
"=HYPERLINK(""https://stackoverflow.com/a/2649848"", ""2649848"")",0.5374396135265693
"=HYPERLINK(""https://stackoverflow.com/a/3237809"", ""3237809"")",0.1411411411411411
"=HYPERLINK(""https://stackoverflow.com/a/3321640"", ""3321640"")",0.46792895934243345
"=HYPERLINK(""https://stackoverflow.com/a/3792836"", ""3792836"")",0.5116502984787218
"=HYPERLINK(""https://stackoverflow.com/a/3826231"", ""3826231"")",0.9318996415770597
"=HYPERLINK(""https://stackoverflow.com/a/3938280"", ""3938280"")",0.3822222222222227
"=HYPERLINK(""https://stackoverflow.com/a/4005563"", ""4005563"")",0.4380116959064331
"=HYPERLINK(""https://stackoverflow.com/a/4028259"", ""4028259"")",0.36222222222222195
"=HYPERLINK(""https://stackoverflow.com/a/4231198"", ""4231198"")",0.6501068376068379
"=HYPERLINK(""https://stackoverflow.com/a/4280342"", ""4280342"")",0.3590643274853805
"=HYPERLINK(""https://stackoverflow.com/a/4587624"", ""4587624"")",0.3755068937550692
"=HYPERLINK(""https://stackoverflow.com/a/4589363"", ""4589363"")",0.586863106200123
"=HYPERLINK(""https://stackoverflow.com/a/4967540"", ""4967540"")",0.3900793650793652
"=HYPERLINK(""https://stackoverflow.com/a/5013186"", ""5013186"")",0.8015325670498084
"=HYPERLINK(""https://stackoverflow.com/a/5395061"", ""5395061"")",0.5214500214500215
"=HYPERLINK(""https://stackoverflow.com/a/5489581"", ""5489581"")",0.4899145299145304
"=HYPERLINK(""https://stackoverflow.com/a/5908858"", ""5908858"")",0.39794476557482344
"=HYPERLINK(""https://stackoverflow.com/a/6137626"", ""6137626"")",0.41408268733850095
"=HYPERLINK(""https://stackoverflow.com/a/6554430"", ""6554430"")",0.38427755819060144
"=HYPERLINK(""https://stackoverflow.com/a/6637188"", ""6637188"")",0.6207184628237258
"=HYPERLINK(""https://stackoverflow.com/a/6696796"", ""6696796"")",0.4817642069550472
"=HYPERLINK(""https://stackoverflow.com/a/6831230"", ""6831230"")",0.4797072521623417
"=HYPERLINK(""https://stackoverflow.com/a/7019257"", ""7019257"")",0.4318996415770611
"=HYPERLINK(""https://stackoverflow.com/a/7088817"", ""7088817"")",0.6099773242630391
"=HYPERLINK(""https://stackoverflow.com/a/7129843"", ""7129843"")",0.6570048309178741
"=HYPERLINK(""https://stackoverflow.com/a/7134720"", ""7134720"")",0.37429595494111584
"=HYPERLINK(""https://stackoverflow.com/a/7178435"", ""7178435"")",0.6022222222222219
"=HYPERLINK(""https://stackoverflow.com/a/7282009"", ""7282009"")",0.5363815142576206
"=HYPERLINK(""https://stackoverflow.com/a/7459186"", ""7459186"")",0.5295992714025505
"=HYPERLINK(""https://stackoverflow.com/a/7552681"", ""7552681"")",0.4208590284539649
"=HYPERLINK(""https://stackoverflow.com/a/7641978"", ""7641978"")",0.6284722222222225
"=HYPERLINK(""https://stackoverflow.com/a/8054773"", ""8054773"")",0.46403582423733525
"=HYPERLINK(""https://stackoverflow.com/a/8087447"", ""8087447"")",0.39222222222222214
"=HYPERLINK(""https://stackoverflow.com/a/8168885"", ""8168885"")",0.48277710762632337
"=HYPERLINK(""https://stackoverflow.com/a/8209249"", ""8209249"")",0.2687854151268784
"=HYPERLINK(""https://stackoverflow.com/a/8303884"", ""8303884"")",0.694949494949495
"=HYPERLINK(""https://stackoverflow.com/a/8387812"", ""8387812"")",0.5676767676767676
"=HYPERLINK(""https://stackoverflow.com/a/8560668"", ""8560668"")",0.3719059889123134
"=HYPERLINK(""https://stackoverflow.com/a/8564919"", ""8564919"")",0.4257620452310721
"=HYPERLINK(""https://stackoverflow.com/a/8582523"", ""8582523"")",0.8442694663167114
"=HYPERLINK(""https://stackoverflow.com/a/8657654"", ""8657654"")",0.4067383512544803
"=HYPERLINK(""https://stackoverflow.com/a/8669593"", ""8669593"")",0.5316144874155925
"=HYPERLINK(""https://stackoverflow.com/a/8749895"", ""8749895"")",0.7060931899641568
"=HYPERLINK(""https://stackoverflow.com/a/8780460"", ""8780460"")",0.4584426946631676
"=HYPERLINK(""https://stackoverflow.com/a/9004934"", ""9004934"")",0.6896921017402939
"=HYPERLINK(""https://stackoverflow.com/a/9061028"", ""9061028"")",0.22222222222222215
"=HYPERLINK(""https://stackoverflow.com/a/9102015"", ""9102015"")",0.5122222222222219
"=HYPERLINK(""https://stackoverflow.com/a/9230831"", ""9230831"")",0.6655719759168028
"=HYPERLINK(""https://stackoverflow.com/a/9264423"", ""9264423"")",0.3376068376068376
"=HYPERLINK(""https://stackoverflow.com/a/9292411"", ""9292411"")",0.27470035633300977
"=HYPERLINK(""https://stackoverflow.com/a/9316728"", ""9316728"")",0.5628815628815629
"=HYPERLINK(""https://stackoverflow.com/a/9317242"", ""9317242"")",0.5380116959064333
"=HYPERLINK(""https://stackoverflow.com/a/9465469"", ""9465469"")",0.6118326118326115
"=HYPERLINK(""https://stackoverflow.com/a/9637419"", ""9637419"")",0.433231396534149
"=HYPERLINK(""https://stackoverflow.com/a/9699277"", ""9699277"")",0.6710411198600184
"=HYPERLINK(""https://stackoverflow.com/a/9824950"", ""9824950"")",0.6717635066258922
"=HYPERLINK(""https://stackoverflow.com/a/9980571"", ""9980571"")",0.3321123321123321
"=HYPERLINK(""https://stackoverflow.com/a/9982813"", ""9982813"")",0.922222222222223
"=HYPERLINK(""https://stackoverflow.com/a/10005167"", ""10005167"")",0.5891946992864425
"=HYPERLINK(""https://stackoverflow.com/a/10079985"", ""10079985"")",0.27100271002710014
"=HYPERLINK(""https://stackoverflow.com/a/10083595"", ""10083595"")",0.5156353958749166
"=HYPERLINK(""https://stackoverflow.com/a/10143328"", ""10143328"")",0.278766724840023
"=HYPERLINK(""https://stackoverflow.com/a/10289998"", ""10289998"")",0.7608360836083605
"=HYPERLINK(""https://stackoverflow.com/a/10321830"", ""10321830"")",0.37936507936507935
"=HYPERLINK(""https://stackoverflow.com/a/10336510"", ""10336510"")",0.4984653161448743
"=HYPERLINK(""https://stackoverflow.com/a/10405645"", ""10405645"")",0.5514905149051488
"=HYPERLINK(""https://stackoverflow.com/a/10446623"", ""10446623"")",0.3767411726595404
"=HYPERLINK(""https://stackoverflow.com/a/10483701"", ""10483701"")",0.33033033033033016
"=HYPERLINK(""https://stackoverflow.com/a/10611077"", ""10611077"")",0.2661782661782661
"=HYPERLINK(""https://stackoverflow.com/a/10645701"", ""10645701"")",0.6440972222222227
"=HYPERLINK(""https://stackoverflow.com/a/10684013"", ""10684013"")",0.938717067583047
"=HYPERLINK(""https://stackoverflow.com/a/10694706"", ""10694706"")",0.4353369763205833
"=HYPERLINK(""https://stackoverflow.com/a/10726618"", ""10726618"")",0.5241090146750524
"=HYPERLINK(""https://stackoverflow.com/a/10738426"", ""10738426"")",0.5422222222222227
"=HYPERLINK(""https://stackoverflow.com/a/10759853"", ""10759853"")",0.5237297599106642
"=HYPERLINK(""https://stackoverflow.com/a/10792767"", ""10792767"")",0.3960257486705845
"=HYPERLINK(""https://stackoverflow.com/a/10835218"", ""10835218"")",0.4022222222222222
"=HYPERLINK(""https://stackoverflow.com/a/10838263"", ""10838263"")",0.4162520729684912
"=HYPERLINK(""https://stackoverflow.com/a/10866675"", ""10866675"")",0.86360153256705
"=HYPERLINK(""https://stackoverflow.com/a/11091535"", ""11091535"")",0.5473453749315814
"=HYPERLINK(""https://stackoverflow.com/a/11100383"", ""11100383"")",0.5669030732860522
"=HYPERLINK(""https://stackoverflow.com/a/11107187"", ""11107187"")",0.6144193474788954
"=HYPERLINK(""https://stackoverflow.com/a/11112825"", ""11112825"")",0.4550466497031386
"=HYPERLINK(""https://stackoverflow.com/a/11270561"", ""11270561"")",0.5917874396135266
"=HYPERLINK(""https://stackoverflow.com/a/11321042"", ""11321042"")",0.3872293345977559
"=HYPERLINK(""https://stackoverflow.com/a/11381804"", ""11381804"")",0.541512687854151
"=HYPERLINK(""https://stackoverflow.com/a/11488599"", ""11488599"")",0.3871706758304696
"=HYPERLINK(""https://stackoverflow.com/a/11584234"", ""11584234"")",0.9577385950181909
"=HYPERLINK(""https://stackoverflow.com/a/11681894"", ""11681894"")",0.670498084291188
"=HYPERLINK(""https://stackoverflow.com/a/11765500"", ""11765500"")",0.5946360153256707
"=HYPERLINK(""https://stackoverflow.com/a/11803569"", ""11803569"")",0.43961352657004793
"=HYPERLINK(""https://stackoverflow.com/a/11889630"", ""11889630"")",0.7261592300962388
"=HYPERLINK(""https://stackoverflow.com/a/11970752"", ""11970752"")",0.6837606837606838
"=HYPERLINK(""https://stackoverflow.com/a/12052862"", ""12052862"")",0.4664082687338497
"=HYPERLINK(""https://stackoverflow.com/a/12055031"", ""12055031"")",0.9318996415770597
"=HYPERLINK(""https://stackoverflow.com/a/12083759"", ""12083759"")",0.602845059592464
"=HYPERLINK(""https://stackoverflow.com/a/12167241"", ""12167241"")",0.5920852359208523
"=HYPERLINK(""https://stackoverflow.com/a/12189736"", ""12189736"")",0.5681981704183366
"=HYPERLINK(""https://stackoverflow.com/a/12377349"", ""12377349"")",0.5271002710027098
"=HYPERLINK(""https://stackoverflow.com/a/12532630"", ""12532630"")",0.48950332821300513
"=HYPERLINK(""https://stackoverflow.com/a/12675269"", ""12675269"")",0.7984934086628996
"=HYPERLINK(""https://stackoverflow.com/a/12747382"", ""12747382"")",0.4097222222222224
"=HYPERLINK(""https://stackoverflow.com/a/12918064"", ""12918064"")",0.6615025820423127
"=HYPERLINK(""https://stackoverflow.com/a/12949207"", ""12949207"")",0.741371158392435
"=HYPERLINK(""https://stackoverflow.com/a/13058004"", ""13058004"")",0.7222222222222225
"=HYPERLINK(""https://stackoverflow.com/a/13396654"", ""13396654"")",0.72395232602845
"=HYPERLINK(""https://stackoverflow.com/a/13410026"", ""13410026"")",0.6895589056393073
"=HYPERLINK(""https://stackoverflow.com/a/13417381"", ""13417381"")",0.7337429595494103
"=HYPERLINK(""https://stackoverflow.com/a/13473484"", ""13473484"")",0.44413233458177326
"=HYPERLINK(""https://stackoverflow.com/a/13606431"", ""13606431"")",0.4017996870109549
"=HYPERLINK(""https://stackoverflow.com/a/13695617"", ""13695617"")",0.7222222222222227
"=HYPERLINK(""https://stackoverflow.com/a/14188715"", ""14188715"")",0.37107718405428375
"=HYPERLINK(""https://stackoverflow.com/a/14384343"", ""14384343"")",0.427243142724314
"=HYPERLINK(""https://stackoverflow.com/a/14499499"", ""14499499"")",0.4000878348704431
"=HYPERLINK(""https://stackoverflow.com/a/14696799"", ""14696799"")",0.9337606837606839
"=HYPERLINK(""https://stackoverflow.com/a/14851823"", ""14851823"")",0.2767676767676768
"=HYPERLINK(""https://stackoverflow.com/a/14955168"", ""14955168"")",0.5678104575163399
"=HYPERLINK(""https://stackoverflow.com/a/15564089"", ""15564089"")",0.40332458442694696
"=HYPERLINK(""https://stackoverflow.com/a/15778826"", ""15778826"")",0.688323917137476
"=HYPERLINK(""https://stackoverflow.com/a/15814645"", ""15814645"")",0.6068376068376068
"=HYPERLINK(""https://stackoverflow.com/a/15858901"", ""15858901"")",0.27987188962798704
"=HYPERLINK(""https://stackoverflow.com/a/15881350"", ""15881350"")",0.43461160275319605
"=HYPERLINK(""https://stackoverflow.com/a/15917378"", ""15917378"")",0.856837606837607
"=HYPERLINK(""https://stackoverflow.com/a/16065906"", ""16065906"")",0.9088581669226818
"=HYPERLINK(""https://stackoverflow.com/a/16124879"", ""16124879"")",0.7414529914529915
"=HYPERLINK(""https://stackoverflow.com/a/16150171"", ""16150171"")",0.5186023127199596
"=HYPERLINK(""https://stackoverflow.com/a/16282183"", ""16282183"")",0.5450568678915142
"=HYPERLINK(""https://stackoverflow.com/a/16704200"", ""16704200"")",0.6651752423564506
"=HYPERLINK(""https://stackoverflow.com/a/17464929"", ""17464929"")",0.42953929539295377
"=HYPERLINK(""https://stackoverflow.com/a/17543435"", ""17543435"")",0.4965585054080632
"=HYPERLINK(""https://stackoverflow.com/a/17554999"", ""17554999"")",0.8066378066378063
"=HYPERLINK(""https://stackoverflow.com/a/17706146"", ""17706146"")",0.768234492160872
"=HYPERLINK(""https://stackoverflow.com/a/17807740"", ""17807740"")",0.6727716727716728
"=HYPERLINK(""https://stackoverflow.com/a/17956953"", ""17956953"")",0.7398101619207141
"=HYPERLINK(""https://stackoverflow.com/a/18036017"", ""18036017"")",0.7975646879756467
"=HYPERLINK(""https://stackoverflow.com/a/18292531"", ""18292531"")",0.4835858585858584
"=HYPERLINK(""https://stackoverflow.com/a/18557496"", ""18557496"")",0.41305062458908626
"=HYPERLINK(""https://stackoverflow.com/a/18578352"", ""18578352"")",0.31614487415592396
"=HYPERLINK(""https://stackoverflow.com/a/18704575"", ""18704575"")",0.5838936919628563
"=HYPERLINK(""https://stackoverflow.com/a/18834906"", ""18834906"")",0.9293650793650795
"=HYPERLINK(""https://stackoverflow.com/a/19227962"", ""19227962"")",0.3408662900188322
"=HYPERLINK(""https://stackoverflow.com/a/19276313"", ""19276313"")",0.6490514905149048
"=HYPERLINK(""https://stackoverflow.com/a/19299404"", ""19299404"")",0.33986928104575154
"=HYPERLINK(""https://stackoverflow.com/a/19426966"", ""19426966"")",0.33231396534148844
"=HYPERLINK(""https://stackoverflow.com/a/19638071"", ""19638071"")",0.48784722222222243
"=HYPERLINK(""https://stackoverflow.com/a/20008113"", ""20008113"")",0.4494949494949493
"=HYPERLINK(""https://stackoverflow.com/a/20336211"", ""20336211"")",0.15700483091787445
"=HYPERLINK(""https://stackoverflow.com/a/20621959"", ""20621959"")",0.4722222222222221
"=HYPERLINK(""https://stackoverflow.com/a/20882738"", ""20882738"")",0.3348982785602502
"=HYPERLINK(""https://stackoverflow.com/a/21316899"", ""21316899"")",0.48538011695906497
"=HYPERLINK(""https://stackoverflow.com/a/21586758"", ""21586758"")",0.5091074681238619
"=HYPERLINK(""https://stackoverflow.com/a/21992397"", ""21992397"")",0.3924924924924922
"=HYPERLINK(""https://stackoverflow.com/a/22019823"", ""22019823"")",0.3797025371828525
"=HYPERLINK(""https://stackoverflow.com/a/22047915"", ""22047915"")",0.6459510357815438
"=HYPERLINK(""https://stackoverflow.com/a/22542661"", ""22542661"")",0.3934929404542666
"=HYPERLINK(""https://stackoverflow.com/a/23096741"", ""23096741"")",0.44665404040404016
"=HYPERLINK(""https://stackoverflow.com/a/23103188"", ""23103188"")",0.9230532471529703
"=HYPERLINK(""https://stackoverflow.com/a/23147600"", ""23147600"")",0.7822222222222217
"=HYPERLINK(""https://stackoverflow.com/a/23555890"", ""23555890"")",0.8001443001442997
"=HYPERLINK(""https://stackoverflow.com/a/23865445"", ""23865445"")",0.6246612466124659
"=HYPERLINK(""https://stackoverflow.com/a/24124445"", ""24124445"")",0.7222222222222225
"=HYPERLINK(""https://stackoverflow.com/a/24267002"", ""24267002"")",0.844976713240186
"=HYPERLINK(""https://stackoverflow.com/a/24991075"", ""24991075"")",0.437606837606838
"=HYPERLINK(""https://stackoverflow.com/a/25495809"", ""25495809"")",0.4581405895691611
"=HYPERLINK(""https://stackoverflow.com/a/25659501"", ""25659501"")",0.5740294511378845
"=HYPERLINK(""https://stackoverflow.com/a/25974563"", ""25974563"")",0.39664082687338464
"=HYPERLINK(""https://stackoverflow.com/a/26317336"", ""26317336"")",0.8178104575163399
"=HYPERLINK(""https://stackoverflow.com/a/26336693"", ""26336693"")",0.37635756056808684
"=HYPERLINK(""https://stackoverflow.com/a/26611002"", ""26611002"")",0.7976939203354302
"=HYPERLINK(""https://stackoverflow.com/a/26895864"", ""26895864"")",0.6033697632058292
"=HYPERLINK(""https://stackoverflow.com/a/27057235"", ""27057235"")",0.31222222222222207
"=HYPERLINK(""https://stackoverflow.com/a/27283772"", ""27283772"")",0.20894788593903652
"=HYPERLINK(""https://stackoverflow.com/a/27417017"", ""27417017"")",0.6605783866057837
"=HYPERLINK(""https://stackoverflow.com/a/27949725"", ""27949725"")",0.5243254727002341
"=HYPERLINK(""https://stackoverflow.com/a/27971794"", ""27971794"")",0.3571915473755963
"=HYPERLINK(""https://stackoverflow.com/a/27997647"", ""27997647"")",0.2877959927140255
"=HYPERLINK(""https://stackoverflow.com/a/28558780"", ""28558780"")",0.6428771340610124
"=HYPERLINK(""https://stackoverflow.com/a/28777673"", ""28777673"")",0.2589194699286443
"=HYPERLINK(""https://stackoverflow.com/a/29237087"", ""29237087"")",0.7162933684672809
"=HYPERLINK(""https://stackoverflow.com/a/29306179"", ""29306179"")",0.5022222222222219
"=HYPERLINK(""https://stackoverflow.com/a/29480290"", ""29480290"")",0.8022222222222217
"=HYPERLINK(""https://stackoverflow.com/a/29514981"", ""29514981"")",0.3907366346390733
"=HYPERLINK(""https://stackoverflow.com/a/29628716"", ""29628716"")",0.585299145299146
"=HYPERLINK(""https://stackoverflow.com/a/29893667"", ""29893667"")",0.3784722222222223
"=HYPERLINK(""https://stackoverflow.com/a/30113608"", ""30113608"")",0.5488553880513677
"=HYPERLINK(""https://stackoverflow.com/a/30194912"", ""30194912"")",0.3492940454266421
"=HYPERLINK(""https://stackoverflow.com/a/30880720"", ""30880720"")",0.8386605783866057
"=HYPERLINK(""https://stackoverflow.com/a/30910090"", ""30910090"")",0.7327485380116965
"=HYPERLINK(""https://stackoverflow.com/a/31201117"", ""31201117"")",0.3529040404040403
"=HYPERLINK(""https://stackoverflow.com/a/31372347"", ""31372347"")",0.3970990695128624
"=HYPERLINK(""https://stackoverflow.com/a/31603415"", ""31603415"")",0.7494949494949495
"=HYPERLINK(""https://stackoverflow.com/a/31678351"", ""31678351"")",0.3650793650793647
"=HYPERLINK(""https://stackoverflow.com/a/32076315"", ""32076315"")",0.5287548855388049
"=HYPERLINK(""https://stackoverflow.com/a/32579276"", ""32579276"")",0.3091787439613528
"=HYPERLINK(""https://stackoverflow.com/a/32771923"", ""32771923"")",0.5769020251778867
"=HYPERLINK(""https://stackoverflow.com/a/32973698"", ""32973698"")",0.5596455351056575
"=HYPERLINK(""https://stackoverflow.com/a/33128833"", ""33128833"")",0.7295751633986928
"=HYPERLINK(""https://stackoverflow.com/a/33206139"", ""33206139"")",0.22222222222222218
"=HYPERLINK(""https://stackoverflow.com/a/33332914"", ""33332914"")",0.3526570048309179
"=HYPERLINK(""https://stackoverflow.com/a/33416497"", ""33416497"")",0.8832391713747639
"=HYPERLINK(""https://stackoverflow.com/a/33742185"", ""33742185"")",0.4969474969474969
"=HYPERLINK(""https://stackoverflow.com/a/33787586"", ""33787586"")",0.4767676767676768
"=HYPERLINK(""https://stackoverflow.com/a/34071061"", ""34071061"")",0.7676767676767678
"=HYPERLINK(""https://stackoverflow.com/a/34342890"", ""34342890"")",0.4057084607543324
"=HYPERLINK(""https://stackoverflow.com/a/34764122"", ""34764122"")",0.526570048309179
"=HYPERLINK(""https://stackoverflow.com/a/35309415"", ""35309415"")",0.503867791842475
"=HYPERLINK(""https://stackoverflow.com/a/35453267"", ""35453267"")",0.6981064665952129
"=HYPERLINK(""https://stackoverflow.com/a/35557905"", ""35557905"")",0.3315972222222224
"=HYPERLINK(""https://stackoverflow.com/a/36225299"", ""36225299"")",0.30111348021795803
"=HYPERLINK(""https://stackoverflow.com/a/36461094"", ""36461094"")",0.6629001883239168
"=HYPERLINK(""https://stackoverflow.com/a/36461430"", ""36461430"")",0.8837606837606846
"=HYPERLINK(""https://stackoverflow.com/a/36744282"", ""36744282"")",0.5972222222222222
"=HYPERLINK(""https://stackoverflow.com/a/36835077"", ""36835077"")",0.6378066378066375
"=HYPERLINK(""https://stackoverflow.com/a/38081008"", ""38081008"")",0.3321123321123321
"=HYPERLINK(""https://stackoverflow.com/a/38172051"", ""38172051"")",0.3101343101343101
"=HYPERLINK(""https://stackoverflow.com/a/38306089"", ""38306089"")",0.5005727376861396
"=HYPERLINK(""https://stackoverflow.com/a/38507196"", ""38507196"")",0.39845173041894383
"=HYPERLINK(""https://stackoverflow.com/a/38584841"", ""38584841"")",0.5299145299145299
"=HYPERLINK(""https://stackoverflow.com/a/38900342"", ""38900342"")",0.45299145299145294
"=HYPERLINK(""https://stackoverflow.com/a/38911402"", ""38911402"")",0.3929539295392951
"=HYPERLINK(""https://stackoverflow.com/a/39473676"", ""39473676"")",0.6996091568955887
"=HYPERLINK(""https://stackoverflow.com/a/39560471"", ""39560471"")",0.762637926610213
"=HYPERLINK(""https://stackoverflow.com/a/40396348"", ""40396348"")",0.5011695906432753
"=HYPERLINK(""https://stackoverflow.com/a/42448285"", ""42448285"")",0.7601532567049809
"=HYPERLINK(""https://stackoverflow.com/a/42596247"", ""42596247"")",0.7900892582333027
"=HYPERLINK(""https://stackoverflow.com/a/43345400"", ""43345400"")",0.15222222222222215
"=HYPERLINK(""https://stackoverflow.com/a/43376549"", ""43376549"")",0.24626068376068377
"=HYPERLINK(""https://stackoverflow.com/a/45604175"", ""45604175"")",0.7591349739000749
"=HYPERLINK(""https://stackoverflow.com/a/46360691"", ""46360691"")",0.41979061127997297
"=HYPERLINK(""https://stackoverflow.com/a/46366231"", ""46366231"")",0.6137115839243499
"=HYPERLINK(""https://stackoverflow.com/a/47164611"", ""47164611"")",0.3313131313131313
"=HYPERLINK(""https://stackoverflow.com/a/47787692"", ""47787692"")",0.3131313131313131
"=HYPERLINK(""https://stackoverflow.com/a/47893337"", ""47893337"")",0.6614546316038858
"=HYPERLINK(""https://stackoverflow.com/a/48584003"", ""48584003"")",0.6222222222222218
"=HYPERLINK(""https://stackoverflow.com/a/48668673"", ""48668673"")",0.23554709531866885
"=HYPERLINK(""https://stackoverflow.com/a/49277499"", ""49277499"")",0.338188608776844
"=HYPERLINK(""https://stackoverflow.com/a/49291431"", ""49291431"")",0.38593903638151444
"=HYPERLINK(""https://stackoverflow.com/a/49539554"", ""49539554"")",0.8541240627130191
"=HYPERLINK(""https://stackoverflow.com/a/50164960"", ""50164960"")",0.2947413061916881
"=HYPERLINK(""https://stackoverflow.com/a/50628924"", ""50628924"")",0.35906432748538036
"=HYPERLINK(""https://stackoverflow.com/a/50702634"", ""50702634"")",0.820647419072617
"=HYPERLINK(""https://stackoverflow.com/a/51406762"", ""51406762"")",0.5363815142576207
"=HYPERLINK(""https://stackoverflow.com/a/51559888"", ""51559888"")",0.5494949494949494
"=HYPERLINK(""https://stackoverflow.com/a/51605722"", ""51605722"")",0.9271402550091082
"=HYPERLINK(""https://stackoverflow.com/a/52617880"", ""52617880"")",0.48464996788696235
"=HYPERLINK(""https://stackoverflow.com/a/53604233"", ""53604233"")",0.9172314643664005
"=HYPERLINK(""https://stackoverflow.com/a/53626425"", ""53626425"")",0.5609318996415773
"=HYPERLINK(""https://stackoverflow.com/a/53783365"", ""53783365"")",0.510357815442561
"=HYPERLINK(""https://stackoverflow.com/a/54086204"", ""54086204"")",0.5011695906432754
"=HYPERLINK(""https://stackoverflow.com/a/54780932"", ""54780932"")",0.6597222222222223
"=HYPERLINK(""https://stackoverflow.com/a/54913301"", ""54913301"")",0.56785980611484
"=HYPERLINK(""https://stackoverflow.com/a/55113445"", ""55113445"")",0.8416912487708952
"=HYPERLINK(""https://stackoverflow.com/a/55120135"", ""55120135"")",0.346360153256705
"=HYPERLINK(""https://stackoverflow.com/a/55176017"", ""55176017"")",0.5433231396534152
"=HYPERLINK(""https://stackoverflow.com/a/55275508"", ""55275508"")",0.29424438288704236
"=HYPERLINK(""https://stackoverflow.com/a/57060695"", ""57060695"")",0.5698292751189471
"=HYPERLINK(""https://stackoverflow.com/a/57133161"", ""57133161"")",0.4083124477861318
"=HYPERLINK(""https://stackoverflow.com/a/57655716"", ""57655716"")",0.28558855885588535
"=HYPERLINK(""https://stackoverflow.com/a/57967040"", ""57967040"")",0.4954670040059039
"=HYPERLINK(""https://stackoverflow.com/a/58034667"", ""58034667"")",0.4565972222222225
"=HYPERLINK(""https://stackoverflow.com/a/58222651"", ""58222651"")",0.5948392066243023
"=HYPERLINK(""https://stackoverflow.com/a/58267270"", ""58267270"")",0.705093347833968
"=HYPERLINK(""https://stackoverflow.com/a/58602568"", ""58602568"")",0.7571059431524542
"=HYPERLINK(""https://stackoverflow.com/a/58899170"", ""58899170"")",0.545113788487282
"=HYPERLINK(""https://stackoverflow.com/a/59054958"", ""59054958"")",0.47222222222222243
"=HYPERLINK(""https://stackoverflow.com/a/59071063"", ""59071063"")",0.06432748538011693
"=HYPERLINK(""https://stackoverflow.com/a/59314144"", ""59314144"")",0.6605783866057838
"=HYPERLINK(""https://stackoverflow.com/a/59676530"", ""59676530"")",0.13526570048309183
"=HYPERLINK(""https://stackoverflow.com/a/60012489"", ""60012489"")",0.6287930641113387
"=HYPERLINK(""https://stackoverflow.com/a/60024078"", ""60024078"")",0.5246538331644717
"=HYPERLINK(""https://stackoverflow.com/a/60234958"", ""60234958"")",0.2853963362437939
"=HYPERLINK(""https://stackoverflow.com/a/60582412"", ""60582412"")",0.5211436397877076
"=HYPERLINK(""https://stackoverflow.com/a/60937373"", ""60937373"")",0.2816816816816815
"=HYPERLINK(""https://stackoverflow.com/a/61309710"", ""61309710"")",0.8622222222222217
"=HYPERLINK(""https://stackoverflow.com/a/61648046"", ""61648046"")",0.41641356618577563
"=HYPERLINK(""https://stackoverflow.com/a/61745491"", ""61745491"")",0.7561205273069674
"=HYPERLINK(""https://stackoverflow.com/a/61910001"", ""61910001"")",0.35920852359208516
"=HYPERLINK(""https://stackoverflow.com/a/62241512"", ""62241512"")",0.38087606837606847
"=HYPERLINK(""https://stackoverflow.com/a/62783006"", ""62783006"")",0.45463160388533547
"=HYPERLINK(""https://stackoverflow.com/a/62815443"", ""62815443"")",0.5128626163108918
"=HYPERLINK(""https://stackoverflow.com/a/63034014"", ""63034014"")",0.3269466316710411
"=HYPERLINK(""https://stackoverflow.com/a/63053849"", ""63053849"")",0.4858325374084687
"=HYPERLINK(""https://stackoverflow.com/a/63349456"", ""63349456"")",0.4206955046649706
"=HYPERLINK(""https://stackoverflow.com/a/63586454"", ""63586454"")",0.30177818891972447
"=HYPERLINK(""https://stackoverflow.com/a/63848237"", ""63848237"")",0.4437965662455459
"=HYPERLINK(""https://stackoverflow.com/a/64129535"", ""64129535"")",0.7000703234880445
"=HYPERLINK(""https://stackoverflow.com/a/64232477"", ""64232477"")",0.5303617571059429
"=HYPERLINK(""https://stackoverflow.com/a/64337864"", ""64337864"")",0.24040404040404043
"=HYPERLINK(""https://stackoverflow.com/a/64642946"", ""64642946"")",0.23331963282641452
"=HYPERLINK(""https://stackoverflow.com/a/64745371"", ""64745371"")",0.9086629001883232
"=HYPERLINK(""https://stackoverflow.com/a/64993812"", ""64993812"")",0.46798493408662867
"=HYPERLINK(""https://stackoverflow.com/a/65080295"", ""65080295"")",0.475063131313131
"=HYPERLINK(""https://stackoverflow.com/a/66071047"", ""66071047"")",0.8327485380116967
"=HYPERLINK(""https://stackoverflow.com/a/66599694"", ""66599694"")",0.6992864424057087
"=HYPERLINK(""https://stackoverflow.com/a/66605193"", ""66605193"")",0.2943376068376069
"=HYPERLINK(""https://stackoverflow.com/a/66650400"", ""66650400"")",0.4677312042581501
"=HYPERLINK(""https://stackoverflow.com/a/66832931"", ""66832931"")",0.5254292193067708
