"link","Correlation","score","view_count"
"=HYPERLINK(""https://stackoverflow.com/q/339487"", ""339487"")",0.360471070148489,"1","3131"
"=HYPERLINK(""https://stackoverflow.com/q/849089"", ""849089"")",0.4755334805003681,"0","1158"
"=HYPERLINK(""https://stackoverflow.com/q/1468507"", ""1468507"")",0.1457824316463059,"1","4859"
"=HYPERLINK(""https://stackoverflow.com/q/2510225"", ""2510225"")",0.425888210002263,"1","6643"
"=HYPERLINK(""https://stackoverflow.com/q/2748855"", ""2748855"")",0.3657686637180002,"3","19156"
"=HYPERLINK(""https://stackoverflow.com/q/3025154"", ""3025154"")",0.4627285513361459,"0","648"
"=HYPERLINK(""https://stackoverflow.com/q/4036548"", ""4036548"")",0.4519251925192518,"0","964"
"=HYPERLINK(""https://stackoverflow.com/q/4063712"", ""4063712"")",0.3968065452626022,"0","1142"
"=HYPERLINK(""https://stackoverflow.com/q/4075609"", ""4075609"")",0.936507936507935,"1","754"
"=HYPERLINK(""https://stackoverflow.com/q/4077143"", ""4077143"")",0.6209952283571909,"1","353"
"=HYPERLINK(""https://stackoverflow.com/q/4143389"", ""4143389"")",0.4066484517304193,"0","821"
"=HYPERLINK(""https://stackoverflow.com/q/4162604"", ""4162604"")",0.318572587185726,"1","626"
"=HYPERLINK(""https://stackoverflow.com/q/4266826"", ""4266826"")",0.6937412095639938,"0","182"
"=HYPERLINK(""https://stackoverflow.com/q/4325188"", ""4325188"")",0.7019270192701927,"1","4226"
"=HYPERLINK(""https://stackoverflow.com/q/4329556"", ""4329556"")",0.5801169590643281,"1","919"
"=HYPERLINK(""https://stackoverflow.com/q/4545396"", ""4545396"")",0.4288090485695275,"1","707"
"=HYPERLINK(""https://stackoverflow.com/q/4770052"", ""4770052"")",0.3831720902961009,"0","512"
"=HYPERLINK(""https://stackoverflow.com/q/4898323"", ""4898323"")",0.4510710433040532,"1","2624"
"=HYPERLINK(""https://stackoverflow.com/q/4958453"", ""4958453"")",0.7853801169590651,"4","3818"
"=HYPERLINK(""https://stackoverflow.com/q/4970534"", ""4970534"")",0.6455176767676764,"2","5124"
"=HYPERLINK(""https://stackoverflow.com/q/4997747"", ""4997747"")",0.6149933065595711,"2","2009"
"=HYPERLINK(""https://stackoverflow.com/q/5413482"", ""5413482"")",0.4057665260196902,"2","2826"
"=HYPERLINK(""https://stackoverflow.com/q/5756076"", ""5756076"")",0.5408062930186828,"1","832"
"=HYPERLINK(""https://stackoverflow.com/q/5939301"", ""5939301"")",0.8977947413061926,"4","3745"
"=HYPERLINK(""https://stackoverflow.com/q/6065382"", ""6065382"")",0.5163398692810454,"1","980"
"=HYPERLINK(""https://stackoverflow.com/q/6095352"", ""6095352"")",0.7335004177109434,"7","44287"
"=HYPERLINK(""https://stackoverflow.com/q/6422923"", ""6422923"")",0.506313131313131,"0","855"
"=HYPERLINK(""https://stackoverflow.com/q/6846101"", ""6846101"")",0.5363432596861992,"0","1999"
"=HYPERLINK(""https://stackoverflow.com/q/7181419"", ""7181419"")",0.5004830917874389,"1","2320"
"=HYPERLINK(""https://stackoverflow.com/q/7316143"", ""7316143"")",0.3590300398117989,"2","207"
"=HYPERLINK(""https://stackoverflow.com/q/7383641"", ""7383641"")",0.2654553049289889,"0","260"
"=HYPERLINK(""https://stackoverflow.com/q/7432457"", ""7432457"")",0.4468500977296649,"1","5771"
"=HYPERLINK(""https://stackoverflow.com/q/7450797"", ""7450797"")",0.3825181531716672,"3","2402"
"=HYPERLINK(""https://stackoverflow.com/q/7683952"", ""7683952"")",0.6655211912943871,"3","2421"
"=HYPERLINK(""https://stackoverflow.com/q/7699717"", ""7699717"")",0.70418098510882,"2","1224"
"=HYPERLINK(""https://stackoverflow.com/q/7789178"", ""7789178"")",0.235209235209235,"0","1343"
"=HYPERLINK(""https://stackoverflow.com/q/7927402"", ""7927402"")",0.4082687338501288,"0","150"
"=HYPERLINK(""https://stackoverflow.com/q/7960347"", ""7960347"")",0.4283760683760687,"0","1022"
"=HYPERLINK(""https://stackoverflow.com/q/7992948"", ""7992948"")",0.4022776238842721,"1","1028"
"=HYPERLINK(""https://stackoverflow.com/q/8120540"", ""8120540"")",0.3922222222222219,"1","522"
"=HYPERLINK(""https://stackoverflow.com/q/8134102"", ""8134102"")",0.8009456264775413,"2","3926"
"=HYPERLINK(""https://stackoverflow.com/q/8326611"", ""8326611"")",0.7928593413357959,"0","3510"
"=HYPERLINK(""https://stackoverflow.com/q/8340032"", ""8340032"")",0.8084291187739465,"0","537"
"=HYPERLINK(""https://stackoverflow.com/q/8349218"", ""8349218"")",0.6046138122353629,"2","10845"
"=HYPERLINK(""https://stackoverflow.com/q/8362674"", ""8362674"")",0.2554939412610393,"4","4264"
"=HYPERLINK(""https://stackoverflow.com/q/8510961"", ""8510961"")",0.8545751633986928,"1","1875"
"=HYPERLINK(""https://stackoverflow.com/q/8606920"", ""8606920"")",0.3757051029778299,"0","221"
"=HYPERLINK(""https://stackoverflow.com/q/8667138"", ""8667138"")",0.6972222222222223,"2","2774"
"=HYPERLINK(""https://stackoverflow.com/q/8725890"", ""8725890"")",0.6114114114114109,"1","813"
"=HYPERLINK(""https://stackoverflow.com/q/8738903"", ""8738903"")",0.8592164418754017,"0","693"
"=HYPERLINK(""https://stackoverflow.com/q/8747470"", ""8747470"")",0.4682790045566075,"1","267"
"=HYPERLINK(""https://stackoverflow.com/q/8757060"", ""8757060"")",0.9230096237970268,"1","438"
"=HYPERLINK(""https://stackoverflow.com/q/8757174"", ""8757174"")",0.8745299145299155,"1","2735"
"=HYPERLINK(""https://stackoverflow.com/q/8801362"", ""8801362"")",0.8466279274520166,"2","1680"
"=HYPERLINK(""https://stackoverflow.com/q/8811626"", ""8811626"")",0.6443675509419451,"7","3072"
"=HYPERLINK(""https://stackoverflow.com/q/8945857"", ""8945857"")",0.5887635756056804,"0","6184"
"=HYPERLINK(""https://stackoverflow.com/q/9041860"", ""9041860"")",0.5779914529914532,"0","760"
"=HYPERLINK(""https://stackoverflow.com/q/9102237"", ""9102237"")",0.5337442705863762,"2","397"
"=HYPERLINK(""https://stackoverflow.com/q/9125134"", ""9125134"")",0.3710771840542836,"0","377"
"=HYPERLINK(""https://stackoverflow.com/q/9127064"", ""9127064"")",0.5206837606837612,"1","644"
"=HYPERLINK(""https://stackoverflow.com/q/9187894"", ""9187894"")",0.6558956916099766,"6","1381"
"=HYPERLINK(""https://stackoverflow.com/q/9258653"", ""9258653"")",0.8082280531260134,"16","23323"
"=HYPERLINK(""https://stackoverflow.com/q/9261363"", ""9261363"")",0.7847222222222224,"7","6415"
"=HYPERLINK(""https://stackoverflow.com/q/9371915"", ""9371915"")",0.5248052480524806,"0","696"
"=HYPERLINK(""https://stackoverflow.com/q/9377042"", ""9377042"")",0.7414529914529917,"1","243"
"=HYPERLINK(""https://stackoverflow.com/q/9392006"", ""9392006"")",0.688217184438846,"1","1532"
"=HYPERLINK(""https://stackoverflow.com/q/9481232"", ""9481232"")",0.8406432748538006,"1","2973"
"=HYPERLINK(""https://stackoverflow.com/q/9482154"", ""9482154"")",0.5639307649357898,"1","168"
"=HYPERLINK(""https://stackoverflow.com/q/9499059"", ""9499059"")",0.9349294045426644,"5","4428"
"=HYPERLINK(""https://stackoverflow.com/q/9514214"", ""9514214"")",0.4686507936507938,"2","618"
"=HYPERLINK(""https://stackoverflow.com/q/9520877"", ""9520877"")",0.3708368317940103,"0","3504"
"=HYPERLINK(""https://stackoverflow.com/q/9533322"", ""9533322"")",0.5370780980537072,"0","302"
"=HYPERLINK(""https://stackoverflow.com/q/9592519"", ""9592519"")",0.2974697469746973,"0","288"
"=HYPERLINK(""https://stackoverflow.com/q/9598793"", ""9598793"")",0.933760683760684,"2","2367"
"=HYPERLINK(""https://stackoverflow.com/q/9601495"", ""9601495"")",0.9145299145299146,"1","511"
"=HYPERLINK(""https://stackoverflow.com/q/9603265"", ""9603265"")",0.6444257546023742,"2","487"
"=HYPERLINK(""https://stackoverflow.com/q/9766189"", ""9766189"")",0.5611483967188667,"2","1255"
"=HYPERLINK(""https://stackoverflow.com/q/9772460"", ""9772460"")",0.2198125836680053,"2","404"
"=HYPERLINK(""https://stackoverflow.com/q/9802779"", ""9802779"")",0.5274853801169597,"3","862"
"=HYPERLINK(""https://stackoverflow.com/q/9843740"", ""9843740"")",0.5842911877394633,"6","3704"
"=HYPERLINK(""https://stackoverflow.com/q/9980585"", ""9980585"")",0.7682473268247323,"13","10963"
"=HYPERLINK(""https://stackoverflow.com/q/10135726"", ""10135726"")",0.6993400411121924,"0","951"
"=HYPERLINK(""https://stackoverflow.com/q/10139345"", ""10139345"")",0.3330596606458673,"3","2147"
"=HYPERLINK(""https://stackoverflow.com/q/10163075"", ""10163075"")",0.6114627285513357,"1","349"
"=HYPERLINK(""https://stackoverflow.com/q/10219254"", ""10219254"")",0.8677667766776673,"1","1205"
"=HYPERLINK(""https://stackoverflow.com/q/10305021"", ""10305021"")",0.2643274853801171,"3","311"
"=HYPERLINK(""https://stackoverflow.com/q/10417097"", ""10417097"")",0.4400793650793652,"0","183"
"=HYPERLINK(""https://stackoverflow.com/q/10455031"", ""10455031"")",0.8127734033245854,"6","10043"
"=HYPERLINK(""https://stackoverflow.com/q/10597993"", ""10597993"")",0.5185974887467428,"3","1878"
"=HYPERLINK(""https://stackoverflow.com/q/10600372"", ""10600372"")",0.308836395450569,"1","571"
"=HYPERLINK(""https://stackoverflow.com/q/10608312"", ""10608312"")",0.6272855133614623,"5","4579"
"=HYPERLINK(""https://stackoverflow.com/q/10627628"", ""10627628"")",0.6386044747819489,"3","6515"
"=HYPERLINK(""https://stackoverflow.com/q/10634668"", ""10634668"")",0.6085858585858581,"0","1052"
"=HYPERLINK(""https://stackoverflow.com/q/10728577"", ""10728577"")",0.5460858585858583,"1","345"
"=HYPERLINK(""https://stackoverflow.com/q/10808527"", ""10808527"")",0.7429978454909205,"4","1485"
"=HYPERLINK(""https://stackoverflow.com/q/10890467"", ""10890467"")",0.3607612650433804,"9","42191"
"=HYPERLINK(""https://stackoverflow.com/q/11024384"", ""11024384"")",0.5335429769392035,"8","4290"
"=HYPERLINK(""https://stackoverflow.com/q/11028441"", ""11028441"")",0.5908229048160787,"1","2883"
"=HYPERLINK(""https://stackoverflow.com/q/11064969"", ""11064969"")",0.7347850362925734,"1","186"
"=HYPERLINK(""https://stackoverflow.com/q/11069402"", ""11069402"")",0.2362409138110072,"0","387"
"=HYPERLINK(""https://stackoverflow.com/q/11120383"", ""11120383"")",0.7056170561705617,"1","2235"
"=HYPERLINK(""https://stackoverflow.com/q/11141107"", ""11141107"")",0.7982590885816682,"0","92"
"=HYPERLINK(""https://stackoverflow.com/q/11143064"", ""11143064"")",0.6456749909518639,"0","535"
"=HYPERLINK(""https://stackoverflow.com/q/11158177"", ""11158177"")",0.7510683760683762,"0","348"
"=HYPERLINK(""https://stackoverflow.com/q/11181812"", ""11181812"")",0.5235467255334808,"0","1046"
"=HYPERLINK(""https://stackoverflow.com/q/11191311"", ""11191311"")",0.8371806709756849,"0","1898"
"=HYPERLINK(""https://stackoverflow.com/q/11224038"", ""11224038"")",0.3901611535199326,"0","210"
"=HYPERLINK(""https://stackoverflow.com/q/11228195"", ""11228195"")",0.5609844372059354,"1","186"
"=HYPERLINK(""https://stackoverflow.com/q/11257686"", ""11257686"")",0.7725577926920213,"1","424"
"=HYPERLINK(""https://stackoverflow.com/q/11307831"", ""11307831"")",0.5524974515800206,"1","641"
"=HYPERLINK(""https://stackoverflow.com/q/11413858"", ""11413858"")",0.871922821024617,"2","1286"
"=HYPERLINK(""https://stackoverflow.com/q/11510751"", ""11510751"")",0.4476320582877965,"0","359"
"=HYPERLINK(""https://stackoverflow.com/q/11555735"", ""11555735"")",0.8305966064586748,"2","1192"
"=HYPERLINK(""https://stackoverflow.com/q/11608661"", ""11608661"")",0.4853801169590647,"2","2369"
"=HYPERLINK(""https://stackoverflow.com/q/11641826"", ""11641826"")",0.3669167559842802,"1","5758"
"=HYPERLINK(""https://stackoverflow.com/q/11670593"", ""11670593"")",0.4060457516339869,"1","1898"
"=HYPERLINK(""https://stackoverflow.com/q/11698968"", ""11698968"")",0.4245122985581003,"7","1690"
"=HYPERLINK(""https://stackoverflow.com/q/11711276"", ""11711276"")",0.2784722222222225,"2","453"
"=HYPERLINK(""https://stackoverflow.com/q/11740499"", ""11740499"")",0.6797867978679787,"0","171"
"=HYPERLINK(""https://stackoverflow.com/q/11765711"", ""11765711"")",0.5371011149557859,"2","602"
"=HYPERLINK(""https://stackoverflow.com/q/11810103"", ""11810103"")",0.3993439934399345,"0","283"
"=HYPERLINK(""https://stackoverflow.com/q/11829684"", ""11829684"")",0.3287439613526565,"0","1052"
"=HYPERLINK(""https://stackoverflow.com/q/11833900"", ""11833900"")",0.9476320582877972,"0","467"
"=HYPERLINK(""https://stackoverflow.com/q/11958992"", ""11958992"")",0.8291187739463602,"0","576"
"=HYPERLINK(""https://stackoverflow.com/q/12197530"", ""12197530"")",0.620995228357191,"1","35"
"=HYPERLINK(""https://stackoverflow.com/q/12280876"", ""12280876"")",0.5493941261039234,"3","1185"
"=HYPERLINK(""https://stackoverflow.com/q/12369604"", ""12369604"")",0.9170274170274164,"19","23197"
"=HYPERLINK(""https://stackoverflow.com/q/12372289"", ""12372289"")",0.4279578830701022,"3","4791"
"=HYPERLINK(""https://stackoverflow.com/q/12406611"", ""12406611"")",0.9175130809479842,"0","617"
"=HYPERLINK(""https://stackoverflow.com/q/12628593"", ""12628593"")",0.4467731204258148,"0","398"
"=HYPERLINK(""https://stackoverflow.com/q/12645544"", ""12645544"")",0.7476459510357811,"2","486"
"=HYPERLINK(""https://stackoverflow.com/q/12813422"", ""12813422"")",0.3009623797025375,"1","329"
"=HYPERLINK(""https://stackoverflow.com/q/12914743"", ""12914743"")",0.2498902064119453,"1","235"
"=HYPERLINK(""https://stackoverflow.com/q/12954251"", ""12954251"")",0.752608962553714,"1","181"
"=HYPERLINK(""https://stackoverflow.com/q/13034866"", ""13034866"")",0.4284811126916393,"0","652"
"=HYPERLINK(""https://stackoverflow.com/q/13084007"", ""13084007"")",0.5680066405786792,"0","2977"
"=HYPERLINK(""https://stackoverflow.com/q/13205754"", ""13205754"")",0.5880206367182582,"1","127"
"=HYPERLINK(""https://stackoverflow.com/q/13226288"", ""13226288"")",0.5587422987040583,"0","687"
"=HYPERLINK(""https://stackoverflow.com/q/13286756"", ""13286756"")",0.2792364757856128,"1","1663"
"=HYPERLINK(""https://stackoverflow.com/q/13297535"", ""13297535"")",0.7801692420897723,"2","743"
"=HYPERLINK(""https://stackoverflow.com/q/13410689"", ""13410689"")",0.4143404488232069,"1","136"
"=HYPERLINK(""https://stackoverflow.com/q/13548191"", ""13548191"")",0.5302304357745832,"1","755"
"=HYPERLINK(""https://stackoverflow.com/q/13658343"", ""13658343"")",0.3842775581906014,"0","2188"
"=HYPERLINK(""https://stackoverflow.com/q/13678631"", ""13678631"")",0.592387968078576,"0","189"
"=HYPERLINK(""https://stackoverflow.com/q/13680924"", ""13680924"")",0.7325670498084292,"0","92"
"=HYPERLINK(""https://stackoverflow.com/q/13700395"", ""13700395"")",0.342475386779184,"2","65"
"=HYPERLINK(""https://stackoverflow.com/q/13816709"", ""13816709"")",0.5410470317978479,"2","827"
"=HYPERLINK(""https://stackoverflow.com/q/13839183"", ""13839183"")",0.4167828916782888,"0","938"
"=HYPERLINK(""https://stackoverflow.com/q/13840334"", ""13840334"")",0.4921608725289703,"2","1044"
"=HYPERLINK(""https://stackoverflow.com/q/13916982"", ""13916982"")",0.6540404040404038,"0","299"
"=HYPERLINK(""https://stackoverflow.com/q/13933003"", ""13933003"")",0.7548855388051363,"0","1611"
"=HYPERLINK(""https://stackoverflow.com/q/13956878"", ""13956878"")",0.3633986928104574,"1","730"
"=HYPERLINK(""https://stackoverflow.com/q/13985735"", ""13985735"")",0.6766050486980723,"1","283"
"=HYPERLINK(""https://stackoverflow.com/q/14014041"", ""14014041"")",0.7953447518664902,"0","2606"
"=HYPERLINK(""https://stackoverflow.com/q/14017616"", ""14017616"")",0.5480454457924132,"2","601"
"=HYPERLINK(""https://stackoverflow.com/q/14106240"", ""14106240"")",0.6142676767676765,"3","2883"
"=HYPERLINK(""https://stackoverflow.com/q/14372774"", ""14372774"")",0.4969662495259764,"6","20085"
"=HYPERLINK(""https://stackoverflow.com/q/14447328"", ""14447328"")",0.8228933631618198,"2","1632"
"=HYPERLINK(""https://stackoverflow.com/q/14458174"", ""14458174"")",0.4390363815142579,"2","3952"
"=HYPERLINK(""https://stackoverflow.com/q/14509377"", ""14509377"")",0.394719206540678,"1","5559"
"=HYPERLINK(""https://stackoverflow.com/q/14692518"", ""14692518"")",0.6450518042157917,"1","382"
"=HYPERLINK(""https://stackoverflow.com/q/14733588"", ""14733588"")",0.4150793650793652,"1","403"
"=HYPERLINK(""https://stackoverflow.com/q/14771700"", ""14771700"")",0.2671660424469416,"2","2721"
"=HYPERLINK(""https://stackoverflow.com/q/14877234"", ""14877234"")",0.8808760683760685,"0","209"
"=HYPERLINK(""https://stackoverflow.com/q/15014229"", ""15014229"")",0.8806837606837618,"0","1828"
"=HYPERLINK(""https://stackoverflow.com/q/15146394"", ""15146394"")",0.4593356242840777,"1","157"
"=HYPERLINK(""https://stackoverflow.com/q/15195450"", ""15195450"")",0.6624554583738267,"2","1493"
"=HYPERLINK(""https://stackoverflow.com/q/15619385"", ""15619385"")",0.2253867791842474,"0","1203"
"=HYPERLINK(""https://stackoverflow.com/q/15666377"", ""15666377"")",0.3131313131313128,"0","414"
"=HYPERLINK(""https://stackoverflow.com/q/15808160"", ""15808160"")",0.6099145299145305,"0","482"
"=HYPERLINK(""https://stackoverflow.com/q/15882127"", ""15882127"")",0.5583924349881798,"0","327"
"=HYPERLINK(""https://stackoverflow.com/q/15949131"", ""15949131"")",0.4307328605200946,"0","141"
"=HYPERLINK(""https://stackoverflow.com/q/16306717"", ""16306717"")",0.4586754241926652,"0","268"
"=HYPERLINK(""https://stackoverflow.com/q/16433440"", ""16433440"")",0.5729914529914536,"1","272"
"=HYPERLINK(""https://stackoverflow.com/q/16586870"", ""16586870"")",0.4764595103578154,"0","1355"
"=HYPERLINK(""https://stackoverflow.com/q/16639231"", ""16639231"")",0.468828557063851,"0","3416"
"=HYPERLINK(""https://stackoverflow.com/q/16896122"", ""16896122"")",0.6523013778950457,"0","75"
"=HYPERLINK(""https://stackoverflow.com/q/16937042"", ""16937042"")",0.4228210246174314,"1","972"
"=HYPERLINK(""https://stackoverflow.com/q/17044390"", ""17044390"")",0.3956093189964159,"0","1013"
"=HYPERLINK(""https://stackoverflow.com/q/17068606"", ""17068606"")",0.5867230146152497,"0","2266"
"=HYPERLINK(""https://stackoverflow.com/q/17068801"", ""17068801"")",0.4280269715625917,"0","919"
"=HYPERLINK(""https://stackoverflow.com/q/17086619"", ""17086619"")",0.6470342522974096,"5","3697"
"=HYPERLINK(""https://stackoverflow.com/q/17179507"", ""17179507"")",0.5380927923300807,"1","766"
"=HYPERLINK(""https://stackoverflow.com/q/17306301"", ""17306301"")",0.3189964157706091,"1","860"
"=HYPERLINK(""https://stackoverflow.com/q/17313690"", ""17313690"")",0.6253842775581901,"1","338"
"=HYPERLINK(""https://stackoverflow.com/q/17382558"", ""17382558"")",0.6732860520094563,"0","211"
"=HYPERLINK(""https://stackoverflow.com/q/17409432"", ""17409432"")",0.4877089478859394,"0","45"
"=HYPERLINK(""https://stackoverflow.com/q/17437761"", ""17437761"")",0.5381831342743394,"0","365"
"=HYPERLINK(""https://stackoverflow.com/q/17482587"", ""17482587"")",0.8998040862020699,"0","298"
"=HYPERLINK(""https://stackoverflow.com/q/17528092"", ""17528092"")",0.3346482577251808,"1","461"
"=HYPERLINK(""https://stackoverflow.com/q/17568116"", ""17568116"")",0.692139234670355,"5","1830"
"=HYPERLINK(""https://stackoverflow.com/q/17705694"", ""17705694"")",0.3122745782431643,"0","620"
"=HYPERLINK(""https://stackoverflow.com/q/17726940"", ""17726940"")",0.228162816281628,"0","355"
"=HYPERLINK(""https://stackoverflow.com/q/17771918"", ""17771918"")",0.5087087087087083,"0","162"
"=HYPERLINK(""https://stackoverflow.com/q/17801810"", ""17801810"")",0.9097222222222224,"1","90"
"=HYPERLINK(""https://stackoverflow.com/q/17842777"", ""17842777"")",0.5823330255463219,"3","584"
"=HYPERLINK(""https://stackoverflow.com/q/17886545"", ""17886545"")",0.6913053778725426,"1","4309"
"=HYPERLINK(""https://stackoverflow.com/q/17889300"", ""17889300"")",0.5119949494949493,"0","123"
"=HYPERLINK(""https://stackoverflow.com/q/17926933"", ""17926933"")",0.6781191498733622,"1","352"
"=HYPERLINK(""https://stackoverflow.com/q/18007039"", ""18007039"")",0.5889768396364706,"0","2260"
"=HYPERLINK(""https://stackoverflow.com/q/18096074"", ""18096074"")",0.5664845173041899,"3","82"
"=HYPERLINK(""https://stackoverflow.com/q/18249536"", ""18249536"")",0.3385012919896641,"0","386"
"=HYPERLINK(""https://stackoverflow.com/q/18306801"", ""18306801"")",0.4856952761144374,"1","133"
"=HYPERLINK(""https://stackoverflow.com/q/18342405"", ""18342405"")",0.6466408268733844,"0","225"
"=HYPERLINK(""https://stackoverflow.com/q/18429333"", ""18429333"")",0.708947885939037,"2","744"
"=HYPERLINK(""https://stackoverflow.com/q/18464598"", ""18464598"")",0.347970725216234,"11","16696"
"=HYPERLINK(""https://stackoverflow.com/q/18526524"", ""18526524"")",0.4403430275913499,"0","539"
"=HYPERLINK(""https://stackoverflow.com/q/18580277"", ""18580277"")",0.494281045751634,"0","158"
"=HYPERLINK(""https://stackoverflow.com/q/18634409"", ""18634409"")",0.7746974697469744,"1","60"
"=HYPERLINK(""https://stackoverflow.com/q/18660150"", ""18660150"")",0.3060060060060059,"1","407"
"=HYPERLINK(""https://stackoverflow.com/q/18695719"", ""18695719"")",0.4113131313131311,"0","1864"
"=HYPERLINK(""https://stackoverflow.com/q/18697553"", ""18697553"")",0.3685390738872071,"0","985"
"=HYPERLINK(""https://stackoverflow.com/q/18977693"", ""18977693"")",0.3650793650793651,"0","1293"
"=HYPERLINK(""https://stackoverflow.com/q/19099131"", ""19099131"")",0.4897931223455267,"1","204"
"=HYPERLINK(""https://stackoverflow.com/q/19191824"", ""19191824"")",0.7682473268247324,"4","783"
"=HYPERLINK(""https://stackoverflow.com/q/19330750"", ""19330750"")",0.7510683760683763,"1","2132"
"=HYPERLINK(""https://stackoverflow.com/q/19330796"", ""19330796"")",0.376068376068376,"1","2634"
"=HYPERLINK(""https://stackoverflow.com/q/19355176"", ""19355176"")",0.6807857581338246,"0","1632"
"=HYPERLINK(""https://stackoverflow.com/q/19397096"", ""19397096"")",0.4710701484895027,"1","505"
"=HYPERLINK(""https://stackoverflow.com/q/19399423"", ""19399423"")",0.4551767676767673,"1","173"
"=HYPERLINK(""https://stackoverflow.com/q/19464358"", ""19464358"")",0.6460632818248716,"3","20159"
"=HYPERLINK(""https://stackoverflow.com/q/19775198"", ""19775198"")",0.5129198966408265,"0","138"
"=HYPERLINK(""https://stackoverflow.com/q/19821030"", ""19821030"")",0.7711583924349883,"0","164"
"=HYPERLINK(""https://stackoverflow.com/q/19834653"", ""19834653"")",0.9736562566390492,"0","294"
"=HYPERLINK(""https://stackoverflow.com/q/19904112"", ""19904112"")",0.7281045751633987,"0","170"
"=HYPERLINK(""https://stackoverflow.com/q/19917983"", ""19917983"")",0.3514357053682899,"0","769"
"=HYPERLINK(""https://stackoverflow.com/q/19987482"", ""19987482"")",0.654341427520236,"1","1671"
"=HYPERLINK(""https://stackoverflow.com/q/20067375"", ""20067375"")",0.7676767676767673,"0","222"
"=HYPERLINK(""https://stackoverflow.com/q/20089789"", ""20089789"")",0.5176767676767674,"1","1478"
"=HYPERLINK(""https://stackoverflow.com/q/20163476"", ""20163476"")",0.6006006006006,"0","10171"
"=HYPERLINK(""https://stackoverflow.com/q/20297672"", ""20297672"")",0.3741209563994371,"0","720"
"=HYPERLINK(""https://stackoverflow.com/q/20367183"", ""20367183"")",0.3684672815107594,"2","368"
"=HYPERLINK(""https://stackoverflow.com/q/20434405"", ""20434405"")",0.7783791910990832,"0","354"
"=HYPERLINK(""https://stackoverflow.com/q/20486048"", ""20486048"")",0.5052991452991458,"2","1398"
"=HYPERLINK(""https://stackoverflow.com/q/20515179"", ""20515179"")",0.5543650793650794,"0","1584"
"=HYPERLINK(""https://stackoverflow.com/q/20542157"", ""20542157"")",0.4206955046649706,"1","483"
"=HYPERLINK(""https://stackoverflow.com/q/20643851"", ""20643851"")",0.3927291346646181,"3","1069"
"=HYPERLINK(""https://stackoverflow.com/q/20670980"", ""20670980"")",0.7481570835008708,"1","1135"
"=HYPERLINK(""https://stackoverflow.com/q/20700440"", ""20700440"")",0.7552037525652304,"1","1462"
"=HYPERLINK(""https://stackoverflow.com/q/20756779"", ""20756779"")",0.5055897786903942,"3","453"
"=HYPERLINK(""https://stackoverflow.com/q/20765229"", ""20765229"")",0.8257936507936507,"2","461"
"=HYPERLINK(""https://stackoverflow.com/q/20815872"", ""20815872"")",0.5301806997308722,"4","1176"
"=HYPERLINK(""https://stackoverflow.com/q/21241957"", ""21241957"")",0.3798864557988649,"1","6262"
"=HYPERLINK(""https://stackoverflow.com/q/21248639"", ""21248639"")",0.587377353487138,"4","1287"
"=HYPERLINK(""https://stackoverflow.com/q/21423063"", ""21423063"")",0.6640826873385016,"1","245"
"=HYPERLINK(""https://stackoverflow.com/q/21470403"", ""21470403"")",0.3650793650793655,"0","781"
"=HYPERLINK(""https://stackoverflow.com/q/21648272"", ""21648272"")",0.5098328416912492,"0","708"
"=HYPERLINK(""https://stackoverflow.com/q/21662176"", ""21662176"")",0.5237297599106641,"0","120"
"=HYPERLINK(""https://stackoverflow.com/q/21713203"", ""21713203"")",0.6444012105490703,"2","4327"
"=HYPERLINK(""https://stackoverflow.com/q/21716554"", ""21716554"")",0.8154425612052725,"0","3189"
"=HYPERLINK(""https://stackoverflow.com/q/21729841"", ""21729841"")",0.6903662665435519,"1","619"
"=HYPERLINK(""https://stackoverflow.com/q/21851565"", ""21851565"")",0.443813131313131,"2","1045"
"=HYPERLINK(""https://stackoverflow.com/q/21871229"", ""21871229"")",0.9187739463601536,"3","222"
"=HYPERLINK(""https://stackoverflow.com/q/21873557"", ""21873557"")",0.4845173041894358,"0","502"
"=HYPERLINK(""https://stackoverflow.com/q/21905498"", ""21905498"")",0.4468376068376073,"6","8915"
"=HYPERLINK(""https://stackoverflow.com/q/21906860"", ""21906860"")",0.457255481645725,"0","214"
"=HYPERLINK(""https://stackoverflow.com/q/22055345"", ""22055345"")",0.7759681505609843,"2","1927"
"=HYPERLINK(""https://stackoverflow.com/q/22058675"", ""22058675"")",0.739372618000587,"1","112"
"=HYPERLINK(""https://stackoverflow.com/q/22060965"", ""22060965"")",0.6645299145299147,"1","219"
"=HYPERLINK(""https://stackoverflow.com/q/22093844"", ""22093844"")",0.5657336726039022,"0","235"
"=HYPERLINK(""https://stackoverflow.com/q/22166372"", ""22166372"")",0.5208799403430278,"0","1262"
"=HYPERLINK(""https://stackoverflow.com/q/22203582"", ""22203582"")",0.4440593106104374,"0","288"
"=HYPERLINK(""https://stackoverflow.com/q/22241311"", ""22241311"")",0.362222222222222,"0","279"
"=HYPERLINK(""https://stackoverflow.com/q/22244257"", ""22244257"")",0.6644332774986037,"0","58"
"=HYPERLINK(""https://stackoverflow.com/q/22244681"", ""22244681"")",0.6631860776439084,"0","1039"
"=HYPERLINK(""https://stackoverflow.com/q/22268071"", ""22268071"")",0.566903073286052,"2","551"
"=HYPERLINK(""https://stackoverflow.com/q/22553063"", ""22553063"")",0.4267676767676765,"1","166"
"=HYPERLINK(""https://stackoverflow.com/q/22613578"", ""22613578"")",0.6266339869281046,"1","156"
"=HYPERLINK(""https://stackoverflow.com/q/22642309"", ""22642309"")",0.7105943152454783,"5","3232"
"=HYPERLINK(""https://stackoverflow.com/q/22681553"", ""22681553"")",0.5964553510565775,"0","112"
"=HYPERLINK(""https://stackoverflow.com/q/22805301"", ""22805301"")",0.6395154553049286,"4","5304"
"=HYPERLINK(""https://stackoverflow.com/q/22899617"", ""22899617"")",0.5822222222222224,"6","2659"
"=HYPERLINK(""https://stackoverflow.com/q/23059203"", ""23059203"")",0.5794290261613444,"10","24684"
"=HYPERLINK(""https://stackoverflow.com/q/23093896"", ""23093896"")",0.7050597508263408,"2","1739"
"=HYPERLINK(""https://stackoverflow.com/q/23282943"", ""23282943"")",0.3897897897897896,"1","1525"
"=HYPERLINK(""https://stackoverflow.com/q/23283458"", ""23283458"")",0.7802811476988258,"3","256"
"=HYPERLINK(""https://stackoverflow.com/q/23334967"", ""23334967"")",0.7871572871572867,"1","6823"
"=HYPERLINK(""https://stackoverflow.com/q/23404333"", ""23404333"")",0.4414993306559568,"2","1026"
"=HYPERLINK(""https://stackoverflow.com/q/23471256"", ""23471256"")",0.4516677289143831,"3","4268"
"=HYPERLINK(""https://stackoverflow.com/q/23552579"", ""23552579"")",0.3590300398117987,"2","319"
"=HYPERLINK(""https://stackoverflow.com/q/23554357"", ""23554357"")",0.5678743961352649,"2","805"
"=HYPERLINK(""https://stackoverflow.com/q/23621421"", ""23621421"")",0.4665404040404038,"0","206"
"=HYPERLINK(""https://stackoverflow.com/q/23624206"", ""23624206"")",0.9627470035633316,"0","80"
"=HYPERLINK(""https://stackoverflow.com/q/23867642"", ""23867642"")",0.7548855388051363,"0","762"
"=HYPERLINK(""https://stackoverflow.com/q/23869497"", ""23869497"")",0.522835719154737,"0","53"
"=HYPERLINK(""https://stackoverflow.com/q/23882476"", ""23882476"")",0.7671553006161046,"0","278"
"=HYPERLINK(""https://stackoverflow.com/q/23989454"", ""23989454"")",0.8332158797275072,"2","779"
"=HYPERLINK(""https://stackoverflow.com/q/24064506"", ""24064506"")",0.3175019425019421,"0","675"
"=HYPERLINK(""https://stackoverflow.com/q/24124873"", ""24124873"")",0.4551767676767674,"1","149"
"=HYPERLINK(""https://stackoverflow.com/q/24135734"", ""24135734"")",0.5731837606837609,"0","761"
"=HYPERLINK(""https://stackoverflow.com/q/24304141"", ""24304141"")",0.8993875765529322,"0","86"
"=HYPERLINK(""https://stackoverflow.com/q/24389551"", ""24389551"")",0.7050347222222231,"3","3423"
"=HYPERLINK(""https://stackoverflow.com/q/24415551"", ""24415551"")",0.2777161178936985,"0","1765"
"=HYPERLINK(""https://stackoverflow.com/q/24426908"", ""24426908"")",0.3330655957161979,"1","527"
"=HYPERLINK(""https://stackoverflow.com/q/24604675"", ""24604675"")",0.8521434820647431,"0","99"
"=HYPERLINK(""https://stackoverflow.com/q/24670373"", ""24670373"")",0.4026345933562428,"0","233"
"=HYPERLINK(""https://stackoverflow.com/q/24722437"", ""24722437"")",0.416878710771841,"0","610"
"=HYPERLINK(""https://stackoverflow.com/q/24761364"", ""24761364"")",0.6409285159285155,"1","546"
"=HYPERLINK(""https://stackoverflow.com/q/24799473"", ""24799473"")",0.6029040404040402,"0","493"
"=HYPERLINK(""https://stackoverflow.com/q/24817738"", ""24817738"")",0.4212146655471587,"0","169"
"=HYPERLINK(""https://stackoverflow.com/q/24920618"", ""24920618"")",0.599384851980007,"1","65"
"=HYPERLINK(""https://stackoverflow.com/q/24927089"", ""24927089"")",0.5488553880513676,"0","156"
"=HYPERLINK(""https://stackoverflow.com/q/24931811"", ""24931811"")",0.2479647964796479,"3","1049"
"=HYPERLINK(""https://stackoverflow.com/q/25021482"", ""25021482"")",0.6964987495534123,"7","8612"
"=HYPERLINK(""https://stackoverflow.com/q/25023889"", ""25023889"")",0.3822856136643776,"2","4992"
"=HYPERLINK(""https://stackoverflow.com/q/25043774"", ""25043774"")",0.4800535475234266,"2","1693"
"=HYPERLINK(""https://stackoverflow.com/q/25101132"", ""25101132"")",0.3801169590643276,"0","1235"
"=HYPERLINK(""https://stackoverflow.com/q/25127434"", ""25127434"")",0.472222222222222,"2","124"
"=HYPERLINK(""https://stackoverflow.com/q/25130278"", ""25130278"")",0.5147123407992968,"9","12889"
"=HYPERLINK(""https://stackoverflow.com/q/25143703"", ""25143703"")",0.3722222222222223,"0","774"
"=HYPERLINK(""https://stackoverflow.com/q/25166619"", ""25166619"")",0.7843843843843838,"0","197"
"=HYPERLINK(""https://stackoverflow.com/q/25170676"", ""25170676"")",0.9334898278560262,"3","575"
"=HYPERLINK(""https://stackoverflow.com/q/25255232"", ""25255232"")",0.6987322893363164,"0","106"
"=HYPERLINK(""https://stackoverflow.com/q/25276771"", ""25276771"")",0.6159230096237979,"2","140"
"=HYPERLINK(""https://stackoverflow.com/q/25320021"", ""25320021"")",0.5260896255371394,"0","634"
"=HYPERLINK(""https://stackoverflow.com/q/25326667"", ""25326667"")",0.3850886717336228,"0","2855"
"=HYPERLINK(""https://stackoverflow.com/q/25365662"", ""25365662"")",0.3943533697632061,"0","59"
"=HYPERLINK(""https://stackoverflow.com/q/25499141"", ""25499141"")",0.6484517304189441,"0","364"
"=HYPERLINK(""https://stackoverflow.com/q/25503534"", ""25503534"")",0.5790770609319,"1","3336"
"=HYPERLINK(""https://stackoverflow.com/q/25530274"", ""25530274"")",0.7748538011695913,"6","5062"
"=HYPERLINK(""https://stackoverflow.com/q/25564851"", ""25564851"")",0.5079365079365075,"0","4884"
"=HYPERLINK(""https://stackoverflow.com/q/25584925"", ""25584925"")",0.5235467255334809,"2","461"
"=HYPERLINK(""https://stackoverflow.com/q/25643918"", ""25643918"")",0.7608820160366551,"0","401"
"=HYPERLINK(""https://stackoverflow.com/q/25653525"", ""25653525"")",0.6429118773946362,"1","189"
"=HYPERLINK(""https://stackoverflow.com/q/25827264"", ""25827264"")",0.3738059326294619,"1","717"
"=HYPERLINK(""https://stackoverflow.com/q/25888005"", ""25888005"")",0.8601532567049802,"0","250"
"=HYPERLINK(""https://stackoverflow.com/q/25971774"", ""25971774"")",0.6946148602590314,"1","203"
"=HYPERLINK(""https://stackoverflow.com/q/26013380"", ""26013380"")",0.3498817966903073,"3","2784"
"=HYPERLINK(""https://stackoverflow.com/q/26020144"", ""26020144"")",0.3723110321689364,"1","105"
"=HYPERLINK(""https://stackoverflow.com/q/26175123"", ""26175123"")",0.5925370648009335,"3","5720"
"=HYPERLINK(""https://stackoverflow.com/q/26189963"", ""26189963"")",0.5207540329889436,"1","1887"
"=HYPERLINK(""https://stackoverflow.com/q/26315102"", ""26315102"")",0.5740137531668474,"2","127"
"=HYPERLINK(""https://stackoverflow.com/q/26358682"", ""26358682"")",0.6460632818248716,"0","94"
"=HYPERLINK(""https://stackoverflow.com/q/26441709"", ""26441709"")",0.4791491743632795,"0","142"
"=HYPERLINK(""https://stackoverflow.com/q/26589132"", ""26589132"")",0.3937703393770335,"1","1243"
"=HYPERLINK(""https://stackoverflow.com/q/26589817"", ""26589817"")",0.3217697335344394,"0","207"
"=HYPERLINK(""https://stackoverflow.com/q/26681786"", ""26681786"")",0.2345540607872446,"4","1407"
"=HYPERLINK(""https://stackoverflow.com/q/26795045"", ""26795045"")",0.5751633986928104,"0","84"
"=HYPERLINK(""https://stackoverflow.com/q/26800119"", ""26800119"")",0.2840559109215828,"1","2098"
"=HYPERLINK(""https://stackoverflow.com/q/26903058"", ""26903058"")",0.4853801169590643,"0","82"
"=HYPERLINK(""https://stackoverflow.com/q/26906002"", ""26906002"")",0.3287795992714026,"0","70"
"=HYPERLINK(""https://stackoverflow.com/q/26912906"", ""26912906"")",0.5506355063550635,"0","535"
"=HYPERLINK(""https://stackoverflow.com/q/27032528"", ""27032528"")",0.5477255779269206,"0","30"
"=HYPERLINK(""https://stackoverflow.com/q/27236349"", ""27236349"")",0.6095740008783482,"0","95"
"=HYPERLINK(""https://stackoverflow.com/q/27290710"", ""27290710"")",0.6164529914529917,"0","212"
"=HYPERLINK(""https://stackoverflow.com/q/27377205"", ""27377205"")",0.8582054858205481,"5","490"
"=HYPERLINK(""https://stackoverflow.com/q/27493664"", ""27493664"")",0.7200945626477541,"0","543"
"=HYPERLINK(""https://stackoverflow.com/q/27536416"", ""27536416"")",0.9039740470397416,"0","931"
"=HYPERLINK(""https://stackoverflow.com/q/27559978"", ""27559978"")",0.5478036175710589,"1","300"
"=HYPERLINK(""https://stackoverflow.com/q/27597548"", ""27597548"")",0.6652189648932318,"1","47"
"=HYPERLINK(""https://stackoverflow.com/q/27620862"", ""27620862"")",0.3601532567049808,"1","771"
"=HYPERLINK(""https://stackoverflow.com/q/27709499"", ""27709499"")",0.2974697469746973,"0","655"
"=HYPERLINK(""https://stackoverflow.com/q/27741605"", ""27741605"")",0.7570323488045001,"0","511"
"=HYPERLINK(""https://stackoverflow.com/q/27819772"", ""27819772"")",0.7414529914529915,"0","248"
"=HYPERLINK(""https://stackoverflow.com/q/27855385"", ""27855385"")",0.8659347970725212,"0","273"
"=HYPERLINK(""https://stackoverflow.com/q/27914459"", ""27914459"")",0.6094562647754138,"0","128"
"=HYPERLINK(""https://stackoverflow.com/q/28115413"", ""28115413"")",0.3122222222222221,"0","649"
"=HYPERLINK(""https://stackoverflow.com/q/28157561"", ""28157561"")",0.589004229142637,"1","137"
"=HYPERLINK(""https://stackoverflow.com/q/28176677"", ""28176677"")",0.7738939547450185,"2","1411"
"=HYPERLINK(""https://stackoverflow.com/q/28268198"", ""28268198"")",0.5647827758554397,"1","356"
"=HYPERLINK(""https://stackoverflow.com/q/28353744"", ""28353744"")",0.6240913811007269,"2","687"
"=HYPERLINK(""https://stackoverflow.com/q/28415336"", ""28415336"")",0.2617479139218268,"0","579"
"=HYPERLINK(""https://stackoverflow.com/q/28487085"", ""28487085"")",0.4480949121606202,"1","49"
"=HYPERLINK(""https://stackoverflow.com/q/28502567"", ""28502567"")",0.5007457121551083,"0","271"
"=HYPERLINK(""https://stackoverflow.com/q/28540828"", ""28540828"")",0.5972222222222228,"1","933"
"=HYPERLINK(""https://stackoverflow.com/q/28715884"", ""28715884"")",0.5878731917513081,"0","114"
"=HYPERLINK(""https://stackoverflow.com/q/28866570"", ""28866570"")",0.5273317112733177,"0","1458"
"=HYPERLINK(""https://stackoverflow.com/q/29302845"", ""29302845"")",0.4767676767676766,"1","159"
"=HYPERLINK(""https://stackoverflow.com/q/29438525"", ""29438525"")",0.8035409035409036,"2","1759"
"=HYPERLINK(""https://stackoverflow.com/q/29570638"", ""29570638"")",0.4729510851959835,"1","300"
"=HYPERLINK(""https://stackoverflow.com/q/29667488"", ""29667488"")",0.4886892880904854,"4","464"
"=HYPERLINK(""https://stackoverflow.com/q/29695925"", ""29695925"")",0.5246174318030602,"0","96"
"=HYPERLINK(""https://stackoverflow.com/q/29749771"", ""29749771"")",0.6863106200122776,"0","139"
"=HYPERLINK(""https://stackoverflow.com/q/29776957"", ""29776957"")",0.7417294090805377,"1","1609"
"=HYPERLINK(""https://stackoverflow.com/q/29796194"", ""29796194"")",0.4821708743403227,"1","851"
"=HYPERLINK(""https://stackoverflow.com/q/29818717"", ""29818717"")",0.5220168834131867,"3","2558"
"=HYPERLINK(""https://stackoverflow.com/q/29870098"", ""29870098"")",0.4070048309178738,"0","535"
"=HYPERLINK(""https://stackoverflow.com/q/30064408"", ""30064408"")",0.5594484995944855,"3","6997"
"=HYPERLINK(""https://stackoverflow.com/q/30065816"", ""30065816"")",0.6828133552271477,"1","934"
"=HYPERLINK(""https://stackoverflow.com/q/30400074"", ""30400074"")",0.7150793650793652,"0","422"
"=HYPERLINK(""https://stackoverflow.com/q/30475542"", ""30475542"")",0.9391452991453004,"1","1882"
"=HYPERLINK(""https://stackoverflow.com/q/30498639"", ""30498639"")",0.7788724685276404,"1","1155"
"=HYPERLINK(""https://stackoverflow.com/q/30531307"", ""30531307"")",0.6806325734237015,"0","328"
"=HYPERLINK(""https://stackoverflow.com/q/30746044"", ""30746044"")",0.6801169590643282,"0","1387"
"=HYPERLINK(""https://stackoverflow.com/q/30874541"", ""30874541"")",0.3114114114114112,"2","498"
"=HYPERLINK(""https://stackoverflow.com/q/31002478"", ""31002478"")",0.3939673745767929,"0","307"
"=HYPERLINK(""https://stackoverflow.com/q/31060781"", ""31060781"")",0.3485108820160366,"0","173"
"=HYPERLINK(""https://stackoverflow.com/q/31137312"", ""31137312"")",0.5839243498817968,"4","4317"
"=HYPERLINK(""https://stackoverflow.com/q/31184605"", ""31184605"")",0.2933684672815107,"0","259"
"=HYPERLINK(""https://stackoverflow.com/q/31263938"", ""31263938"")",0.7116959064327492,"0","138"
"=HYPERLINK(""https://stackoverflow.com/q/31376119"", ""31376119"")",0.4945626477541371,"1","664"
"=HYPERLINK(""https://stackoverflow.com/q/31523388"", ""31523388"")",0.3120883790099852,"2","82"
"=HYPERLINK(""https://stackoverflow.com/q/31524490"", ""31524490"")",0.7714172132776788,"0","126"
"=HYPERLINK(""https://stackoverflow.com/q/31611581"", ""31611581"")",0.9082687338501284,"0","104"
"=HYPERLINK(""https://stackoverflow.com/q/31717623"", ""31717623"")",0.439243498817967,"0","224"
"=HYPERLINK(""https://stackoverflow.com/q/32002126"", ""32002126"")",0.2926406076081973,"2","1365"
"=HYPERLINK(""https://stackoverflow.com/q/32048966"", ""32048966"")",0.6079365079365079,"3","105"
"=HYPERLINK(""https://stackoverflow.com/q/32246882"", ""32246882"")",0.710111495578623,"1","75"
"=HYPERLINK(""https://stackoverflow.com/q/32294490"", ""32294490"")",0.3861566484517307,"0","1100"
"=HYPERLINK(""https://stackoverflow.com/q/32318794"", ""32318794"")",0.8671085858585854,"0","500"
"=HYPERLINK(""https://stackoverflow.com/q/32324561"", ""32324561"")",0.5141685309470547,"1","145"
"=HYPERLINK(""https://stackoverflow.com/q/32327861"", ""32327861"")",0.3388570214574042,"0","84"
"=HYPERLINK(""https://stackoverflow.com/q/32412707"", ""32412707"")",0.4780003424071222,"3","1458"
"=HYPERLINK(""https://stackoverflow.com/q/32455726"", ""32455726"")",0.3791259879125985,"1","286"
"=HYPERLINK(""https://stackoverflow.com/q/32667406"", ""32667406"")",0.3034722222222226,"0","304"
"=HYPERLINK(""https://stackoverflow.com/q/32695672"", ""32695672"")",0.7454780361757098,"1","51"
"=HYPERLINK(""https://stackoverflow.com/q/32722269"", ""32722269"")",0.4654654654654652,"1","421"
"=HYPERLINK(""https://stackoverflow.com/q/32836754"", ""32836754"")",0.3613526570048304,"0","479"
"=HYPERLINK(""https://stackoverflow.com/q/32886032"", ""32886032"")",0.7902695595003292,"0","339"
"=HYPERLINK(""https://stackoverflow.com/q/32943204"", ""32943204"")",0.9365079365079358,"0","258"
"=HYPERLINK(""https://stackoverflow.com/q/32980903"", ""32980903"")",0.9120956399437404,"0","113"
"=HYPERLINK(""https://stackoverflow.com/q/33004513"", ""33004513"")",0.4546546546546545,"2","56"
"=HYPERLINK(""https://stackoverflow.com/q/33064897"", ""33064897"")",0.5132058287795996,"0","225"
"=HYPERLINK(""https://stackoverflow.com/q/33365677"", ""33365677"")",0.3753166847629388,"1","62"
"=HYPERLINK(""https://stackoverflow.com/q/33386750"", ""33386750"")",0.7494188749418871,"1","62"
"=HYPERLINK(""https://stackoverflow.com/q/33627260"", ""33627260"")",0.5378848728246315,"0","1431"
"=HYPERLINK(""https://stackoverflow.com/q/33645638"", ""33645638"")",0.7671553006161045,"1","202"
"=HYPERLINK(""https://stackoverflow.com/q/33668996"", ""33668996"")",0.418261826182618,"1","32"
"=HYPERLINK(""https://stackoverflow.com/q/33679954"", ""33679954"")",0.3718285214348211,"1","2337"
"=HYPERLINK(""https://stackoverflow.com/q/34025553"", ""34025553"")",0.8149727552712636,"4","324"
"=HYPERLINK(""https://stackoverflow.com/q/34111024"", ""34111024"")",0.46741452991453,"1","515"
"=HYPERLINK(""https://stackoverflow.com/q/34154385"", ""34154385"")",0.6852764094143399,"7","16510"
"=HYPERLINK(""https://stackoverflow.com/q/34155803"", ""34155803"")",0.6370066164727352,"0","91"
"=HYPERLINK(""https://stackoverflow.com/q/34171757"", ""34171757"")",0.6863106200122777,"0","65"
"=HYPERLINK(""https://stackoverflow.com/q/34363270"", ""34363270"")",0.4000647878198903,"1","176"
"=HYPERLINK(""https://stackoverflow.com/q/34595285"", ""34595285"")",0.7049808429118768,"1","118"
"=HYPERLINK(""https://stackoverflow.com/q/34653801"", ""34653801"")",0.5520375256523016,"1","488"
"=HYPERLINK(""https://stackoverflow.com/q/34755628"", ""34755628"")",0.4625583566760036,"0","171"
"=HYPERLINK(""https://stackoverflow.com/q/34776050"", ""34776050"")",0.5361319966583121,"1","30"
"=HYPERLINK(""https://stackoverflow.com/q/34798422"", ""34798422"")",0.350208570345089,"0","38"
"=HYPERLINK(""https://stackoverflow.com/q/34898442"", ""34898442"")",0.7390007457121556,"0","29"
"=HYPERLINK(""https://stackoverflow.com/q/34917535"", ""34917535"")",0.5039740470397409,"1","758"
"=HYPERLINK(""https://stackoverflow.com/q/34948915"", ""34948915"")",0.3096171802054154,"2","1212"
"=HYPERLINK(""https://stackoverflow.com/q/35024388"", ""35024388"")",0.4514712340799293,"1","2063"
"=HYPERLINK(""https://stackoverflow.com/q/35066446"", ""35066446"")",0.7148330596606453,"1","71"
"=HYPERLINK(""https://stackoverflow.com/q/35122751"", ""35122751"")",0.2396135265700482,"0","841"
"=HYPERLINK(""https://stackoverflow.com/q/35127980"", ""35127980"")",0.3591373002118237,"0","1952"
"=HYPERLINK(""https://stackoverflow.com/q/35168787"", ""35168787"")",0.4281045751633986,"1","304"
"=HYPERLINK(""https://stackoverflow.com/q/35442592"", ""35442592"")",0.443621953043218,"12","14980"
"=HYPERLINK(""https://stackoverflow.com/q/35629242"", ""35629242"")",0.3605783866057837,"1","241"
"=HYPERLINK(""https://stackoverflow.com/q/35643629"", ""35643629"")",0.6174029451137879,"1","1855"
"=HYPERLINK(""https://stackoverflow.com/q/35662599"", ""35662599"")",0.4481837606837607,"1","429"
"=HYPERLINK(""https://stackoverflow.com/q/35708710"", ""35708710"")",0.4487245334702963,"1","753"
"=HYPERLINK(""https://stackoverflow.com/q/35772365"", ""35772365"")",0.4317083882301269,"1","34"
"=HYPERLINK(""https://stackoverflow.com/q/35863689"", ""35863689"")",0.2906432748538012,"1","52"
"=HYPERLINK(""https://stackoverflow.com/q/35915766"", ""35915766"")",0.8099145299145308,"0","505"
"=HYPERLINK(""https://stackoverflow.com/q/35932345"", ""35932345"")",0.670550489699426,"0","572"
"=HYPERLINK(""https://stackoverflow.com/q/35987653"", ""35987653"")",0.3879680785758134,"3","231"
"=HYPERLINK(""https://stackoverflow.com/q/36027971"", ""36027971"")",0.5727757277572777,"1","185"
"=HYPERLINK(""https://stackoverflow.com/q/36053130"", ""36053130"")",0.5750448028673839,"1","183"
"=HYPERLINK(""https://stackoverflow.com/q/36103724"", ""36103724"")",0.4408811143505026,"0","891"
"=HYPERLINK(""https://stackoverflow.com/q/36163961"", ""36163961"")",0.5227637384677091,"4","1295"
"=HYPERLINK(""https://stackoverflow.com/q/36269804"", ""36269804"")",0.4910901467505242,"0","465"
"=HYPERLINK(""https://stackoverflow.com/q/36298861"", ""36298861"")",0.4000647878198904,"1","225"
"=HYPERLINK(""https://stackoverflow.com/q/36453931"", ""36453931"")",0.6188608776844071,"0","352"
"=HYPERLINK(""https://stackoverflow.com/q/36565886"", ""36565886"")",0.3574681238615666,"1","491"
"=HYPERLINK(""https://stackoverflow.com/q/36583559"", ""36583559"")",0.2334750354255227,"0","599"
"=HYPERLINK(""https://stackoverflow.com/q/36780609"", ""36780609"")",0.6502665026650267,"0","34"
"=HYPERLINK(""https://stackoverflow.com/q/37082291"", ""37082291"")",0.430186823992134,"0","134"
"=HYPERLINK(""https://stackoverflow.com/q/37109934"", ""37109934"")",0.7491390248323366,"3","683"
"=HYPERLINK(""https://stackoverflow.com/q/37180473"", ""37180473"")",0.4213372664700101,"0","42"
"=HYPERLINK(""https://stackoverflow.com/q/37356761"", ""37356761"")",0.3537489902327974,"10","1509"
"=HYPERLINK(""https://stackoverflow.com/q/37401857"", ""37401857"")",0.4775921506231765,"0","648"
"=HYPERLINK(""https://stackoverflow.com/q/37426107"", ""37426107"")",0.4562647754137116,"0","35"
"=HYPERLINK(""https://stackoverflow.com/q/37660667"", ""37660667"")",0.8853352286188118,"0","100"
"=HYPERLINK(""https://stackoverflow.com/q/37763484"", ""37763484"")",0.4412423951328851,"0","261"
"=HYPERLINK(""https://stackoverflow.com/q/37780838"", ""37780838"")",0.6318163181631817,"0","48"
"=HYPERLINK(""https://stackoverflow.com/q/37856815"", ""37856815"")",0.5764657646576465,"2","3943"
"=HYPERLINK(""https://stackoverflow.com/q/37906948"", ""37906948"")",0.4373385012919893,"0","463"
"=HYPERLINK(""https://stackoverflow.com/q/37982830"", ""37982830"")",0.4374396135265694,"1","621"
"=HYPERLINK(""https://stackoverflow.com/q/37983379"", ""37983379"")",0.6158082280531267,"1","334"
"=HYPERLINK(""https://stackoverflow.com/q/38180877"", ""38180877"")",0.906559571619812,"0","52"
"=HYPERLINK(""https://stackoverflow.com/q/38199094"", ""38199094"")",0.5657628920786819,"0","451"
"=HYPERLINK(""https://stackoverflow.com/q/38401501"", ""38401501"")",0.7737780489458347,"0","377"
"=HYPERLINK(""https://stackoverflow.com/q/38415683"", ""38415683"")",0.7420111404280274,"0","169"
"=HYPERLINK(""https://stackoverflow.com/q/38438172"", ""38438172"")",0.5824993584808825,"2","244"
"=HYPERLINK(""https://stackoverflow.com/q/38499180"", ""38499180"")",0.8430275913497394,"4","86"
"=HYPERLINK(""https://stackoverflow.com/q/38582109"", ""38582109"")",0.5178465551998104,"1","1174"
"=HYPERLINK(""https://stackoverflow.com/q/38644083"", ""38644083"")",0.6264775413711584,"1","4345"
"=HYPERLINK(""https://stackoverflow.com/q/38711112"", ""38711112"")",0.3443152454780359,"0","371"
"=HYPERLINK(""https://stackoverflow.com/q/38815605"", ""38815605"")",0.8031045751633987,"0","196"
"=HYPERLINK(""https://stackoverflow.com/q/38853466"", ""38853466"")",0.4114745586708205,"0","692"
"=HYPERLINK(""https://stackoverflow.com/q/38863436"", ""38863436"")",0.4049737622632895,"2","258"
"=HYPERLINK(""https://stackoverflow.com/q/38905313"", ""38905313"")",0.7390132669983415,"1","339"
"=HYPERLINK(""https://stackoverflow.com/q/38918340"", ""38918340"")",0.3752565230137792,"0","304"
"=HYPERLINK(""https://stackoverflow.com/q/38961912"", ""38961912"")",0.5631683886170024,"0","2199"
"=HYPERLINK(""https://stackoverflow.com/q/39256291"", ""39256291"")",0.5196905766526015,"0","52"
"=HYPERLINK(""https://stackoverflow.com/q/39319246"", ""39319246"")",0.8998040862020702,"0","451"
"=HYPERLINK(""https://stackoverflow.com/q/39410437"", ""39410437"")",0.3091787439613525,"0","101"
"=HYPERLINK(""https://stackoverflow.com/q/39471629"", ""39471629"")",0.4778613199665827,"0","441"
"=HYPERLINK(""https://stackoverflow.com/q/39529729"", ""39529729"")",0.3759464694488467,"1","240"
"=HYPERLINK(""https://stackoverflow.com/q/39829033"", ""39829033"")",0.3664885600767228,"7","268"
"=HYPERLINK(""https://stackoverflow.com/q/39842543"", ""39842543"")",0.5246724519312577,"1","575"
"=HYPERLINK(""https://stackoverflow.com/q/40025057"", ""40025057"")",0.5006006006006002,"2","145"
"=HYPERLINK(""https://stackoverflow.com/q/40073796"", ""40073796"")",0.8981224992305326,"1","1044"
"=HYPERLINK(""https://stackoverflow.com/q/40086886"", ""40086886"")",0.3147077713551702,"3","245"
"=HYPERLINK(""https://stackoverflow.com/q/40304099"", ""40304099"")",0.4609440267335001,"0","358"
"=HYPERLINK(""https://stackoverflow.com/q/40363218"", ""40363218"")",0.8091787439613516,"2","434"
"=HYPERLINK(""https://stackoverflow.com/q/40461083"", ""40461083"")",0.5105657805044304,"1","1017"
"=HYPERLINK(""https://stackoverflow.com/q/40577801"", ""40577801"")",0.3212975194481139,"0","256"
"=HYPERLINK(""https://stackoverflow.com/q/40636986"", ""40636986"")",0.4201744406522563,"0","86"
"=HYPERLINK(""https://stackoverflow.com/q/40715487"", ""40715487"")",0.5319736562566395,"0","562"
"=HYPERLINK(""https://stackoverflow.com/q/40731567"", ""40731567"")",0.3192946413285396,"1","185"
"=HYPERLINK(""https://stackoverflow.com/q/40876323"", ""40876323"")",0.4235645041014171,"4","4259"
"=HYPERLINK(""https://stackoverflow.com/q/41261847"", ""41261847"")",0.5494111623143876,"0","94"
"=HYPERLINK(""https://stackoverflow.com/q/41354390"", ""41354390"")",0.4436755094194538,"0","520"
"=HYPERLINK(""https://stackoverflow.com/q/41465474"", ""41465474"")",0.7422222222222217,"1","730"
"=HYPERLINK(""https://stackoverflow.com/q/41469924"", ""41469924"")",0.2701927019270194,"0","1237"
"=HYPERLINK(""https://stackoverflow.com/q/41502717"", ""41502717"")",0.5063550635506356,"0","35"
"=HYPERLINK(""https://stackoverflow.com/q/41507036"", ""41507036"")",0.4781588976839637,"1","247"
"=HYPERLINK(""https://stackoverflow.com/q/41518744"", ""41518744"")",0.296921017402945,"0","93"
"=HYPERLINK(""https://stackoverflow.com/q/41567620"", ""41567620"")",0.5205013809220315,"0","58"
"=HYPERLINK(""https://stackoverflow.com/q/41623967"", ""41623967"")",0.4838501291989661,"0","27"
"=HYPERLINK(""https://stackoverflow.com/q/41704640"", ""41704640"")",0.8127605582744247,"3","84"
"=HYPERLINK(""https://stackoverflow.com/q/41821043"", ""41821043"")",0.6744835287548849,"0","96"
"=HYPERLINK(""https://stackoverflow.com/q/41913928"", ""41913928"")",0.3773946360153253,"0","671"
"=HYPERLINK(""https://stackoverflow.com/q/41943633"", ""41943633"")",0.2355912061794414,"0","768"
"=HYPERLINK(""https://stackoverflow.com/q/41955238"", ""41955238"")",0.3994374120956397,"0","564"
"=HYPERLINK(""https://stackoverflow.com/q/42157471"", ""42157471"")",0.633986928104575,"1","97"
"=HYPERLINK(""https://stackoverflow.com/q/42192159"", ""42192159"")",0.407936507936508,"0","280"
"=HYPERLINK(""https://stackoverflow.com/q/42221423"", ""42221423"")",0.8431775380927926,"0","901"
"=HYPERLINK(""https://stackoverflow.com/q/42313976"", ""42313976"")",0.5629301868239927,"1","60"
"=HYPERLINK(""https://stackoverflow.com/q/42430539"", ""42430539"")",0.5447478194918466,"2","125"
"=HYPERLINK(""https://stackoverflow.com/q/42436971"", ""42436971"")",0.448297118200031,"1","273"
"=HYPERLINK(""https://stackoverflow.com/q/42444198"", ""42444198"")",0.3000665335994676,"0","1085"
"=HYPERLINK(""https://stackoverflow.com/q/42506791"", ""42506791"")",0.8327485380116967,"0","845"
"=HYPERLINK(""https://stackoverflow.com/q/42670310"", ""42670310"")",0.465146750524109,"0","92"
"=HYPERLINK(""https://stackoverflow.com/q/42675090"", ""42675090"")",0.4241926655719756,"1","53"
"=HYPERLINK(""https://stackoverflow.com/q/42707656"", ""42707656"")",0.3178245166772894,"1","672"
"=HYPERLINK(""https://stackoverflow.com/q/42900655"", ""42900655"")",0.5036593479707249,"0","63"
"=HYPERLINK(""https://stackoverflow.com/q/42979081"", ""42979081"")",0.6062526404731726,"0","223"
"=HYPERLINK(""https://stackoverflow.com/q/43018642"", ""43018642"")",0.419337606837607,"0","119"
"=HYPERLINK(""https://stackoverflow.com/q/43096134"", ""43096134"")",0.4973900074571217,"0","65"
"=HYPERLINK(""https://stackoverflow.com/q/43135188"", ""43135188"")",0.3327485380116963,"0","230"
"=HYPERLINK(""https://stackoverflow.com/q/43150587"", ""43150587"")",0.4984868136619109,"1","851"
"=HYPERLINK(""https://stackoverflow.com/q/43313612"", ""43313612"")",0.4512862616310887,"1","148"
"=HYPERLINK(""https://stackoverflow.com/q/43454540"", ""43454540"")",0.5409289196818063,"0","613"
"=HYPERLINK(""https://stackoverflow.com/q/43465345"", ""43465345"")",0.7526570048309168,"1","86"
"=HYPERLINK(""https://stackoverflow.com/q/43665268"", ""43665268"")",0.8216058894024998,"1","178"
"=HYPERLINK(""https://stackoverflow.com/q/43712316"", ""43712316"")",0.6377346875961835,"0","52"
"=HYPERLINK(""https://stackoverflow.com/q/43761171"", ""43761171"")",0.6523774328652371,"1","416"
"=HYPERLINK(""https://stackoverflow.com/q/43765617"", ""43765617"")",0.6374396135265691,"2","86"
"=HYPERLINK(""https://stackoverflow.com/q/43775757"", ""43775757"")",0.3751633986928104,"0","196"
"=HYPERLINK(""https://stackoverflow.com/q/43792912"", ""43792912"")",0.8847989093387857,"1","126"
"=HYPERLINK(""https://stackoverflow.com/q/43798725"", ""43798725"")",0.4469057665260192,"0","81"
"=HYPERLINK(""https://stackoverflow.com/q/43831274"", ""43831274"")",0.7722992638246878,"1","444"
"=HYPERLINK(""https://stackoverflow.com/q/43903964"", ""43903964"")",0.726074302345489,"0","93"
"=HYPERLINK(""https://stackoverflow.com/q/43929315"", ""43929315"")",0.5675830469644901,"2","48"
"=HYPERLINK(""https://stackoverflow.com/q/44000791"", ""44000791"")",0.6163590300398117,"0","31"
"=HYPERLINK(""https://stackoverflow.com/q/44033020"", ""44033020"")",0.6582687338501286,"0","72"
"=HYPERLINK(""https://stackoverflow.com/q/44240898"", ""44240898"")",0.4664618535586272,"1","2485"
"=HYPERLINK(""https://stackoverflow.com/q/44304854"", ""44304854"")",0.5487109285877249,"0","158"
"=HYPERLINK(""https://stackoverflow.com/q/44329952"", ""44329952"")",0.4232531500572736,"0","890"
"=HYPERLINK(""https://stackoverflow.com/q/44645097"", ""44645097"")",0.3472222222222224,"0","510"
"=HYPERLINK(""https://stackoverflow.com/q/44648371"", ""44648371"")",0.5006313131313129,"0","858"
"=HYPERLINK(""https://stackoverflow.com/q/44652471"", ""44652471"")",0.691248770894789,"0","87"
"=HYPERLINK(""https://stackoverflow.com/q/44678870"", ""44678870"")",0.2454010301692421,"0","24"
"=HYPERLINK(""https://stackoverflow.com/q/44691111"", ""44691111"")",0.7543650793650795,"0","160"
"=HYPERLINK(""https://stackoverflow.com/q/44701335"", ""44701335"")",0.4317083882301269,"1","26"
"=HYPERLINK(""https://stackoverflow.com/q/44764611"", ""44764611"")",0.6547481737793152,"0","92"
"=HYPERLINK(""https://stackoverflow.com/q/44784766"", ""44784766"")",0.4881502000615574,"1","553"
"=HYPERLINK(""https://stackoverflow.com/q/44825196"", ""44825196"")",0.3913951545530489,"0","45"
"=HYPERLINK(""https://stackoverflow.com/q/44839069"", ""44839069"")",0.6328850464297152,"0","563"
"=HYPERLINK(""https://stackoverflow.com/q/44890198"", ""44890198"")",0.6097654748173773,"0","5686"
"=HYPERLINK(""https://stackoverflow.com/q/44911593"", ""44911593"")",0.3371158392434989,"0","90"
"=HYPERLINK(""https://stackoverflow.com/q/44913713"", ""44913713"")",0.353094705443699,"0","699"
"=HYPERLINK(""https://stackoverflow.com/q/44947338"", ""44947338"")",0.8357191547375589,"0","565"
"=HYPERLINK(""https://stackoverflow.com/q/44949634"", ""44949634"")",0.6230751006870415,"0","64"
"=HYPERLINK(""https://stackoverflow.com/q/44959342"", ""44959342"")",0.3711785789584655,"1","649"
"=HYPERLINK(""https://stackoverflow.com/q/44963674"", ""44963674"")",0.390079365079365,"0","365"
"=HYPERLINK(""https://stackoverflow.com/q/45079825"", ""45079825"")",0.6046314000424905,"0","1033"
"=HYPERLINK(""https://stackoverflow.com/q/45082555"", ""45082555"")",0.4435336976320587,"1","59"
"=HYPERLINK(""https://stackoverflow.com/q/45112510"", ""45112510"")",0.3249249249249246,"0","461"
"=HYPERLINK(""https://stackoverflow.com/q/45143432"", ""45143432"")",0.3472222222222224,"1","1613"
"=HYPERLINK(""https://stackoverflow.com/q/45232374"", ""45232374"")",0.4409722222222219,"1","114"
"=HYPERLINK(""https://stackoverflow.com/q/45275707"", ""45275707"")",0.5785096473719222,"0","198"
"=HYPERLINK(""https://stackoverflow.com/q/45318013"", ""45318013"")",0.4830291386487353,"1","538"
"=HYPERLINK(""https://stackoverflow.com/q/45338032"", ""45338032"")",0.5071826443858108,"0","456"
"=HYPERLINK(""https://stackoverflow.com/q/45376344"", ""45376344"")",0.4507936507936508,"0","269"
"=HYPERLINK(""https://stackoverflow.com/q/45547370"", ""45547370"")",0.5642869371682931,"0","114"
"=HYPERLINK(""https://stackoverflow.com/q/45592912"", ""45592912"")",0.6141820212171968,"3","58"
"=HYPERLINK(""https://stackoverflow.com/q/45599490"", ""45599490"")",0.6514675052410903,"5","482"
"=HYPERLINK(""https://stackoverflow.com/q/45605247"", ""45605247"")",0.7374893977947419,"0","59"
"=HYPERLINK(""https://stackoverflow.com/q/45672938"", ""45672938"")",0.4174728818528292,"0","1943"
"=HYPERLINK(""https://stackoverflow.com/q/45734424"", ""45734424"")",0.6420242024202418,"1","313"
"=HYPERLINK(""https://stackoverflow.com/q/45744959"", ""45744959"")",0.9266102129843468,"1","215"
"=HYPERLINK(""https://stackoverflow.com/q/46057541"", ""46057541"")",0.4921337266470014,"1","102"
"=HYPERLINK(""https://stackoverflow.com/q/46068719"", ""46068719"")",0.7557499190152261,"1","333"
"=HYPERLINK(""https://stackoverflow.com/q/46098524"", ""46098524"")",0.532010315057742,"0","292"
"=HYPERLINK(""https://stackoverflow.com/q/46142787"", ""46142787"")",0.6606458675424187,"0","537"
"=HYPERLINK(""https://stackoverflow.com/q/46168938"", ""46168938"")",0.2858316896778436,"0","402"
"=HYPERLINK(""https://stackoverflow.com/q/46173481"", ""46173481"")",0.315839243498818,"0","203"
"=HYPERLINK(""https://stackoverflow.com/q/46189160"", ""46189160"")",0.4885538805136792,"0","17"
"=HYPERLINK(""https://stackoverflow.com/q/46204435"", ""46204435"")",0.4751866490996923,"0","396"
"=HYPERLINK(""https://stackoverflow.com/q/46212547"", ""46212547"")",0.6697360343769185,"1","41"
"=HYPERLINK(""https://stackoverflow.com/q/46216932"", ""46216932"")",0.3590300398117988,"1","114"
"=HYPERLINK(""https://stackoverflow.com/q/46228470"", ""46228470"")",0.7040577862757602,"0","295"
"=HYPERLINK(""https://stackoverflow.com/q/46358257"", ""46358257"")",0.3145705071826445,"1","835"
"=HYPERLINK(""https://stackoverflow.com/q/46433580"", ""46433580"")",0.6704980842911871,"0","118"
"=HYPERLINK(""https://stackoverflow.com/q/46436388"", ""46436388"")",0.66135265700483,"4","667"
"=HYPERLINK(""https://stackoverflow.com/q/46536780"", ""46536780"")",0.8530947054436993,"0","87"
"=HYPERLINK(""https://stackoverflow.com/q/46541679"", ""46541679"")",0.3425347222222226,"0","122"
"=HYPERLINK(""https://stackoverflow.com/q/46558510"", ""46558510"")",0.8416912487708953,"0","307"
"=HYPERLINK(""https://stackoverflow.com/q/46564295"", ""46564295"")",0.4584426946631676,"0","238"
"=HYPERLINK(""https://stackoverflow.com/q/46605218"", ""46605218"")",0.3425347222222225,"2","132"
"=HYPERLINK(""https://stackoverflow.com/q/46915907"", ""46915907"")",0.3664529914529917,"0","246"
"=HYPERLINK(""https://stackoverflow.com/q/47040642"", ""47040642"")",0.7575995807127884,"0","166"
"=HYPERLINK(""https://stackoverflow.com/q/47174165"", ""47174165"")",0.5870870870870866,"0","169"
"=HYPERLINK(""https://stackoverflow.com/q/47293940"", ""47293940"")",0.686602169451774,"1","1210"
"=HYPERLINK(""https://stackoverflow.com/q/47336804"", ""47336804"")",0.4655138143510238,"0","2114"
"=HYPERLINK(""https://stackoverflow.com/q/47386451"", ""47386451"")",0.613142777077204,"0","140"
"=HYPERLINK(""https://stackoverflow.com/q/47577279"", ""47577279"")",0.4523358585858583,"0","47"
"=HYPERLINK(""https://stackoverflow.com/q/47586964"", ""47586964"")",0.3937661172777218,"0","3368"
"=HYPERLINK(""https://stackoverflow.com/q/47774295"", ""47774295"")",0.8125836680053542,"0","176"
"=HYPERLINK(""https://stackoverflow.com/q/47810101"", ""47810101"")",0.3408992650237785,"0","170"
"=HYPERLINK(""https://stackoverflow.com/q/48170723"", ""48170723"")",0.6846282372598157,"0","249"
"=HYPERLINK(""https://stackoverflow.com/q/48205142"", ""48205142"")",0.3543650793650794,"1","109"
"=HYPERLINK(""https://stackoverflow.com/q/48221804"", ""48221804"")",0.4193376068376069,"1","907"
"=HYPERLINK(""https://stackoverflow.com/q/48277286"", ""48277286"")",0.7403866581686857,"0","63"
"=HYPERLINK(""https://stackoverflow.com/q/48412866"", ""48412866"")",0.6209563994374117,"0","1280"
"=HYPERLINK(""https://stackoverflow.com/q/48486117"", ""48486117"")",0.8490878938640143,"1","397"
"=HYPERLINK(""https://stackoverflow.com/q/48486129"", ""48486129"")",0.7624906785980616,"0","24"
"=HYPERLINK(""https://stackoverflow.com/q/48525962"", ""48525962"")",0.591349739000746,"1","94"
"=HYPERLINK(""https://stackoverflow.com/q/48621471"", ""48621471"")",0.340610131542121,"0","462"
"=HYPERLINK(""https://stackoverflow.com/q/48937338"", ""48937338"")",0.5921895780437675,"0","442"
"=HYPERLINK(""https://stackoverflow.com/q/49057943"", ""49057943"")",0.6607248960190139,"0","57"
"=HYPERLINK(""https://stackoverflow.com/q/49068300"", ""49068300"")",0.369590643274854,"0","278"
"=HYPERLINK(""https://stackoverflow.com/q/49106800"", ""49106800"")",0.2859806114839674,"0","248"
"=HYPERLINK(""https://stackoverflow.com/q/49108705"", ""49108705"")",0.8915135608049007,"1","328"
"=HYPERLINK(""https://stackoverflow.com/q/49120210"", ""49120210"")",0.5845142739782302,"2","1124"
"=HYPERLINK(""https://stackoverflow.com/q/49278760"", ""49278760"")",0.3129023229778894,"4","2294"
"=HYPERLINK(""https://stackoverflow.com/q/49321357"", ""49321357"")",0.6798835125448034,"0","96"
"=HYPERLINK(""https://stackoverflow.com/q/49399205"", ""49399205"")",0.5629301868239925,"3","22691"
"=HYPERLINK(""https://stackoverflow.com/q/49399816"", ""49399816"")",0.5063550635506355,"0","541"
"=HYPERLINK(""https://stackoverflow.com/q/49408204"", ""49408204"")",0.7000703234880444,"2","979"
"=HYPERLINK(""https://stackoverflow.com/q/49517570"", ""49517570"")",0.3217697335344393,"0","302"
"=HYPERLINK(""https://stackoverflow.com/q/49561177"", ""49561177"")",0.5844405931061049,"1","206"
"=HYPERLINK(""https://stackoverflow.com/q/49581107"", ""49581107"")",0.6386209360485892,"1","779"
"=HYPERLINK(""https://stackoverflow.com/q/49606912"", ""49606912"")",0.8243348982785612,"6","268"
"=HYPERLINK(""https://stackoverflow.com/q/49624017"", ""49624017"")",0.3607903515524762,"0","1674"
"=HYPERLINK(""https://stackoverflow.com/q/49627699"", ""49627699"")",0.6778872468527637,"0","2241"
"=HYPERLINK(""https://stackoverflow.com/q/49642658"", ""49642658"")",0.6308760683760686,"0","732"
"=HYPERLINK(""https://stackoverflow.com/q/49642849"", ""49642849"")",0.3791989664082684,"0","592"
"=HYPERLINK(""https://stackoverflow.com/q/49656150"", ""49656150"")",0.5650793650793651,"1","266"
"=HYPERLINK(""https://stackoverflow.com/q/49693990"", ""49693990"")",0.2269392033542977,"2","274"
"=HYPERLINK(""https://stackoverflow.com/q/49697829"", ""49697829"")",0.5544369873228934,"1","37"
"=HYPERLINK(""https://stackoverflow.com/q/49882077"", ""49882077"")",0.8329817158931077,"0","226"
"=HYPERLINK(""https://stackoverflow.com/q/49921567"", ""49921567"")",0.7861319966583119,"1","817"
"=HYPERLINK(""https://stackoverflow.com/q/50019802"", ""50019802"")",0.8291187739463602,"0","118"
"=HYPERLINK(""https://stackoverflow.com/q/50138040"", ""50138040"")",0.5983284169124881,"0","51"
"=HYPERLINK(""https://stackoverflow.com/q/50169710"", ""50169710"")",0.6074464966285551,"1","1547"
"=HYPERLINK(""https://stackoverflow.com/q/50224899"", ""50224899"")",0.4652991452991458,"0","702"
"=HYPERLINK(""https://stackoverflow.com/q/50232302"", ""50232302"")",0.6781045751633987,"0","800"
"=HYPERLINK(""https://stackoverflow.com/q/50360342"", ""50360342"")",0.8928809048569524,"2","1630"
"=HYPERLINK(""https://stackoverflow.com/q/50378545"", ""50378545"")",0.4940343027591352,"0","84"
"=HYPERLINK(""https://stackoverflow.com/q/50383903"", ""50383903"")",0.3913184321347592,"1","66"
"=HYPERLINK(""https://stackoverflow.com/q/50405200"", ""50405200"")",0.7754137115839245,"0","69"
"=HYPERLINK(""https://stackoverflow.com/q/50520249"", ""50520249"")",0.5088671733622874,"0","333"
"=HYPERLINK(""https://stackoverflow.com/q/50584712"", ""50584712"")",0.507182644385811,"0","725"
"=HYPERLINK(""https://stackoverflow.com/q/50613764"", ""50613764"")",0.5336976320582884,"0","96"
"=HYPERLINK(""https://stackoverflow.com/q/50637015"", ""50637015"")",0.3268247326824731,"0","179"
"=HYPERLINK(""https://stackoverflow.com/q/50648880"", ""50648880"")",0.6337266470009837,"0","753"
"=HYPERLINK(""https://stackoverflow.com/q/50725623"", ""50725623"")",0.5295992714025506,"0","341"
"=HYPERLINK(""https://stackoverflow.com/q/50765470"", ""50765470"")",0.6853094705443702,"0","825"
"=HYPERLINK(""https://stackoverflow.com/q/50842384"", ""50842384"")",0.4653833164471464,"0","217"
"=HYPERLINK(""https://stackoverflow.com/q/50850661"", ""50850661"")",0.5245478036175706,"0","979"
"=HYPERLINK(""https://stackoverflow.com/q/50868194"", ""50868194"")",0.5924145299145301,"3","968"
"=HYPERLINK(""https://stackoverflow.com/q/50915871"", ""50915871"")",0.410878938640133,"1","1628"
"=HYPERLINK(""https://stackoverflow.com/q/51143107"", ""51143107"")",0.5586066615814897,"0","709"
"=HYPERLINK(""https://stackoverflow.com/q/51151926"", ""51151926"")",0.5959335624284077,"3","3527"
"=HYPERLINK(""https://stackoverflow.com/q/51415990"", ""51415990"")",0.5303686212777117,"0","476"
"=HYPERLINK(""https://stackoverflow.com/q/51431977"", ""51431977"")",0.5515778308141074,"0","148"
"=HYPERLINK(""https://stackoverflow.com/q/51585487"", ""51585487"")",0.4921085858585857,"0","338"
"=HYPERLINK(""https://stackoverflow.com/q/51603118"", ""51603118"")",0.5377097939239436,"0","778"
"=HYPERLINK(""https://stackoverflow.com/q/51640439"", ""51640439"")",0.6619616359030039,"1","219"
"=HYPERLINK(""https://stackoverflow.com/q/51724119"", ""51724119"")",0.493448637316562,"0","85"
"=HYPERLINK(""https://stackoverflow.com/q/51781035"", ""51781035"")",0.4353369763205832,"1","279"
"=HYPERLINK(""https://stackoverflow.com/q/51782571"", ""51782571"")",0.8026418026418021,"2","2607"
"=HYPERLINK(""https://stackoverflow.com/q/51845292"", ""51845292"")",0.3828061638280619,"0","705"
"=HYPERLINK(""https://stackoverflow.com/q/51874604"", ""51874604"")",0.4465465465465463,"0","41"
"=HYPERLINK(""https://stackoverflow.com/q/51977946"", ""51977946"")",0.636216391318433,"0","170"
"=HYPERLINK(""https://stackoverflow.com/q/51997508"", ""51997508"")",0.4161280393967375,"1","583"
"=HYPERLINK(""https://stackoverflow.com/q/52046859"", ""52046859"")",0.3254354646759708,"3","2085"
"=HYPERLINK(""https://stackoverflow.com/q/52048749"", ""52048749"")",0.4055268693822909,"0","573"
"=HYPERLINK(""https://stackoverflow.com/q/52059982"", ""52059982"")",0.5734880450070318,"0","320"
"=HYPERLINK(""https://stackoverflow.com/q/52075318"", ""52075318"")",0.5151092515109248,"2","375"
"=HYPERLINK(""https://stackoverflow.com/q/52143928"", ""52143928"")",0.6233850129198962,"0","213"
"=HYPERLINK(""https://stackoverflow.com/q/52159759"", ""52159759"")",0.4267676767676769,"1","365"
"=HYPERLINK(""https://stackoverflow.com/q/52194918"", ""52194918"")",0.3233211233211233,"0","149"
"=HYPERLINK(""https://stackoverflow.com/q/52225813"", ""52225813"")",0.4722222222222219,"0","289"
"=HYPERLINK(""https://stackoverflow.com/q/52298622"", ""52298622"")",0.7633614627285507,"0","215"
"=HYPERLINK(""https://stackoverflow.com/q/52403344"", ""52403344"")",0.5005473453749312,"6","886"
"=HYPERLINK(""https://stackoverflow.com/q/52534581"", ""52534581"")",0.6538011695906439,"1","844"
"=HYPERLINK(""https://stackoverflow.com/q/52615334"", ""52615334"")",0.3967188665175244,"0","508"
"=HYPERLINK(""https://stackoverflow.com/q/52656356"", ""52656356"")",0.4026857983811627,"0","225"
"=HYPERLINK(""https://stackoverflow.com/q/52667727"", ""52667727"")",0.5577926920208802,"3","271"
"=HYPERLINK(""https://stackoverflow.com/q/52766723"", ""52766723"")",0.4540561322568239,"1","120"
"=HYPERLINK(""https://stackoverflow.com/q/52811516"", ""52811516"")",0.4035824237335568,"0","236"
"=HYPERLINK(""https://stackoverflow.com/q/52888222"", ""52888222"")",0.4292193067703275,"0","90"
"=HYPERLINK(""https://stackoverflow.com/q/53106187"", ""53106187"")",0.463346482577252,"2","297"
"=HYPERLINK(""https://stackoverflow.com/q/53141341"", ""53141341"")",0.302723116676605,"0","173"
"=HYPERLINK(""https://stackoverflow.com/q/53247086"", ""53247086"")",0.5853801169590649,"0","3685"
"=HYPERLINK(""https://stackoverflow.com/q/53521463"", ""53521463"")",0.3123971885748465,"0","477"
"=HYPERLINK(""https://stackoverflow.com/q/53552068"", ""53552068"")",0.4077892325315005,"2","858"
"=HYPERLINK(""https://stackoverflow.com/q/53606509"", ""53606509"")",0.5175242356450414,"0","33"
"=HYPERLINK(""https://stackoverflow.com/q/53791240"", ""53791240"")",0.654754569726844,"0","501"
"=HYPERLINK(""https://stackoverflow.com/q/53792376"", ""53792376"")",0.4971667898497161,"0","421"
"=HYPERLINK(""https://stackoverflow.com/q/53865528"", ""53865528"")",0.4094143404488227,"0","49"
"=HYPERLINK(""https://stackoverflow.com/q/54044650"", ""54044650"")",0.5977086035451793,"1","130"
"=HYPERLINK(""https://stackoverflow.com/q/54068062"", ""54068062"")",0.4012105490704711,"2","131"
"=HYPERLINK(""https://stackoverflow.com/q/54205646"", ""54205646"")",0.4700558444059313,"0","35"
"=HYPERLINK(""https://stackoverflow.com/q/54432666"", ""54432666"")",0.5386605783866059,"2","504"
"=HYPERLINK(""https://stackoverflow.com/q/54467535"", ""54467535"")",0.2801753664885599,"0","76"
"=HYPERLINK(""https://stackoverflow.com/q/54759691"", ""54759691"")",0.4026733500417707,"0","52"
"=HYPERLINK(""https://stackoverflow.com/q/54831021"", ""54831021"")",0.4838962310327953,"0","69"
"=HYPERLINK(""https://stackoverflow.com/q/54944443"", ""54944443"")",0.7287157287157284,"0","301"
"=HYPERLINK(""https://stackoverflow.com/q/54977301"", ""54977301"")",0.6196163590300396,"0","72"
"=HYPERLINK(""https://stackoverflow.com/q/55032909"", ""55032909"")",0.455458373825721,"1","1118"
"=HYPERLINK(""https://stackoverflow.com/q/55058835"", ""55058835"")",0.6593479707252159,"0","95"
"=HYPERLINK(""https://stackoverflow.com/q/55072774"", ""55072774"")",0.434044882320744,"1","152"
"=HYPERLINK(""https://stackoverflow.com/q/55193642"", ""55193642"")",0.5075407817790089,"1","119"
"=HYPERLINK(""https://stackoverflow.com/q/55248144"", ""55248144"")",0.503472222222222,"0","1153"
"=HYPERLINK(""https://stackoverflow.com/q/55275485"", ""55275485"")",0.2636129506990435,"0","61"
"=HYPERLINK(""https://stackoverflow.com/q/55359057"", ""55359057"")",0.4643274853801175,"0","121"
"=HYPERLINK(""https://stackoverflow.com/q/55418261"", ""55418261"")",0.7022222222222229,"0","15"
"=HYPERLINK(""https://stackoverflow.com/q/55572996"", ""55572996"")",0.6564327485380115,"6","213"
"=HYPERLINK(""https://stackoverflow.com/q/55590030"", ""55590030"")",0.5295992714025505,"1","272"
"=HYPERLINK(""https://stackoverflow.com/q/55605912"", ""55605912"")",0.3928809048569525,"1","179"
"=HYPERLINK(""https://stackoverflow.com/q/55637419"", ""55637419"")",0.4357983811626197,"2","1674"
"=HYPERLINK(""https://stackoverflow.com/q/55683712"", ""55683712"")",0.3867791842475385,"0","797"
"=HYPERLINK(""https://stackoverflow.com/q/55719286"", ""55719286"")",0.3301682492087291,"1","222"
"=HYPERLINK(""https://stackoverflow.com/q/55721130"", ""55721130"")",0.4546426515338439,"0","178"
"=HYPERLINK(""https://stackoverflow.com/q/55828118"", ""55828118"")",0.4141041410414104,"1","273"
"=HYPERLINK(""https://stackoverflow.com/q/55929236"", ""55929236"")",0.2402634593356242,"0","487"
"=HYPERLINK(""https://stackoverflow.com/q/56020819"", ""56020819"")",0.6009456264775415,"0","135"
"=HYPERLINK(""https://stackoverflow.com/q/56022197"", ""56022197"")",0.5368118878757178,"0","245"
"=HYPERLINK(""https://stackoverflow.com/q/56254675"", ""56254675"")",0.6360836083608359,"0","246"
"=HYPERLINK(""https://stackoverflow.com/q/56271716"", ""56271716"")",0.7318171049514341,"1","1286"
"=HYPERLINK(""https://stackoverflow.com/q/56328977"", ""56328977"")",0.7745478036175704,"0","261"
"=HYPERLINK(""https://stackoverflow.com/q/56424848"", ""56424848"")",0.403303303303303,"0","92"
"=HYPERLINK(""https://stackoverflow.com/q/56444605"", ""56444605"")",0.4806163828061638,"1","285"
"=HYPERLINK(""https://stackoverflow.com/q/56469964"", ""56469964"")",0.9097222222222224,"1","57"
"=HYPERLINK(""https://stackoverflow.com/q/56671062"", ""56671062"")",0.3461352657004828,"1","44"
"=HYPERLINK(""https://stackoverflow.com/q/56750074"", ""56750074"")",0.5896398998652037,"0","566"
"=HYPERLINK(""https://stackoverflow.com/q/56833949"", ""56833949"")",0.6646185355862766,"0","351"
"=HYPERLINK(""https://stackoverflow.com/q/56844066"", ""56844066"")",0.3834798287130941,"1","150"
"=HYPERLINK(""https://stackoverflow.com/q/57035108"", ""57035108"")",0.6991452991453,"0","567"
"=HYPERLINK(""https://stackoverflow.com/q/57193206"", ""57193206"")",0.4367550941945403,"0","150"
"=HYPERLINK(""https://stackoverflow.com/q/57193893"", ""57193893"")",0.518593189964158,"0","207"
"=HYPERLINK(""https://stackoverflow.com/q/57386176"", ""57386176"")",0.3040457172543673,"0","71"
"=HYPERLINK(""https://stackoverflow.com/q/57444257"", ""57444257"")",0.4843843843843841,"0","218"
"=HYPERLINK(""https://stackoverflow.com/q/57480462"", ""57480462"")",0.3242630385487532,"0","346"
"=HYPERLINK(""https://stackoverflow.com/q/57497471"", ""57497471"")",0.3779599271402553,"0","477"
"=HYPERLINK(""https://stackoverflow.com/q/57539062"", ""57539062"")",0.5748670584942618,"0","285"
"=HYPERLINK(""https://stackoverflow.com/q/57850922"", ""57850922"")",0.486727341676147,"1","68"
"=HYPERLINK(""https://stackoverflow.com/q/57870690"", ""57870690"")",0.4787819889860709,"0","347"
"=HYPERLINK(""https://stackoverflow.com/q/58041573"", ""58041573"")",0.5525991623552594,"1","178"
"=HYPERLINK(""https://stackoverflow.com/q/58077508"", ""58077508"")",0.4406837606837611,"0","39"
"=HYPERLINK(""https://stackoverflow.com/q/58142193"", ""58142193"")",0.7360683760683769,"1","516"
"=HYPERLINK(""https://stackoverflow.com/q/58182659"", ""58182659"")",0.4282523729759908,"0","118"
"=HYPERLINK(""https://stackoverflow.com/q/58232243"", ""58232243"")",0.4199462620515257,"1","137"
"=HYPERLINK(""https://stackoverflow.com/q/58236943"", ""58236943"")",0.4810820065057355,"3","67"
"=HYPERLINK(""https://stackoverflow.com/q/58344519"", ""58344519"")",0.6641236306729271,"0","789"
"=HYPERLINK(""https://stackoverflow.com/q/58378462"", ""58378462"")",0.3238858081741633,"1","725"
"=HYPERLINK(""https://stackoverflow.com/q/58381676"", ""58381676"")",0.7534722222222219,"0","777"
"=HYPERLINK(""https://stackoverflow.com/q/58479258"", ""58479258"")",0.7391452991452999,"0","1493"
"=HYPERLINK(""https://stackoverflow.com/q/58604774"", ""58604774"")",0.7708947885939043,"0","381"
"=HYPERLINK(""https://stackoverflow.com/q/58659039"", ""58659039"")",0.4385858585858584,"1","166"
"=HYPERLINK(""https://stackoverflow.com/q/58668643"", ""58668643"")",0.7994816974408823,"0","70"
"=HYPERLINK(""https://stackoverflow.com/q/58731682"", ""58731682"")",0.4757936507936509,"1","106"
"=HYPERLINK(""https://stackoverflow.com/q/58780189"", ""58780189"")",0.3129143463272339,"0","231"
"=HYPERLINK(""https://stackoverflow.com/q/58796833"", ""58796833"")",0.5373121362175307,"0","86"
"=HYPERLINK(""https://stackoverflow.com/q/58838900"", ""58838900"")",0.6602753195673556,"0","64"
"=HYPERLINK(""https://stackoverflow.com/q/58848173"", ""58848173"")",0.7400087834870436,"1","196"
"=HYPERLINK(""https://stackoverflow.com/q/58892854"", ""58892854"")",0.7176068376068383,"2","186"
"=HYPERLINK(""https://stackoverflow.com/q/58912935"", ""58912935"")",0.4597912829957029,"1","402"
"=HYPERLINK(""https://stackoverflow.com/q/58987617"", ""58987617"")",0.3618015721266202,"0","31"
"=HYPERLINK(""https://stackoverflow.com/q/59005965"", ""59005965"")",0.4148343594253887,"0","62"
"=HYPERLINK(""https://stackoverflow.com/q/59022984"", ""59022984"")",0.6084554918206933,"1","312"
"=HYPERLINK(""https://stackoverflow.com/q/59031743"", ""59031743"")",0.463318112633181,"0","28"
"=HYPERLINK(""https://stackoverflow.com/q/59051357"", ""59051357"")",0.5769020251778868,"0","38"
"=HYPERLINK(""https://stackoverflow.com/q/59199646"", ""59199646"")",0.6440972222222231,"0","43"
"=HYPERLINK(""https://stackoverflow.com/q/59242832"", ""59242832"")",0.4154040404040402,"1","55"
"=HYPERLINK(""https://stackoverflow.com/q/59285737"", ""59285737"")",0.482622838555042,"0","26"
"=HYPERLINK(""https://stackoverflow.com/q/59328716"", ""59328716"")",0.3638987275350909,"0","260"
"=HYPERLINK(""https://stackoverflow.com/q/59345059"", ""59345059"")",0.4674247808576172,"1","271"
"=HYPERLINK(""https://stackoverflow.com/q/59424153"", ""59424153"")",0.4906785980611486,"3","1253"
"=HYPERLINK(""https://stackoverflow.com/q/59429305"", ""59429305"")",0.5705757750818413,"1","105"
"=HYPERLINK(""https://stackoverflow.com/q/59651689"", ""59651689"")",0.4182449494949492,"1","295"
"=HYPERLINK(""https://stackoverflow.com/q/59693205"", ""59693205"")",0.5320204931155941,"0","235"
"=HYPERLINK(""https://stackoverflow.com/q/59844814"", ""59844814"")",0.2935093509350934,"0","123"
"=HYPERLINK(""https://stackoverflow.com/q/59939874"", ""59939874"")",0.4798909338786636,"0","1377"
"=HYPERLINK(""https://stackoverflow.com/q/59991073"", ""59991073"")",0.6325840643274853,"1","556"
"=HYPERLINK(""https://stackoverflow.com/q/60044307"", ""60044307"")",0.3328941589811153,"1","122"
"=HYPERLINK(""https://stackoverflow.com/q/60053297"", ""60053297"")",0.7328605200945627,"0","50"
"=HYPERLINK(""https://stackoverflow.com/q/60144060"", ""60144060"")",0.5663904822604637,"0","156"
"=HYPERLINK(""https://stackoverflow.com/q/60183087"", ""60183087"")",0.6643103135762194,"0","87"
"=HYPERLINK(""https://stackoverflow.com/q/60193142"", ""60193142"")",0.3932545796952577,"0","21"
"=HYPERLINK(""https://stackoverflow.com/q/60251066"", ""60251066"")",0.8642301482459999,"1","155"
"=HYPERLINK(""https://stackoverflow.com/q/60395054"", ""60395054"")",0.5983155166828643,"2","449"
"=HYPERLINK(""https://stackoverflow.com/q/60514360"", ""60514360"")",0.5017166042446947,"0","140"
"=HYPERLINK(""https://stackoverflow.com/q/60540926"", ""60540926"")",0.6707166754710342,"0","196"
"=HYPERLINK(""https://stackoverflow.com/q/60544855"", ""60544855"")",0.7046342825237292,"0","139"
"=HYPERLINK(""https://stackoverflow.com/q/60545100"", ""60545100"")",0.3385012919896641,"3","593"
"=HYPERLINK(""https://stackoverflow.com/q/60629127"", ""60629127"")",0.8593413357956297,"0","48"
"=HYPERLINK(""https://stackoverflow.com/q/60669385"", ""60669385"")",0.4785036292573978,"0","12"
"=HYPERLINK(""https://stackoverflow.com/q/60677778"", ""60677778"")",0.4543650793650795,"0","270"
"=HYPERLINK(""https://stackoverflow.com/q/60712008"", ""60712008"")",0.3809318996415771,"0","794"
"=HYPERLINK(""https://stackoverflow.com/q/60715332"", ""60715332"")",0.6013310607905207,"1","617"
"=HYPERLINK(""https://stackoverflow.com/q/60751498"", ""60751498"")",0.407889974665219,"0","33"
"=HYPERLINK(""https://stackoverflow.com/q/60774268"", ""60774268"")",0.7120181405895686,"0","147"
"=HYPERLINK(""https://stackoverflow.com/q/60776174"", ""60776174"")",0.5699615839243495,"0","84"
"=HYPERLINK(""https://stackoverflow.com/q/60810838"", ""60810838"")",0.3225682429834677,"1","115"
"=HYPERLINK(""https://stackoverflow.com/q/60840905"", ""60840905"")",0.6222222222222229,"1","493"
"=HYPERLINK(""https://stackoverflow.com/q/60871207"", ""60871207"")",0.335125448028674,"0","111"
"=HYPERLINK(""https://stackoverflow.com/q/60963963"", ""60963963"")",0.5816896778435244,"0","157"
"=HYPERLINK(""https://stackoverflow.com/q/60979604"", ""60979604"")",0.5113526570048301,"0","69"
"=HYPERLINK(""https://stackoverflow.com/q/61103954"", ""61103954"")",0.5237297599106642,"1","316"
"=HYPERLINK(""https://stackoverflow.com/q/61168226"", ""61168226"")",0.8996415770609306,"0","70"
"=HYPERLINK(""https://stackoverflow.com/q/61200775"", ""61200775"")",0.7018183517973173,"1","517"
"=HYPERLINK(""https://stackoverflow.com/q/61214846"", ""61214846"")",0.7772959429507561,"1","94"
"=HYPERLINK(""https://stackoverflow.com/q/61262186"", ""61262186"")",0.3951712244395167,"0","74"
"=HYPERLINK(""https://stackoverflow.com/q/61460271"", ""61460271"")",0.5916403548338599,"1","176"
"=HYPERLINK(""https://stackoverflow.com/q/61524083"", ""61524083"")",0.4222222222222223,"0","533"
"=HYPERLINK(""https://stackoverflow.com/q/61623473"", ""61623473"")",0.369210174029451,"0","57"
"=HYPERLINK(""https://stackoverflow.com/q/61686232"", ""61686232"")",0.4564791491743626,"1","146"
"=HYPERLINK(""https://stackoverflow.com/q/61792516"", ""61792516"")",0.2790404040404039,"1","30"
"=HYPERLINK(""https://stackoverflow.com/q/61799387"", ""61799387"")",0.6028401997503128,"2","285"
"=HYPERLINK(""https://stackoverflow.com/q/61869035"", ""61869035"")",0.5942848854076012,"2","877"
"=HYPERLINK(""https://stackoverflow.com/q/61872325"", ""61872325"")",0.7187548158421949,"0","50"
"=HYPERLINK(""https://stackoverflow.com/q/61875934"", ""61875934"")",0.5806293018682405,"0","126"
"=HYPERLINK(""https://stackoverflow.com/q/61911348"", ""61911348"")",0.4187356929036803,"0","333"
"=HYPERLINK(""https://stackoverflow.com/q/62058346"", ""62058346"")",0.5880758807588073,"0","35"
"=HYPERLINK(""https://stackoverflow.com/q/62134049"", ""62134049"")",0.5536343259686201,"0","182"
"=HYPERLINK(""https://stackoverflow.com/q/62235466"", ""62235466"")",0.527531956735497,"0","83"
"=HYPERLINK(""https://stackoverflow.com/q/62257970"", ""62257970"")",0.4660178426601789,"1","460"
"=HYPERLINK(""https://stackoverflow.com/q/62299274"", ""62299274"")",0.8577856025039131,"0","34"
"=HYPERLINK(""https://stackoverflow.com/q/62379862"", ""62379862"")",0.4215893108298172,"0","52"
"=HYPERLINK(""https://stackoverflow.com/q/62381806"", ""62381806"")",0.2319309600862999,"0","122"
"=HYPERLINK(""https://stackoverflow.com/q/62408587"", ""62408587"")",0.5808848362039852,"0","69"
"=HYPERLINK(""https://stackoverflow.com/q/62516782"", ""62516782"")",0.4923835125448032,"0","17"
"=HYPERLINK(""https://stackoverflow.com/q/62574086"", ""62574086"")",0.7285194514413651,"0","37"
"=HYPERLINK(""https://stackoverflow.com/q/62597470"", ""62597470"")",0.4642047295108526,"0","116"
"=HYPERLINK(""https://stackoverflow.com/q/62598747"", ""62598747"")",0.3302554632194521,"0","15"
"=HYPERLINK(""https://stackoverflow.com/q/62612922"", ""62612922"")",0.4490434142752025,"2","25"
"=HYPERLINK(""https://stackoverflow.com/q/62679502"", ""62679502"")",0.4680053547523424,"0","44"
"=HYPERLINK(""https://stackoverflow.com/q/62779400"", ""62779400"")",0.6529914529914536,"2","112"
"=HYPERLINK(""https://stackoverflow.com/q/62830456"", ""62830456"")",0.5408062930186829,"0","18"
"=HYPERLINK(""https://stackoverflow.com/q/62840921"", ""62840921"")",0.3814964157706095,"0","114"
"=HYPERLINK(""https://stackoverflow.com/q/62875042"", ""62875042"")",0.4083608360836081,"0","9"
"=HYPERLINK(""https://stackoverflow.com/q/62880913"", ""62880913"")",0.5179968701095466,"0","602"
"=HYPERLINK(""https://stackoverflow.com/q/62898052"", ""62898052"")",0.6224864230148247,"0","110"
"=HYPERLINK(""https://stackoverflow.com/q/62907827"", ""62907827"")",0.7725514790425418,"0","206"
"=HYPERLINK(""https://stackoverflow.com/q/62960155"", ""62960155"")",0.8842720837180672,"0","27"
"=HYPERLINK(""https://stackoverflow.com/q/62991646"", ""62991646"")",0.5119949494949492,"0","44"
"=HYPERLINK(""https://stackoverflow.com/q/62992059"", ""62992059"")",0.5476939203354299,"0","38"
"=HYPERLINK(""https://stackoverflow.com/q/63027549"", ""63027549"")",0.7268093781855253,"0","18"
"=HYPERLINK(""https://stackoverflow.com/q/63223526"", ""63223526"")",0.8672603901611543,"0","11"
"=HYPERLINK(""https://stackoverflow.com/q/63271852"", ""63271852"")",0.3377846259202192,"0","38"
"=HYPERLINK(""https://stackoverflow.com/q/63287780"", ""63287780"")",0.5549070471249459,"1","42"
"=HYPERLINK(""https://stackoverflow.com/q/63393209"", ""63393209"")",0.7117059698321655,"0","36"
"=HYPERLINK(""https://stackoverflow.com/q/63409139"", ""63409139"")",0.7509107468123868,"0","35"
"=HYPERLINK(""https://stackoverflow.com/q/63435252"", ""63435252"")",0.3584089926502376,"0","117"
"=HYPERLINK(""https://stackoverflow.com/q/63447478"", ""63447478"")",0.7673041894353378,"0","65"
"=HYPERLINK(""https://stackoverflow.com/q/63520299"", ""63520299"")",0.5724526369687654,"0","453"
"=HYPERLINK(""https://stackoverflow.com/q/63560932"", ""63560932"")",0.5705071826443859,"0","55"
"=HYPERLINK(""https://stackoverflow.com/q/63613589"", ""63613589"")",0.7750391236306738,"0","247"
"=HYPERLINK(""https://stackoverflow.com/q/63674011"", ""63674011"")",0.4503672115612417,"0","78"
"=HYPERLINK(""https://stackoverflow.com/q/63680829"", ""63680829"")",0.5546321945213912,"0","635"
"=HYPERLINK(""https://stackoverflow.com/q/63708517"", ""63708517"")",0.3214440121054905,"0","85"
"=HYPERLINK(""https://stackoverflow.com/q/63732734"", ""63732734"")",0.7546546546546539,"0","81"
"=HYPERLINK(""https://stackoverflow.com/q/63772337"", ""63772337"")",0.5815036593479704,"0","23"
"=HYPERLINK(""https://stackoverflow.com/q/63794440"", ""63794440"")",0.3659892831867357,"0","520"
"=HYPERLINK(""https://stackoverflow.com/q/63816020"", ""63816020"")",0.2564359076964118,"1","214"
"=HYPERLINK(""https://stackoverflow.com/q/63827001"", ""63827001"")",0.425151092515109,"0","43"
"=HYPERLINK(""https://stackoverflow.com/q/63828828"", ""63828828"")",0.7756573367260395,"0","225"
"=HYPERLINK(""https://stackoverflow.com/q/63852408"", ""63852408"")",0.4900793650793651,"0","185"
"=HYPERLINK(""https://stackoverflow.com/q/63896302"", ""63896302"")",0.6487282463186074,"1","59"
"=HYPERLINK(""https://stackoverflow.com/q/64033952"", ""64033952"")",0.5892172961138473,"0","16"
"=HYPERLINK(""https://stackoverflow.com/q/64097939"", ""64097939"")",0.224661246612466,"0","116"
"=HYPERLINK(""https://stackoverflow.com/q/64115644"", ""64115644"")",0.7626342665962323,"1","1071"
"=HYPERLINK(""https://stackoverflow.com/q/64151480"", ""64151480"")",0.7600600600600593,"1","132"
"=HYPERLINK(""https://stackoverflow.com/q/64176012"", ""64176012"")",0.7467864060574049,"0","35"
"=HYPERLINK(""https://stackoverflow.com/q/64205034"", ""64205034"")",0.6484517304189442,"1","43"
"=HYPERLINK(""https://stackoverflow.com/q/64208641"", ""64208641"")",0.6009456264775415,"0","69"
"=HYPERLINK(""https://stackoverflow.com/q/64264397"", ""64264397"")",0.5229741019214699,"1","65"
"=HYPERLINK(""https://stackoverflow.com/q/64265552"", ""64265552"")",0.5358753587535875,"0","56"
"=HYPERLINK(""https://stackoverflow.com/q/64391110"", ""64391110"")",0.5350935093509348,"0","87"
"=HYPERLINK(""https://stackoverflow.com/q/64503962"", ""64503962"")",0.2948028673835127,"0","49"
"=HYPERLINK(""https://stackoverflow.com/q/64522526"", ""64522526"")",0.3446712018140593,"0","20"
"=HYPERLINK(""https://stackoverflow.com/q/64553838"", ""64553838"")",0.5506893755068942,"1","100"
"=HYPERLINK(""https://stackoverflow.com/q/64560036"", ""64560036"")",0.5016013796501596,"0","10"
"=HYPERLINK(""https://stackoverflow.com/q/64576124"", ""64576124"")",0.2988143048384012,"0","130"
"=HYPERLINK(""https://stackoverflow.com/q/64585732"", ""64585732"")",0.8456399437412089,"0","101"
"=HYPERLINK(""https://stackoverflow.com/q/64595474"", ""64595474"")",0.5194344524380494,"1","191"
"=HYPERLINK(""https://stackoverflow.com/q/64611170"", ""64611170"")",0.9143165356757594,"0","52"
"=HYPERLINK(""https://stackoverflow.com/q/64663312"", ""64663312"")",0.7313131313131312,"1","20"
"=HYPERLINK(""https://stackoverflow.com/q/64688877"", ""64688877"")",0.4892247411139093,"0","52"
"=HYPERLINK(""https://stackoverflow.com/q/64692578"", ""64692578"")",0.5785247432306255,"0","183"
"=HYPERLINK(""https://stackoverflow.com/q/64771579"", ""64771579"")",0.4891626739676016,"0","18"
"=HYPERLINK(""https://stackoverflow.com/q/64790906"", ""64790906"")",0.4252938945771708,"0","43"
"=HYPERLINK(""https://stackoverflow.com/q/64889641"", ""64889641"")",0.42114280818984,"0","72"
"=HYPERLINK(""https://stackoverflow.com/q/64900527"", ""64900527"")",0.937115839243499,"3","267"
"=HYPERLINK(""https://stackoverflow.com/q/64909153"", ""64909153"")",0.5355862775217609,"0","7"
"=HYPERLINK(""https://stackoverflow.com/q/64968704"", ""64968704"")",0.7499384084749933,"0","35"
"=HYPERLINK(""https://stackoverflow.com/q/64986737"", ""64986737"")",0.385455185772143,"0","105"
"=HYPERLINK(""https://stackoverflow.com/q/65011483"", ""65011483"")",0.4122674710910005,"0","10"
"=HYPERLINK(""https://stackoverflow.com/q/65024653"", ""65024653"")",0.5925104705592504,"1","451"
"=HYPERLINK(""https://stackoverflow.com/q/65038265"", ""65038265"")",0.3738059326294619,"0","115"
"=HYPERLINK(""https://stackoverflow.com/q/65043315"", ""65043315"")",0.4111229692873236,"0","290"
"=HYPERLINK(""https://stackoverflow.com/q/65066714"", ""65066714"")",0.293303040138483,"1","53"
"=HYPERLINK(""https://stackoverflow.com/q/65079922"", ""65079922"")",0.4604772557792695,"0","19"
"=HYPERLINK(""https://stackoverflow.com/q/65120473"", ""65120473"")",0.4914848568535391,"7","161"
"=HYPERLINK(""https://stackoverflow.com/q/65168646"", ""65168646"")",0.6873095040177326,"0","27"
"=HYPERLINK(""https://stackoverflow.com/q/65327361"", ""65327361"")",0.3310517910107229,"0","29"
"=HYPERLINK(""https://stackoverflow.com/q/65356662"", ""65356662"")",0.352991452991453,"0","132"
"=HYPERLINK(""https://stackoverflow.com/q/65435348"", ""65435348"")",0.5046429715017613,"3","80"
"=HYPERLINK(""https://stackoverflow.com/q/65491927"", ""65491927"")",0.8222222222222224,"0","40"
"=HYPERLINK(""https://stackoverflow.com/q/65600849"", ""65600849"")",0.6214828506880268,"0","96"
"=HYPERLINK(""https://stackoverflow.com/q/65672414"", ""65672414"")",0.5128531973656261,"5","46"
"=HYPERLINK(""https://stackoverflow.com/q/65675622"", ""65675622"")",0.4498182392919239,"1","53"
"=HYPERLINK(""https://stackoverflow.com/q/65700304"", ""65700304"")",0.2498465316144875,"0","70"
"=HYPERLINK(""https://stackoverflow.com/q/65706887"", ""65706887"")",0.6478781988986079,"0","30"
"=HYPERLINK(""https://stackoverflow.com/q/65734065"", ""65734065"")",0.6813251245968928,"0","23"
"=HYPERLINK(""https://stackoverflow.com/q/65809391"", ""65809391"")",0.4089337445098593,"1","163"
"=HYPERLINK(""https://stackoverflow.com/q/65987505"", ""65987505"")",0.4339157706093193,"0","27"
"=HYPERLINK(""https://stackoverflow.com/q/65989063"", ""65989063"")",0.6007936507936509,"0","25"
"=HYPERLINK(""https://stackoverflow.com/q/65991186"", ""65991186"")",0.788928243473697,"0","166"
"=HYPERLINK(""https://stackoverflow.com/q/66149311"", ""66149311"")",0.5349258052841114,"0","23"
"=HYPERLINK(""https://stackoverflow.com/q/66158664"", ""66158664"")",0.2849528495284955,"3","64"
"=HYPERLINK(""https://stackoverflow.com/q/66184334"", ""66184334"")",0.3534722222222226,"0","129"
"=HYPERLINK(""https://stackoverflow.com/q/66205679"", ""66205679"")",0.3963647024333042,"0","10"
"=HYPERLINK(""https://stackoverflow.com/q/66268463"", ""66268463"")",0.6568813131313129,"0","79"
"=HYPERLINK(""https://stackoverflow.com/q/66269711"", ""66269711"")",0.5997732426303851,"1","92"
"=HYPERLINK(""https://stackoverflow.com/q/66346911"", ""66346911"")",0.4236820762368212,"0","49"
"=HYPERLINK(""https://stackoverflow.com/q/66385813"", ""66385813"")",0.5428329092451237,"0","33"
"=HYPERLINK(""https://stackoverflow.com/q/66399547"", ""66399547"")",0.845598845598845,"0","43"
"=HYPERLINK(""https://stackoverflow.com/q/66440129"", ""66440129"")",0.6390896921017398,"0","50"
"=HYPERLINK(""https://stackoverflow.com/q/66449655"", ""66449655"")",0.3951951951951948,"0","118"
"=HYPERLINK(""https://stackoverflow.com/q/66527302"", ""66527302"")",0.3657133464825774,"0","12"
"=HYPERLINK(""https://stackoverflow.com/q/66529580"", ""66529580"")",0.4699116861778602,"1","18"
"=HYPERLINK(""https://stackoverflow.com/q/66529725"", ""66529725"")",0.4565692705227589,"0","17"
"=HYPERLINK(""https://stackoverflow.com/q/66550029"", ""66550029"")",0.6259879125987909,"1","20"
"=HYPERLINK(""https://stackoverflow.com/q/66649116"", ""66649116"")",0.4554238032498899,"0","24"
"=HYPERLINK(""https://stackoverflow.com/q/66666289"", ""66666289"")",0.4526631895052951,"0","141"
"=HYPERLINK(""https://stackoverflow.com/q/66668324"", ""66668324"")",0.70412267471091,"2","21"
"=HYPERLINK(""https://stackoverflow.com/q/66751600"", ""66751600"")",0.747889573351585,"0","44"
"=HYPERLINK(""https://stackoverflow.com/q/66771851"", ""66771851"")",0.4314707771355172,"0","27"
"=HYPERLINK(""https://stackoverflow.com/q/66781459"", ""66781459"")",0.4565669607632167,"0","43"
"=HYPERLINK(""https://stackoverflow.com/q/66799481"", ""66799481"")",0.8401997503121109,"0","25"
"=HYPERLINK(""https://stackoverflow.com/q/66873293"", ""66873293"")",0.3368954651322097,"0","18"
"=HYPERLINK(""https://stackoverflow.com/q/66948708"", ""66948708"")",0.297321036451471,"1","42"
"=HYPERLINK(""https://stackoverflow.com/q/66992388"", ""66992388"")",0.4118289637952564,"0","47"
"=HYPERLINK(""https://stackoverflow.com/q/67000115"", ""67000115"")",0.236015325670498,"0","23"
"=HYPERLINK(""https://stackoverflow.com/q/67097311"", ""67097311"")",0.6342825237297596,"0","40"
"=HYPERLINK(""https://stackoverflow.com/q/67118871"", ""67118871"")",0.5492492492492487,"0","13"
"=HYPERLINK(""https://stackoverflow.com/q/67206164"", ""67206164"")",0.7053104575163399,"0","32"
"=HYPERLINK(""https://stackoverflow.com/q/67288475"", ""67288475"")",0.5711583924349882,"0","49"
"=HYPERLINK(""https://stackoverflow.com/q/67291541"", ""67291541"")",0.4239988719684148,"0","24"
"=HYPERLINK(""https://stackoverflow.com/q/67299918"", ""67299918"")",0.5499330655957158,"0","61"
"=HYPERLINK(""https://stackoverflow.com/q/67304266"", ""67304266"")",0.8719845043141405,"0","21"
"=HYPERLINK(""https://stackoverflow.com/q/67343025"", ""67343025"")",0.4167828916782888,"1","30"
"=HYPERLINK(""https://stackoverflow.com/q/67391832"", ""67391832"")",0.6060060060060055,"0","14"
"=HYPERLINK(""https://stackoverflow.com/q/67448557"", ""67448557"")",0.6779184247538671,"0","35"
"=HYPERLINK(""https://stackoverflow.com/q/67467817"", ""67467817"")",0.3624436244362445,"0","7"
"=HYPERLINK(""https://stackoverflow.com/q/67468494"", ""67468494"")",0.6724067240672408,"0","28"
"=HYPERLINK(""https://stackoverflow.com/q/67480033"", ""67480033"")",0.3824432166973604,"0","20"
"=HYPERLINK(""https://stackoverflow.com/q/67501564"", ""67501564"")",0.3589964157706093,"0","39"
"=HYPERLINK(""https://stackoverflow.com/q/67537793"", ""67537793"")",0.3431989147860404,"0","31"
"=HYPERLINK(""https://stackoverflow.com/q/67569474"", ""67569474"")",0.4722222222222224,"0","6"
"=HYPERLINK(""https://stackoverflow.com/q/67589131"", ""67589131"")",0.3613974799541809,"0","14"
"=HYPERLINK(""https://stackoverflow.com/q/67604452"", ""67604452"")",0.2792692020879941,"0","9"
"=HYPERLINK(""https://stackoverflow.com/q/67621634"", ""67621634"")",0.4757268951194188,"1","26"
"=HYPERLINK(""https://stackoverflow.com/q/67724264"", ""67724264"")",0.2587580814915052,"0","20"
"=HYPERLINK(""https://stackoverflow.com/q/67731104"", ""67731104"")",0.7206837606837614,"0","9"
