"link","Correlation","score","view_count"
"=HYPERLINK(""https://stackoverflow.com/q/980932"", ""980932"")",0.5085963561714137,"2","1338"
"=HYPERLINK(""https://stackoverflow.com/q/1268580"", ""1268580"")",0.2936507936507937,"5","6526"
"=HYPERLINK(""https://stackoverflow.com/q/2220076"", ""2220076"")",0.3277631193198477,"1","2225"
"=HYPERLINK(""https://stackoverflow.com/q/2339550"", ""2339550"")",0.357357357357357,"5","3110"
"=HYPERLINK(""https://stackoverflow.com/q/2552141"", ""2552141"")",0.3138351254480285,"3","2083"
"=HYPERLINK(""https://stackoverflow.com/q/2776850"", ""2776850"")",0.3996058142399601,"3","2517"
"=HYPERLINK(""https://stackoverflow.com/q/3100091"", ""3100091"")",0.5026570048309171,"0","860"
"=HYPERLINK(""https://stackoverflow.com/q/3166902"", ""3166902"")",0.3688020267824828,"0","152"
"=HYPERLINK(""https://stackoverflow.com/q/3967632"", ""3967632"")",0.4052119129438716,"0","253"
"=HYPERLINK(""https://stackoverflow.com/q/5559299"", ""5559299"")",0.5379218809252937,"0","645"
"=HYPERLINK(""https://stackoverflow.com/q/5826953"", ""5826953"")",0.5924753867791838,"1","5584"
"=HYPERLINK(""https://stackoverflow.com/q/5929501"", ""5929501"")",0.3232155997056661,"2","6504"
"=HYPERLINK(""https://stackoverflow.com/q/6154176"", ""6154176"")",0.5986656402360789,"16","22528"
"=HYPERLINK(""https://stackoverflow.com/q/6742240"", ""6742240"")",0.4105067410506738,"0","3408"
"=HYPERLINK(""https://stackoverflow.com/q/7304006"", ""7304006"")",0.5966992096699204,"0","3708"
"=HYPERLINK(""https://stackoverflow.com/q/7375083"", ""7375083"")",0.3617571059431522,"0","2608"
"=HYPERLINK(""https://stackoverflow.com/q/7650660"", ""7650660"")",0.3740079365079362,"4","5623"
"=HYPERLINK(""https://stackoverflow.com/q/7799340"", ""7799340"")",0.4914529914529912,"3","5041"
"=HYPERLINK(""https://stackoverflow.com/q/8115226"", ""8115226"")",0.4572554816457253,"1","245"
"=HYPERLINK(""https://stackoverflow.com/q/8123314"", ""8123314"")",0.3898358585858584,"2","791"
"=HYPERLINK(""https://stackoverflow.com/q/8243768"", ""8243768"")",0.2406271301976821,"1","4724"
"=HYPERLINK(""https://stackoverflow.com/q/9054254"", ""9054254"")",0.6091568955890561,"1","431"
"=HYPERLINK(""https://stackoverflow.com/q/9372228"", ""9372228"")",0.5874099355328024,"1","619"
"=HYPERLINK(""https://stackoverflow.com/q/9391137"", ""9391137"")",0.8639160332971407,"18","45518"
"=HYPERLINK(""https://stackoverflow.com/q/9607423"", ""9607423"")",0.4767132401862938,"2","17497"
"=HYPERLINK(""https://stackoverflow.com/q/10215808"", ""10215808"")",0.6472222222222223,"4","10804"
"=HYPERLINK(""https://stackoverflow.com/q/10381543"", ""10381543"")",0.4107468123861571,"3","2813"
"=HYPERLINK(""https://stackoverflow.com/q/10591438"", ""10591438"")",0.2302948761071869,"3","5116"
"=HYPERLINK(""https://stackoverflow.com/q/10601608"", ""10601608"")",0.3955176767676766,"0","687"
"=HYPERLINK(""https://stackoverflow.com/q/10885106"", ""10885106"")",0.3924349881796691,"0","4397"
"=HYPERLINK(""https://stackoverflow.com/q/11219907"", ""11219907"")",0.7727108215707563,"1","846"
"=HYPERLINK(""https://stackoverflow.com/q/11352628"", ""11352628"")",0.5839243498817966,"1","4763"
"=HYPERLINK(""https://stackoverflow.com/q/11434539"", ""11434539"")",0.5060060060060055,"1","5250"
"=HYPERLINK(""https://stackoverflow.com/q/11472970"", ""11472970"")",0.3222222222222223,"1","2381"
"=HYPERLINK(""https://stackoverflow.com/q/11642485"", ""11642485"")",0.4146908414690839,"0","86"
"=HYPERLINK(""https://stackoverflow.com/q/11718933"", ""11718933"")",0.4435336976320588,"0","121"
"=HYPERLINK(""https://stackoverflow.com/q/11732110"", ""11732110"")",0.353801169590643,"3","3492"
"=HYPERLINK(""https://stackoverflow.com/q/12020334"", ""12020334"")",0.4356609574000875,"1","429"
"=HYPERLINK(""https://stackoverflow.com/q/12028626"", ""12028626"")",0.3619118009361909,"3","498"
"=HYPERLINK(""https://stackoverflow.com/q/12266783"", ""12266783"")",0.5198000768935022,"1","758"
"=HYPERLINK(""https://stackoverflow.com/q/12411886"", ""12411886"")",0.4681238615664848,"0","1341"
"=HYPERLINK(""https://stackoverflow.com/q/12504547"", ""12504547"")",0.2725654716501398,"2","1312"
"=HYPERLINK(""https://stackoverflow.com/q/12787366"", ""12787366"")",0.3975059548830045,"1","2004"
"=HYPERLINK(""https://stackoverflow.com/q/12794302"", ""12794302"")",0.4788593903638155,"81","67741"
"=HYPERLINK(""https://stackoverflow.com/q/12804530"", ""12804530"")",0.4498084291187739,"0","3164"
"=HYPERLINK(""https://stackoverflow.com/q/12824749"", ""12824749"")",0.3164050477069868,"2","760"
"=HYPERLINK(""https://stackoverflow.com/q/12838800"", ""12838800"")",0.6144377910844974,"0","911"
"=HYPERLINK(""https://stackoverflow.com/q/12915144"", ""12915144"")",0.5305226174791386,"0","494"
"=HYPERLINK(""https://stackoverflow.com/q/13001348"", ""13001348"")",0.2841691248770897,"0","259"
"=HYPERLINK(""https://stackoverflow.com/q/13799164"", ""13799164"")",0.6903073286052009,"2","2470"
"=HYPERLINK(""https://stackoverflow.com/q/13879316"", ""13879316"")",0.3369354391798278,"2","1118"
"=HYPERLINK(""https://stackoverflow.com/q/13953555"", ""13953555"")",0.5135608048993883,"2","911"
"=HYPERLINK(""https://stackoverflow.com/q/14331648"", ""14331648"")",0.2190576652601968,"1","68"
"=HYPERLINK(""https://stackoverflow.com/q/14451274"", ""14451274"")",0.2761994949494948,"1","1507"
"=HYPERLINK(""https://stackoverflow.com/q/14526269"", ""14526269"")",0.7877959927140263,"0","2090"
"=HYPERLINK(""https://stackoverflow.com/q/14778752"", ""14778752"")",0.6004040404040404,"2","3088"
"=HYPERLINK(""https://stackoverflow.com/q/14798020"", ""14798020"")",0.5095150399017804,"0","666"
"=HYPERLINK(""https://stackoverflow.com/q/14824268"", ""14824268"")",0.4327485380116955,"0","512"
"=HYPERLINK(""https://stackoverflow.com/q/15010241"", ""15010241"")",0.3237606837606843,"2","2994"
"=HYPERLINK(""https://stackoverflow.com/q/15160845"", ""15160845"")",0.6328998402920368,"1","909"
"=HYPERLINK(""https://stackoverflow.com/q/15249243"", ""15249243"")",0.3848519800076891,"1","1644"
"=HYPERLINK(""https://stackoverflow.com/q/15271968"", ""15271968"")",0.4638329604772559,"0","3392"
"=HYPERLINK(""https://stackoverflow.com/q/15306170"", ""15306170"")",0.4306654939900324,"2","2945"
"=HYPERLINK(""https://stackoverflow.com/q/15371384"", ""15371384"")",0.6611535199321463,"6","2818"
"=HYPERLINK(""https://stackoverflow.com/q/15616482"", ""15616482"")",0.8234880450070315,"0","2049"
"=HYPERLINK(""https://stackoverflow.com/q/15872617"", ""15872617"")",0.377910844976713,"1","531"
"=HYPERLINK(""https://stackoverflow.com/q/15888319"", ""15888319"")",0.4916833000665332,"0","1407"
"=HYPERLINK(""https://stackoverflow.com/q/15917720"", ""15917720"")",0.6293650793650795,"0","3322"
"=HYPERLINK(""https://stackoverflow.com/q/16041658"", ""16041658"")",0.551081282624907,"0","1135"
"=HYPERLINK(""https://stackoverflow.com/q/16044532"", ""16044532"")",0.674483528754885,"0","80"
"=HYPERLINK(""https://stackoverflow.com/q/16052494"", ""16052494"")",0.3812180381218036,"1","1775"
"=HYPERLINK(""https://stackoverflow.com/q/16082098"", ""16082098"")",0.8458384583845839,"3","3201"
"=HYPERLINK(""https://stackoverflow.com/q/16150900"", ""16150900"")",0.285934133579563,"0","3355"
"=HYPERLINK(""https://stackoverflow.com/q/17024800"", ""17024800"")",0.4213372664700102,"1","334"
"=HYPERLINK(""https://stackoverflow.com/q/17228705"", ""17228705"")",0.4750631313131309,"2","3484"
"=HYPERLINK(""https://stackoverflow.com/q/17231112"", ""17231112"")",0.4910192147034249,"0","407"
"=HYPERLINK(""https://stackoverflow.com/q/17238848"", ""17238848"")",0.2524337025847599,"3","1110"
"=HYPERLINK(""https://stackoverflow.com/q/17240117"", ""17240117"")",0.5722222222222224,"2","1946"
"=HYPERLINK(""https://stackoverflow.com/q/17287894"", ""17287894"")",0.6114627285513357,"2","1184"
"=HYPERLINK(""https://stackoverflow.com/q/17353874"", ""17353874"")",0.6408268733850124,"9","31520"
"=HYPERLINK(""https://stackoverflow.com/q/17397924"", ""17397924"")",0.3862093604858879,"7","10746"
"=HYPERLINK(""https://stackoverflow.com/q/17435661"", ""17435661"")",0.2791966819471729,"1","1153"
"=HYPERLINK(""https://stackoverflow.com/q/17452637"", ""17452637"")",0.7401375316684762,"4","1441"
"=HYPERLINK(""https://stackoverflow.com/q/17492039"", ""17492039"")",0.433131313131313,"0","295"
"=HYPERLINK(""https://stackoverflow.com/q/17610463"", ""17610463"")",0.5395653956539567,"2","1179"
"=HYPERLINK(""https://stackoverflow.com/q/17717605"", ""17717605"")",0.4562647754137117,"6","2567"
"=HYPERLINK(""https://stackoverflow.com/q/17936603"", ""17936603"")",0.7357968828557063,"1","1048"
"=HYPERLINK(""https://stackoverflow.com/q/17969305"", ""17969305"")",0.3974799541809851,"3","372"
"=HYPERLINK(""https://stackoverflow.com/q/18225034"", ""18225034"")",0.5876068376068377,"1","2848"
"=HYPERLINK(""https://stackoverflow.com/q/18245978"", ""18245978"")",0.8078575813382447,"0","215"
"=HYPERLINK(""https://stackoverflow.com/q/18450578"", ""18450578"")",0.3087274125336406,"0","533"
"=HYPERLINK(""https://stackoverflow.com/q/18473714"", ""18473714"")",0.4540347992875734,"1","816"
"=HYPERLINK(""https://stackoverflow.com/q/18541976"", ""18541976"")",0.6829730754645427,"5","1483"
"=HYPERLINK(""https://stackoverflow.com/q/18854192"", ""18854192"")",0.4170274170274167,"0","193"
"=HYPERLINK(""https://stackoverflow.com/q/19217308"", ""19217308"")",0.6455351056578045,"0","129"
"=HYPERLINK(""https://stackoverflow.com/q/19252434"", ""19252434"")",0.2620835740419797,"1","145"
"=HYPERLINK(""https://stackoverflow.com/q/19289762"", ""19289762"")",0.7306967984934082,"0","357"
"=HYPERLINK(""https://stackoverflow.com/q/19478478"", ""19478478"")",0.4046909163188234,"0","150"
"=HYPERLINK(""https://stackoverflow.com/q/19505954"", ""19505954"")",0.7054436987322895,"1","435"
"=HYPERLINK(""https://stackoverflow.com/q/19520246"", ""19520246"")",0.3771517996870112,"2","380"
"=HYPERLINK(""https://stackoverflow.com/q/19604114"", ""19604114"")",0.5535292131036813,"1","1071"
"=HYPERLINK(""https://stackoverflow.com/q/19618197"", ""19618197"")",0.4228715728715731,"2","929"
"=HYPERLINK(""https://stackoverflow.com/q/19966032"", ""19966032"")",0.5862775217613919,"0","2410"
"=HYPERLINK(""https://stackoverflow.com/q/20176524"", ""20176524"")",0.5225137674117273,"0","530"
"=HYPERLINK(""https://stackoverflow.com/q/20203674"", ""20203674"")",0.3756971256971257,"1","405"
"=HYPERLINK(""https://stackoverflow.com/q/20613479"", ""20613479"")",0.3449767132401862,"2","2120"
"=HYPERLINK(""https://stackoverflow.com/q/20661748"", ""20661748"")",0.3695906432748541,"4","1725"
"=HYPERLINK(""https://stackoverflow.com/q/20770100"", ""20770100"")",0.3519293351929332,"1","714"
"=HYPERLINK(""https://stackoverflow.com/q/20786538"", ""20786538"")",0.5094075769132973,"3","1719"
"=HYPERLINK(""https://stackoverflow.com/q/20833735"", ""20833735"")",0.5211152111521117,"1","568"
"=HYPERLINK(""https://stackoverflow.com/q/20900775"", ""20900775"")",0.5186823992133731,"2","641"
"=HYPERLINK(""https://stackoverflow.com/q/20912264"", ""20912264"")",0.2832203737933869,"0","108"
"=HYPERLINK(""https://stackoverflow.com/q/20948682"", ""20948682"")",0.6006837606837612,"0","2839"
"=HYPERLINK(""https://stackoverflow.com/q/21036103"", ""21036103"")",0.3396415770609319,"0","594"
"=HYPERLINK(""https://stackoverflow.com/q/21084418"", ""21084418"")",0.3288320303245678,"0","72"
"=HYPERLINK(""https://stackoverflow.com/q/21177958"", ""21177958"")",0.4753867791842471,"0","299"
"=HYPERLINK(""https://stackoverflow.com/q/21254610"", ""21254610"")",0.4504101416853098,"0","344"
"=HYPERLINK(""https://stackoverflow.com/q/21314917"", ""21314917"")",0.6321900678813865,"0","955"
"=HYPERLINK(""https://stackoverflow.com/q/21512193"", ""21512193"")",0.3723928706863859,"0","149"
"=HYPERLINK(""https://stackoverflow.com/q/21533730"", ""21533730"")",0.4604493690366267,"0","2654"
"=HYPERLINK(""https://stackoverflow.com/q/21785639"", ""21785639"")",0.2378694483957641,"0","907"
"=HYPERLINK(""https://stackoverflow.com/q/21937925"", ""21937925"")",0.3693437574034593,"3","2113"
"=HYPERLINK(""https://stackoverflow.com/q/22008165"", ""22008165"")",0.4139081344624069,"1","149"
"=HYPERLINK(""https://stackoverflow.com/q/22233339"", ""22233339"")",0.4288090485695274,"1","408"
"=HYPERLINK(""https://stackoverflow.com/q/22497544"", ""22497544"")",0.3707184628237257,"1","680"
"=HYPERLINK(""https://stackoverflow.com/q/22501959"", ""22501959"")",0.3481668066050936,"3","584"
"=HYPERLINK(""https://stackoverflow.com/q/22567534"", ""22567534"")",0.2800256904303147,"0","1713"
"=HYPERLINK(""https://stackoverflow.com/q/22661264"", ""22661264"")",0.3295567481613995,"0","1008"
"=HYPERLINK(""https://stackoverflow.com/q/22856743"", ""22856743"")",0.3962728551336144,"0","184"
"=HYPERLINK(""https://stackoverflow.com/q/22925954"", ""22925954"")",0.3248574510710434,"1","620"
"=HYPERLINK(""https://stackoverflow.com/q/22973345"", ""22973345"")",0.506286887349243,"1","1308"
"=HYPERLINK(""https://stackoverflow.com/q/23135039"", ""23135039"")",0.4437606837606841,"1","1941"
"=HYPERLINK(""https://stackoverflow.com/q/23197086"", ""23197086"")",0.8915135608049007,"0","258"
"=HYPERLINK(""https://stackoverflow.com/q/23296426"", ""23296426"")",0.515372907153729,"1","663"
"=HYPERLINK(""https://stackoverflow.com/q/23398782"", ""23398782"")",0.4226486614546318,"3","571"
"=HYPERLINK(""https://stackoverflow.com/q/23539254"", ""23539254"")",0.5316144874155926,"0","146"
"=HYPERLINK(""https://stackoverflow.com/q/23780761"", ""23780761"")",0.4359626802374897,"0","357"
"=HYPERLINK(""https://stackoverflow.com/q/23784016"", ""23784016"")",0.8036175710594308,"0","1053"
"=HYPERLINK(""https://stackoverflow.com/q/23910962"", ""23910962"")",0.7080176767676762,"3","1827"
"=HYPERLINK(""https://stackoverflow.com/q/23959870"", ""23959870"")",0.6132256824298342,"0","1506"
"=HYPERLINK(""https://stackoverflow.com/q/23986920"", ""23986920"")",0.3885702145740389,"0","2603"
"=HYPERLINK(""https://stackoverflow.com/q/24024532"", ""24024532"")",0.7400793650793652,"0","599"
"=HYPERLINK(""https://stackoverflow.com/q/24192389"", ""24192389"")",0.2774986041317698,"0","551"
"=HYPERLINK(""https://stackoverflow.com/q/24290617"", ""24290617"")",0.611602753195674,"1","13766"
"=HYPERLINK(""https://stackoverflow.com/q/24350467"", ""24350467"")",0.916816816816816,"0","933"
"=HYPERLINK(""https://stackoverflow.com/q/24472899"", ""24472899"")",0.5006911217437536,"1","4197"
"=HYPERLINK(""https://stackoverflow.com/q/24515656"", ""24515656"")",0.5150399017802335,"0","2834"
"=HYPERLINK(""https://stackoverflow.com/q/24540559"", ""24540559"")",0.4716448550166794,"1","686"
"=HYPERLINK(""https://stackoverflow.com/q/24571747"", ""24571747"")",0.2909583641290957,"0","436"
"=HYPERLINK(""https://stackoverflow.com/q/24752985"", ""24752985"")",0.7507703462026466,"1","163"
"=HYPERLINK(""https://stackoverflow.com/q/24873856"", ""24873856"")",0.7895299145299147,"0","329"
"=HYPERLINK(""https://stackoverflow.com/q/24881008"", ""24881008"")",0.8725289706884789,"0","368"
"=HYPERLINK(""https://stackoverflow.com/q/24893292"", ""24893292"")",0.3069679849340866,"0","2521"
"=HYPERLINK(""https://stackoverflow.com/q/25056786"", ""25056786"")",0.4267676767676764,"1","1500"
"=HYPERLINK(""https://stackoverflow.com/q/25357139"", ""25357139"")",0.3294541424217231,"1","2558"
"=HYPERLINK(""https://stackoverflow.com/q/25432300"", ""25432300"")",0.4245122985581004,"0","1426"
"=HYPERLINK(""https://stackoverflow.com/q/25465231"", ""25465231"")",0.5438530262992322,"0","1246"
"=HYPERLINK(""https://stackoverflow.com/q/25560603"", ""25560603"")",0.3206515415939497,"0","378"
"=HYPERLINK(""https://stackoverflow.com/q/25578027"", ""25578027"")",0.2672828808010785,"1","252"
"=HYPERLINK(""https://stackoverflow.com/q/25691682"", ""25691682"")",0.4479875283446707,"3","2131"
"=HYPERLINK(""https://stackoverflow.com/q/25699973"", ""25699973"")",0.688771517996871,"1","2662"
"=HYPERLINK(""https://stackoverflow.com/q/25910567"", ""25910567"")",0.3931229150628688,"2","153"
"=HYPERLINK(""https://stackoverflow.com/q/25990234"", ""25990234"")",0.4067383512544803,"1","2741"
"=HYPERLINK(""https://stackoverflow.com/q/26120893"", ""26120893"")",0.8790487904879047,"0","481"
"=HYPERLINK(""https://stackoverflow.com/q/26236242"", ""26236242"")",0.5115839243498819,"0","4976"
"=HYPERLINK(""https://stackoverflow.com/q/26267710"", ""26267710"")",0.4387170675830469,"1","355"
"=HYPERLINK(""https://stackoverflow.com/q/26293859"", ""26293859"")",0.7927743694614852,"1","1727"
"=HYPERLINK(""https://stackoverflow.com/q/26494255"", ""26494255"")",0.5935577271082155,"1","1307"
"=HYPERLINK(""https://stackoverflow.com/q/26826050"", ""26826050"")",0.2864424057084608,"0","533"
"=HYPERLINK(""https://stackoverflow.com/q/26840588"", ""26840588"")",0.7706093189964162,"0","219"
"=HYPERLINK(""https://stackoverflow.com/q/26995066"", ""26995066"")",0.3908612754766603,"1","357"
"=HYPERLINK(""https://stackoverflow.com/q/27031655"", ""27031655"")",0.314114114114114,"0","788"
"=HYPERLINK(""https://stackoverflow.com/q/27073126"", ""27073126"")",0.6398423595219928,"4","2786"
"=HYPERLINK(""https://stackoverflow.com/q/27125509"", ""27125509"")",0.2961138478379856,"0","911"
"=HYPERLINK(""https://stackoverflow.com/q/27176902"", ""27176902"")",0.2388580817416308,"0","470"
"=HYPERLINK(""https://stackoverflow.com/q/27214309"", ""27214309"")",0.516959064327486,"2","136"
"=HYPERLINK(""https://stackoverflow.com/q/27252049"", ""27252049"")",0.3621539628365565,"1","1601"
"=HYPERLINK(""https://stackoverflow.com/q/27355626"", ""27355626"")",0.8025920657499608,"2","2339"
"=HYPERLINK(""https://stackoverflow.com/q/27416317"", ""27416317"")",0.3587535875358755,"0","4812"
"=HYPERLINK(""https://stackoverflow.com/q/27642952"", ""27642952"")",0.3659347970725214,"0","115"
"=HYPERLINK(""https://stackoverflow.com/q/27686708"", ""27686708"")",0.2428673835125447,"0","428"
"=HYPERLINK(""https://stackoverflow.com/q/27726275"", ""27726275"")",0.7801169590643282,"0","119"
"=HYPERLINK(""https://stackoverflow.com/q/27792746"", ""27792746"")",0.3967911877394633,"3","5853"
"=HYPERLINK(""https://stackoverflow.com/q/27951860"", ""27951860"")",0.7157287157287154,"0","235"
"=HYPERLINK(""https://stackoverflow.com/q/28105356"", ""28105356"")",0.7526089625537141,"4","2246"
"=HYPERLINK(""https://stackoverflow.com/q/28167526"", ""28167526"")",0.6115351993214594,"2","2478"
"=HYPERLINK(""https://stackoverflow.com/q/28273456"", ""28273456"")",0.588201603665521,"1","10764"
"=HYPERLINK(""https://stackoverflow.com/q/28285790"", ""28285790"")",0.2640917451044031,"0","1036"
"=HYPERLINK(""https://stackoverflow.com/q/28361116"", ""28361116"")",0.480909480909481,"0","161"
"=HYPERLINK(""https://stackoverflow.com/q/28384858"", ""28384858"")",0.2489397794741308,"0","472"
"=HYPERLINK(""https://stackoverflow.com/q/28415305"", ""28415305"")",0.3537101114955784,"0","145"
"=HYPERLINK(""https://stackoverflow.com/q/28468556"", ""28468556"")",0.5488553880513677,"1","1067"
"=HYPERLINK(""https://stackoverflow.com/q/28582473"", ""28582473"")",0.5731837606837609,"0","72"
"=HYPERLINK(""https://stackoverflow.com/q/28621053"", ""28621053"")",0.8329092451229865,"0","488"
"=HYPERLINK(""https://stackoverflow.com/q/28699793"", ""28699793"")",0.3300066533599466,"0","114"
"=HYPERLINK(""https://stackoverflow.com/q/29187553"", ""29187553"")",0.4712340799297316,"1","836"
"=HYPERLINK(""https://stackoverflow.com/q/29198796"", ""29198796"")",0.4886156648451735,"0","197"
"=HYPERLINK(""https://stackoverflow.com/q/29287436"", ""29287436"")",0.2561647809689585,"0","160"
"=HYPERLINK(""https://stackoverflow.com/q/29466820"", ""29466820"")",0.5579050416054824,"0","476"
"=HYPERLINK(""https://stackoverflow.com/q/29478188"", ""29478188"")",0.4415770609318996,"4","1772"
"=HYPERLINK(""https://stackoverflow.com/q/29795432"", ""29795432"")",0.4944911297852474,"1","687"
"=HYPERLINK(""https://stackoverflow.com/q/30076110"", ""30076110"")",0.3289415898111548,"2","286"
"=HYPERLINK(""https://stackoverflow.com/q/30196538"", ""30196538"")",0.4892676767676764,"1","528"
"=HYPERLINK(""https://stackoverflow.com/q/30209984"", ""30209984"")",0.4184247538677916,"0","715"
"=HYPERLINK(""https://stackoverflow.com/q/30269971"", ""30269971"")",0.4129438717067581,"1","456"
"=HYPERLINK(""https://stackoverflow.com/q/30397994"", ""30397994"")",0.5725216234198267,"0","94"
"=HYPERLINK(""https://stackoverflow.com/q/30775990"", ""30775990"")",0.2717505241090148,"1","236"
"=HYPERLINK(""https://stackoverflow.com/q/30813029"", ""30813029"")",0.4169590643274858,"1","2163"
"=HYPERLINK(""https://stackoverflow.com/q/30848085"", ""30848085"")",0.5021517996870114,"0","108"
"=HYPERLINK(""https://stackoverflow.com/q/30865934"", ""30865934"")",0.5187338501291985,"0","90"
"=HYPERLINK(""https://stackoverflow.com/q/30886841"", ""30886841"")",0.609359674933446,"0","1436"
"=HYPERLINK(""https://stackoverflow.com/q/31157285"", ""31157285"")",0.3939673745767928,"2","1094"
"=HYPERLINK(""https://stackoverflow.com/q/31181458"", ""31181458"")",0.424176619616359,"0","206"
"=HYPERLINK(""https://stackoverflow.com/q/31292159"", ""31292159"")",0.6082981715893102,"0","56"
"=HYPERLINK(""https://stackoverflow.com/q/31310933"", ""31310933"")",0.5171530977982584,"3","1729"
"=HYPERLINK(""https://stackoverflow.com/q/31479649"", ""31479649"")",0.8455988455988451,"0","1132"
"=HYPERLINK(""https://stackoverflow.com/q/31693069"", ""31693069"")",0.6631089217296108,"0","388"
"=HYPERLINK(""https://stackoverflow.com/q/31736514"", ""31736514"")",0.4427058637584958,"3","1635"
"=HYPERLINK(""https://stackoverflow.com/q/31852848"", ""31852848"")",0.4362443624436245,"1","875"
"=HYPERLINK(""https://stackoverflow.com/q/31862251"", ""31862251"")",0.5976006278730801,"3","1095"
"=HYPERLINK(""https://stackoverflow.com/q/31908358"", ""31908358"")",0.4215229215229212,"1","359"
"=HYPERLINK(""https://stackoverflow.com/q/31942969"", ""31942969"")",0.3210246174318028,"0","929"
"=HYPERLINK(""https://stackoverflow.com/q/32067346"", ""32067346"")",0.3069127759681505,"1","146"
"=HYPERLINK(""https://stackoverflow.com/q/32381471"", ""32381471"")",0.3650793650793648,"2","640"
"=HYPERLINK(""https://stackoverflow.com/q/32538228"", ""32538228"")",0.3977418527072106,"2","462"
"=HYPERLINK(""https://stackoverflow.com/q/32736416"", ""32736416"")",0.72748538011696,"5","16616"
"=HYPERLINK(""https://stackoverflow.com/q/32971914"", ""32971914"")",0.2892325315005727,"0","116"
"=HYPERLINK(""https://stackoverflow.com/q/32991313"", ""32991313"")",0.6986765158510312,"1","112"
"=HYPERLINK(""https://stackoverflow.com/q/33148106"", ""33148106"")",0.4009587399417909,"0","622"
"=HYPERLINK(""https://stackoverflow.com/q/33377779"", ""33377779"")",0.4349881796690307,"0","770"
"=HYPERLINK(""https://stackoverflow.com/q/33416868"", ""33416868"")",0.4138188608776844,"0","1761"
"=HYPERLINK(""https://stackoverflow.com/q/33436131"", ""33436131"")",0.4782775855440211,"0","106"
"=HYPERLINK(""https://stackoverflow.com/q/33549918"", ""33549918"")",0.6377346875961836,"1","41"
"=HYPERLINK(""https://stackoverflow.com/q/33700200"", ""33700200"")",0.427433948606587,"1","232"
"=HYPERLINK(""https://stackoverflow.com/q/33892731"", ""33892731"")",0.3710111495578622,"0","64"
"=HYPERLINK(""https://stackoverflow.com/q/33911248"", ""33911248"")",0.3543650793650794,"0","389"
"=HYPERLINK(""https://stackoverflow.com/q/34137307"", ""34137307"")",0.594081518704634,"0","2067"
"=HYPERLINK(""https://stackoverflow.com/q/34155540"", ""34155540"")",0.6364821500200557,"0","854"
"=HYPERLINK(""https://stackoverflow.com/q/34159050"", ""34159050"")",0.3157474020783374,"1","447"
"=HYPERLINK(""https://stackoverflow.com/q/34226746"", ""34226746"")",0.4365079365079361,"0","308"
"=HYPERLINK(""https://stackoverflow.com/q/34233268"", ""34233268"")",0.6023127199597786,"0","842"
"=HYPERLINK(""https://stackoverflow.com/q/34520219"", ""34520219"")",0.6165250707979351,"1","126"
"=HYPERLINK(""https://stackoverflow.com/q/34562814"", ""34562814"")",0.3115839243498818,"1","962"
"=HYPERLINK(""https://stackoverflow.com/q/34586423"", ""34586423"")",0.4609765474817374,"2","1405"
"=HYPERLINK(""https://stackoverflow.com/q/34848188"", ""34848188"")",0.6102129843469334,"0","997"
"=HYPERLINK(""https://stackoverflow.com/q/35156611"", ""35156611"")",0.7857581338244324,"1","3640"
"=HYPERLINK(""https://stackoverflow.com/q/35283649"", ""35283649"")",0.5606837606837612,"0","383"
"=HYPERLINK(""https://stackoverflow.com/q/35491126"", ""35491126"")",0.5874916833000663,"1","550"
"=HYPERLINK(""https://stackoverflow.com/q/35927549"", ""35927549"")",0.3992133726647004,"0","449"
"=HYPERLINK(""https://stackoverflow.com/q/35940986"", ""35940986"")",0.563539587491683,"1","309"
"=HYPERLINK(""https://stackoverflow.com/q/36044836"", ""36044836"")",0.4272083718067098,"3","1221"
"=HYPERLINK(""https://stackoverflow.com/q/36054549"", ""36054549"")",0.4805003679175867,"4","864"
"=HYPERLINK(""https://stackoverflow.com/q/36189363"", ""36189363"")",0.379934527248219,"1","1401"
"=HYPERLINK(""https://stackoverflow.com/q/36277968"", ""36277968"")",0.4480286738351256,"0","56"
"=HYPERLINK(""https://stackoverflow.com/q/36474010"", ""36474010"")",0.3025546321945215,"1","241"
"=HYPERLINK(""https://stackoverflow.com/q/36483582"", ""36483582"")",0.7278613199665828,"1","1011"
"=HYPERLINK(""https://stackoverflow.com/q/36744940"", ""36744940"")",0.3741209563994371,"0","155"
"=HYPERLINK(""https://stackoverflow.com/q/36772352"", ""36772352"")",0.3053456479149171,"2","11246"
"=HYPERLINK(""https://stackoverflow.com/q/36990390"", ""36990390"")",0.5380116959064333,"1","549"
"=HYPERLINK(""https://stackoverflow.com/q/37057122"", ""37057122"")",0.5542380324989016,"0","274"
"=HYPERLINK(""https://stackoverflow.com/q/37057470"", ""37057470"")",0.5137351373513737,"0","294"
"=HYPERLINK(""https://stackoverflow.com/q/37125043"", ""37125043"")",0.4344863731656186,"2","1371"
"=HYPERLINK(""https://stackoverflow.com/q/37196287"", ""37196287"")",0.359014675052411,"9","36629"
"=HYPERLINK(""https://stackoverflow.com/q/37273394"", ""37273394"")",0.5723481668066044,"8","29393"
"=HYPERLINK(""https://stackoverflow.com/q/37751275"", ""37751275"")",0.6972222222222224,"1","1884"
"=HYPERLINK(""https://stackoverflow.com/q/37819349"", ""37819349"")",0.3243498817966903,"2","1823"
"=HYPERLINK(""https://stackoverflow.com/q/37932505"", ""37932505"")",0.5760683760683767,"1","537"
"=HYPERLINK(""https://stackoverflow.com/q/38003824"", ""38003824"")",0.3670124793264172,"0","339"
"=HYPERLINK(""https://stackoverflow.com/q/38071825"", ""38071825"")",0.6123659593885461,"1","813"
"=HYPERLINK(""https://stackoverflow.com/q/38091230"", ""38091230"")",0.5430413348502086,"0","104"
"=HYPERLINK(""https://stackoverflow.com/q/38232096"", ""38232096"")",0.2675622726000558,"2","1795"
"=HYPERLINK(""https://stackoverflow.com/q/38334027"", ""38334027"")",0.4775413711583924,"0","2291"
"=HYPERLINK(""https://stackoverflow.com/q/38479578"", ""38479578"")",0.3217697335344394,"1","298"
"=HYPERLINK(""https://stackoverflow.com/q/38482611"", ""38482611"")",0.6526733500417707,"4","1783"
"=HYPERLINK(""https://stackoverflow.com/q/38497391"", ""38497391"")",0.7354965585054084,"0","1092"
"=HYPERLINK(""https://stackoverflow.com/q/38568792"", ""38568792"")",0.3700965290614092,"0","534"
"=HYPERLINK(""https://stackoverflow.com/q/38647591"", ""38647591"")",0.3954065797641215,"6","4567"
"=HYPERLINK(""https://stackoverflow.com/q/38726170"", ""38726170"")",0.2412497063659853,"3","1043"
"=HYPERLINK(""https://stackoverflow.com/q/38790658"", ""38790658"")",0.3762263289984025,"0","3793"
"=HYPERLINK(""https://stackoverflow.com/q/38826255"", ""38826255"")",0.7028852056476368,"0","1483"
"=HYPERLINK(""https://stackoverflow.com/q/39148704"", ""39148704"")",0.8735735735735728,"1","1725"
"=HYPERLINK(""https://stackoverflow.com/q/39320810"", ""39320810"")",0.409722222222222,"1","132"
"=HYPERLINK(""https://stackoverflow.com/q/39324335"", ""39324335"")",0.280531260123097,"0","2430"
"=HYPERLINK(""https://stackoverflow.com/q/39386670"", ""39386670"")",0.5750448028673838,"2","1971"
"=HYPERLINK(""https://stackoverflow.com/q/39446097"", ""39446097"")",0.6982369823698239,"1","176"
"=HYPERLINK(""https://stackoverflow.com/q/39473944"", ""39473944"")",0.4947395432383884,"0","307"
"=HYPERLINK(""https://stackoverflow.com/q/39603523"", ""39603523"")",0.2159981558321807,"3","1624"
"=HYPERLINK(""https://stackoverflow.com/q/39684362"", ""39684362"")",0.759064327485381,"0","2236"
"=HYPERLINK(""https://stackoverflow.com/q/39746331"", ""39746331"")",0.3228382386493266,"3","114"
"=HYPERLINK(""https://stackoverflow.com/q/39855368"", ""39855368"")",0.6852399737015128,"1","1029"
"=HYPERLINK(""https://stackoverflow.com/q/39895345"", ""39895345"")",0.4599271402550095,"1","2013"
"=HYPERLINK(""https://stackoverflow.com/q/39950278"", ""39950278"")",0.8372664700098335,"2","178"
"=HYPERLINK(""https://stackoverflow.com/q/40000580"", ""40000580"")",0.6752608962553716,"0","2899"
"=HYPERLINK(""https://stackoverflow.com/q/40019909"", ""40019909"")",0.3880513679508652,"0","141"
"=HYPERLINK(""https://stackoverflow.com/q/40113744"", ""40113744"")",0.392953929539295,"0","994"
"=HYPERLINK(""https://stackoverflow.com/q/40123820"", ""40123820"")",0.3672603901611539,"0","1778"
"=HYPERLINK(""https://stackoverflow.com/q/40374863"", ""40374863"")",0.3256270141516046,"0","377"
"=HYPERLINK(""https://stackoverflow.com/q/40472354"", ""40472354"")",0.8686507936507937,"4","620"
"=HYPERLINK(""https://stackoverflow.com/q/40476833"", ""40476833"")",0.4168330006653357,"1","1013"
"=HYPERLINK(""https://stackoverflow.com/q/40522198"", ""40522198"")",0.4315245478036172,"3","420"
"=HYPERLINK(""https://stackoverflow.com/q/40592255"", ""40592255"")",0.4113501950421541,"0","1057"
"=HYPERLINK(""https://stackoverflow.com/q/40596332"", ""40596332"")",0.3103311047437123,"0","561"
"=HYPERLINK(""https://stackoverflow.com/q/40797686"", ""40797686"")",0.6020990189368007,"0","389"
"=HYPERLINK(""https://stackoverflow.com/q/40798963"", ""40798963"")",0.5027100271002708,"0","3025"
"=HYPERLINK(""https://stackoverflow.com/q/40858988"", ""40858988"")",0.5779534475186642,"0","554"
"=HYPERLINK(""https://stackoverflow.com/q/40863425"", ""40863425"")",0.3309178743961347,"0","524"
"=HYPERLINK(""https://stackoverflow.com/q/41197575"", ""41197575"")",0.4500328731097964,"0","400"
"=HYPERLINK(""https://stackoverflow.com/q/41272825"", ""41272825"")",0.4150793650793652,"0","412"
"=HYPERLINK(""https://stackoverflow.com/q/41438021"", ""41438021"")",0.6819537658463836,"0","3404"
"=HYPERLINK(""https://stackoverflow.com/q/41576366"", ""41576366"")",0.2676767676767675,"0","48"
"=HYPERLINK(""https://stackoverflow.com/q/41595482"", ""41595482"")",0.3108298171589308,"0","1985"
"=HYPERLINK(""https://stackoverflow.com/q/41683477"", ""41683477"")",0.6738351254480278,"2","1210"
"=HYPERLINK(""https://stackoverflow.com/q/41731956"", ""41731956"")",0.3702333230547845,"0","290"
"=HYPERLINK(""https://stackoverflow.com/q/41920326"", ""41920326"")",0.6260683760683762,"0","547"
"=HYPERLINK(""https://stackoverflow.com/q/41954276"", ""41954276"")",0.3008046567368601,"1","215"
"=HYPERLINK(""https://stackoverflow.com/q/41994114"", ""41994114"")",0.3117163856463467,"1","627"
"=HYPERLINK(""https://stackoverflow.com/q/42208899"", ""42208899"")",0.5026650266502667,"0","1200"
"=HYPERLINK(""https://stackoverflow.com/q/42239787"", ""42239787"")",0.3490051065328405,"0","307"
"=HYPERLINK(""https://stackoverflow.com/q/42277585"", ""42277585"")",0.6841159866564023,"0","876"
"=HYPERLINK(""https://stackoverflow.com/q/42356834"", ""42356834"")",0.4739136971883929,"0","2261"
"=HYPERLINK(""https://stackoverflow.com/q/42370929"", ""42370929"")",0.4480949121606201,"0","284"
"=HYPERLINK(""https://stackoverflow.com/q/42655566"", ""42655566"")",0.6554715924992995,"4","8703"
"=HYPERLINK(""https://stackoverflow.com/q/42719968"", ""42719968"")",0.3747645951035783,"2","1094"
"=HYPERLINK(""https://stackoverflow.com/q/42734723"", ""42734723"")",0.3647024333040167,"0","597"
"=HYPERLINK(""https://stackoverflow.com/q/42892938"", ""42892938"")",0.36085438488396,"0","2084"
"=HYPERLINK(""https://stackoverflow.com/q/42942244"", ""42942244"")",0.5376584638329606,"0","302"
"=HYPERLINK(""https://stackoverflow.com/q/43045322"", ""43045322"")",0.4104141041410415,"1","303"
"=HYPERLINK(""https://stackoverflow.com/q/43061699"", ""43061699"")",0.7284834029020077,"0","75"
"=HYPERLINK(""https://stackoverflow.com/q/43075977"", ""43075977"")",0.2821300563236044,"2","2721"
"=HYPERLINK(""https://stackoverflow.com/q/43105123"", ""43105123"")",0.5041499330655952,"0","202"
"=HYPERLINK(""https://stackoverflow.com/q/43201890"", ""43201890"")",0.5054080629301874,"2","721"
"=HYPERLINK(""https://stackoverflow.com/q/43299948"", ""43299948"")",0.5725548164572549,"0","331"
"=HYPERLINK(""https://stackoverflow.com/q/43332875"", ""43332875"")",0.4515687080421975,"0","1477"
"=HYPERLINK(""https://stackoverflow.com/q/43348356"", ""43348356"")",0.521761392729134,"2","1442"
"=HYPERLINK(""https://stackoverflow.com/q/43380364"", ""43380364"")",0.4415618448637317,"0","961"
"=HYPERLINK(""https://stackoverflow.com/q/43401158"", ""43401158"")",0.576637496685229,"1","829"
"=HYPERLINK(""https://stackoverflow.com/q/43414464"", ""43414464"")",0.5113131313131312,"3","347"
"=HYPERLINK(""https://stackoverflow.com/q/43538858"", ""43538858"")",0.3270609318996418,"0","1143"
"=HYPERLINK(""https://stackoverflow.com/q/43549104"", ""43549104"")",0.2690307328605201,"0","2735"
"=HYPERLINK(""https://stackoverflow.com/q/43588217"", ""43588217"")",0.3178104575163398,"0","57"
"=HYPERLINK(""https://stackoverflow.com/q/43623456"", ""43623456"")",0.4361259655377303,"1","290"
"=HYPERLINK(""https://stackoverflow.com/q/43837603"", ""43837603"")",0.6698966408268727,"0","1249"
"=HYPERLINK(""https://stackoverflow.com/q/43863060"", ""43863060"")",0.4995331465919702,"0","1495"
"=HYPERLINK(""https://stackoverflow.com/q/43906526"", ""43906526"")",0.5808429118773948,"1","190"
"=HYPERLINK(""https://stackoverflow.com/q/43908060"", ""43908060"")",0.4308111792774364,"0","6096"
"=HYPERLINK(""https://stackoverflow.com/q/44111993"", ""44111993"")",0.820160366552119,"1","958"
"=HYPERLINK(""https://stackoverflow.com/q/44460780"", ""44460780"")",0.2948865820838137,"1","369"
"=HYPERLINK(""https://stackoverflow.com/q/44502075"", ""44502075"")",0.2733949301113484,"2","262"
"=HYPERLINK(""https://stackoverflow.com/q/44695502"", ""44695502"")",0.5351056578050438,"0","277"
"=HYPERLINK(""https://stackoverflow.com/q/44716662"", ""44716662"")",0.4097222222222223,"0","11338"
"=HYPERLINK(""https://stackoverflow.com/q/44722713"", ""44722713"")",0.2973075464543039,"0","1850"
"=HYPERLINK(""https://stackoverflow.com/q/45152537"", ""45152537"")",0.4294511378848725,"0","368"
"=HYPERLINK(""https://stackoverflow.com/q/45159880"", ""45159880"")",0.3212788259958071,"1","71"
"=HYPERLINK(""https://stackoverflow.com/q/45201252"", ""45201252"")",0.9346232776311936,"1","5506"
"=HYPERLINK(""https://stackoverflow.com/q/45222389"", ""45222389"")",0.781588976839637,"0","241"
"=HYPERLINK(""https://stackoverflow.com/q/45224106"", ""45224106"")",0.5924145299145301,"0","1243"
"=HYPERLINK(""https://stackoverflow.com/q/45226513"", ""45226513"")",0.5483760683760689,"0","191"
"=HYPERLINK(""https://stackoverflow.com/q/45291187"", ""45291187"")",0.4113526570048303,"1","749"
"=HYPERLINK(""https://stackoverflow.com/q/45353235"", ""45353235"")",0.3497390007457124,"0","142"
"=HYPERLINK(""https://stackoverflow.com/q/45357930"", ""45357930"")",0.302313755403,"1","136"
"=HYPERLINK(""https://stackoverflow.com/q/45381416"", ""45381416"")",0.1885683760683761,"6","15388"
"=HYPERLINK(""https://stackoverflow.com/q/45442784"", ""45442784"")",0.4229944229944231,"0","5307"
"=HYPERLINK(""https://stackoverflow.com/q/45461477"", ""45461477"")",0.365409289196818,"0","113"
"=HYPERLINK(""https://stackoverflow.com/q/45489841"", ""45489841"")",0.541989664082687,"2","1159"
"=HYPERLINK(""https://stackoverflow.com/q/45608319"", ""45608319"")",0.4415618448637317,"0","376"
"=HYPERLINK(""https://stackoverflow.com/q/45714313"", ""45714313"")",0.5287548855388049,"3","3613"
"=HYPERLINK(""https://stackoverflow.com/q/45719657"", ""45719657"")",0.4208365409289195,"0","413"
"=HYPERLINK(""https://stackoverflow.com/q/45723545"", ""45723545"")",0.5503472222222229,"1","288"
"=HYPERLINK(""https://stackoverflow.com/q/45787387"", ""45787387"")",0.4399188514357057,"1","1851"
"=HYPERLINK(""https://stackoverflow.com/q/45824743"", ""45824743"")",0.3866517524235647,"0","62"
"=HYPERLINK(""https://stackoverflow.com/q/45870408"", ""45870408"")",0.2935093509350934,"0","78"
"=HYPERLINK(""https://stackoverflow.com/q/45964737"", ""45964737"")",0.3276767676767674,"0","1225"
"=HYPERLINK(""https://stackoverflow.com/q/45991311"", ""45991311"")",0.5075995807127883,"1","676"
"=HYPERLINK(""https://stackoverflow.com/q/46055097"", ""46055097"")",0.7265700483091777,"0","450"
"=HYPERLINK(""https://stackoverflow.com/q/46083721"", ""46083721"")",0.4084467120181402,"0","474"
"=HYPERLINK(""https://stackoverflow.com/q/46158519"", ""46158519"")",0.3921729611384779,"0","595"
"=HYPERLINK(""https://stackoverflow.com/q/46238759"", ""46238759"")",0.7978978978978972,"0","348"
"=HYPERLINK(""https://stackoverflow.com/q/46417978"", ""46417978"")",0.2900793650793651,"0","511"
"=HYPERLINK(""https://stackoverflow.com/q/46641802"", ""46641802"")",0.6355286738351257,"0","358"
"=HYPERLINK(""https://stackoverflow.com/q/46745002"", ""46745002"")",0.4986041317699605,"1","1186"
"=HYPERLINK(""https://stackoverflow.com/q/46776819"", ""46776819"")",0.6075625363583474,"0","265"
"=HYPERLINK(""https://stackoverflow.com/q/46815150"", ""46815150"")",0.5716540404040401,"0","868"
"=HYPERLINK(""https://stackoverflow.com/q/46821015"", ""46821015"")",0.6742478085761675,"0","888"
"=HYPERLINK(""https://stackoverflow.com/q/46933183"", ""46933183"")",0.5665335994677309,"1","1203"
"=HYPERLINK(""https://stackoverflow.com/q/46970906"", ""46970906"")",0.6724067240672407,"0","195"
"=HYPERLINK(""https://stackoverflow.com/q/47116133"", ""47116133"")",0.3697632058287799,"0","39"
"=HYPERLINK(""https://stackoverflow.com/q/47174045"", ""47174045"")",0.4262133530426208,"1","354"
"=HYPERLINK(""https://stackoverflow.com/q/47334904"", ""47334904"")",0.7367340955731462,"0","1449"
"=HYPERLINK(""https://stackoverflow.com/q/47378071"", ""47378071"")",0.8349881796690308,"0","720"
"=HYPERLINK(""https://stackoverflow.com/q/47497901"", ""47497901"")",0.5452991452991457,"0","56"
"=HYPERLINK(""https://stackoverflow.com/q/47586350"", ""47586350"")",0.7308727412533635,"0","64"
"=HYPERLINK(""https://stackoverflow.com/q/47778483"", ""47778483"")",0.3765630582350841,"0","540"
"=HYPERLINK(""https://stackoverflow.com/q/47879257"", ""47879257"")",0.5580532848925222,"2","904"
"=HYPERLINK(""https://stackoverflow.com/q/48008595"", ""48008595"")",0.4665218964893231,"1","89"
"=HYPERLINK(""https://stackoverflow.com/q/48023922"", ""48023922"")",0.3584138993975064,"2","1195"
"=HYPERLINK(""https://stackoverflow.com/q/48114817"", ""48114817"")",0.7174145299145303,"1","888"
"=HYPERLINK(""https://stackoverflow.com/q/48232893"", ""48232893"")",0.3902222222222221,"3","629"
"=HYPERLINK(""https://stackoverflow.com/q/48266729"", ""48266729"")",0.7008318478906717,"1","64"
"=HYPERLINK(""https://stackoverflow.com/q/48758901"", ""48758901"")",0.4167747514051015,"0","41"
"=HYPERLINK(""https://stackoverflow.com/q/48761222"", ""48761222"")",0.8023748939779479,"1","730"
"=HYPERLINK(""https://stackoverflow.com/q/48837776"", ""48837776"")",0.7983091787439602,"1","530"
"=HYPERLINK(""https://stackoverflow.com/q/48840606"", ""48840606"")",0.5293650793650795,"0","977"
"=HYPERLINK(""https://stackoverflow.com/q/48865565"", ""48865565"")",0.7439613526570041,"4","2563"
"=HYPERLINK(""https://stackoverflow.com/q/48871444"", ""48871444"")",0.6539565395653957,"0","2052"
"=HYPERLINK(""https://stackoverflow.com/q/48881818"", ""48881818"")",0.5473453749315814,"0","458"
"=HYPERLINK(""https://stackoverflow.com/q/48891478"", ""48891478"")",0.3951951951951949,"0","726"
"=HYPERLINK(""https://stackoverflow.com/q/48960384"", ""48960384"")",0.3393108298171587,"1","26"
"=HYPERLINK(""https://stackoverflow.com/q/48969884"", ""48969884"")",0.5274853801169597,"1","964"
"=HYPERLINK(""https://stackoverflow.com/q/49121942"", ""49121942"")",0.6396750524109018,"0","131"
"=HYPERLINK(""https://stackoverflow.com/q/49153606"", ""49153606"")",0.4658931082981712,"1","985"
"=HYPERLINK(""https://stackoverflow.com/q/49238955"", ""49238955"")",0.4419802867383512,"1","1349"
"=HYPERLINK(""https://stackoverflow.com/q/49330397"", ""49330397"")",0.6619482496194824,"2","1497"
"=HYPERLINK(""https://stackoverflow.com/q/49423365"", ""49423365"")",0.2961352657004827,"0","601"
"=HYPERLINK(""https://stackoverflow.com/q/49533999"", ""49533999"")",0.3722222222222223,"0","568"
"=HYPERLINK(""https://stackoverflow.com/q/49573185"", ""49573185"")",0.2482808541440463,"1","98"
"=HYPERLINK(""https://stackoverflow.com/q/49591894"", ""49591894"")",0.6250770993039035,"0","566"
"=HYPERLINK(""https://stackoverflow.com/q/49644610"", ""49644610"")",0.2855706385118149,"1","893"
"=HYPERLINK(""https://stackoverflow.com/q/49666922"", ""49666922"")",0.5469454694546946,"0","581"
"=HYPERLINK(""https://stackoverflow.com/q/50064316"", ""50064316"")",0.569693674098242,"0","54"
"=HYPERLINK(""https://stackoverflow.com/q/50271403"", ""50271403"")",0.7014848950332814,"0","292"
"=HYPERLINK(""https://stackoverflow.com/q/50378352"", ""50378352"")",0.4899059947603641,"0","168"
"=HYPERLINK(""https://stackoverflow.com/q/50408450"", ""50408450"")",0.2646750524109015,"0","664"
"=HYPERLINK(""https://stackoverflow.com/q/50429334"", ""50429334"")",0.4763205828779603,"0","969"
"=HYPERLINK(""https://stackoverflow.com/q/50455756"", ""50455756"")",0.5063131313131312,"0","2328"
"=HYPERLINK(""https://stackoverflow.com/q/50469469"", ""50469469"")",0.5526570048309171,"0","641"
"=HYPERLINK(""https://stackoverflow.com/q/50506713"", ""50506713"")",0.683760683760684,"0","91"
"=HYPERLINK(""https://stackoverflow.com/q/50516501"", ""50516501"")",0.5894788593903643,"0","182"
"=HYPERLINK(""https://stackoverflow.com/q/50531100"", ""50531100"")",0.581681681681681,"1","447"
"=HYPERLINK(""https://stackoverflow.com/q/50591528"", ""50591528"")",0.5273069679849336,"0","106"
"=HYPERLINK(""https://stackoverflow.com/q/50618222"", ""50618222"")",0.4462788259958072,"0","498"
"=HYPERLINK(""https://stackoverflow.com/q/50654693"", ""50654693"")",0.5289706884798905,"1","916"
"=HYPERLINK(""https://stackoverflow.com/q/50695907"", ""50695907"")",0.410746812386157,"2","1530"
"=HYPERLINK(""https://stackoverflow.com/q/50750841"", ""50750841"")",0.6362493715434892,"1","482"
"=HYPERLINK(""https://stackoverflow.com/q/50833748"", ""50833748"")",0.4759168035030101,"1","426"
"=HYPERLINK(""https://stackoverflow.com/q/50850716"", ""50850716"")",0.8330176767676764,"1","2219"
"=HYPERLINK(""https://stackoverflow.com/q/50860726"", ""50860726"")",0.548582054858205,"0","495"
"=HYPERLINK(""https://stackoverflow.com/q/50903849"", ""50903849"")",0.4298346789696267,"0","685"
"=HYPERLINK(""https://stackoverflow.com/q/51051867"", ""51051867"")",0.4841869577385945,"0","2941"
"=HYPERLINK(""https://stackoverflow.com/q/51108294"", ""51108294"")",0.3650793650793646,"1","27"
"=HYPERLINK(""https://stackoverflow.com/q/51170600"", ""51170600"")",0.361462728551336,"1","2498"
"=HYPERLINK(""https://stackoverflow.com/q/51242918"", ""51242918"")",0.358242373355723,"0","173"
"=HYPERLINK(""https://stackoverflow.com/q/51360587"", ""51360587"")",0.728653090389425,"7","489"
"=HYPERLINK(""https://stackoverflow.com/q/51398366"", ""51398366"")",0.6741452991452993,"1","405"
"=HYPERLINK(""https://stackoverflow.com/q/51447095"", ""51447095"")",0.6357151493168904,"1","172"
"=HYPERLINK(""https://stackoverflow.com/q/51583737"", ""51583737"")",0.4722222222222226,"0","238"
"=HYPERLINK(""https://stackoverflow.com/q/51605700"", ""51605700"")",0.6294387170675828,"1","201"
"=HYPERLINK(""https://stackoverflow.com/q/51614738"", ""51614738"")",0.5422222222222228,"0","2042"
"=HYPERLINK(""https://stackoverflow.com/q/51671197"", ""51671197"")",0.5773859501819192,"3","145"
"=HYPERLINK(""https://stackoverflow.com/q/51687309"", ""51687309"")",0.6185355862775209,"0","95"
"=HYPERLINK(""https://stackoverflow.com/q/51729522"", ""51729522"")",0.249940772328832,"0","184"
"=HYPERLINK(""https://stackoverflow.com/q/51765318"", ""51765318"")",0.6744835287548852,"0","278"
"=HYPERLINK(""https://stackoverflow.com/q/51817216"", ""51817216"")",0.5841469084146905,"1","376"
"=HYPERLINK(""https://stackoverflow.com/q/51825216"", ""51825216"")",0.420966992096699,"0","468"
"=HYPERLINK(""https://stackoverflow.com/q/51869917"", ""51869917"")",0.9452139119729148,"3","640"
"=HYPERLINK(""https://stackoverflow.com/q/51964843"", ""51964843"")",0.3924349881796692,"0","498"
"=HYPERLINK(""https://stackoverflow.com/q/52033951"", ""52033951"")",0.2714529914529917,"0","356"
"=HYPERLINK(""https://stackoverflow.com/q/52055242"", ""52055242"")",0.4946773120425812,"0","1265"
"=HYPERLINK(""https://stackoverflow.com/q/52077314"", ""52077314"")",0.6797867978679787,"0","283"
"=HYPERLINK(""https://stackoverflow.com/q/52083464"", ""52083464"")",0.3297140788997467,"2","1786"
"=HYPERLINK(""https://stackoverflow.com/q/52157619"", ""52157619"")",0.718666034455509,"0","768"
"=HYPERLINK(""https://stackoverflow.com/q/52217309"", ""52217309"")",0.3851181498240321,"0","612"
"=HYPERLINK(""https://stackoverflow.com/q/52223295"", ""52223295"")",0.2811844863731657,"0","23"
"=HYPERLINK(""https://stackoverflow.com/q/52269801"", ""52269801"")",0.3757936507936509,"0","272"
"=HYPERLINK(""https://stackoverflow.com/q/52303022"", ""52303022"")",0.6113974799541809,"0","483"
"=HYPERLINK(""https://stackoverflow.com/q/52423405"", ""52423405"")",0.291426374471357,"0","100"
"=HYPERLINK(""https://stackoverflow.com/q/52627760"", ""52627760"")",0.433760683760684,"0","499"
"=HYPERLINK(""https://stackoverflow.com/q/52629605"", ""52629605"")",0.3076652601969056,"0","108"
"=HYPERLINK(""https://stackoverflow.com/q/52707848"", ""52707848"")",0.2776871488127606,"0","610"
"=HYPERLINK(""https://stackoverflow.com/q/52773019"", ""52773019"")",0.6520094562647755,"0","223"
"=HYPERLINK(""https://stackoverflow.com/q/52874421"", ""52874421"")",0.759535655058044,"1","495"
"=HYPERLINK(""https://stackoverflow.com/q/52890757"", ""52890757"")",0.7087994034302763,"3","2597"
"=HYPERLINK(""https://stackoverflow.com/q/52941918"", ""52941918"")",0.4618535586277517,"0","108"
"=HYPERLINK(""https://stackoverflow.com/q/53027157"", ""53027157"")",0.4810250391236311,"0","668"
"=HYPERLINK(""https://stackoverflow.com/q/53055770"", ""53055770"")",0.443741209563994,"1","76"
"=HYPERLINK(""https://stackoverflow.com/q/53344856"", ""53344856"")",0.6098443720593557,"0","141"
"=HYPERLINK(""https://stackoverflow.com/q/53538056"", ""53538056"")",0.5039901780233272,"1","406"
"=HYPERLINK(""https://stackoverflow.com/q/53549812"", ""53549812"")",0.5653956539565397,"0","244"
"=HYPERLINK(""https://stackoverflow.com/q/53592198"", ""53592198"")",0.5539529914529917,"0","67"
"=HYPERLINK(""https://stackoverflow.com/q/53613423"", ""53613423"")",0.4886582083813914,"1","259"
"=HYPERLINK(""https://stackoverflow.com/q/53664484"", ""53664484"")",0.9346116027531964,"0","138"
"=HYPERLINK(""https://stackoverflow.com/q/53714901"", ""53714901"")",0.4235796882855706,"0","375"
"=HYPERLINK(""https://stackoverflow.com/q/53801839"", ""53801839"")",0.7306559571619806,"0","249"
"=HYPERLINK(""https://stackoverflow.com/q/53930968"", ""53930968"")",0.4866452991452993,"1","254"
"=HYPERLINK(""https://stackoverflow.com/q/53974853"", ""53974853"")",0.5224531691044393,"1","21236"
"=HYPERLINK(""https://stackoverflow.com/q/54060686"", ""54060686"")",0.5760683760683761,"1","400"
"=HYPERLINK(""https://stackoverflow.com/q/54074995"", ""54074995"")",0.392797915185975,"0","697"
"=HYPERLINK(""https://stackoverflow.com/q/54209206"", ""54209206"")",0.6531614487415595,"0","121"
"=HYPERLINK(""https://stackoverflow.com/q/54238146"", ""54238146"")",0.38944076526858,"0","98"
"=HYPERLINK(""https://stackoverflow.com/q/54352320"", ""54352320"")",0.3591787439613523,"0","230"
"=HYPERLINK(""https://stackoverflow.com/q/54531836"", ""54531836"")",0.367542419266557,"0","76"
"=HYPERLINK(""https://stackoverflow.com/q/54589413"", ""54589413"")",0.4401838771162687,"1","1847"
"=HYPERLINK(""https://stackoverflow.com/q/54741436"", ""54741436"")",0.4374120956399436,"0","421"
"=HYPERLINK(""https://stackoverflow.com/q/54767845"", ""54767845"")",0.5199321458863451,"0","201"
"=HYPERLINK(""https://stackoverflow.com/q/54793173"", ""54793173"")",0.3997923156801661,"1","393"
"=HYPERLINK(""https://stackoverflow.com/q/54818495"", ""54818495"")",0.4587491683300064,"2","156"
"=HYPERLINK(""https://stackoverflow.com/q/54890491"", ""54890491"")",0.3639747995418099,"0","584"
"=HYPERLINK(""https://stackoverflow.com/q/55042830"", ""55042830"")",0.4048309178743955,"1","800"
"=HYPERLINK(""https://stackoverflow.com/q/55208092"", ""55208092"")",0.8958749168330002,"0","747"
"=HYPERLINK(""https://stackoverflow.com/q/55313996"", ""55313996"")",0.4616763165150267,"3","169"
"=HYPERLINK(""https://stackoverflow.com/q/55376539"", ""55376539"")",0.614839671886652,"1","44"
"=HYPERLINK(""https://stackoverflow.com/q/55456393"", ""55456393"")",0.4775921506231764,"0","372"
"=HYPERLINK(""https://stackoverflow.com/q/55530340"", ""55530340"")",0.4089135346066957,"2","663"
"=HYPERLINK(""https://stackoverflow.com/q/55738130"", ""55738130"")",0.4972982100641677,"0","161"
"=HYPERLINK(""https://stackoverflow.com/q/55853588"", ""55853588"")",0.5709520143700282,"0","1187"
"=HYPERLINK(""https://stackoverflow.com/q/55869132"", ""55869132"")",0.3836146272855131,"0","84"
"=HYPERLINK(""https://stackoverflow.com/q/55935097"", ""55935097"")",0.5286738351254483,"1","49"
"=HYPERLINK(""https://stackoverflow.com/q/55968226"", ""55968226"")",0.2745299145299146,"0","87"
"=HYPERLINK(""https://stackoverflow.com/q/56006399"", ""56006399"")",0.290823805335679,"0","190"
"=HYPERLINK(""https://stackoverflow.com/q/56007905"", ""56007905"")",0.7492492492492485,"2","432"
"=HYPERLINK(""https://stackoverflow.com/q/56117895"", ""56117895"")",0.5083760683760689,"0","964"
"=HYPERLINK(""https://stackoverflow.com/q/56121167"", ""56121167"")",0.4347222222222228,"0","860"
"=HYPERLINK(""https://stackoverflow.com/q/56130315"", ""56130315"")",0.591349739000746,"0","98"
"=HYPERLINK(""https://stackoverflow.com/q/56218334"", ""56218334"")",0.5574991901522521,"1","2214"
"=HYPERLINK(""https://stackoverflow.com/q/56319864"", ""56319864"")",0.3551336146272853,"0","108"
"=HYPERLINK(""https://stackoverflow.com/q/56669698"", ""56669698"")",0.5594315245478032,"0","21"
"=HYPERLINK(""https://stackoverflow.com/q/56844215"", ""56844215"")",0.30055120394546,"2","1169"
"=HYPERLINK(""https://stackoverflow.com/q/56846426"", ""56846426"")",0.2834076906734653,"0","133"
"=HYPERLINK(""https://stackoverflow.com/q/56848009"", ""56848009"")",0.4119455423803247,"0","128"
"=HYPERLINK(""https://stackoverflow.com/q/56857038"", ""56857038"")",0.5396025748670578,"0","28"
"=HYPERLINK(""https://stackoverflow.com/q/56873258"", ""56873258"")",0.4916833000665332,"0","67"
"=HYPERLINK(""https://stackoverflow.com/q/56914312"", ""56914312"")",0.4152858060372511,"0","407"
"=HYPERLINK(""https://stackoverflow.com/q/56967736"", ""56967736"")",0.2879661668589002,"0","188"
"=HYPERLINK(""https://stackoverflow.com/q/57034276"", ""57034276"")",0.5805284111473035,"0","300"
"=HYPERLINK(""https://stackoverflow.com/q/57077679"", ""57077679"")",0.8009361911800928,"0","202"
"=HYPERLINK(""https://stackoverflow.com/q/57084249"", ""57084249"")",0.3977840199750316,"1","318"
"=HYPERLINK(""https://stackoverflow.com/q/57161753"", ""57161753"")",0.4279184247538675,"0","98"
"=HYPERLINK(""https://stackoverflow.com/q/57185134"", ""57185134"")",0.4314529914529919,"0","39"
"=HYPERLINK(""https://stackoverflow.com/q/57213119"", ""57213119"")",0.4697792254795511,"2","371"
"=HYPERLINK(""https://stackoverflow.com/q/57236426"", ""57236426"")",0.2843843843843843,"2","80"
"=HYPERLINK(""https://stackoverflow.com/q/57242177"", ""57242177"")",0.4907211651397695,"0","499"
"=HYPERLINK(""https://stackoverflow.com/q/57272980"", ""57272980"")",0.6394407652685801,"0","602"
"=HYPERLINK(""https://stackoverflow.com/q/57316012"", ""57316012"")",0.5884872824631855,"1","731"
"=HYPERLINK(""https://stackoverflow.com/q/57359876"", ""57359876"")",0.4851980007689345,"1","731"
"=HYPERLINK(""https://stackoverflow.com/q/57369751"", ""57369751"")",0.5074571215510814,"1","76"
"=HYPERLINK(""https://stackoverflow.com/q/57392084"", ""57392084"")",0.2498719918074753,"0","1330"
"=HYPERLINK(""https://stackoverflow.com/q/57465182"", ""57465182"")",0.397606837606838,"0","84"
"=HYPERLINK(""https://stackoverflow.com/q/57490143"", ""57490143"")",0.6021614319486662,"0","402"
"=HYPERLINK(""https://stackoverflow.com/q/57593113"", ""57593113"")",0.5309470544369875,"0","407"
"=HYPERLINK(""https://stackoverflow.com/q/57721816"", ""57721816"")",0.4283760683760689,"0","274"
"=HYPERLINK(""https://stackoverflow.com/q/57757909"", ""57757909"")",0.7300458353089937,"0","77"
"=HYPERLINK(""https://stackoverflow.com/q/57778801"", ""57778801"")",0.5275657336726046,"1","267"
"=HYPERLINK(""https://stackoverflow.com/q/57977027"", ""57977027"")",0.8459335624284078,"0","343"
"=HYPERLINK(""https://stackoverflow.com/q/58012475"", ""58012475"")",0.457516339869281,"0","70"
"=HYPERLINK(""https://stackoverflow.com/q/58183246"", ""58183246"")",0.5879940343027593,"0","469"
"=HYPERLINK(""https://stackoverflow.com/q/58373323"", ""58373323"")",0.3814964157706094,"0","265"
"=HYPERLINK(""https://stackoverflow.com/q/58483028"", ""58483028"")",0.3255432554325544,"1","34"
"=HYPERLINK(""https://stackoverflow.com/q/58521055"", ""58521055"")",0.4511617663252945,"6","922"
"=HYPERLINK(""https://stackoverflow.com/q/58642407"", ""58642407"")",0.3423700965290617,"0","110"
"=HYPERLINK(""https://stackoverflow.com/q/58646913"", ""58646913"")",0.7222222222222222,"0","362"
"=HYPERLINK(""https://stackoverflow.com/q/58663621"", ""58663621"")",0.5084817642069558,"1","147"
"=HYPERLINK(""https://stackoverflow.com/q/58686531"", ""58686531"")",0.4473144731447315,"1","146"
"=HYPERLINK(""https://stackoverflow.com/q/58687783"", ""58687783"")",0.4401878761191838,"2","3555"
"=HYPERLINK(""https://stackoverflow.com/q/58802342"", ""58802342"")",0.5635973730062993,"1","2039"
"=HYPERLINK(""https://stackoverflow.com/q/58819467"", ""58819467"")",0.4592966232310499,"0","902"
"=HYPERLINK(""https://stackoverflow.com/q/58960370"", ""58960370"")",0.4819624819624817,"1","758"
"=HYPERLINK(""https://stackoverflow.com/q/58965326"", ""58965326"")",0.3944994499449942,"0","239"
"=HYPERLINK(""https://stackoverflow.com/q/59036248"", ""59036248"")",0.3981016192071467,"1","175"
"=HYPERLINK(""https://stackoverflow.com/q/59038218"", ""59038218"")",0.3623895862389584,"0","285"
"=HYPERLINK(""https://stackoverflow.com/q/59136796"", ""59136796"")",0.338699494949495,"0","92"
"=HYPERLINK(""https://stackoverflow.com/q/59210775"", ""59210775"")",0.6316181953765849,"0","141"
"=HYPERLINK(""https://stackoverflow.com/q/59313090"", ""59313090"")",0.3604664200022424,"0","1196"
"=HYPERLINK(""https://stackoverflow.com/q/59320807"", ""59320807"")",0.6150793650793647,"0","30"
"=HYPERLINK(""https://stackoverflow.com/q/59347866"", ""59347866"")",0.5004649000464897,"1","212"
"=HYPERLINK(""https://stackoverflow.com/q/59740458"", ""59740458"")",0.435611343561134,"1","149"
"=HYPERLINK(""https://stackoverflow.com/q/59821225"", ""59821225"")",0.4898278560250395,"0","543"
"=HYPERLINK(""https://stackoverflow.com/q/59876252"", ""59876252"")",0.6959064327485388,"0","29"
"=HYPERLINK(""https://stackoverflow.com/q/59949496"", ""59949496"")",0.5947054436987327,"0","217"
"=HYPERLINK(""https://stackoverflow.com/q/59971506"", ""59971506"")",0.2978036175710591,"1","936"
"=HYPERLINK(""https://stackoverflow.com/q/59988151"", ""59988151"")",0.6613366133661338,"0","63"
"=HYPERLINK(""https://stackoverflow.com/q/60140719"", ""60140719"")",0.8853801169590653,"0","177"
"=HYPERLINK(""https://stackoverflow.com/q/60193479"", ""60193479"")",0.7288185282908238,"0","364"
"=HYPERLINK(""https://stackoverflow.com/q/60216898"", ""60216898"")",0.3329233292332924,"1","715"
"=HYPERLINK(""https://stackoverflow.com/q/60269496"", ""60269496"")",0.4155923879680787,"0","377"
"=HYPERLINK(""https://stackoverflow.com/q/60270574"", ""60270574"")",0.8731917513080949,"0","1933"
"=HYPERLINK(""https://stackoverflow.com/q/60285447"", ""60285447"")",0.5871182961252245,"0","312"
"=HYPERLINK(""https://stackoverflow.com/q/60317087"", ""60317087"")",0.3839243498817967,"0","159"
"=HYPERLINK(""https://stackoverflow.com/q/60319884"", ""60319884"")",0.539016115351994,"0","75"
"=HYPERLINK(""https://stackoverflow.com/q/60338359"", ""60338359"")",0.6015325670498085,"0","244"
"=HYPERLINK(""https://stackoverflow.com/q/60375305"", ""60375305"")",0.1721678152581307,"0","64"
"=HYPERLINK(""https://stackoverflow.com/q/60379101"", ""60379101"")",0.3710986267166048,"3","134"
"=HYPERLINK(""https://stackoverflow.com/q/60491019"", ""60491019"")",0.4069797279958941,"1","86"
"=HYPERLINK(""https://stackoverflow.com/q/60692538"", ""60692538"")",0.7250379905247166,"0","495"
"=HYPERLINK(""https://stackoverflow.com/q/60715522"", ""60715522"")",0.5933065595716193,"2","825"
"=HYPERLINK(""https://stackoverflow.com/q/60721894"", ""60721894"")",0.5846955697701969,"0","98"
"=HYPERLINK(""https://stackoverflow.com/q/60789899"", ""60789899"")",0.7972799589427765,"0","190"
"=HYPERLINK(""https://stackoverflow.com/q/60815382"", ""60815382"")",0.5594863731656186,"0","92"
"=HYPERLINK(""https://stackoverflow.com/q/60821066"", ""60821066"")",0.4690012113203392,"0","302"
"=HYPERLINK(""https://stackoverflow.com/q/61109145"", ""61109145"")",0.4692636423405657,"0","173"
"=HYPERLINK(""https://stackoverflow.com/q/61116977"", ""61116977"")",0.4393122915062868,"0","62"
"=HYPERLINK(""https://stackoverflow.com/q/61225175"", ""61225175"")",0.7393726180005868,"0","103"
"=HYPERLINK(""https://stackoverflow.com/q/61231959"", ""61231959"")",0.4700098328416916,"1","79"
"=HYPERLINK(""https://stackoverflow.com/q/61252566"", ""61252566"")",0.6183489827856032,"0","529"
"=HYPERLINK(""https://stackoverflow.com/q/61287217"", ""61287217"")",0.6191294387170675,"0","72"
"=HYPERLINK(""https://stackoverflow.com/q/61379413"", ""61379413"")",0.5754137115839244,"0","43"
"=HYPERLINK(""https://stackoverflow.com/q/61453322"", ""61453322"")",0.8348704435660949,"0","164"
"=HYPERLINK(""https://stackoverflow.com/q/61537914"", ""61537914"")",0.710111495578623,"0","114"
"=HYPERLINK(""https://stackoverflow.com/q/61629080"", ""61629080"")",0.2112847222222224,"0","123"
"=HYPERLINK(""https://stackoverflow.com/q/61760046"", ""61760046"")",0.2672049211841598,"0","184"
"=HYPERLINK(""https://stackoverflow.com/q/61868522"", ""61868522"")",0.5699145299145306,"1","464"
"=HYPERLINK(""https://stackoverflow.com/q/61895331"", ""61895331"")",0.2794741306191691,"2","305"
"=HYPERLINK(""https://stackoverflow.com/q/61907521"", ""61907521"")",0.8589004229142629,"0","54"
"=HYPERLINK(""https://stackoverflow.com/q/61948571"", ""61948571"")",0.484699116861779,"0","812"
"=HYPERLINK(""https://stackoverflow.com/q/61992996"", ""61992996"")",0.3973374295954936,"0","106"
"=HYPERLINK(""https://stackoverflow.com/q/62015388"", ""62015388"")",0.5727376861397478,"0","637"
"=HYPERLINK(""https://stackoverflow.com/q/62026894"", ""62026894"")",0.4730365544697792,"0","109"
"=HYPERLINK(""https://stackoverflow.com/q/62037231"", ""62037231"")",0.3587409935532801,"0","560"
"=HYPERLINK(""https://stackoverflow.com/q/62074644"", ""62074644"")",0.6311931984755208,"0","105"
"=HYPERLINK(""https://stackoverflow.com/q/62150605"", ""62150605"")",0.3362287368802027,"1","53"
"=HYPERLINK(""https://stackoverflow.com/q/62255253"", ""62255253"")",0.5970348159253712,"0","237"
"=HYPERLINK(""https://stackoverflow.com/q/62277313"", ""62277313"")",0.5330917874396128,"0","208"
"=HYPERLINK(""https://stackoverflow.com/q/62281439"", ""62281439"")",0.5945299145299151,"0","35"
"=HYPERLINK(""https://stackoverflow.com/q/62392885"", ""62392885"")",0.8013361462728543,"2","667"
"=HYPERLINK(""https://stackoverflow.com/q/62403176"", ""62403176"")",0.5432748538011701,"1","161"
"=HYPERLINK(""https://stackoverflow.com/q/62506997"", ""62506997"")",0.3898358585858584,"1","202"
"=HYPERLINK(""https://stackoverflow.com/q/62522408"", ""62522408"")",0.632936507936508,"1","644"
"=HYPERLINK(""https://stackoverflow.com/q/62571068"", ""62571068"")",0.3852991452991458,"0","117"
"=HYPERLINK(""https://stackoverflow.com/q/62689925"", ""62689925"")",0.5665335994677309,"1","84"
"=HYPERLINK(""https://stackoverflow.com/q/62792391"", ""62792391"")",0.3456399437412094,"0","71"
"=HYPERLINK(""https://stackoverflow.com/q/62798178"", ""62798178"")",0.4981656184486375,"0","128"
"=HYPERLINK(""https://stackoverflow.com/q/62826744"", ""62826744"")",0.6270665128796611,"0","100"
"=HYPERLINK(""https://stackoverflow.com/q/62837827"", ""62837827"")",0.4315245478036172,"1","181"
"=HYPERLINK(""https://stackoverflow.com/q/62878730"", ""62878730"")",0.4264475743348986,"1","189"
"=HYPERLINK(""https://stackoverflow.com/q/62890030"", ""62890030"")",0.3639189731247491,"2","878"
"=HYPERLINK(""https://stackoverflow.com/q/62916165"", ""62916165"")",0.3606837606837612,"0","178"
"=HYPERLINK(""https://stackoverflow.com/q/62950671"", ""62950671"")",0.8588201603665521,"0","309"
"=HYPERLINK(""https://stackoverflow.com/q/62951675"", ""62951675"")",0.5608389369196288,"0","238"
"=HYPERLINK(""https://stackoverflow.com/q/62972999"", ""62972999"")",0.5309293462327765,"2","427"
"=HYPERLINK(""https://stackoverflow.com/q/62992580"", ""62992580"")",0.2660694640892662,"1","133"
"=HYPERLINK(""https://stackoverflow.com/q/63013709"", ""63013709"")",0.5724526369687655,"0","84"
"=HYPERLINK(""https://stackoverflow.com/q/63025716"", ""63025716"")",0.3617571059431521,"0","61"
"=HYPERLINK(""https://stackoverflow.com/q/63084201"", ""63084201"")",0.4775413711583925,"0","1213"
"=HYPERLINK(""https://stackoverflow.com/q/63145416"", ""63145416"")",0.4690736076126498,"0","230"
"=HYPERLINK(""https://stackoverflow.com/q/63150950"", ""63150950"")",0.4150888008219579,"1","134"
"=HYPERLINK(""https://stackoverflow.com/q/63178233"", ""63178233"")",0.358242373355723,"0","269"
"=HYPERLINK(""https://stackoverflow.com/q/63242516"", ""63242516"")",0.3156528791565291,"0","70"
"=HYPERLINK(""https://stackoverflow.com/q/63284473"", ""63284473"")",0.3389886892880904,"0","24"
"=HYPERLINK(""https://stackoverflow.com/q/63298031"", ""63298031"")",0.5877394636015327,"0","20"
"=HYPERLINK(""https://stackoverflow.com/q/63301434"", ""63301434"")",0.6689435336976326,"0","233"
"=HYPERLINK(""https://stackoverflow.com/q/63325119"", ""63325119"")",0.73534175574992,"0","52"
"=HYPERLINK(""https://stackoverflow.com/q/63330576"", ""63330576"")",0.6205273069679845,"0","67"
"=HYPERLINK(""https://stackoverflow.com/q/63345750"", ""63345750"")",0.6969057665260192,"0","206"
"=HYPERLINK(""https://stackoverflow.com/q/63370585"", ""63370585"")",0.462041226747109,"1","494"
"=HYPERLINK(""https://stackoverflow.com/q/63380212"", ""63380212"")",0.4686507936507937,"0","14"
"=HYPERLINK(""https://stackoverflow.com/q/63382379"", ""63382379"")",0.2392797915185977,"0","43"
"=HYPERLINK(""https://stackoverflow.com/q/63396823"", ""63396823"")",0.6233782915863841,"2","107"
"=HYPERLINK(""https://stackoverflow.com/q/63454800"", ""63454800"")",0.5411411411411408,"0","7"
"=HYPERLINK(""https://stackoverflow.com/q/63529007"", ""63529007"")",0.5660957400087829,"0","37"
"=HYPERLINK(""https://stackoverflow.com/q/63553421"", ""63553421"")",0.4440871739907111,"0","120"
"=HYPERLINK(""https://stackoverflow.com/q/63585396"", ""63585396"")",0.440237888018567,"1","84"
"=HYPERLINK(""https://stackoverflow.com/q/63622479"", ""63622479"")",0.4477541371158393,"0","65"
"=HYPERLINK(""https://stackoverflow.com/q/63706357"", ""63706357"")",0.5695276114437788,"0","11"
"=HYPERLINK(""https://stackoverflow.com/q/63726089"", ""63726089"")",0.809048569527611,"3","82"
"=HYPERLINK(""https://stackoverflow.com/q/63748287"", ""63748287"")",0.6067893489474414,"1","602"
"=HYPERLINK(""https://stackoverflow.com/q/63820265"", ""63820265"")",0.6504733432984552,"0","90"
"=HYPERLINK(""https://stackoverflow.com/q/63838934"", ""63838934"")",0.3923066613054548,"0","171"
"=HYPERLINK(""https://stackoverflow.com/q/63847725"", ""63847725"")",0.6642111724984655,"0","28"
"=HYPERLINK(""https://stackoverflow.com/q/63927394"", ""63927394"")",0.4512971120900639,"0","97"
"=HYPERLINK(""https://stackoverflow.com/q/64008851"", ""64008851"")",0.4332948865820834,"0","76"
"=HYPERLINK(""https://stackoverflow.com/q/64122049"", ""64122049"")",0.3748939779474136,"1","75"
"=HYPERLINK(""https://stackoverflow.com/q/64148840"", ""64148840"")",0.5508739076154813,"0","196"
"=HYPERLINK(""https://stackoverflow.com/q/64187588"", ""64187588"")",0.2524870393722855,"0","382"
"=HYPERLINK(""https://stackoverflow.com/q/64195539"", ""64195539"")",0.2344921608725287,"0","122"
"=HYPERLINK(""https://stackoverflow.com/q/64213521"", ""64213521"")",0.8299570288520567,"1","54"
"=HYPERLINK(""https://stackoverflow.com/q/64273581"", ""64273581"")",0.3981304440195456,"0","234"
"=HYPERLINK(""https://stackoverflow.com/q/64296542"", ""64296542"")",0.6558356676003735,"0","214"
"=HYPERLINK(""https://stackoverflow.com/q/64347153"", ""64347153"")",0.3612754766600923,"0","263"
"=HYPERLINK(""https://stackoverflow.com/q/64388466"", ""64388466"")",0.3224354418384272,"0","17"
"=HYPERLINK(""https://stackoverflow.com/q/64451753"", ""64451753"")",0.5601723607263774,"0","45"
"=HYPERLINK(""https://stackoverflow.com/q/64472788"", ""64472788"")",0.574571215510813,"0","188"
"=HYPERLINK(""https://stackoverflow.com/q/64480999"", ""64480999"")",0.3357357357357355,"0","16"
"=HYPERLINK(""https://stackoverflow.com/q/64498751"", ""64498751"")",0.5361757105943149,"0","880"
"=HYPERLINK(""https://stackoverflow.com/q/64503137"", ""64503137"")",0.3672411377329413,"0","131"
"=HYPERLINK(""https://stackoverflow.com/q/64571768"", ""64571768"")",0.3804500703234879,"0","66"
"=HYPERLINK(""https://stackoverflow.com/q/64642903"", ""64642903"")",0.4985858585858584,"0","35"
"=HYPERLINK(""https://stackoverflow.com/q/64691257"", ""64691257"")",0.7620995228357184,"0","87"
"=HYPERLINK(""https://stackoverflow.com/q/64700694"", ""64700694"")",0.448741559238797,"1","22"
"=HYPERLINK(""https://stackoverflow.com/q/64751504"", ""64751504"")",0.3435942538844915,"0","86"
"=HYPERLINK(""https://stackoverflow.com/q/64755875"", ""64755875"")",0.3441734417344172,"0","54"
"=HYPERLINK(""https://stackoverflow.com/q/64757448"", ""64757448"")",0.5020006155740228,"0","35"
"=HYPERLINK(""https://stackoverflow.com/q/64810124"", ""64810124"")",0.6975916803503005,"0","36"
"=HYPERLINK(""https://stackoverflow.com/q/64970059"", ""64970059"")",0.506286887349243,"1","237"
"=HYPERLINK(""https://stackoverflow.com/q/64989259"", ""64989259"")",0.2833154698106467,"0","55"
"=HYPERLINK(""https://stackoverflow.com/q/65022736"", ""65022736"")",0.4146379525593013,"0","30"
"=HYPERLINK(""https://stackoverflow.com/q/65051494"", ""65051494"")",0.4230418943533701,"0","19"
"=HYPERLINK(""https://stackoverflow.com/q/65091240"", ""65091240"")",0.488433826317785,"1","109"
"=HYPERLINK(""https://stackoverflow.com/q/65133580"", ""65133580"")",0.270235467255335,"0","84"
"=HYPERLINK(""https://stackoverflow.com/q/65145695"", ""65145695"")",0.3621639131843218,"0","30"
"=HYPERLINK(""https://stackoverflow.com/q/65148942"", ""65148942"")",0.9580176767676762,"0","46"
"=HYPERLINK(""https://stackoverflow.com/q/65252770"", ""65252770"")",0.4397062307510073,"1","122"
"=HYPERLINK(""https://stackoverflow.com/q/65287136"", ""65287136"")",0.6529914529914538,"0","60"
"=HYPERLINK(""https://stackoverflow.com/q/65297677"", ""65297677"")",0.4014675052410903,"0","39"
"=HYPERLINK(""https://stackoverflow.com/q/65430530"", ""65430530"")",0.2713505898925868,"0","31"
"=HYPERLINK(""https://stackoverflow.com/q/65528638"", ""65528638"")",0.3812180381218036,"1","17"
"=HYPERLINK(""https://stackoverflow.com/q/65571993"", ""65571993"")",0.3616909129243098,"1","44"
"=HYPERLINK(""https://stackoverflow.com/q/65572754"", ""65572754"")",0.2910558742298705,"0","26"
"=HYPERLINK(""https://stackoverflow.com/q/65576870"", ""65576870"")",0.5105771205586368,"1","78"
"=HYPERLINK(""https://stackoverflow.com/q/65594347"", ""65594347"")",0.8094798399507541,"0","20"
"=HYPERLINK(""https://stackoverflow.com/q/65605892"", ""65605892"")",0.5972222222222231,"0","106"
"=HYPERLINK(""https://stackoverflow.com/q/65613748"", ""65613748"")",0.7534722222222218,"0","28"
"=HYPERLINK(""https://stackoverflow.com/q/65707998"", ""65707998"")",0.5801558015580157,"0","20"
"=HYPERLINK(""https://stackoverflow.com/q/65877037"", ""65877037"")",0.9486373165618452,"0","16"
"=HYPERLINK(""https://stackoverflow.com/q/65951611"", ""65951611"")",0.5639307649357896,"0","52"
"=HYPERLINK(""https://stackoverflow.com/q/65985560"", ""65985560"")",0.6646107840388754,"0","74"
"=HYPERLINK(""https://stackoverflow.com/q/65990108"", ""65990108"")",0.5440972222222228,"0","72"
"=HYPERLINK(""https://stackoverflow.com/q/66029780"", ""66029780"")",0.4490263459335624,"0","17"
"=HYPERLINK(""https://stackoverflow.com/q/66060297"", ""66060297"")",0.5779914529914533,"0","61"
"=HYPERLINK(""https://stackoverflow.com/q/66061993"", ""66061993"")",0.4886892880904854,"0","45"
"=HYPERLINK(""https://stackoverflow.com/q/66090245"", ""66090245"")",0.5450699043414279,"0","53"
"=HYPERLINK(""https://stackoverflow.com/q/66110345"", ""66110345"")",0.4458585858585858,"0","22"
"=HYPERLINK(""https://stackoverflow.com/q/66189681"", ""66189681"")",0.5100451004510047,"1","65"
"=HYPERLINK(""https://stackoverflow.com/q/66234128"", ""66234128"")",0.2648661454631604,"0","18"
"=HYPERLINK(""https://stackoverflow.com/q/66234336"", ""66234336"")",0.3431698531449151,"0","21"
"=HYPERLINK(""https://stackoverflow.com/q/66267440"", ""66267440"")",0.5434142752023549,"0","29"
"=HYPERLINK(""https://stackoverflow.com/q/66317111"", ""66317111"")",0.3783935068569825,"0","29"
"=HYPERLINK(""https://stackoverflow.com/q/66331539"", ""66331539"")",0.3809220310176336,"1","82"
"=HYPERLINK(""https://stackoverflow.com/q/66368072"", ""66368072"")",0.5762045231071784,"1","40"
"=HYPERLINK(""https://stackoverflow.com/q/66454774"", ""66454774"")",0.3331171638564633,"0","23"
"=HYPERLINK(""https://stackoverflow.com/q/66537538"", ""66537538"")",0.631313131313131,"0","74"
"=HYPERLINK(""https://stackoverflow.com/q/66539997"", ""66539997"")",0.4628079962807992,"0","20"
"=HYPERLINK(""https://stackoverflow.com/q/66566349"", ""66566349"")",0.2786424556852572,"2","30"
"=HYPERLINK(""https://stackoverflow.com/q/66588080"", ""66588080"")",0.448028673835125,"0","17"
"=HYPERLINK(""https://stackoverflow.com/q/66640236"", ""66640236"")",0.4168330006653358,"0","34"
"=HYPERLINK(""https://stackoverflow.com/q/66641898"", ""66641898"")",0.3582981715893106,"1","16"
"=HYPERLINK(""https://stackoverflow.com/q/66668926"", ""66668926"")",0.3818313427433948,"0","22"
"=HYPERLINK(""https://stackoverflow.com/q/66818186"", ""66818186"")",0.3127199597787833,"0","24"
"=HYPERLINK(""https://stackoverflow.com/q/66846055"", ""66846055"")",0.367383512544803,"0","31"
"=HYPERLINK(""https://stackoverflow.com/q/66849184"", ""66849184"")",0.4235796882855706,"0","32"
"=HYPERLINK(""https://stackoverflow.com/q/66858446"", ""66858446"")",0.3379857690202516,"0","10"
"=HYPERLINK(""https://stackoverflow.com/q/66878158"", ""66878158"")",0.4438717067583045,"1","44"
"=HYPERLINK(""https://stackoverflow.com/q/66890447"", ""66890447"")",0.5653956539565397,"0","17"
"=HYPERLINK(""https://stackoverflow.com/q/66893143"", ""66893143"")",0.3155320813771521,"1","35"
"=HYPERLINK(""https://stackoverflow.com/q/67008280"", ""67008280"")",0.3744713571703189,"1","28"
"=HYPERLINK(""https://stackoverflow.com/q/67022776"", ""67022776"")",0.3023866620988923,"1","28"
"=HYPERLINK(""https://stackoverflow.com/q/67074835"", ""67074835"")",0.5012222222222221,"1","33"
"=HYPERLINK(""https://stackoverflow.com/q/67086968"", ""67086968"")",0.5023246987380201,"0","63"
"=HYPERLINK(""https://stackoverflow.com/q/67242367"", ""67242367"")",0.6774109014675055,"0","23"
"=HYPERLINK(""https://stackoverflow.com/q/67306117"", ""67306117"")",0.5026650266502666,"0","9"
"=HYPERLINK(""https://stackoverflow.com/q/67346655"", ""67346655"")",0.6264775413711584,"0","23"
"=HYPERLINK(""https://stackoverflow.com/q/67359349"", ""67359349"")",0.6611535199321465,"1","30"
"=HYPERLINK(""https://stackoverflow.com/q/67419063"", ""67419063"")",0.5889768396364707,"1","24"
"=HYPERLINK(""https://stackoverflow.com/q/67442954"", ""67442954"")",0.4235796882855705,"0","29"
"=HYPERLINK(""https://stackoverflow.com/q/67483682"", ""67483682"")",0.6945626477541372,"0","28"
"=HYPERLINK(""https://stackoverflow.com/q/67500467"", ""67500467"")",0.3505408062930191,"0","25"
"=HYPERLINK(""https://stackoverflow.com/q/67506279"", ""67506279"")",0.4537493158182811,"0","20"
"=HYPERLINK(""https://stackoverflow.com/q/67517882"", ""67517882"")",0.724526369687659,"2","25"
"=HYPERLINK(""https://stackoverflow.com/q/67541846"", ""67541846"")",0.6318163181631816,"0","33"
"=HYPERLINK(""https://stackoverflow.com/q/67575003"", ""67575003"")",0.5371158392434988,"0","10"
"=HYPERLINK(""https://stackoverflow.com/q/67582825"", ""67582825"")",0.6968766001024056,"0","17"
"=HYPERLINK(""https://stackoverflow.com/q/67630839"", ""67630839"")",0.4005354752342701,"1","43"
"=HYPERLINK(""https://stackoverflow.com/q/67677546"", ""67677546"")",0.4976713240186291,"0","21"
"=HYPERLINK(""https://stackoverflow.com/q/67703538"", ""67703538"")",0.4189435336976324,"0","4"
"=HYPERLINK(""https://stackoverflow.com/q/67715866"", ""67715866"")",0.3420791095209701,"0","27"
