"link","Correlation","score","view_count"
"=HYPERLINK(""https://stackoverflow.com/q/970637"", ""970637"")",0.3747318747318748,"0","3582"
"=HYPERLINK(""https://stackoverflow.com/q/1255549"", ""1255549"")",0.2853197365625664,"2","2101"
"=HYPERLINK(""https://stackoverflow.com/q/1288550"", ""1288550"")",0.4094562647754138,"2","2105"
"=HYPERLINK(""https://stackoverflow.com/q/3394817"", ""3394817"")",0.3260284505959244,"1","1439"
"=HYPERLINK(""https://stackoverflow.com/q/3492385"", ""3492385"")",0.5582877959927142,"1","2654"
"=HYPERLINK(""https://stackoverflow.com/q/4962331"", ""4962331"")",0.5235920852359209,"1","1651"
"=HYPERLINK(""https://stackoverflow.com/q/5069003"", ""5069003"")",0.769219611256165,"2","687"
"=HYPERLINK(""https://stackoverflow.com/q/5109812"", ""5109812"")",0.5064327485380118,"2","810"
"=HYPERLINK(""https://stackoverflow.com/q/5352550"", ""5352550"")",0.4567583046964489,"15","10719"
"=HYPERLINK(""https://stackoverflow.com/q/7411280"", ""7411280"")",0.4134973900074571,"2","870"
"=HYPERLINK(""https://stackoverflow.com/q/7524434"", ""7524434"")",0.4031267448352875,"2","309"
"=HYPERLINK(""https://stackoverflow.com/q/7527560"", ""7527560"")",0.3115904810820065,"1","1411"
"=HYPERLINK(""https://stackoverflow.com/q/8506854"", ""8506854"")",0.6272855133614625,"0","2313"
"=HYPERLINK(""https://stackoverflow.com/q/8576811"", ""8576811"")",0.4171509068497975,"0","1709"
"=HYPERLINK(""https://stackoverflow.com/q/9100645"", ""9100645"")",0.6098443720593557,"0","482"
"=HYPERLINK(""https://stackoverflow.com/q/9133218"", ""9133218"")",0.3284577880420836,"2","180"
"=HYPERLINK(""https://stackoverflow.com/q/9326874"", ""9326874"")",0.4312386156648453,"1","3161"
"=HYPERLINK(""https://stackoverflow.com/q/9332903"", ""9332903"")",0.5736373165618449,"0","3139"
"=HYPERLINK(""https://stackoverflow.com/q/9480562"", ""9480562"")",0.2521474092546411,"1","1171"
"=HYPERLINK(""https://stackoverflow.com/q/9530733"", ""9530733"")",0.5724526369687658,"2","3758"
"=HYPERLINK(""https://stackoverflow.com/q/9571224"", ""9571224"")",0.4157706093189962,"0","232"
"=HYPERLINK(""https://stackoverflow.com/q/9668397"", ""9668397"")",0.6524547803617571,"1","171"
"=HYPERLINK(""https://stackoverflow.com/q/9690108"", ""9690108"")",0.3429118773946359,"1","2175"
"=HYPERLINK(""https://stackoverflow.com/q/9700830"", ""9700830"")",0.5450070323488045,"5","987"
"=HYPERLINK(""https://stackoverflow.com/q/9805667"", ""9805667"")",0.453882453882454,"4","3151"
"=HYPERLINK(""https://stackoverflow.com/q/9833146"", ""9833146"")",0.4783197831978316,"1","82"
"=HYPERLINK(""https://stackoverflow.com/q/9921772"", ""9921772"")",0.4464490263459335,"1","660"
"=HYPERLINK(""https://stackoverflow.com/q/10170898"", ""10170898"")",0.6991452991452994,"4","431"
"=HYPERLINK(""https://stackoverflow.com/q/10190080"", ""10190080"")",0.4934486373165618,"1","6094"
"=HYPERLINK(""https://stackoverflow.com/q/10227278"", ""10227278"")",0.5260896255371394,"2","81"
"=HYPERLINK(""https://stackoverflow.com/q/10231737"", ""10231737"")",0.4474130619168789,"0","611"
"=HYPERLINK(""https://stackoverflow.com/q/10310562"", ""10310562"")",0.3937261800058637,"1","1155"
"=HYPERLINK(""https://stackoverflow.com/q/10335220"", ""10335220"")",0.2089184528208916,"1","1242"
"=HYPERLINK(""https://stackoverflow.com/q/10359476"", ""10359476"")",0.4511548064918854,"6","859"
"=HYPERLINK(""https://stackoverflow.com/q/10460426"", ""10460426"")",0.4234900510653284,"1","994"
"=HYPERLINK(""https://stackoverflow.com/q/10517284"", ""10517284"")",0.4860803153486078,"0","1129"
"=HYPERLINK(""https://stackoverflow.com/q/10912873"", ""10912873"")",0.5647636586863107,"0","106"
"=HYPERLINK(""https://stackoverflow.com/q/10987178"", ""10987178"")",0.3779315647827757,"0","2014"
"=HYPERLINK(""https://stackoverflow.com/q/10997467"", ""10997467"")",0.2929617720614506,"0","533"
"=HYPERLINK(""https://stackoverflow.com/q/11150539"", ""11150539"")",0.1878905932959987,"1","1384"
"=HYPERLINK(""https://stackoverflow.com/q/11168256"", ""11168256"")",0.3013361462728549,"3","792"
"=HYPERLINK(""https://stackoverflow.com/q/11228722"", ""11228722"")",0.3065595716198126,"0","160"
"=HYPERLINK(""https://stackoverflow.com/q/11240681"", ""11240681"")",0.3204789575629511,"1","157"
"=HYPERLINK(""https://stackoverflow.com/q/11292602"", ""11292602"")",0.3995621237000545,"0","1498"
"=HYPERLINK(""https://stackoverflow.com/q/11395992"", ""11395992"")",0.5106837606837609,"0","64"
"=HYPERLINK(""https://stackoverflow.com/q/11412412"", ""11412412"")",0.4190726159230097,"0","374"
"=HYPERLINK(""https://stackoverflow.com/q/11802196"", ""11802196"")",0.3671238322401114,"0","760"
"=HYPERLINK(""https://stackoverflow.com/q/12173794"", ""12173794"")",0.3726180005863385,"0","606"
"=HYPERLINK(""https://stackoverflow.com/q/12528043"", ""12528043"")",0.7584213172448466,"1","316"
"=HYPERLINK(""https://stackoverflow.com/q/12561700"", ""12561700"")",0.6967984934086627,"0","2160"
"=HYPERLINK(""https://stackoverflow.com/q/12614503"", ""12614503"")",0.3857258718572588,"0","163"
"=HYPERLINK(""https://stackoverflow.com/q/12768555"", ""12768555"")",0.7356368563685635,"0","518"
"=HYPERLINK(""https://stackoverflow.com/q/12892318"", ""12892318"")",0.5186823992133728,"0","542"
"=HYPERLINK(""https://stackoverflow.com/q/12913398"", ""12913398"")",0.510470559251047,"2","378"
"=HYPERLINK(""https://stackoverflow.com/q/13063536"", ""13063536"")",0.3882738827388274,"0","220"
"=HYPERLINK(""https://stackoverflow.com/q/13069812"", ""13069812"")",0.4660645867542418,"0","1026"
"=HYPERLINK(""https://stackoverflow.com/q/13120442"", ""13120442"")",0.4695569770196636,"1","157"
"=HYPERLINK(""https://stackoverflow.com/q/13512961"", ""13512961"")",0.7025917372337694,"3","733"
"=HYPERLINK(""https://stackoverflow.com/q/13582052"", ""13582052"")",0.3669749363356118,"5","1664"
"=HYPERLINK(""https://stackoverflow.com/q/13624986"", ""13624986"")",0.4604772557792697,"0","284"
"=HYPERLINK(""https://stackoverflow.com/q/13720849"", ""13720849"")",0.6876600102406552,"0","518"
"=HYPERLINK(""https://stackoverflow.com/q/14134251"", ""14134251"")",0.5525991623552597,"0","386"
"=HYPERLINK(""https://stackoverflow.com/q/14136608"", ""14136608"")",0.5945299145299148,"0","726"
"=HYPERLINK(""https://stackoverflow.com/q/14190741"", ""14190741"")",0.3237107201924523,"0","209"
"=HYPERLINK(""https://stackoverflow.com/q/14389411"", ""14389411"")",0.5036593479707251,"0","1043"
"=HYPERLINK(""https://stackoverflow.com/q/14394512"", ""14394512"")",0.6842911877394637,"2","329"
"=HYPERLINK(""https://stackoverflow.com/q/14600269"", ""14600269"")",0.7436328015673102,"1","3476"
"=HYPERLINK(""https://stackoverflow.com/q/14751918"", ""14751918"")",0.3428252372975988,"0","158"
"=HYPERLINK(""https://stackoverflow.com/q/14776583"", ""14776583"")",0.4287713406101313,"1","383"
"=HYPERLINK(""https://stackoverflow.com/q/14958137"", ""14958137"")",0.4380116959064329,"0","109"
"=HYPERLINK(""https://stackoverflow.com/q/15025043"", ""15025043"")",0.5293650793650795,"1","216"
"=HYPERLINK(""https://stackoverflow.com/q/15204462"", ""15204462"")",0.3300347222222225,"1","514"
"=HYPERLINK(""https://stackoverflow.com/q/15247265"", ""15247265"")",0.4277649473954322,"1","477"
"=HYPERLINK(""https://stackoverflow.com/q/15312966"", ""15312966"")",0.4201744406522563,"0","172"
"=HYPERLINK(""https://stackoverflow.com/q/15448586"", ""15448586"")",0.5754137115839243,"0","279"
"=HYPERLINK(""https://stackoverflow.com/q/15547484"", ""15547484"")",0.3863443596268026,"2","472"
"=HYPERLINK(""https://stackoverflow.com/q/15663268"", ""15663268"")",0.5123321123321124,"2","588"
"=HYPERLINK(""https://stackoverflow.com/q/15786142"", ""15786142"")",0.4048569527611444,"0","77"
"=HYPERLINK(""https://stackoverflow.com/q/15810923"", ""15810923"")",0.3876357560568085,"0","985"
"=HYPERLINK(""https://stackoverflow.com/q/15812148"", ""15812148"")",0.2868264078455162,"7","762"
"=HYPERLINK(""https://stackoverflow.com/q/15966959"", ""15966959"")",0.443720593557727,"1","124"
"=HYPERLINK(""https://stackoverflow.com/q/16053424"", ""16053424"")",0.540903540903541,"0","113"
"=HYPERLINK(""https://stackoverflow.com/q/16246230"", ""16246230"")",0.7157287157287155,"0","161"
"=HYPERLINK(""https://stackoverflow.com/q/16275312"", ""16275312"")",0.3405428329092452,"0","1248"
"=HYPERLINK(""https://stackoverflow.com/q/16416027"", ""16416027"")",0.4844823501539922,"0","329"
"=HYPERLINK(""https://stackoverflow.com/q/16590594"", ""16590594"")",0.4500703234880451,"1","365"
"=HYPERLINK(""https://stackoverflow.com/q/16711354"", ""16711354"")",0.4198270126413838,"0","338"
"=HYPERLINK(""https://stackoverflow.com/q/16814562"", ""16814562"")",0.5596455351056576,"0","476"
"=HYPERLINK(""https://stackoverflow.com/q/16894245"", ""16894245"")",0.929152915291529,"0","1272"
"=HYPERLINK(""https://stackoverflow.com/q/16912301"", ""16912301"")",0.4140826873385011,"1","73"
"=HYPERLINK(""https://stackoverflow.com/q/16914498"", ""16914498"")",0.5546964490263457,"0","514"
"=HYPERLINK(""https://stackoverflow.com/q/17024057"", ""17024057"")",0.260992275698158,"3","310"
"=HYPERLINK(""https://stackoverflow.com/q/17050192"", ""17050192"")",0.488615664845173,"0","80"
"=HYPERLINK(""https://stackoverflow.com/q/17113437"", ""17113437"")",0.6095740008783485,"0","852"
"=HYPERLINK(""https://stackoverflow.com/q/17191062"", ""17191062"")",0.7411411411411409,"0","918"
"=HYPERLINK(""https://stackoverflow.com/q/17229043"", ""17229043"")",0.442024202420242,"0","312"
"=HYPERLINK(""https://stackoverflow.com/q/17296401"", ""17296401"")",0.5913497390007458,"3","460"
"=HYPERLINK(""https://stackoverflow.com/q/17318462"", ""17318462"")",0.3989139515455304,"0","2418"
"=HYPERLINK(""https://stackoverflow.com/q/17455916"", ""17455916"")",0.2651670074982957,"0","260"
"=HYPERLINK(""https://stackoverflow.com/q/17478289"", ""17478289"")",0.3123861566484519,"0","273"
"=HYPERLINK(""https://stackoverflow.com/q/17540872"", ""17540872"")",0.279269202087994,"0","197"
"=HYPERLINK(""https://stackoverflow.com/q/17830358"", ""17830358"")",0.539463601532567,"1","703"
"=HYPERLINK(""https://stackoverflow.com/q/18200022"", ""18200022"")",0.5063131313131312,"0","803"
"=HYPERLINK(""https://stackoverflow.com/q/18231293"", ""18231293"")",0.8643274853801172,"1","180"
"=HYPERLINK(""https://stackoverflow.com/q/18313988"", ""18313988"")",0.3176420695504667,"1","569"
"=HYPERLINK(""https://stackoverflow.com/q/18398083"", ""18398083"")",0.7040985548448238,"0","116"
"=HYPERLINK(""https://stackoverflow.com/q/18419416"", ""18419416"")",0.2722222222222222,"0","1659"
"=HYPERLINK(""https://stackoverflow.com/q/18460717"", ""18460717"")",0.3511005038451338,"0","418"
"=HYPERLINK(""https://stackoverflow.com/q/18599359"", ""18599359"")",0.3331208837901,"0","1080"
"=HYPERLINK(""https://stackoverflow.com/q/18634524"", ""18634524"")",0.2681113235606543,"1","329"
"=HYPERLINK(""https://stackoverflow.com/q/18789051"", ""18789051"")",0.4437606837606839,"0","914"
"=HYPERLINK(""https://stackoverflow.com/q/18793934"", ""18793934"")",0.4860658704306911,"1","329"
"=HYPERLINK(""https://stackoverflow.com/q/18866340"", ""18866340"")",0.6585499616101789,"2","12445"
"=HYPERLINK(""https://stackoverflow.com/q/18950971"", ""18950971"")",0.3406101315421213,"1","1623"
"=HYPERLINK(""https://stackoverflow.com/q/18976503"", ""18976503"")",0.2042150193410697,"8","2580"
"=HYPERLINK(""https://stackoverflow.com/q/19160317"", ""19160317"")",0.4689754689754687,"2","977"
"=HYPERLINK(""https://stackoverflow.com/q/19183625"", ""19183625"")",0.4913515098211668,"1","514"
"=HYPERLINK(""https://stackoverflow.com/q/19218464"", ""19218464"")",0.5209235209235207,"0","323"
"=HYPERLINK(""https://stackoverflow.com/q/19276968"", ""19276968"")",0.6208071278825997,"2","1669"
"=HYPERLINK(""https://stackoverflow.com/q/19317202"", ""19317202"")",0.2900188323917136,"1","1564"
"=HYPERLINK(""https://stackoverflow.com/q/19436564"", ""19436564"")",0.4977904040404037,"2","1070"
"=HYPERLINK(""https://stackoverflow.com/q/19511165"", ""19511165"")",0.3706012745912991,"0","95"
"=HYPERLINK(""https://stackoverflow.com/q/19538746"", ""19538746"")",0.2546897546897546,"0","2132"
"=HYPERLINK(""https://stackoverflow.com/q/19655736"", ""19655736"")",0.2319942091929063,"0","340"
"=HYPERLINK(""https://stackoverflow.com/q/19966908"", ""19966908"")",0.5215179968701097,"0","269"
"=HYPERLINK(""https://stackoverflow.com/q/19972894"", ""19972894"")",0.3927829698857737,"1","1272"
"=HYPERLINK(""https://stackoverflow.com/q/20242402"", ""20242402"")",0.4033033033033031,"1","419"
"=HYPERLINK(""https://stackoverflow.com/q/20285907"", ""20285907"")",0.2424072516587236,"1","1040"
"=HYPERLINK(""https://stackoverflow.com/q/20400614"", ""20400614"")",0.4383026242322724,"1","499"
"=HYPERLINK(""https://stackoverflow.com/q/20439047"", ""20439047"")",0.4776068376068377,"1","2707"
"=HYPERLINK(""https://stackoverflow.com/q/20471423"", ""20471423"")",0.5645041014168533,"1","153"
"=HYPERLINK(""https://stackoverflow.com/q/20477153"", ""20477153"")",0.481715893108298,"0","795"
"=HYPERLINK(""https://stackoverflow.com/q/20541839"", ""20541839"")",0.4929914529914531,"0","315"
"=HYPERLINK(""https://stackoverflow.com/q/20760268"", ""20760268"")",0.3624436244362444,"1","289"
"=HYPERLINK(""https://stackoverflow.com/q/20880072"", ""20880072"")",0.3861566484517306,"2","1890"
"=HYPERLINK(""https://stackoverflow.com/q/20912957"", ""20912957"")",0.29708853238265,"5","1245"
"=HYPERLINK(""https://stackoverflow.com/q/21110811"", ""21110811"")",0.4604493690366267,"0","596"
"=HYPERLINK(""https://stackoverflow.com/q/21147478"", ""21147478"")",0.4460415240702712,"1","4011"
"=HYPERLINK(""https://stackoverflow.com/q/21329892"", ""21329892"")",0.3697632058287797,"0","1002"
"=HYPERLINK(""https://stackoverflow.com/q/21378774"", ""21378774"")",0.4213372664700102,"1","480"
"=HYPERLINK(""https://stackoverflow.com/q/21382589"", ""21382589"")",0.3891476880607317,"0","389"
"=HYPERLINK(""https://stackoverflow.com/q/21439121"", ""21439121"")",0.538859073742795,"1","109"
"=HYPERLINK(""https://stackoverflow.com/q/21574864"", ""21574864"")",0.2693920335429771,"0","90"
"=HYPERLINK(""https://stackoverflow.com/q/21611294"", ""21611294"")",0.5924753867791841,"0","87"
"=HYPERLINK(""https://stackoverflow.com/q/21697459"", ""21697459"")",0.6677867383512547,"2","712"
"=HYPERLINK(""https://stackoverflow.com/q/21775983"", ""21775983"")",0.2392797915185974,"0","1521"
"=HYPERLINK(""https://stackoverflow.com/q/21846256"", ""21846256"")",0.4078177900892584,"0","204"
"=HYPERLINK(""https://stackoverflow.com/q/21846414"", ""21846414"")",0.4516677289143829,"2","773"
"=HYPERLINK(""https://stackoverflow.com/q/21868177"", ""21868177"")",0.6878710771840544,"0","194"
"=HYPERLINK(""https://stackoverflow.com/q/22193257"", ""22193257"")",0.6125224531691044,"1","245"
"=HYPERLINK(""https://stackoverflow.com/q/22321290"", ""22321290"")",0.2691305377872542,"0","76"
"=HYPERLINK(""https://stackoverflow.com/q/22627365"", ""22627365"")",0.5074734377813793,"0","215"
"=HYPERLINK(""https://stackoverflow.com/q/22768340"", ""22768340"")",0.5105657805044308,"2","923"
"=HYPERLINK(""https://stackoverflow.com/q/22831759"", ""22831759"")",0.3606305267204922,"0","442"
"=HYPERLINK(""https://stackoverflow.com/q/22939718"", ""22939718"")",0.5388449135150986,"2","229"
"=HYPERLINK(""https://stackoverflow.com/q/22940817"", ""22940817"")",0.4335624284077891,"1","557"
"=HYPERLINK(""https://stackoverflow.com/q/22984728"", ""22984728"")",0.5754137115839243,"0","435"
"=HYPERLINK(""https://stackoverflow.com/q/23042651"", ""23042651"")",0.5198000768935025,"1","1615"
"=HYPERLINK(""https://stackoverflow.com/q/23262304"", ""23262304"")",0.304769392033543,"2","1842"
"=HYPERLINK(""https://stackoverflow.com/q/23295764"", ""23295764"")",0.2998767388624757,"2","213"
"=HYPERLINK(""https://stackoverflow.com/q/23475759"", ""23475759"")",0.3444237147595357,"0","246"
"=HYPERLINK(""https://stackoverflow.com/q/23604511"", ""23604511"")",0.301169590643275,"0","209"
"=HYPERLINK(""https://stackoverflow.com/q/23635365"", ""23635365"")",0.7147034252297408,"2","760"
"=HYPERLINK(""https://stackoverflow.com/q/23659874"", ""23659874"")",0.4576307825335062,"0","411"
"=HYPERLINK(""https://stackoverflow.com/q/23682382"", ""23682382"")",0.336976320582878,"3","1968"
"=HYPERLINK(""https://stackoverflow.com/q/23732615"", ""23732615"")",0.5418943533697632,"0","730"
"=HYPERLINK(""https://stackoverflow.com/q/23753933"", ""23753933"")",0.3976254480286737,"0","618"
"=HYPERLINK(""https://stackoverflow.com/q/23774876"", ""23774876"")",0.4222222222222222,"0","357"
"=HYPERLINK(""https://stackoverflow.com/q/23803379"", ""23803379"")",0.4787819889860708,"1","688"
"=HYPERLINK(""https://stackoverflow.com/q/23935022"", ""23935022"")",0.5529615218331171,"0","609"
"=HYPERLINK(""https://stackoverflow.com/q/23949257"", ""23949257"")",0.4860744649662856,"0","260"
"=HYPERLINK(""https://stackoverflow.com/q/24061835"", ""24061835"")",0.2742152898132102,"1","431"
"=HYPERLINK(""https://stackoverflow.com/q/24090730"", ""24090730"")",0.5258366800535472,"0","120"
"=HYPERLINK(""https://stackoverflow.com/q/24199577"", ""24199577"")",0.2953354297693921,"0","336"
"=HYPERLINK(""https://stackoverflow.com/q/24392615"", ""24392615"")",0.4595639943741209,"0","104"
"=HYPERLINK(""https://stackoverflow.com/q/24571418"", ""24571418"")",0.4596572308877336,"0","558"
"=HYPERLINK(""https://stackoverflow.com/q/24625225"", ""24625225"")",0.5006653359946771,"0","561"
"=HYPERLINK(""https://stackoverflow.com/q/24652062"", ""24652062"")",0.507079793436615,"0","69"
"=HYPERLINK(""https://stackoverflow.com/q/25000436"", ""25000436"")",0.433826317785362,"1","264"
"=HYPERLINK(""https://stackoverflow.com/q/25059999"", ""25059999"")",0.419242089771891,"2","213"
"=HYPERLINK(""https://stackoverflow.com/q/25103409"", ""25103409"")",0.3411411411411411,"2","418"
"=HYPERLINK(""https://stackoverflow.com/q/25114823"", ""25114823"")",0.5423803249890207,"1","563"
"=HYPERLINK(""https://stackoverflow.com/q/25141686"", ""25141686"")",0.5418424753867793,"3","131"
"=HYPERLINK(""https://stackoverflow.com/q/25204214"", ""25204214"")",0.3745158002038735,"1","894"
"=HYPERLINK(""https://stackoverflow.com/q/25240772"", ""25240772"")",0.3189203354297694,"0","138"
"=HYPERLINK(""https://stackoverflow.com/q/25287245"", ""25287245"")",0.2918098510882015,"4","206"
"=HYPERLINK(""https://stackoverflow.com/q/25567888"", ""25567888"")",0.5219703330534562,"0","670"
"=HYPERLINK(""https://stackoverflow.com/q/25811078"", ""25811078"")",0.3583478766724839,"0","804"
"=HYPERLINK(""https://stackoverflow.com/q/25863015"", ""25863015"")",0.3946360153256704,"2","217"
"=HYPERLINK(""https://stackoverflow.com/q/25920526"", ""25920526"")",0.3809123985446402,"0","478"
"=HYPERLINK(""https://stackoverflow.com/q/26022178"", ""26022178"")",0.4673835125448028,"0","685"
"=HYPERLINK(""https://stackoverflow.com/q/26120951"", ""26120951"")",0.2164585334614153,"0","105"
"=HYPERLINK(""https://stackoverflow.com/q/26334425"", ""26334425"")",0.5209235209235208,"1","1107"
"=HYPERLINK(""https://stackoverflow.com/q/26695434"", ""26695434"")",0.4483850129198965,"11","885"
"=HYPERLINK(""https://stackoverflow.com/q/26774575"", ""26774575"")",0.40491452991453,"1","108"
"=HYPERLINK(""https://stackoverflow.com/q/26872945"", ""26872945"")",0.3639060004563084,"1","120"
"=HYPERLINK(""https://stackoverflow.com/q/27224028"", ""27224028"")",0.5419612108029729,"0","211"
"=HYPERLINK(""https://stackoverflow.com/q/27253523"", ""27253523"")",0.5728715728715728,"0","166"
"=HYPERLINK(""https://stackoverflow.com/q/27261334"", ""27261334"")",0.5844269466316712,"0","104"
"=HYPERLINK(""https://stackoverflow.com/q/27268126"", ""27268126"")",0.586077643908969,"3","2798"
"=HYPERLINK(""https://stackoverflow.com/q/27384182"", ""27384182"")",0.5488553880513678,"2","123"
"=HYPERLINK(""https://stackoverflow.com/q/27427289"", ""27427289"")",0.590079365079365,"1","175"
"=HYPERLINK(""https://stackoverflow.com/q/27427499"", ""27427499"")",0.4879048790487905,"0","736"
"=HYPERLINK(""https://stackoverflow.com/q/27481255"", ""27481255"")",0.5661136249371543,"0","234"
"=HYPERLINK(""https://stackoverflow.com/q/27493232"", ""27493232"")",0.4898278560250391,"0","118"
"=HYPERLINK(""https://stackoverflow.com/q/27508159"", ""27508159"")",0.7395132885046433,"2","506"
"=HYPERLINK(""https://stackoverflow.com/q/27816646"", ""27816646"")",0.2258585858585858,"0","331"
"=HYPERLINK(""https://stackoverflow.com/q/27919116"", ""27919116"")",0.4439312291506285,"2","1940"
"=HYPERLINK(""https://stackoverflow.com/q/28091462"", ""28091462"")",0.8384583845838458,"0","234"
"=HYPERLINK(""https://stackoverflow.com/q/28160464"", ""28160464"")",0.3522413426811133,"0","956"
"=HYPERLINK(""https://stackoverflow.com/q/28298008"", ""28298008"")",0.5237820142499521,"0","545"
"=HYPERLINK(""https://stackoverflow.com/q/28317562"", ""28317562"")",0.6420695504664973,"1","65"
"=HYPERLINK(""https://stackoverflow.com/q/28345696"", ""28345696"")",0.3715372907153728,"4","946"
"=HYPERLINK(""https://stackoverflow.com/q/28380945"", ""28380945"")",0.433915770609319,"1","912"
"=HYPERLINK(""https://stackoverflow.com/q/28394542"", ""28394542"")",0.4291187739463601,"0","98"
"=HYPERLINK(""https://stackoverflow.com/q/28501239"", ""28501239"")",0.3601532567049808,"0","73"
"=HYPERLINK(""https://stackoverflow.com/q/28611360"", ""28611360"")",0.3051715309779824,"1","92"
"=HYPERLINK(""https://stackoverflow.com/q/28620209"", ""28620209"")",0.5171127331711275,"0","286"
"=HYPERLINK(""https://stackoverflow.com/q/28669664"", ""28669664"")",0.5772710821570756,"0","142"
"=HYPERLINK(""https://stackoverflow.com/q/28674763"", ""28674763"")",0.648396718866518,"0","39"
"=HYPERLINK(""https://stackoverflow.com/q/28739863"", ""28739863"")",0.3650793650793651,"0","258"
"=HYPERLINK(""https://stackoverflow.com/q/28760520"", ""28760520"")",0.4560683760683761,"1","465"
"=HYPERLINK(""https://stackoverflow.com/q/28882772"", ""28882772"")",0.560153256704981,"0","191"
"=HYPERLINK(""https://stackoverflow.com/q/28941769"", ""28941769"")",0.2105943152454779,"1","1458"
"=HYPERLINK(""https://stackoverflow.com/q/28987417"", ""28987417"")",0.7019270192701931,"0","289"
"=HYPERLINK(""https://stackoverflow.com/q/29141216"", ""29141216"")",0.8433562428407789,"2","178"
"=HYPERLINK(""https://stackoverflow.com/q/29144566"", ""29144566"")",0.4272630941568272,"2","544"
"=HYPERLINK(""https://stackoverflow.com/q/29198152"", ""29198152"")",0.476365868631062,"0","536"
"=HYPERLINK(""https://stackoverflow.com/q/29262499"", ""29262499"")",0.4791029561671765,"0","61"
"=HYPERLINK(""https://stackoverflow.com/q/29283020"", ""29283020"")",0.6511802736430613,"0","137"
"=HYPERLINK(""https://stackoverflow.com/q/29351709"", ""29351709"")",0.351056578050443,"0","129"
"=HYPERLINK(""https://stackoverflow.com/q/29710109"", ""29710109"")",0.5344125096355029,"0","1096"
"=HYPERLINK(""https://stackoverflow.com/q/29847048"", ""29847048"")",0.3450891164201742,"0","997"
"=HYPERLINK(""https://stackoverflow.com/q/29913599"", ""29913599"")",0.574991901522514,"1","156"
"=HYPERLINK(""https://stackoverflow.com/q/29945694"", ""29945694"")",0.3420378904249868,"0","55"
"=HYPERLINK(""https://stackoverflow.com/q/30118215"", ""30118215"")",0.3919054801407742,"0","72"
"=HYPERLINK(""https://stackoverflow.com/q/30231082"", ""30231082"")",0.6654040404040401,"0","226"
"=HYPERLINK(""https://stackoverflow.com/q/30420776"", ""30420776"")",0.3430143014301429,"0","77"
"=HYPERLINK(""https://stackoverflow.com/q/30429322"", ""30429322"")",0.6792859341335794,"0","63"
"=HYPERLINK(""https://stackoverflow.com/q/30431370"", ""30431370"")",0.5598428010003574,"0","225"
"=HYPERLINK(""https://stackoverflow.com/q/30476784"", ""30476784"")",0.5513361462728551,"1","495"
"=HYPERLINK(""https://stackoverflow.com/q/30504278"", ""30504278"")",0.515839243498818,"1","82"
"=HYPERLINK(""https://stackoverflow.com/q/30533896"", ""30533896"")",0.4045551780546117,"0","156"
"=HYPERLINK(""https://stackoverflow.com/q/30623872"", ""30623872"")",0.6848261003385658,"3","363"
"=HYPERLINK(""https://stackoverflow.com/q/30803541"", ""30803541"")",0.4870443566095738,"0","154"
"=HYPERLINK(""https://stackoverflow.com/q/30805140"", ""30805140"")",0.3251395641995316,"1","112"
"=HYPERLINK(""https://stackoverflow.com/q/30807500"", ""30807500"")",0.4899387576552932,"2","857"
"=HYPERLINK(""https://stackoverflow.com/q/30884749"", ""30884749"")",0.6195732155997057,"2","122"
"=HYPERLINK(""https://stackoverflow.com/q/30935416"", ""30935416"")",0.6747538677918423,"1","77"
"=HYPERLINK(""https://stackoverflow.com/q/31055638"", ""31055638"")",0.560829817158931,"3","1304"
"=HYPERLINK(""https://stackoverflow.com/q/31270813"", ""31270813"")",0.6749972952504595,"2","1044"
"=HYPERLINK(""https://stackoverflow.com/q/31401202"", ""31401202"")",0.5530492898913951,"0","186"
"=HYPERLINK(""https://stackoverflow.com/q/31668518"", ""31668518"")",0.3859501819199549,"2","177"
"=HYPERLINK(""https://stackoverflow.com/q/31843038"", ""31843038"")",0.4479647964796477,"0","206"
"=HYPERLINK(""https://stackoverflow.com/q/31849181"", ""31849181"")",0.529184247538678,"0","114"
"=HYPERLINK(""https://stackoverflow.com/q/31918381"", ""31918381"")",0.5839969662495259,"1","87"
"=HYPERLINK(""https://stackoverflow.com/q/31919746"", ""31919746"")",0.4539053905390537,"0","75"
"=HYPERLINK(""https://stackoverflow.com/q/31939546"", ""31939546"")",0.6471644855016679,"3","455"
"=HYPERLINK(""https://stackoverflow.com/q/32007242"", ""32007242"")",0.3328416912487709,"0","745"
"=HYPERLINK(""https://stackoverflow.com/q/32227612"", ""32227612"")",0.3939613526570046,"1","174"
"=HYPERLINK(""https://stackoverflow.com/q/32358307"", ""32358307"")",0.4333040164174728,"1","80"
"=HYPERLINK(""https://stackoverflow.com/q/32399756"", ""32399756"")",0.5628162816281628,"1","70"
"=HYPERLINK(""https://stackoverflow.com/q/32644811"", ""32644811"")",0.5065595716198125,"0","231"
"=HYPERLINK(""https://stackoverflow.com/q/32952246"", ""32952246"")",0.2204333134565693,"1","259"
"=HYPERLINK(""https://stackoverflow.com/q/33113038"", ""33113038"")",0.3119319847552037,"0","721"
"=HYPERLINK(""https://stackoverflow.com/q/33207603"", ""33207603"")",0.5365375749193176,"1","231"
"=HYPERLINK(""https://stackoverflow.com/q/33263682"", ""33263682"")",0.2960858585858584,"0","941"
"=HYPERLINK(""https://stackoverflow.com/q/33430902"", ""33430902"")",0.5086543830262422,"2","383"
"=HYPERLINK(""https://stackoverflow.com/q/33541546"", ""33541546"")",0.3581792884118466,"1","40"
"=HYPERLINK(""https://stackoverflow.com/q/33592482"", ""33592482"")",0.4860259032038171,"1","587"
"=HYPERLINK(""https://stackoverflow.com/q/34000596"", ""34000596"")",0.4537658463832964,"0","137"
"=HYPERLINK(""https://stackoverflow.com/q/34190452"", ""34190452"")",0.7323710720192453,"0","123"
"=HYPERLINK(""https://stackoverflow.com/q/34308871"", ""34308871"")",0.3990032248607447,"2","205"
"=HYPERLINK(""https://stackoverflow.com/q/34328146"", ""34328146"")",0.2906261310170105,"1","379"
"=HYPERLINK(""https://stackoverflow.com/q/34719756"", ""34719756"")",0.4248990864669643,"0","36"
"=HYPERLINK(""https://stackoverflow.com/q/35043298"", ""35043298"")",0.5780504430811177,"1","173"
"=HYPERLINK(""https://stackoverflow.com/q/35464622"", ""35464622"")",0.2783081410766374,"1","1038"
"=HYPERLINK(""https://stackoverflow.com/q/36264709"", ""36264709"")",0.3359946773120424,"1","352"
"=HYPERLINK(""https://stackoverflow.com/q/36574878"", ""36574878"")",0.4584031267448351,"0","178"
"=HYPERLINK(""https://stackoverflow.com/q/36648986"", ""36648986"")",0.5475234270414994,"5","1226"
"=HYPERLINK(""https://stackoverflow.com/q/36728957"", ""36728957"")",0.6155276615527661,"0","644"
"=HYPERLINK(""https://stackoverflow.com/q/36786066"", ""36786066"")",0.4541549953314659,"4","99"
"=HYPERLINK(""https://stackoverflow.com/q/36869024"", ""36869024"")",0.489162673967602,"1","61"
"=HYPERLINK(""https://stackoverflow.com/q/36891842"", ""36891842"")",0.4252297410192149,"0","58"
"=HYPERLINK(""https://stackoverflow.com/q/37034460"", ""37034460"")",0.4241766196163589,"0","31"
"=HYPERLINK(""https://stackoverflow.com/q/37488071"", ""37488071"")",0.3295392953929538,"2","94"
"=HYPERLINK(""https://stackoverflow.com/q/37724304"", ""37724304"")",0.3542222222222221,"0","182"
"=HYPERLINK(""https://stackoverflow.com/q/37963092"", ""37963092"")",0.4824961948249618,"1","2327"
"=HYPERLINK(""https://stackoverflow.com/q/37995321"", ""37995321"")",0.5018832391713748,"0","73"
"=HYPERLINK(""https://stackoverflow.com/q/38067899"", ""38067899"")",0.4264725173816081,"0","1503"
"=HYPERLINK(""https://stackoverflow.com/q/38120123"", ""38120123"")",0.3414666141938869,"0","194"
"=HYPERLINK(""https://stackoverflow.com/q/38142859"", ""38142859"")",0.3127455602703129,"1","95"
"=HYPERLINK(""https://stackoverflow.com/q/38252738"", ""38252738"")",0.5193862172900396,"0","49"
"=HYPERLINK(""https://stackoverflow.com/q/38345158"", ""38345158"")",0.6861005492184199,"0","109"
"=HYPERLINK(""https://stackoverflow.com/q/38634393"", ""38634393"")",0.4543650793650795,"0","57"
"=HYPERLINK(""https://stackoverflow.com/q/38762540"", ""38762540"")",0.4816680660509374,"0","105"
"=HYPERLINK(""https://stackoverflow.com/q/39074198"", ""39074198"")",0.4839671886651754,"0","329"
"=HYPERLINK(""https://stackoverflow.com/q/39118917"", ""39118917"")",0.7927743694614858,"0","252"
"=HYPERLINK(""https://stackoverflow.com/q/39230896"", ""39230896"")",0.3847222222222224,"0","185"
"=HYPERLINK(""https://stackoverflow.com/q/39231280"", ""39231280"")",0.3830355309098376,"1","234"
"=HYPERLINK(""https://stackoverflow.com/q/39251220"", ""39251220"")",0.3869173996562532,"7","242"
"=HYPERLINK(""https://stackoverflow.com/q/39264328"", ""39264328"")",0.3330255463219452,"1","173"
"=HYPERLINK(""https://stackoverflow.com/q/39274169"", ""39274169"")",0.3312088379009984,"0","112"
"=HYPERLINK(""https://stackoverflow.com/q/39440502"", ""39440502"")",0.3006006006006007,"0","296"
"=HYPERLINK(""https://stackoverflow.com/q/39742907"", ""39742907"")",0.4808941746503689,"1","166"
"=HYPERLINK(""https://stackoverflow.com/q/39873218"", ""39873218"")",0.4487415592387969,"1","58"
"=HYPERLINK(""https://stackoverflow.com/q/39896217"", ""39896217"")",0.7291346646185353,"0","99"
"=HYPERLINK(""https://stackoverflow.com/q/39964698"", ""39964698"")",0.3246113007205156,"1","229"
"=HYPERLINK(""https://stackoverflow.com/q/40127382"", ""40127382"")",0.394860658704307,"2","180"
"=HYPERLINK(""https://stackoverflow.com/q/40427156"", ""40427156"")",0.4476320582877961,"0","248"
"=HYPERLINK(""https://stackoverflow.com/q/40540890"", ""40540890"")",0.3589935226706526,"1","972"
"=HYPERLINK(""https://stackoverflow.com/q/40749063"", ""40749063"")",0.6695906432748541,"0","142"
"=HYPERLINK(""https://stackoverflow.com/q/41062842"", ""41062842"")",0.4436987322893363,"3","82"
"=HYPERLINK(""https://stackoverflow.com/q/41588740"", ""41588740"")",0.5538805136795085,"1","1720"
"=HYPERLINK(""https://stackoverflow.com/q/41698414"", ""41698414"")",0.4216682056017236,"3","125"
"=HYPERLINK(""https://stackoverflow.com/q/41961461"", ""41961461"")",0.5574991901522515,"0","79"
"=HYPERLINK(""https://stackoverflow.com/q/42297280"", ""42297280"")",0.5004323389537397,"3","150"
"=HYPERLINK(""https://stackoverflow.com/q/42559623"", ""42559623"")",0.6258283248574513,"0","190"
"=HYPERLINK(""https://stackoverflow.com/q/42568680"", ""42568680"")",0.4436987322893366,"0","308"
"=HYPERLINK(""https://stackoverflow.com/q/42582949"", ""42582949"")",0.5611483967188666,"0","63"
"=HYPERLINK(""https://stackoverflow.com/q/43320761"", ""43320761"")",0.4270003792188092,"1","596"
"=HYPERLINK(""https://stackoverflow.com/q/43325024"", ""43325024"")",0.3232155997056658,"0","67"
"=HYPERLINK(""https://stackoverflow.com/q/43325454"", ""43325454"")",0.5829817158931084,"1","47"
"=HYPERLINK(""https://stackoverflow.com/q/43510096"", ""43510096"")",0.4111623143881204,"1","257"
"=HYPERLINK(""https://stackoverflow.com/q/43683130"", ""43683130"")",0.8909338786639396,"0","125"
"=HYPERLINK(""https://stackoverflow.com/q/43856030"", ""43856030"")",0.4600975109058249,"0","252"
"=HYPERLINK(""https://stackoverflow.com/q/43866994"", ""43866994"")",0.4901206055940466,"0","41"
"=HYPERLINK(""https://stackoverflow.com/q/43957555"", ""43957555"")",0.5217505241090148,"0","371"
"=HYPERLINK(""https://stackoverflow.com/q/43984037"", ""43984037"")",0.4502653655196028,"1","80"
"=HYPERLINK(""https://stackoverflow.com/q/43996249"", ""43996249"")",0.3459335624284078,"0","190"
"=HYPERLINK(""https://stackoverflow.com/q/44107641"", ""44107641"")",0.5581000848176422,"1","497"
"=HYPERLINK(""https://stackoverflow.com/q/44109005"", ""44109005"")",0.3008512544802869,"1","922"
"=HYPERLINK(""https://stackoverflow.com/q/44177945"", ""44177945"")",0.533599467731204,"1","70"
"=HYPERLINK(""https://stackoverflow.com/q/44269753"", ""44269753"")",0.3503010399562121,"1","58"
"=HYPERLINK(""https://stackoverflow.com/q/44386371"", ""44386371"")",0.331689677843524,"0","426"
"=HYPERLINK(""https://stackoverflow.com/q/45160665"", ""45160665"")",0.4551242554939413,"0","92"
"=HYPERLINK(""https://stackoverflow.com/q/45177340"", ""45177340"")",0.8350041771094403,"0","89"
"=HYPERLINK(""https://stackoverflow.com/q/45221611"", ""45221611"")",0.5723481668066048,"0","79"
"=HYPERLINK(""https://stackoverflow.com/q/46074820"", ""46074820"")",0.6461853558627748,"1","429"
"=HYPERLINK(""https://stackoverflow.com/q/46182677"", ""46182677"")",0.3016824920872896,"0","147"
"=HYPERLINK(""https://stackoverflow.com/q/46213334"", ""46213334"")",0.4816561844863732,"2","57"
"=HYPERLINK(""https://stackoverflow.com/q/46406488"", ""46406488"")",0.4686507936507936,"1","23"
"=HYPERLINK(""https://stackoverflow.com/q/46640599"", ""46640599"")",0.7256864254554786,"0","85"
"=HYPERLINK(""https://stackoverflow.com/q/47452760"", ""47452760"")",0.8903073286052009,"0","56"
"=HYPERLINK(""https://stackoverflow.com/q/47886351"", ""47886351"")",0.4972222222222222,"2","193"
"=HYPERLINK(""https://stackoverflow.com/q/47897483"", ""47897483"")",0.4593763724198507,"1","593"
"=HYPERLINK(""https://stackoverflow.com/q/47930136"", ""47930136"")",0.4824631860776439,"0","403"
"=HYPERLINK(""https://stackoverflow.com/q/48083166"", ""48083166"")",0.6237970253718288,"0","175"
"=HYPERLINK(""https://stackoverflow.com/q/48266742"", ""48266742"")",0.5658277692175998,"2","154"
"=HYPERLINK(""https://stackoverflow.com/q/48267467"", ""48267467"")",0.2852657004830917,"1","341"
"=HYPERLINK(""https://stackoverflow.com/q/48328761"", ""48328761"")",0.2797915185974889,"0","218"
"=HYPERLINK(""https://stackoverflow.com/q/49017642"", ""49017642"")",0.8116959064327487,"0","166"
"=HYPERLINK(""https://stackoverflow.com/q/49044496"", ""49044496"")",0.3762263289984028,"0","75"
"=HYPERLINK(""https://stackoverflow.com/q/49322743"", ""49322743"")",0.629257398101619,"0","74"
"=HYPERLINK(""https://stackoverflow.com/q/49426322"", ""49426322"")",0.6926685430907384,"1","196"
"=HYPERLINK(""https://stackoverflow.com/q/49663070"", ""49663070"")",0.3228933631618198,"0","145"
"=HYPERLINK(""https://stackoverflow.com/q/50047447"", ""50047447"")",0.5253896430367019,"0","364"
"=HYPERLINK(""https://stackoverflow.com/q/50117944"", ""50117944"")",0.2627627627627627,"0","89"
"=HYPERLINK(""https://stackoverflow.com/q/50596458"", ""50596458"")",0.4225800039753529,"0","788"
"=HYPERLINK(""https://stackoverflow.com/q/50608026"", ""50608026"")",0.7706093189964155,"0","50"
"=HYPERLINK(""https://stackoverflow.com/q/50909401"", ""50909401"")",0.5377097939239431,"3","69"
"=HYPERLINK(""https://stackoverflow.com/q/51079113"", ""51079113"")",0.464785151284007,"0","146"
"=HYPERLINK(""https://stackoverflow.com/q/51158187"", ""51158187"")",0.3424997858305493,"0","295"
"=HYPERLINK(""https://stackoverflow.com/q/51177190"", ""51177190"")",0.5884872824631859,"0","427"
"=HYPERLINK(""https://stackoverflow.com/q/51204535"", ""51204535"")",0.4007936507936508,"1","1001"
"=HYPERLINK(""https://stackoverflow.com/q/51270667"", ""51270667"")",0.3247432306255835,"0","92"
"=HYPERLINK(""https://stackoverflow.com/q/51510867"", ""51510867"")",0.4285259471505891,"1","216"
"=HYPERLINK(""https://stackoverflow.com/q/51550893"", ""51550893"")",0.3664529914529916,"0","226"
"=HYPERLINK(""https://stackoverflow.com/q/51616344"", ""51616344"")",0.2937785728483402,"1","57"
"=HYPERLINK(""https://stackoverflow.com/q/51820784"", ""51820784"")",0.3026203845499405,"1","173"
"=HYPERLINK(""https://stackoverflow.com/q/51843839"", ""51843839"")",0.3329714078899746,"0","82"
"=HYPERLINK(""https://stackoverflow.com/q/52118183"", ""52118183"")",0.6294879966008075,"1","158"
"=HYPERLINK(""https://stackoverflow.com/q/52278346"", ""52278346"")",0.4294949494949494,"0","1038"
"=HYPERLINK(""https://stackoverflow.com/q/52511876"", ""52511876"")",0.3975468975468972,"0","68"
"=HYPERLINK(""https://stackoverflow.com/q/52544378"", ""52544378"")",0.30367802811477,"2","444"
"=HYPERLINK(""https://stackoverflow.com/q/52947632"", ""52947632"")",0.563720781300032,"0","31"
"=HYPERLINK(""https://stackoverflow.com/q/52977431"", ""52977431"")",0.4637365825355383,"0","255"
"=HYPERLINK(""https://stackoverflow.com/q/53080463"", ""53080463"")",0.6741050674105065,"0","785"
"=HYPERLINK(""https://stackoverflow.com/q/53264557"", ""53264557"")",0.4200483091787437,"0","53"
"=HYPERLINK(""https://stackoverflow.com/q/53433453"", ""53433453"")",0.4869807195388592,"0","25"
"=HYPERLINK(""https://stackoverflow.com/q/54342516"", ""54342516"")",0.5712526931363496,"0","243"
"=HYPERLINK(""https://stackoverflow.com/q/54364526"", ""54364526"")",0.4138389886892878,"0","83"
"=HYPERLINK(""https://stackoverflow.com/q/54645243"", ""54645243"")",0.5522222222222217,"0","69"
"=HYPERLINK(""https://stackoverflow.com/q/55122954"", ""55122954"")",0.3966903073286053,"0","97"
"=HYPERLINK(""https://stackoverflow.com/q/55212282"", ""55212282"")",0.6270198234216228,"0","61"
"=HYPERLINK(""https://stackoverflow.com/q/55550178"", ""55550178"")",0.3277167277167277,"1","111"
"=HYPERLINK(""https://stackoverflow.com/q/55587740"", ""55587740"")",0.3518847444247091,"2","162"
"=HYPERLINK(""https://stackoverflow.com/q/55912578"", ""55912578"")",0.5577926920208801,"1","92"
"=HYPERLINK(""https://stackoverflow.com/q/56013655"", ""56013655"")",0.4842911877394636,"0","11"
"=HYPERLINK(""https://stackoverflow.com/q/56034154"", ""56034154"")",0.3312088379009985,"1","399"
"=HYPERLINK(""https://stackoverflow.com/q/56043645"", ""56043645"")",0.5114529914529916,"0","88"
"=HYPERLINK(""https://stackoverflow.com/q/56688015"", ""56688015"")",0.7135265700483089,"2","89"
"=HYPERLINK(""https://stackoverflow.com/q/56810798"", ""56810798"")",0.4886582083813914,"0","25"
"=HYPERLINK(""https://stackoverflow.com/q/57823165"", ""57823165"")",0.2634593356242841,"1","61"
"=HYPERLINK(""https://stackoverflow.com/q/58081731"", ""58081731"")",0.5768733850129198,"0","46"
"=HYPERLINK(""https://stackoverflow.com/q/58168707"", ""58168707"")",0.3161819537658466,"0","143"
"=HYPERLINK(""https://stackoverflow.com/q/58269984"", ""58269984"")",0.5474817377931565,"0","50"
"=HYPERLINK(""https://stackoverflow.com/q/58535924"", ""58535924"")",0.2703393770339375,"0","55"
"=HYPERLINK(""https://stackoverflow.com/q/58568759"", ""58568759"")",0.5137884872824632,"0","107"
"=HYPERLINK(""https://stackoverflow.com/q/58695392"", ""58695392"")",0.2586173695359138,"0","99"
"=HYPERLINK(""https://stackoverflow.com/q/58901870"", ""58901870"")",0.5968150560984437,"0","81"
"=HYPERLINK(""https://stackoverflow.com/q/59459198"", ""59459198"")",0.3867791842475385,"0","21"
"=HYPERLINK(""https://stackoverflow.com/q/59793314"", ""59793314"")",0.2666009204470742,"0","110"
"=HYPERLINK(""https://stackoverflow.com/q/59805170"", ""59805170"")",0.5146504206556426,"0","339"
"=HYPERLINK(""https://stackoverflow.com/q/59952618"", ""59952618"")",0.2955304928989138,"1","47"
"=HYPERLINK(""https://stackoverflow.com/q/59985929"", ""59985929"")",0.3515856719142139,"0","76"
"=HYPERLINK(""https://stackoverflow.com/q/60283380"", ""60283380"")",0.4882650029708854,"0","97"
"=HYPERLINK(""https://stackoverflow.com/q/60837949"", ""60837949"")",0.3396718866517527,"2","47"
"=HYPERLINK(""https://stackoverflow.com/q/60898767"", ""60898767"")",0.4193376068376069,"0","52"
"=HYPERLINK(""https://stackoverflow.com/q/60931227"", ""60931227"")",0.3729982754372997,"0","65"
"=HYPERLINK(""https://stackoverflow.com/q/61073169"", ""61073169"")",0.5542380324989018,"0","265"
"=HYPERLINK(""https://stackoverflow.com/q/61100705"", ""61100705"")",0.5142576204523109,"0","46"
"=HYPERLINK(""https://stackoverflow.com/q/61361228"", ""61361228"")",0.3981016192071469,"0","35"
"=HYPERLINK(""https://stackoverflow.com/q/61659942"", ""61659942"")",0.5570337521557032,"0","53"
"=HYPERLINK(""https://stackoverflow.com/q/61676031"", ""61676031"")",0.6283760683760683,"0","58"
"=HYPERLINK(""https://stackoverflow.com/q/61998042"", ""61998042"")",0.6247266944941365,"0","119"
"=HYPERLINK(""https://stackoverflow.com/q/62042445"", ""62042445"")",0.2973210364514712,"1","59"
"=HYPERLINK(""https://stackoverflow.com/q/62060116"", ""62060116"")",0.3180608098640886,"1","64"
"=HYPERLINK(""https://stackoverflow.com/q/62166419"", ""62166419"")",0.4472222222222222,"0","132"
"=HYPERLINK(""https://stackoverflow.com/q/62218179"", ""62218179"")",0.5242356450410145,"0","47"
"=HYPERLINK(""https://stackoverflow.com/q/62396678"", ""62396678"")",0.4520094562647755,"1","41"
"=HYPERLINK(""https://stackoverflow.com/q/62796119"", ""62796119"")",0.4045426642111725,"1","14"
"=HYPERLINK(""https://stackoverflow.com/q/62905830"", ""62905830"")",0.3940760787851453,"0","194"
"=HYPERLINK(""https://stackoverflow.com/q/63045587"", ""63045587"")",0.4467120181405896,"1","237"
"=HYPERLINK(""https://stackoverflow.com/q/63141965"", ""63141965"")",0.6541748849441156,"1","73"
"=HYPERLINK(""https://stackoverflow.com/q/63170227"", ""63170227"")",0.3898868928809045,"2","50"
"=HYPERLINK(""https://stackoverflow.com/q/63242556"", ""63242556"")",0.365409289196818,"0","132"
"=HYPERLINK(""https://stackoverflow.com/q/63558519"", ""63558519"")",0.4050477069867652,"0","81"
"=HYPERLINK(""https://stackoverflow.com/q/64039958"", ""64039958"")",0.3895862389586237,"0","51"
"=HYPERLINK(""https://stackoverflow.com/q/64062098"", ""64062098"")",0.2793650793650794,"0","32"
"=HYPERLINK(""https://stackoverflow.com/q/64120666"", ""64120666"")",0.571537290715373,"0","74"
"=HYPERLINK(""https://stackoverflow.com/q/64154749"", ""64154749"")",0.385455185772143,"0","87"
"=HYPERLINK(""https://stackoverflow.com/q/64459570"", ""64459570"")",0.3268376068376072,"0","60"
"=HYPERLINK(""https://stackoverflow.com/q/65086511"", ""65086511"")",0.592529389457717,"1","75"
"=HYPERLINK(""https://stackoverflow.com/q/65089852"", ""65089852"")",0.747913921826965,"0","28"
"=HYPERLINK(""https://stackoverflow.com/q/65720024"", ""65720024"")",0.4793650793650795,"1","36"
"=HYPERLINK(""https://stackoverflow.com/q/65772905"", ""65772905"")",0.3404040404040402,"1","64"
"=HYPERLINK(""https://stackoverflow.com/q/66652851"", ""66652851"")",0.4693353861945085,"0","49"
"=HYPERLINK(""https://stackoverflow.com/q/66897692"", ""66897692"")",0.2960683760683761,"0","33"
"=HYPERLINK(""https://stackoverflow.com/q/67084226"", ""67084226"")",0.4470060838936922,"2","48"
"=HYPERLINK(""https://stackoverflow.com/q/67101448"", ""67101448"")",0.5663780663780662,"0","48"
"=HYPERLINK(""https://stackoverflow.com/q/67643390"", ""67643390"")",0.3742840778923252,"0","29"
