link,Correlation
"=HYPERLINK(""https://stackoverflow.com/a/1488377"", ""1488377"")",0.4550989345509894
"=HYPERLINK(""https://stackoverflow.com/a/1733882"", ""1733882"")",0.5632264063226404
"=HYPERLINK(""https://stackoverflow.com/a/2462917"", ""2462917"")",0.3726647000983287
"=HYPERLINK(""https://stackoverflow.com/a/2508644"", ""2508644"")",0.06432748538011701
"=HYPERLINK(""https://stackoverflow.com/a/4022316"", ""4022316"")",0.5917874396135266
"=HYPERLINK(""https://stackoverflow.com/a/4217177"", ""4217177"")",0.2815442561205271
"=HYPERLINK(""https://stackoverflow.com/a/5800772"", ""5800772"")",0.6237970253718292
"=HYPERLINK(""https://stackoverflow.com/a/7149272"", ""7149272"")",0.19222222222222213
"=HYPERLINK(""https://stackoverflow.com/a/8196734"", ""8196734"")",0.7687338501291985
"=HYPERLINK(""https://stackoverflow.com/a/8423546"", ""8423546"")",0.28867791842475377
"=HYPERLINK(""https://stackoverflow.com/a/9364520"", ""9364520"")",0.2665260196905766
"=HYPERLINK(""https://stackoverflow.com/a/9482162"", ""9482162"")",0.2579365079365079
"=HYPERLINK(""https://stackoverflow.com/a/9490800"", ""9490800"")",0.7027417027417024
"=HYPERLINK(""https://stackoverflow.com/a/9753876"", ""9753876"")",0.550091074681239
"=HYPERLINK(""https://stackoverflow.com/a/10402914"", ""10402914"")",0.3619281045751634
"=HYPERLINK(""https://stackoverflow.com/a/10654733"", ""10654733"")",0.4417344173441732
"=HYPERLINK(""https://stackoverflow.com/a/10920256"", ""10920256"")",0.4365079365079363
"=HYPERLINK(""https://stackoverflow.com/a/10923537"", ""10923537"")",0.11507936507936507
"=HYPERLINK(""https://stackoverflow.com/a/11500117"", ""11500117"")",0.45299145299145294
"=HYPERLINK(""https://stackoverflow.com/a/11524086"", ""11524086"")",0.5636856368563683
"=HYPERLINK(""https://stackoverflow.com/a/11726723"", ""11726723"")",0.5022222222222217
"=HYPERLINK(""https://stackoverflow.com/a/12207448"", ""12207448"")",0.41074681238615696
"=HYPERLINK(""https://stackoverflow.com/a/13694615"", ""13694615"")",0.4590643274853804
"=HYPERLINK(""https://stackoverflow.com/a/13955603"", ""13955603"")",0.5483091787439615
"=HYPERLINK(""https://stackoverflow.com/a/14125543"", ""14125543"")",0.6178266178266179
"=HYPERLINK(""https://stackoverflow.com/a/15249337"", ""15249337"")",0.3397718910963945
"=HYPERLINK(""https://stackoverflow.com/a/15636118"", ""15636118"")",0.42770167427701683
"=HYPERLINK(""https://stackoverflow.com/a/16249164"", ""16249164"")",0.3866057838660578
"=HYPERLINK(""https://stackoverflow.com/a/17296540"", ""17296540"")",0.18650793650793643
"=HYPERLINK(""https://stackoverflow.com/a/17872313"", ""17872313"")",0.4424057084607545
"=HYPERLINK(""https://stackoverflow.com/a/18502525"", ""18502525"")",0.39171374764595085
"=HYPERLINK(""https://stackoverflow.com/a/18591863"", ""18591863"")",0.6128472222222224
"=HYPERLINK(""https://stackoverflow.com/a/18772688"", ""18772688"")",0.8595848595848596
"=HYPERLINK(""https://stackoverflow.com/a/19560405"", ""19560405"")",0.2776439089692102
"=HYPERLINK(""https://stackoverflow.com/a/20641986"", ""20641986"")",0.3971493359248464
"=HYPERLINK(""https://stackoverflow.com/a/22457648"", ""22457648"")",0.5587606837606839
"=HYPERLINK(""https://stackoverflow.com/a/22528958"", ""22528958"")",0.551336146272855
"=HYPERLINK(""https://stackoverflow.com/a/22709312"", ""22709312"")",0.49597787833081947
"=HYPERLINK(""https://stackoverflow.com/a/25117552"", ""25117552"")",0.49340866290018814
"=HYPERLINK(""https://stackoverflow.com/a/25417826"", ""25417826"")",0.46075433231396545
"=HYPERLINK(""https://stackoverflow.com/a/25821265"", ""25821265"")",0.39327485380116944
"=HYPERLINK(""https://stackoverflow.com/a/26457924"", ""26457924"")",0.3086883876357559
"=HYPERLINK(""https://stackoverflow.com/a/26803232"", ""26803232"")",0.4485380116959068
"=HYPERLINK(""https://stackoverflow.com/a/27339617"", ""27339617"")",0.5880758807588073
"=HYPERLINK(""https://stackoverflow.com/a/28099327"", ""28099327"")",0.44040404040404046
"=HYPERLINK(""https://stackoverflow.com/a/28952134"", ""28952134"")",0.37833081950729003
"=HYPERLINK(""https://stackoverflow.com/a/28998692"", ""28998692"")",0.8206474190726167
"=HYPERLINK(""https://stackoverflow.com/a/29272743"", ""29272743"")",0.3882738827388275
"=HYPERLINK(""https://stackoverflow.com/a/29308289"", ""29308289"")",0.45008869537171386
"=HYPERLINK(""https://stackoverflow.com/a/29432921"", ""29432921"")",0.44321669736034386
"=HYPERLINK(""https://stackoverflow.com/a/29569142"", ""29569142"")",0.11507936507936506
"=HYPERLINK(""https://stackoverflow.com/a/29772559"", ""29772559"")",0.4722222222222224
"=HYPERLINK(""https://stackoverflow.com/a/29889238"", ""29889238"")",0.3292332923329235
"=HYPERLINK(""https://stackoverflow.com/a/30032645"", ""30032645"")",0.21778271056850418
"=HYPERLINK(""https://stackoverflow.com/a/30679894"", ""30679894"")",0.43140589569160975
"=HYPERLINK(""https://stackoverflow.com/a/30704322"", ""30704322"")",0.3922222222222219
"=HYPERLINK(""https://stackoverflow.com/a/30877962"", ""30877962"")",0.11695906432748535
"=HYPERLINK(""https://stackoverflow.com/a/31921757"", ""31921757"")",0.6276276276276274
"=HYPERLINK(""https://stackoverflow.com/a/32720203"", ""32720203"")",0.7222222222222222
"=HYPERLINK(""https://stackoverflow.com/a/33122967"", ""33122967"")",0.5728715728715726
"=HYPERLINK(""https://stackoverflow.com/a/33633663"", ""33633663"")",0.32936507936507925
"=HYPERLINK(""https://stackoverflow.com/a/33738984"", ""33738984"")",0.8595848595848598
"=HYPERLINK(""https://stackoverflow.com/a/34480711"", ""34480711"")",0.48052480524805274
"=HYPERLINK(""https://stackoverflow.com/a/34549426"", ""34549426"")",0.24924924924924907
"=HYPERLINK(""https://stackoverflow.com/a/34678711"", ""34678711"")",0.3162129772299264
"=HYPERLINK(""https://stackoverflow.com/a/34882152"", ""34882152"")",0.46486928104575154
"=HYPERLINK(""https://stackoverflow.com/a/34903210"", ""34903210"")",0.552730696798493
"=HYPERLINK(""https://stackoverflow.com/a/35113791"", ""35113791"")",0.26529914529914544
"=HYPERLINK(""https://stackoverflow.com/a/35750275"", ""35750275"")",0.43856837606837606
"=HYPERLINK(""https://stackoverflow.com/a/35756686"", ""35756686"")",0.7126068376068376
"=HYPERLINK(""https://stackoverflow.com/a/36109870"", ""36109870"")",0.9207146845337797
"=HYPERLINK(""https://stackoverflow.com/a/36798223"", ""36798223"")",0.6611535199321464
"=HYPERLINK(""https://stackoverflow.com/a/37049624"", ""37049624"")",0.9281045751633986
"=HYPERLINK(""https://stackoverflow.com/a/37541214"", ""37541214"")",0.4886156648451733
"=HYPERLINK(""https://stackoverflow.com/a/37623315"", ""37623315"")",0.5473755964553506
"=HYPERLINK(""https://stackoverflow.com/a/38137218"", ""38137218"")",0.24924924924924907
"=HYPERLINK(""https://stackoverflow.com/a/38312077"", ""38312077"")",0.1695906432748537
"=HYPERLINK(""https://stackoverflow.com/a/38657458"", ""38657458"")",0.34687596183441066
"=HYPERLINK(""https://stackoverflow.com/a/39150859"", ""39150859"")",0.6148319219912752
"=HYPERLINK(""https://stackoverflow.com/a/39716602"", ""39716602"")",0.41006752608962566
"=HYPERLINK(""https://stackoverflow.com/a/39749593"", ""39749593"")",0.5822222222222218
"=HYPERLINK(""https://stackoverflow.com/a/39778041"", ""39778041"")",0.3875765529308838
"=HYPERLINK(""https://stackoverflow.com/a/40025334"", ""40025334"")",0.35793650793650805
"=HYPERLINK(""https://stackoverflow.com/a/40101497"", ""40101497"")",0.5016339869281046
"=HYPERLINK(""https://stackoverflow.com/a/40533675"", ""40533675"")",0.19519519519519504
"=HYPERLINK(""https://stackoverflow.com/a/40787170"", ""40787170"")",0.4438438438438436
"=HYPERLINK(""https://stackoverflow.com/a/41236629"", ""41236629"")",0.451035781544256
"=HYPERLINK(""https://stackoverflow.com/a/41248408"", ""41248408"")",0.3711583924349883
"=HYPERLINK(""https://stackoverflow.com/a/41300156"", ""41300156"")",0.42443828870421674
"=HYPERLINK(""https://stackoverflow.com/a/41853844"", ""41853844"")",0.4905149051490513
"=HYPERLINK(""https://stackoverflow.com/a/41972032"", ""41972032"")",0.22222222222222215
"=HYPERLINK(""https://stackoverflow.com/a/42055416"", ""42055416"")",0.31781045751633985
"=HYPERLINK(""https://stackoverflow.com/a/42082135"", ""42082135"")",0.45299145299145294
"=HYPERLINK(""https://stackoverflow.com/a/42963885"", ""42963885"")",0.4175574991901526
"=HYPERLINK(""https://stackoverflow.com/a/43001495"", ""43001495"")",0.49846531614487427
"=HYPERLINK(""https://stackoverflow.com/a/43605446"", ""43605446"")",0.8249619482496194
"=HYPERLINK(""https://stackoverflow.com/a/43691883"", ""43691883"")",0.23692810457516336
"=HYPERLINK(""https://stackoverflow.com/a/43764098"", ""43764098"")",0.796047725577927
"=HYPERLINK(""https://stackoverflow.com/a/43957737"", ""43957737"")",0.3924349881796691
"=HYPERLINK(""https://stackoverflow.com/a/44702669"", ""44702669"")",0.7357357357357355
"=HYPERLINK(""https://stackoverflow.com/a/45088464"", ""45088464"")",0.459791282995703
"=HYPERLINK(""https://stackoverflow.com/a/45290047"", ""45290047"")",0.7396640826873382
"=HYPERLINK(""https://stackoverflow.com/a/45833831"", ""45833831"")",0.5098934550989345
"=HYPERLINK(""https://stackoverflow.com/a/46138920"", ""46138920"")",0.22985581000848196
"=HYPERLINK(""https://stackoverflow.com/a/46344243"", ""46344243"")",0.7496947496947497
"=HYPERLINK(""https://stackoverflow.com/a/46406569"", ""46406569"")",0.7588948519181079
"=HYPERLINK(""https://stackoverflow.com/a/46681998"", ""46681998"")",0.8285214348206483
"=HYPERLINK(""https://stackoverflow.com/a/47074202"", ""47074202"")",0.6192810457516339
"=HYPERLINK(""https://stackoverflow.com/a/47212865"", ""47212865"")",0.3929539295392952
"=HYPERLINK(""https://stackoverflow.com/a/47912394"", ""47912394"")",0.6062428407789232
"=HYPERLINK(""https://stackoverflow.com/a/48257872"", ""48257872"")",0.4256120527306966
"=HYPERLINK(""https://stackoverflow.com/a/48863331"", ""48863331"")",0.7001633986928104
"=HYPERLINK(""https://stackoverflow.com/a/48925143"", ""48925143"")",0.4522385354359254
"=HYPERLINK(""https://stackoverflow.com/a/49065869"", ""49065869"")",0.24040404040404045
"=HYPERLINK(""https://stackoverflow.com/a/49208523"", ""49208523"")",0.5228357191547374
"=HYPERLINK(""https://stackoverflow.com/a/49252842"", ""49252842"")",0.540213854021385
"=HYPERLINK(""https://stackoverflow.com/a/49342642"", ""49342642"")",0.4078177900892583
"=HYPERLINK(""https://stackoverflow.com/a/49441903"", ""49441903"")",0.7016742770167428
"=HYPERLINK(""https://stackoverflow.com/a/49489910"", ""49489910"")",0.5465465465465462
"=HYPERLINK(""https://stackoverflow.com/a/49492363"", ""49492363"")",0.5432748538011699
"=HYPERLINK(""https://stackoverflow.com/a/49638798"", ""49638798"")",0.6413398692810457
"=HYPERLINK(""https://stackoverflow.com/a/49731541"", ""49731541"")",0.611695906432749
"=HYPERLINK(""https://stackoverflow.com/a/49885035"", ""49885035"")",0.29845271441910093
"=HYPERLINK(""https://stackoverflow.com/a/50598947"", ""50598947"")",0.22222222222222215
"=HYPERLINK(""https://stackoverflow.com/a/50748068"", ""50748068"")",0.3449216087252893
"=HYPERLINK(""https://stackoverflow.com/a/50789744"", ""50789744"")",0.5936507936507937
"=HYPERLINK(""https://stackoverflow.com/a/51175667"", ""51175667"")",0.4783197831978318
"=HYPERLINK(""https://stackoverflow.com/a/51312324"", ""51312324"")",0.30330330330330313
"=HYPERLINK(""https://stackoverflow.com/a/51938811"", ""51938811"")",0.21369343757403475
"=HYPERLINK(""https://stackoverflow.com/a/52189089"", ""52189089"")",0.3033033033033031
"=HYPERLINK(""https://stackoverflow.com/a/52425266"", ""52425266"")",0.4007936507936506
"=HYPERLINK(""https://stackoverflow.com/a/52475528"", ""52475528"")",0.5050091074681243
"=HYPERLINK(""https://stackoverflow.com/a/55026577"", ""55026577"")",0.6393076493579
"=HYPERLINK(""https://stackoverflow.com/a/55276605"", ""55276605"")",0.8206474190726167
"=HYPERLINK(""https://stackoverflow.com/a/55572105"", ""55572105"")",0.8003472222222228
"=HYPERLINK(""https://stackoverflow.com/a/55646384"", ""55646384"")",0.2710027100271002
"=HYPERLINK(""https://stackoverflow.com/a/55820611"", ""55820611"")",0.6284722222222225
"=HYPERLINK(""https://stackoverflow.com/a/55825616"", ""55825616"")",0.34492160872528954
"=HYPERLINK(""https://stackoverflow.com/a/56084046"", ""56084046"")",0.3274853801169593
"=HYPERLINK(""https://stackoverflow.com/a/56970647"", ""56970647"")",0.1612466124661246
"=HYPERLINK(""https://stackoverflow.com/a/57800087"", ""57800087"")",0.2789789789789789
"=HYPERLINK(""https://stackoverflow.com/a/58243643"", ""58243643"")",0.20643274853801183
"=HYPERLINK(""https://stackoverflow.com/a/58446086"", ""58446086"")",0.3131313131313131
"=HYPERLINK(""https://stackoverflow.com/a/58750965"", ""58750965"")",0.8002038735983692
"=HYPERLINK(""https://stackoverflow.com/a/59053168"", ""59053168"")",0.5544697792254794
"=HYPERLINK(""https://stackoverflow.com/a/59484184"", ""59484184"")",0.6096760967609677
"=HYPERLINK(""https://stackoverflow.com/a/59622477"", ""59622477"")",0.19519519519519513
"=HYPERLINK(""https://stackoverflow.com/a/59753161"", ""59753161"")",0.5034722222222223
"=HYPERLINK(""https://stackoverflow.com/a/59820497"", ""59820497"")",0.6787439613526571
"=HYPERLINK(""https://stackoverflow.com/a/59834203"", ""59834203"")",0.5514905149051488
"=HYPERLINK(""https://stackoverflow.com/a/60414610"", ""60414610"")",0.6178743961352652
"=HYPERLINK(""https://stackoverflow.com/a/61193819"", ""61193819"")",0.2359208523592085
"=HYPERLINK(""https://stackoverflow.com/a/61195758"", ""61195758"")",0.6233850129198963
"=HYPERLINK(""https://stackoverflow.com/a/61248217"", ""61248217"")",0.4671886651752426
"=HYPERLINK(""https://stackoverflow.com/a/61588431"", ""61588431"")",0.42911877394636017
"=HYPERLINK(""https://stackoverflow.com/a/61614120"", ""61614120"")",0.5419896640826871
"=HYPERLINK(""https://stackoverflow.com/a/62224553"", ""62224553"")",0.5048309178743966
"=HYPERLINK(""https://stackoverflow.com/a/62312479"", ""62312479"")",0.900188323917137
"=HYPERLINK(""https://stackoverflow.com/a/62820902"", ""62820902"")",0.604040404040404
"=HYPERLINK(""https://stackoverflow.com/a/62874107"", ""62874107"")",0.749781277340333
"=HYPERLINK(""https://stackoverflow.com/a/63453090"", ""63453090"")",0.4741907261592304
"=HYPERLINK(""https://stackoverflow.com/a/64197425"", ""64197425"")",0.7057387057387058
"=HYPERLINK(""https://stackoverflow.com/a/64497547"", ""64497547"")",0.4884559884559884
"=HYPERLINK(""https://stackoverflow.com/a/65101662"", ""65101662"")",0.7422222222222218
"=HYPERLINK(""https://stackoverflow.com/a/65495716"", ""65495716"")",0.6479149174363276
"=HYPERLINK(""https://stackoverflow.com/a/65498179"", ""65498179"")",0.3405216676935718
"=HYPERLINK(""https://stackoverflow.com/a/65628500"", ""65628500"")",0.22222222222222227
"=HYPERLINK(""https://stackoverflow.com/a/65781425"", ""65781425"")",0.6450410141685312
"=HYPERLINK(""https://stackoverflow.com/a/66250802"", ""66250802"")",0.49249249249249216
"=HYPERLINK(""https://stackoverflow.com/a/66479057"", ""66479057"")",0.49428104575163395
"=HYPERLINK(""https://stackoverflow.com/a/66695591"", ""66695591"")",0.5712155108128264
"=HYPERLINK(""https://stackoverflow.com/a/66707002"", ""66707002"")",0.8704980842911878
"=HYPERLINK(""https://stackoverflow.com/a/66757959"", ""66757959"")",0.7199597787833082
"=HYPERLINK(""https://stackoverflow.com/a/66801675"", ""66801675"")",0.6276276276276274
"=HYPERLINK(""https://stackoverflow.com/a/66944479"", ""66944479"")",0.6231438812083968
"=HYPERLINK(""https://stackoverflow.com/a/67285848"", ""67285848"")",0.5844976713240185
"=HYPERLINK(""https://stackoverflow.com/a/67433723"", ""67433723"")",0.25898692810457513
"=HYPERLINK(""https://stackoverflow.com/a/67703342"", ""67703342"")",0.8319783197831976
