"link","Correlation","score","view_count"
"=HYPERLINK(""https://stackoverflow.com/q/1455718"", ""1455718"")",0.3322222222222221,"3","4714"
"=HYPERLINK(""https://stackoverflow.com/q/1596401"", ""1596401"")",0.339211790031462,"2","2803"
"=HYPERLINK(""https://stackoverflow.com/q/1822080"", ""1822080"")",0.3404040404040403,"0","145"
"=HYPERLINK(""https://stackoverflow.com/q/2123680"", ""2123680"")",0.5540194572452635,"0","311"
"=HYPERLINK(""https://stackoverflow.com/q/2212870"", ""2212870"")",0.482222222222222,"1","319"
"=HYPERLINK(""https://stackoverflow.com/q/2416308"", ""2416308"")",0.2896884890887891,"5","15644"
"=HYPERLINK(""https://stackoverflow.com/q/3044176"", ""3044176"")",0.4896640826873382,"0","1103"
"=HYPERLINK(""https://stackoverflow.com/q/3803536"", ""3803536"")",0.6015325670498085,"1","4540"
"=HYPERLINK(""https://stackoverflow.com/q/3993679"", ""3993679"")",0.4108117626342669,"0","852"
"=HYPERLINK(""https://stackoverflow.com/q/4112394"", ""4112394"")",0.340643274853801,"0","1900"
"=HYPERLINK(""https://stackoverflow.com/q/4739953"", ""4739953"")",0.426331811263318,"3","912"
"=HYPERLINK(""https://stackoverflow.com/q/5103285"", ""5103285"")",0.3960257486705843,"1","1113"
"=HYPERLINK(""https://stackoverflow.com/q/5304986"", ""5304986"")",0.634740003161056,"1","1554"
"=HYPERLINK(""https://stackoverflow.com/q/6598478"", ""6598478"")",0.4794569489103253,"2","1358"
"=HYPERLINK(""https://stackoverflow.com/q/6828968"", ""6828968"")",0.5529308836395456,"1","1307"
"=HYPERLINK(""https://stackoverflow.com/q/7041898"", ""7041898"")",0.5091540404040402,"0","750"
"=HYPERLINK(""https://stackoverflow.com/q/7205891"", ""7205891"")",0.8520923520923517,"1","151"
"=HYPERLINK(""https://stackoverflow.com/q/7687530"", ""7687530"")",0.5734827264239029,"0","33104"
"=HYPERLINK(""https://stackoverflow.com/q/7740549"", ""7740549"")",0.3927291346646182,"0","5166"
"=HYPERLINK(""https://stackoverflow.com/q/8190468"", ""8190468"")",0.4103665521191294,"1","5083"
"=HYPERLINK(""https://stackoverflow.com/q/8788806"", ""8788806"")",0.3908268733850127,"0","564"
"=HYPERLINK(""https://stackoverflow.com/q/8789019"", ""8789019"")",0.6249067859806117,"0","1362"
"=HYPERLINK(""https://stackoverflow.com/q/9277008"", ""9277008"")",0.3307672568642545,"2","234"
"=HYPERLINK(""https://stackoverflow.com/q/9402268"", ""9402268"")",0.4605943152454778,"2","1797"
"=HYPERLINK(""https://stackoverflow.com/q/9471870"", ""9471870"")",0.3771960442117508,"0","3496"
"=HYPERLINK(""https://stackoverflow.com/q/9639131"", ""9639131"")",0.7470841006752611,"0","2220"
"=HYPERLINK(""https://stackoverflow.com/q/9781760"", ""9781760"")",0.3660374234144726,"1","1700"
"=HYPERLINK(""https://stackoverflow.com/q/9787525"", ""9787525"")",0.2442117510180336,"0","1025"
"=HYPERLINK(""https://stackoverflow.com/q/9983699"", ""9983699"")",0.3102904040404039,"1","2460"
"=HYPERLINK(""https://stackoverflow.com/q/10240154"", ""10240154"")",0.3027265869166934,"4","2607"
"=HYPERLINK(""https://stackoverflow.com/q/10598378"", ""10598378"")",0.3106200122774708,"0","138"
"=HYPERLINK(""https://stackoverflow.com/q/10607570"", ""10607570"")",0.4068376068376073,"1","685"
"=HYPERLINK(""https://stackoverflow.com/q/11261254"", ""11261254"")",0.4842911877394637,"4","1940"
"=HYPERLINK(""https://stackoverflow.com/q/11268120"", ""11268120"")",0.3305499134883019,"7","31079"
"=HYPERLINK(""https://stackoverflow.com/q/11499912"", ""11499912"")",0.5130941568271269,"1","13582"
"=HYPERLINK(""https://stackoverflow.com/q/11635043"", ""11635043"")",0.3170775276884602,"2","2979"
"=HYPERLINK(""https://stackoverflow.com/q/13061225"", ""13061225"")",0.3743616833949639,"1","215"
"=HYPERLINK(""https://stackoverflow.com/q/13595279"", ""13595279"")",0.4067859806114841,"0","299"
"=HYPERLINK(""https://stackoverflow.com/q/13892261"", ""13892261"")",0.4145299145299146,"22","83239"
"=HYPERLINK(""https://stackoverflow.com/q/14193807"", ""14193807"")",0.5642033542976941,"1","1414"
"=HYPERLINK(""https://stackoverflow.com/q/15238731"", ""15238731"")",0.5884194053208142,"1","1120"
"=HYPERLINK(""https://stackoverflow.com/q/15427350"", ""15427350"")",0.3681681681681679,"0","37263"
"=HYPERLINK(""https://stackoverflow.com/q/15656575"", ""15656575"")",0.2921930677032722,"0","1215"
"=HYPERLINK(""https://stackoverflow.com/q/15788739"", ""15788739"")",0.2335344394167924,"1","665"
"=HYPERLINK(""https://stackoverflow.com/q/16779195"", ""16779195"")",0.3181631816318163,"1","757"
"=HYPERLINK(""https://stackoverflow.com/q/16817457"", ""16817457"")",0.4694749694749696,"0","950"
"=HYPERLINK(""https://stackoverflow.com/q/16826762"", ""16826762"")",0.5187739463601532,"0","76"
"=HYPERLINK(""https://stackoverflow.com/q/17356875"", ""17356875"")",0.2033033033033031,"2","1070"
"=HYPERLINK(""https://stackoverflow.com/q/18023198"", ""18023198"")",0.859075670498084,"0","3098"
"=HYPERLINK(""https://stackoverflow.com/q/18130010"", ""18130010"")",0.4411411411411408,"0","1160"
"=HYPERLINK(""https://stackoverflow.com/q/18253914"", ""18253914"")",0.6760209901893678,"6","16363"
"=HYPERLINK(""https://stackoverflow.com/q/18673411"", ""18673411"")",0.5237686139747995,"1","410"
"=HYPERLINK(""https://stackoverflow.com/q/18841738"", ""18841738"")",0.4462406979727994,"1","187"
"=HYPERLINK(""https://stackoverflow.com/q/19200498"", ""19200498"")",0.7222222222222219,"6","19373"
"=HYPERLINK(""https://stackoverflow.com/q/19558702"", ""19558702"")",0.5452310717797444,"0","308"
"=HYPERLINK(""https://stackoverflow.com/q/19855973"", ""19855973"")",0.3172090296100852,"2","336"
"=HYPERLINK(""https://stackoverflow.com/q/19887151"", ""19887151"")",0.7558760683760685,"0","4096"
"=HYPERLINK(""https://stackoverflow.com/q/20240663"", ""20240663"")",0.480683760683761,"1","583"
"=HYPERLINK(""https://stackoverflow.com/q/20322821"", ""20322821"")",0.5480140774258421,"1","425"
"=HYPERLINK(""https://stackoverflow.com/q/20376367"", ""20376367"")",0.2166973603437692,"0","479"
"=HYPERLINK(""https://stackoverflow.com/q/20417235"", ""20417235"")",0.5840312674483524,"1","557"
"=HYPERLINK(""https://stackoverflow.com/q/20785200"", ""20785200"")",0.3330869672333083,"0","1472"
"=HYPERLINK(""https://stackoverflow.com/q/21115401"", ""21115401"")",0.2562458908612754,"0","439"
"=HYPERLINK(""https://stackoverflow.com/q/21213084"", ""21213084"")",0.268307730273305,"1","694"
"=HYPERLINK(""https://stackoverflow.com/q/21276050"", ""21276050"")",0.4560683760683764,"0","189"
"=HYPERLINK(""https://stackoverflow.com/q/21291027"", ""21291027"")",0.5746812386156651,"0","1100"
"=HYPERLINK(""https://stackoverflow.com/q/21293387"", ""21293387"")",0.2885046429715017,"3","339"
"=HYPERLINK(""https://stackoverflow.com/q/21326163"", ""21326163"")",0.7627627627627623,"1","549"
"=HYPERLINK(""https://stackoverflow.com/q/21359903"", ""21359903"")",0.8949026345933562,"1","6004"
"=HYPERLINK(""https://stackoverflow.com/q/21720165"", ""21720165"")",0.7757936507936509,"2","2314"
"=HYPERLINK(""https://stackoverflow.com/q/22524773"", ""22524773"")",0.5810612723541485,"0","668"
"=HYPERLINK(""https://stackoverflow.com/q/22709056"", ""22709056"")",0.4690576652601967,"1","321"
"=HYPERLINK(""https://stackoverflow.com/q/23042778"", ""23042778"")",0.3899641577060933,"0","184"
"=HYPERLINK(""https://stackoverflow.com/q/23333320"", ""23333320"")",0.9413711583924352,"1","1072"
"=HYPERLINK(""https://stackoverflow.com/q/23362734"", ""23362734"")",0.3488728824863278,"1","139"
"=HYPERLINK(""https://stackoverflow.com/q/23413502"", ""23413502"")",0.4593159124707884,"2","1388"
"=HYPERLINK(""https://stackoverflow.com/q/23421621"", ""23421621"")",0.6517524235645045,"1","430"
"=HYPERLINK(""https://stackoverflow.com/q/23471590"", ""23471590"")",0.9365079365079374,"0","3619"
"=HYPERLINK(""https://stackoverflow.com/q/23796584"", ""23796584"")",0.4324494949494946,"0","845"
"=HYPERLINK(""https://stackoverflow.com/q/23905873"", ""23905873"")",0.4201114042802699,"0","265"
"=HYPERLINK(""https://stackoverflow.com/q/24233547"", ""24233547"")",0.3675377097939241,"1","7918"
"=HYPERLINK(""https://stackoverflow.com/q/24413037"", ""24413037"")",0.374764595103578,"0","236"
"=HYPERLINK(""https://stackoverflow.com/q/24433448"", ""24433448"")",0.4845461658841943,"0","426"
"=HYPERLINK(""https://stackoverflow.com/q/24567625"", ""24567625"")",0.4525429219306772,"0","845"
"=HYPERLINK(""https://stackoverflow.com/q/24734703"", ""24734703"")",0.5224531691044393,"0","754"
"=HYPERLINK(""https://stackoverflow.com/q/25294813"", ""25294813"")",0.3501539919450368,"0","372"
"=HYPERLINK(""https://stackoverflow.com/q/25399827"", ""25399827"")",0.2956637252111203,"1","655"
"=HYPERLINK(""https://stackoverflow.com/q/25723804"", ""25723804"")",0.8812083973374286,"9","10732"
"=HYPERLINK(""https://stackoverflow.com/q/25937557"", ""25937557"")",0.3361275476660093,"0","496"
"=HYPERLINK(""https://stackoverflow.com/q/26033955"", ""26033955"")",0.4507669983416251,"0","800"
"=HYPERLINK(""https://stackoverflow.com/q/26093467"", ""26093467"")",0.641096394407653,"0","523"
"=HYPERLINK(""https://stackoverflow.com/q/26236964"", ""26236964"")",0.6443327749860411,"0","155"
"=HYPERLINK(""https://stackoverflow.com/q/26387258"", ""26387258"")",0.4609440267335002,"1","388"
"=HYPERLINK(""https://stackoverflow.com/q/26932215"", ""26932215"")",0.3161819537658465,"0","69"
"=HYPERLINK(""https://stackoverflow.com/q/27052009"", ""27052009"")",0.6035781544256118,"0","80"
"=HYPERLINK(""https://stackoverflow.com/q/27146927"", ""27146927"")",0.357357357357357,"1","115"
"=HYPERLINK(""https://stackoverflow.com/q/27223025"", ""27223025"")",0.9272913466461844,"2","151"
"=HYPERLINK(""https://stackoverflow.com/q/28065022"", ""28065022"")",0.6576465764657646,"0","52"
"=HYPERLINK(""https://stackoverflow.com/q/28073629"", ""28073629"")",0.4910901467505241,"2","522"
"=HYPERLINK(""https://stackoverflow.com/q/28243744"", ""28243744"")",0.5255009107468127,"2","281"
"=HYPERLINK(""https://stackoverflow.com/q/28308022"", ""28308022"")",0.463476745744538,"0","315"
"=HYPERLINK(""https://stackoverflow.com/q/28412971"", ""28412971"")",0.4734785036292571,"1","1398"
"=HYPERLINK(""https://stackoverflow.com/q/28469702"", ""28469702"")",0.3428252372975989,"2","314"
"=HYPERLINK(""https://stackoverflow.com/q/28485610"", ""28485610"")",0.4859453725802172,"0","1865"
"=HYPERLINK(""https://stackoverflow.com/q/28670308"", ""28670308"")",0.6449627470035638,"0","158"
"=HYPERLINK(""https://stackoverflow.com/q/28998214"", ""28998214"")",0.6498084291187741,"1","857"
"=HYPERLINK(""https://stackoverflow.com/q/29137395"", ""29137395"")",0.3896430367018602,"0","1405"
"=HYPERLINK(""https://stackoverflow.com/q/29219081"", ""29219081"")",0.4112130479102955,"1","134"
"=HYPERLINK(""https://stackoverflow.com/q/29286632"", ""29286632"")",0.3752394636015324,"0","1531"
"=HYPERLINK(""https://stackoverflow.com/q/29612877"", ""29612877"")",0.5186294078509646,"3","12432"
"=HYPERLINK(""https://stackoverflow.com/q/29996337"", ""29996337"")",0.7805879809770859,"2","1205"
"=HYPERLINK(""https://stackoverflow.com/q/30014993"", ""30014993"")",0.8673835125448034,"1","310"
"=HYPERLINK(""https://stackoverflow.com/q/30025388"", ""30025388"")",0.6274853801169595,"1","274"
"=HYPERLINK(""https://stackoverflow.com/q/30230749"", ""30230749"")",0.6421117249846533,"0","207"
"=HYPERLINK(""https://stackoverflow.com/q/30473808"", ""30473808"")",0.6012544802867387,"0","370"
"=HYPERLINK(""https://stackoverflow.com/q/30502314"", ""30502314"")",0.3749168330006652,"1","83"
"=HYPERLINK(""https://stackoverflow.com/q/30627210"", ""30627210"")",0.452991452991453,"0","141"
"=HYPERLINK(""https://stackoverflow.com/q/30679750"", ""30679750"")",0.2815770609318996,"0","1051"
"=HYPERLINK(""https://stackoverflow.com/q/30912988"", ""30912988"")",0.5594315245478033,"0","86"
"=HYPERLINK(""https://stackoverflow.com/q/30934620"", ""30934620"")",0.5463328941589808,"0","124"
"=HYPERLINK(""https://stackoverflow.com/q/30981132"", ""30981132"")",0.6139272913466456,"2","1655"
"=HYPERLINK(""https://stackoverflow.com/q/31045492"", ""31045492"")",0.2388427208371807,"0","26"
"=HYPERLINK(""https://stackoverflow.com/q/31316531"", ""31316531"")",0.6730418943533701,"2","1699"
"=HYPERLINK(""https://stackoverflow.com/q/31609442"", ""31609442"")",0.3939779474130622,"1","65"
"=HYPERLINK(""https://stackoverflow.com/q/31646661"", ""31646661"")",0.8713976345160758,"0","148"
"=HYPERLINK(""https://stackoverflow.com/q/31651164"", ""31651164"")",0.8553880513679505,"0","207"
"=HYPERLINK(""https://stackoverflow.com/q/31685397"", ""31685397"")",0.4715297014465989,"1","42"
"=HYPERLINK(""https://stackoverflow.com/q/31708256"", ""31708256"")",0.3981258366800536,"0","62"
"=HYPERLINK(""https://stackoverflow.com/q/31970483"", ""31970483"")",0.9498817966903076,"0","449"
"=HYPERLINK(""https://stackoverflow.com/q/32328405"", ""32328405"")",0.4214842148421485,"2","2416"
"=HYPERLINK(""https://stackoverflow.com/q/32523691"", ""32523691"")",0.5581000848176424,"1","197"
"=HYPERLINK(""https://stackoverflow.com/q/32635441"", ""32635441"")",0.5150793650793652,"3","114"
"=HYPERLINK(""https://stackoverflow.com/q/33082983"", ""33082983"")",0.3391452991452995,"2","267"
"=HYPERLINK(""https://stackoverflow.com/q/33237767"", ""33237767"")",0.3567676767676766,"1","138"
"=HYPERLINK(""https://stackoverflow.com/q/33691284"", ""33691284"")",0.6174791392182692,"0","165"
"=HYPERLINK(""https://stackoverflow.com/q/33728115"", ""33728115"")",0.7011695906432753,"2","645"
"=HYPERLINK(""https://stackoverflow.com/q/33732588"", ""33732588"")",0.3365079365079365,"15","5223"
"=HYPERLINK(""https://stackoverflow.com/q/33983634"", ""33983634"")",0.3086967233308695,"0","691"
"=HYPERLINK(""https://stackoverflow.com/q/34140781"", ""34140781"")",0.3629257398101618,"0","30"
"=HYPERLINK(""https://stackoverflow.com/q/34272352"", ""34272352"")",0.688717067583047,"1","374"
"=HYPERLINK(""https://stackoverflow.com/q/34351046"", ""34351046"")",0.3699494949494948,"1","49"
"=HYPERLINK(""https://stackoverflow.com/q/34427686"", ""34427686"")",0.6056214317083879,"0","230"
"=HYPERLINK(""https://stackoverflow.com/q/34429361"", ""34429361"")",0.2351612240706512,"1","180"
"=HYPERLINK(""https://stackoverflow.com/q/34546248"", ""34546248"")",0.5321853218532188,"1","936"
"=HYPERLINK(""https://stackoverflow.com/q/34704682"", ""34704682"")",0.6084291187739465,"1","81"
"=HYPERLINK(""https://stackoverflow.com/q/34767531"", ""34767531"")",0.2693136349646046,"1","659"
"=HYPERLINK(""https://stackoverflow.com/q/34814017"", ""34814017"")",0.4303303303303302,"1","435"
"=HYPERLINK(""https://stackoverflow.com/q/34859636"", ""34859636"")",0.3398692810457516,"1","347"
"=HYPERLINK(""https://stackoverflow.com/q/34902098"", ""34902098"")",0.5699145299145302,"0","261"
"=HYPERLINK(""https://stackoverflow.com/q/34935559"", ""34935559"")",0.3882301273605618,"1","474"
"=HYPERLINK(""https://stackoverflow.com/q/34982222"", ""34982222"")",0.2737686139747996,"0","558"
"=HYPERLINK(""https://stackoverflow.com/q/34984789"", ""34984789"")",0.4464374688589936,"1","239"
"=HYPERLINK(""https://stackoverflow.com/q/34999201"", ""34999201"")",0.3883121876201461,"1","365"
"=HYPERLINK(""https://stackoverflow.com/q/35060797"", ""35060797"")",0.5876068376068377,"0","967"
"=HYPERLINK(""https://stackoverflow.com/q/35090380"", ""35090380"")",0.6862879306411129,"1","97"
"=HYPERLINK(""https://stackoverflow.com/q/35094097"", ""35094097"")",0.4232272473478503,"0","225"
"=HYPERLINK(""https://stackoverflow.com/q/35101544"", ""35101544"")",0.7222222222222221,"1","283"
"=HYPERLINK(""https://stackoverflow.com/q/35101593"", ""35101593"")",0.5991066443327747,"0","380"
"=HYPERLINK(""https://stackoverflow.com/q/35172219"", ""35172219"")",0.4211172498465316,"2","2560"
"=HYPERLINK(""https://stackoverflow.com/q/35178518"", ""35178518"")",0.8043650793650793,"0","161"
"=HYPERLINK(""https://stackoverflow.com/q/35252918"", ""35252918"")",0.3697632058287798,"0","156"
"=HYPERLINK(""https://stackoverflow.com/q/35312858"", ""35312858"")",0.8842911877394637,"1","196"
"=HYPERLINK(""https://stackoverflow.com/q/35518502"", ""35518502"")",0.297722992638247,"1","374"
"=HYPERLINK(""https://stackoverflow.com/q/35707388"", ""35707388"")",0.4370159633317532,"0","1050"
"=HYPERLINK(""https://stackoverflow.com/q/35744244"", ""35744244"")",0.8700483091787432,"2","512"
"=HYPERLINK(""https://stackoverflow.com/q/35836501"", ""35836501"")",0.3118773946360152,"1","1256"
"=HYPERLINK(""https://stackoverflow.com/q/35846406"", ""35846406"")",0.8493732738474619,"0","582"
"=HYPERLINK(""https://stackoverflow.com/q/36766727"", ""36766727"")",0.6059860598605986,"1","2021"
"=HYPERLINK(""https://stackoverflow.com/q/36798222"", ""36798222"")",0.4521391197291474,"1","306"
"=HYPERLINK(""https://stackoverflow.com/q/37048397"", ""37048397"")",0.8494262524489218,"0","256"
"=HYPERLINK(""https://stackoverflow.com/q/37052679"", ""37052679"")",0.5950181919955215,"0","572"
"=HYPERLINK(""https://stackoverflow.com/q/37053809"", ""37053809"")",0.2871572871572869,"0","84"
"=HYPERLINK(""https://stackoverflow.com/q/38403615"", ""38403615"")",0.4712340799297319,"1","1438"
"=HYPERLINK(""https://stackoverflow.com/q/38415132"", ""38415132"")",0.5781544256120525,"0","125"
"=HYPERLINK(""https://stackoverflow.com/q/38447009"", ""38447009"")",0.5336409073433291,"0","166"
"=HYPERLINK(""https://stackoverflow.com/q/38507773"", ""38507773"")",0.3003981179876945,"1","17"
"=HYPERLINK(""https://stackoverflow.com/q/38699998"", ""38699998"")",0.2480580884836203,"0","419"
"=HYPERLINK(""https://stackoverflow.com/q/38738698"", ""38738698"")",0.3615079365079367,"0","334"
"=HYPERLINK(""https://stackoverflow.com/q/38848548"", ""38848548"")",0.5885012919896637,"1","440"
"=HYPERLINK(""https://stackoverflow.com/q/39232510"", ""39232510"")",0.7058287795992718,"26","60667"
"=HYPERLINK(""https://stackoverflow.com/q/39356308"", ""39356308"")",0.416782891678289,"0","442"
"=HYPERLINK(""https://stackoverflow.com/q/39397618"", ""39397618"")",0.485467255334805,"2","4958"
"=HYPERLINK(""https://stackoverflow.com/q/39470027"", ""39470027"")",0.8872199463915434,"2","776"
"=HYPERLINK(""https://stackoverflow.com/q/39487526"", ""39487526"")",0.4584426946631674,"0","734"
"=HYPERLINK(""https://stackoverflow.com/q/39590973"", ""39590973"")",0.6924924924924921,"1","7623"
"=HYPERLINK(""https://stackoverflow.com/q/39592054"", ""39592054"")",0.3133714956700424,"2","4543"
"=HYPERLINK(""https://stackoverflow.com/q/39605040"", ""39605040"")",0.5404040404040401,"1","835"
"=HYPERLINK(""https://stackoverflow.com/q/39749554"", ""39749554"")",0.8408474993840843,"1","216"
"=HYPERLINK(""https://stackoverflow.com/q/39764251"", ""39764251"")",0.553658922079975,"0","554"
"=HYPERLINK(""https://stackoverflow.com/q/39866765"", ""39866765"")",0.5935577271082157,"0","178"
"=HYPERLINK(""https://stackoverflow.com/q/40336784"", ""40336784"")",0.4669030732860521,"1","420"
"=HYPERLINK(""https://stackoverflow.com/q/40404764"", ""40404764"")",0.5663780663780662,"0","196"
"=HYPERLINK(""https://stackoverflow.com/q/40484940"", ""40484940"")",0.4546546546546545,"1","708"
"=HYPERLINK(""https://stackoverflow.com/q/40565818"", ""40565818"")",0.6714529914529919,"0","40"
"=HYPERLINK(""https://stackoverflow.com/q/40568417"", ""40568417"")",0.2710027100271002,"1","61"
"=HYPERLINK(""https://stackoverflow.com/q/40606277"", ""40606277"")",0.5315607436230003,"1","760"
"=HYPERLINK(""https://stackoverflow.com/q/40906743"", ""40906743"")",0.7711583924349882,"0","885"
"=HYPERLINK(""https://stackoverflow.com/q/40934479"", ""40934479"")",0.8299570288520565,"2","371"
"=HYPERLINK(""https://stackoverflow.com/q/41095718"", ""41095718"")",0.2382993926402287,"2","1886"
"=HYPERLINK(""https://stackoverflow.com/q/41247279"", ""41247279"")",0.7201301720130169,"1","31"
"=HYPERLINK(""https://stackoverflow.com/q/41372942"", ""41372942"")",0.3615664845173042,"1","61"
"=HYPERLINK(""https://stackoverflow.com/q/41377368"", ""41377368"")",0.4973900074571219,"0","47"
"=HYPERLINK(""https://stackoverflow.com/q/41485183"", ""41485183"")",0.4827012641383895,"0","127"
"=HYPERLINK(""https://stackoverflow.com/q/41734357"", ""41734357"")",0.2256884267282883,"1","222"
"=HYPERLINK(""https://stackoverflow.com/q/41801116"", ""41801116"")",0.6292573981016188,"0","194"
"=HYPERLINK(""https://stackoverflow.com/q/42070914"", ""42070914"")",0.433948606587043,"1","395"
"=HYPERLINK(""https://stackoverflow.com/q/42110177"", ""42110177"")",0.3160788775123244,"2","572"
"=HYPERLINK(""https://stackoverflow.com/q/42202189"", ""42202189"")",0.4954180985108819,"2","1545"
"=HYPERLINK(""https://stackoverflow.com/q/42386084"", ""42386084"")",0.3546725533480501,"1","839"
"=HYPERLINK(""https://stackoverflow.com/q/42493481"", ""42493481"")",0.4968123861566488,"0","67"
"=HYPERLINK(""https://stackoverflow.com/q/42655437"", ""42655437"")",0.2611443779108449,"0","349"
"=HYPERLINK(""https://stackoverflow.com/q/42784576"", ""42784576"")",0.744281045751634,"0","869"
"=HYPERLINK(""https://stackoverflow.com/q/42801901"", ""42801901"")",0.6264775413711585,"0","227"
"=HYPERLINK(""https://stackoverflow.com/q/42840060"", ""42840060"")",0.8695906432748542,"0","106"
"=HYPERLINK(""https://stackoverflow.com/q/42959530"", ""42959530"")",0.4055812360897108,"0","577"
"=HYPERLINK(""https://stackoverflow.com/q/43123541"", ""43123541"")",0.4159938485197999,"0","282"
"=HYPERLINK(""https://stackoverflow.com/q/43285840"", ""43285840"")",0.3214588634435965,"0","125"
"=HYPERLINK(""https://stackoverflow.com/q/43348269"", ""43348269"")",0.5237489397794745,"0","175"
"=HYPERLINK(""https://stackoverflow.com/q/43348559"", ""43348559"")",0.73403324584427,"0","53"
"=HYPERLINK(""https://stackoverflow.com/q/43370236"", ""43370236"")",0.7335158567191417,"0","129"
"=HYPERLINK(""https://stackoverflow.com/q/43384406"", ""43384406"")",0.8397337429595486,"1","107"
"=HYPERLINK(""https://stackoverflow.com/q/43393566"", ""43393566"")",0.7009958071278827,"1","120"
"=HYPERLINK(""https://stackoverflow.com/q/43423556"", ""43423556"")",0.8553880513679505,"0","181"
"=HYPERLINK(""https://stackoverflow.com/q/43443556"", ""43443556"")",0.632899840292037,"1","320"
"=HYPERLINK(""https://stackoverflow.com/q/43526224"", ""43526224"")",0.4056899641577063,"2","674"
"=HYPERLINK(""https://stackoverflow.com/q/43761631"", ""43761631"")",0.6948249619482494,"0","95"
"=HYPERLINK(""https://stackoverflow.com/q/43842360"", ""43842360"")",0.8252222222222219,"0","303"
"=HYPERLINK(""https://stackoverflow.com/q/43868325"", ""43868325"")",0.5337800111669456,"4","40758"
"=HYPERLINK(""https://stackoverflow.com/q/43940190"", ""43940190"")",0.8291187739463602,"1","364"
"=HYPERLINK(""https://stackoverflow.com/q/43996246"", ""43996246"")",0.8410067526089626,"0","125"
"=HYPERLINK(""https://stackoverflow.com/q/44107926"", ""44107926"")",0.43694614860259,"0","150"
"=HYPERLINK(""https://stackoverflow.com/q/44199666"", ""44199666"")",0.8178104575163399,"1","45"
"=HYPERLINK(""https://stackoverflow.com/q/44230629"", ""44230629"")",0.8244321669736036,"1","378"
"=HYPERLINK(""https://stackoverflow.com/q/44377674"", ""44377674"")",0.5054734537493154,"0","297"
"=HYPERLINK(""https://stackoverflow.com/q/44425939"", ""44425939"")",0.5044308111792773,"0","65"
"=HYPERLINK(""https://stackoverflow.com/q/44519819"", ""44519819"")",0.4141041410414105,"1","29"
"=HYPERLINK(""https://stackoverflow.com/q/44523807"", ""44523807"")",0.4157004830917871,"0","37"
"=HYPERLINK(""https://stackoverflow.com/q/44569385"", ""44569385"")",0.4747732426303852,"0","47"
"=HYPERLINK(""https://stackoverflow.com/q/44628912"", ""44628912"")",0.6144377910844974,"0","769"
"=HYPERLINK(""https://stackoverflow.com/q/44803433"", ""44803433"")",0.7432748538011701,"1","469"
"=HYPERLINK(""https://stackoverflow.com/q/44900332"", ""44900332"")",0.3760683760683759,"1","259"
"=HYPERLINK(""https://stackoverflow.com/q/45027502"", ""45027502"")",0.5885012919896638,"0","143"
"=HYPERLINK(""https://stackoverflow.com/q/45209796"", ""45209796"")",0.5377959927140258,"0","138"
"=HYPERLINK(""https://stackoverflow.com/q/45262523"", ""45262523"")",0.4664618535586274,"1","85"
"=HYPERLINK(""https://stackoverflow.com/q/45332202"", ""45332202"")",0.4395171224439514,"1","3826"
"=HYPERLINK(""https://stackoverflow.com/q/45402398"", ""45402398"")",0.4010635320458994,"0","381"
"=HYPERLINK(""https://stackoverflow.com/q/45473641"", ""45473641"")",0.5142576204523112,"1","255"
"=HYPERLINK(""https://stackoverflow.com/q/45492226"", ""45492226"")",0.3596945060359692,"0","116"
"=HYPERLINK(""https://stackoverflow.com/q/45778278"", ""45778278"")",0.8127734033245851,"0","53"
"=HYPERLINK(""https://stackoverflow.com/q/45868359"", ""45868359"")",0.6972222222222224,"0","474"
"=HYPERLINK(""https://stackoverflow.com/q/45977454"", ""45977454"")",0.3205828779599272,"2","132"
"=HYPERLINK(""https://stackoverflow.com/q/46171283"", ""46171283"")",0.4793650793650794,"4","2460"
"=HYPERLINK(""https://stackoverflow.com/q/46242625"", ""46242625"")",0.3883460007238509,"0","362"
"=HYPERLINK(""https://stackoverflow.com/q/46380322"", ""46380322"")",0.5145299145299148,"1","672"
"=HYPERLINK(""https://stackoverflow.com/q/46481011"", ""46481011"")",0.5214348206474194,"0","42"
"=HYPERLINK(""https://stackoverflow.com/q/46569115"", ""46569115"")",0.418467956010618,"0","571"
"=HYPERLINK(""https://stackoverflow.com/q/46611540"", ""46611540"")",0.323757051029778,"1","222"
"=HYPERLINK(""https://stackoverflow.com/q/46643074"", ""46643074"")",0.5071059431524546,"0","51"
"=HYPERLINK(""https://stackoverflow.com/q/46710339"", ""46710339"")",0.3878663940013629,"0","69"
"=HYPERLINK(""https://stackoverflow.com/q/46924722"", ""46924722"")",0.5017402945113787,"1","415"
"=HYPERLINK(""https://stackoverflow.com/q/47210179"", ""47210179"")",0.5770609318996418,"0","73"
"=HYPERLINK(""https://stackoverflow.com/q/47248243"", ""47248243"")",0.4973900074571217,"0","236"
"=HYPERLINK(""https://stackoverflow.com/q/47456011"", ""47456011"")",0.3602975360297535,"0","120"
"=HYPERLINK(""https://stackoverflow.com/q/47551917"", ""47551917"")",0.3492580528411148,"4","1708"
"=HYPERLINK(""https://stackoverflow.com/q/47820964"", ""47820964"")",0.4438131313131311,"1","473"
"=HYPERLINK(""https://stackoverflow.com/q/47891593"", ""47891593"")",0.6423405654174887,"0","177"
"=HYPERLINK(""https://stackoverflow.com/q/47942350"", ""47942350"")",0.5015399194503675,"0","130"
"=HYPERLINK(""https://stackoverflow.com/q/48218317"", ""48218317"")",0.6000848176420699,"0","346"
"=HYPERLINK(""https://stackoverflow.com/q/48220749"", ""48220749"")",0.5446403582423729,"0","880"
"=HYPERLINK(""https://stackoverflow.com/q/48237889"", ""48237889"")",0.9486373165618452,"0","620"
"=HYPERLINK(""https://stackoverflow.com/q/48330100"", ""48330100"")",0.617571059431524,"0","163"
"=HYPERLINK(""https://stackoverflow.com/q/48485269"", ""48485269"")",0.6861991674671791,"1","757"
"=HYPERLINK(""https://stackoverflow.com/q/48551176"", ""48551176"")",0.3231994209192906,"0","24"
"=HYPERLINK(""https://stackoverflow.com/q/48554690"", ""48554690"")",0.6249067859806117,"0","456"
"=HYPERLINK(""https://stackoverflow.com/q/48915985"", ""48915985"")",0.492679919864386,"0","557"
"=HYPERLINK(""https://stackoverflow.com/q/49056312"", ""49056312"")",0.5793650793650795,"1","1597"
"=HYPERLINK(""https://stackoverflow.com/q/49161126"", ""49161126"")",0.3116676605048699,"0","119"
"=HYPERLINK(""https://stackoverflow.com/q/49194938"", ""49194938"")",0.4947395432383884,"3","144"
"=HYPERLINK(""https://stackoverflow.com/q/49242092"", ""49242092"")",0.6159230096237975,"0","555"
"=HYPERLINK(""https://stackoverflow.com/q/49250346"", ""49250346"")",0.4541549953314658,"2","280"
"=HYPERLINK(""https://stackoverflow.com/q/49271388"", ""49271388"")",0.4605943152454779,"0","123"
"=HYPERLINK(""https://stackoverflow.com/q/49304898"", ""49304898"")",0.3520923520923519,"0","115"
"=HYPERLINK(""https://stackoverflow.com/q/49307541"", ""49307541"")",0.3064327485380119,"0","592"
"=HYPERLINK(""https://stackoverflow.com/q/49427685"", ""49427685"")",0.6356837606837608,"1","63"
"=HYPERLINK(""https://stackoverflow.com/q/49515203"", ""49515203"")",0.3791600212652846,"0","167"
"=HYPERLINK(""https://stackoverflow.com/q/49641144"", ""49641144"")",0.5059592464436753,"2","591"
"=HYPERLINK(""https://stackoverflow.com/q/49790941"", ""49790941"")",0.4308021038790269,"1","165"
"=HYPERLINK(""https://stackoverflow.com/q/49803583"", ""49803583"")",0.3696073252333158,"0","277"
"=HYPERLINK(""https://stackoverflow.com/q/49895099"", ""49895099"")",0.4438581061272355,"0","1192"
"=HYPERLINK(""https://stackoverflow.com/q/49929362"", ""49929362"")",0.522855133614627,"1","521"
"=HYPERLINK(""https://stackoverflow.com/q/49965950"", ""49965950"")",0.6974408811143509,"1","1096"
"=HYPERLINK(""https://stackoverflow.com/q/50019229"", ""50019229"")",0.4428104575163398,"0","214"
"=HYPERLINK(""https://stackoverflow.com/q/50170782"", ""50170782"")",0.6382527565733676,"2","944"
"=HYPERLINK(""https://stackoverflow.com/q/50210428"", ""50210428"")",0.4583668005354749,"0","590"
"=HYPERLINK(""https://stackoverflow.com/q/50312578"", ""50312578"")",0.402222222222222,"2","178"
"=HYPERLINK(""https://stackoverflow.com/q/50318850"", ""50318850"")",0.4204729510851961,"0","446"
"=HYPERLINK(""https://stackoverflow.com/q/50364341"", ""50364341"")",0.4763205828779601,"0","67"
"=HYPERLINK(""https://stackoverflow.com/q/50384518"", ""50384518"")",0.415770609318996,"0","211"
"=HYPERLINK(""https://stackoverflow.com/q/50463909"", ""50463909"")",0.9042498719918068,"0","416"
"=HYPERLINK(""https://stackoverflow.com/q/50562890"", ""50562890"")",0.2945694891032512,"0","216"
"=HYPERLINK(""https://stackoverflow.com/q/50745909"", ""50745909"")",0.5678443420378899,"0","131"
"=HYPERLINK(""https://stackoverflow.com/q/50759218"", ""50759218"")",0.4044882320744388,"2","143"
"=HYPERLINK(""https://stackoverflow.com/q/50945866"", ""50945866"")",0.7518664909969253,"1","43"
"=HYPERLINK(""https://stackoverflow.com/q/51184184"", ""51184184"")",0.4092451229855813,"0","86"
"=HYPERLINK(""https://stackoverflow.com/q/51777092"", ""51777092"")",0.4873228933631621,"0","1018"
"=HYPERLINK(""https://stackoverflow.com/q/51876478"", ""51876478"")",0.6489323199420919,"2","692"
"=HYPERLINK(""https://stackoverflow.com/q/51884008"", ""51884008"")",0.4145299145299148,"0","314"
"=HYPERLINK(""https://stackoverflow.com/q/51904547"", ""51904547"")",0.5323488045007029,"0","199"
"=HYPERLINK(""https://stackoverflow.com/q/52052148"", ""52052148"")",0.3899437412095637,"1","4509"
"=HYPERLINK(""https://stackoverflow.com/q/52083694"", ""52083694"")",0.46773120425815,"0","443"
"=HYPERLINK(""https://stackoverflow.com/q/52407217"", ""52407217"")",0.6706043485704505,"0","279"
"=HYPERLINK(""https://stackoverflow.com/q/52423889"", ""52423889"")",0.4180985108820159,"0","799"
"=HYPERLINK(""https://stackoverflow.com/q/52619275"", ""52619275"")",0.7121551081282628,"3","50"
"=HYPERLINK(""https://stackoverflow.com/q/52628939"", ""52628939"")",0.507936507936508,"1","253"
"=HYPERLINK(""https://stackoverflow.com/q/52636155"", ""52636155"")",0.4649000464900044,"0","473"
"=HYPERLINK(""https://stackoverflow.com/q/52718317"", ""52718317"")",0.6860520094562649,"0","162"
"=HYPERLINK(""https://stackoverflow.com/q/52816631"", ""52816631"")",0.3210043602465795,"0","873"
"=HYPERLINK(""https://stackoverflow.com/q/52934520"", ""52934520"")",0.7716156364336612,"2","486"
"=HYPERLINK(""https://stackoverflow.com/q/53061466"", ""53061466"")",0.31282624906786,"2","532"
"=HYPERLINK(""https://stackoverflow.com/q/53064195"", ""53064195"")",0.3984517304189438,"0","113"
"=HYPERLINK(""https://stackoverflow.com/q/53093445"", ""53093445"")",0.726570048309178,"0","129"
"=HYPERLINK(""https://stackoverflow.com/q/53108570"", ""53108570"")",0.4315818281335519,"0","599"
"=HYPERLINK(""https://stackoverflow.com/q/53391957"", ""53391957"")",0.5972222222222221,"1","640"
"=HYPERLINK(""https://stackoverflow.com/q/53512945"", ""53512945"")",0.9285934133579564,"1","107"
"=HYPERLINK(""https://stackoverflow.com/q/53519604"", ""53519604"")",0.854965585054081,"0","505"
"=HYPERLINK(""https://stackoverflow.com/q/53541585"", ""53541585"")",0.4615079365079366,"1","76"
"=HYPERLINK(""https://stackoverflow.com/q/53700907"", ""53700907"")",0.408151870463428,"0","42"
"=HYPERLINK(""https://stackoverflow.com/q/53855692"", ""53855692"")",0.6305427152884783,"0","427"
"=HYPERLINK(""https://stackoverflow.com/q/54059721"", ""54059721"")",0.4734537493158181,"0","68"
"=HYPERLINK(""https://stackoverflow.com/q/54071754"", ""54071754"")",0.351254480286738,"0","1097"
"=HYPERLINK(""https://stackoverflow.com/q/54108219"", ""54108219"")",0.3941679235796882,"0","154"
"=HYPERLINK(""https://stackoverflow.com/q/54298763"", ""54298763"")",0.4225800039753529,"0","464"
"=HYPERLINK(""https://stackoverflow.com/q/54382090"", ""54382090"")",0.6271301976823447,"1","485"
"=HYPERLINK(""https://stackoverflow.com/q/54423572"", ""54423572"")",0.3478503629257396,"1","731"
"=HYPERLINK(""https://stackoverflow.com/q/54556789"", ""54556789"")",0.267899220590901,"0","97"
"=HYPERLINK(""https://stackoverflow.com/q/54662808"", ""54662808"")",0.4345299145299147,"2","80"
"=HYPERLINK(""https://stackoverflow.com/q/54810522"", ""54810522"")",0.3679948169744091,"0","181"
"=HYPERLINK(""https://stackoverflow.com/q/54942723"", ""54942723"")",0.5241090146750527,"3","2236"
"=HYPERLINK(""https://stackoverflow.com/q/55012466"", ""55012466"")",0.3504549808429117,"1","4769"
"=HYPERLINK(""https://stackoverflow.com/q/55208601"", ""55208601"")",0.6455351056578048,"1","1006"
"=HYPERLINK(""https://stackoverflow.com/q/55287510"", ""55287510"")",0.4491351509821167,"1","77"
"=HYPERLINK(""https://stackoverflow.com/q/55307583"", ""55307583"")",0.7303655446977922,"2","262"
"=HYPERLINK(""https://stackoverflow.com/q/55378146"", ""55378146"")",0.5147652432547273,"0","169"
"=HYPERLINK(""https://stackoverflow.com/q/55607893"", ""55607893"")",0.787795992714026,"1","37"
"=HYPERLINK(""https://stackoverflow.com/q/55791116"", ""55791116"")",0.4869281045751635,"1","333"
"=HYPERLINK(""https://stackoverflow.com/q/55826477"", ""55826477"")",0.3721195528177046,"2","198"
"=HYPERLINK(""https://stackoverflow.com/q/55838273"", ""55838273"")",0.3850886717336229,"0","272"
"=HYPERLINK(""https://stackoverflow.com/q/56024259"", ""56024259"")",0.510310864881502,"0","35"
"=HYPERLINK(""https://stackoverflow.com/q/56127273"", ""56127273"")",0.7510905824993585,"1","862"
"=HYPERLINK(""https://stackoverflow.com/q/56264972"", ""56264972"")",0.6165250707979348,"1","188"
"=HYPERLINK(""https://stackoverflow.com/q/56312879"", ""56312879"")",0.5163398692810455,"0","1125"
"=HYPERLINK(""https://stackoverflow.com/q/56346811"", ""56346811"")",0.2246494066882416,"8","3664"
"=HYPERLINK(""https://stackoverflow.com/q/56348410"", ""56348410"")",0.4431524547803616,"0","270"
"=HYPERLINK(""https://stackoverflow.com/q/56362235"", ""56362235"")",0.4693353861945084,"0","201"
"=HYPERLINK(""https://stackoverflow.com/q/56372287"", ""56372287"")",0.5309293462327765,"1","118"
"=HYPERLINK(""https://stackoverflow.com/q/56556456"", ""56556456"")",0.7363351254480293,"0","55"
"=HYPERLINK(""https://stackoverflow.com/q/56575972"", ""56575972"")",0.3640907343329487,"1","107"
"=HYPERLINK(""https://stackoverflow.com/q/56703888"", ""56703888"")",0.6360153256704982,"0","132"
"=HYPERLINK(""https://stackoverflow.com/q/56901033"", ""56901033"")",0.873573573573573,"0","1664"
"=HYPERLINK(""https://stackoverflow.com/q/56941293"", ""56941293"")",0.2961008501905601,"1","69"
"=HYPERLINK(""https://stackoverflow.com/q/56975415"", ""56975415"")",0.4730365544697792,"1","38"
"=HYPERLINK(""https://stackoverflow.com/q/57078827"", ""57078827"")",0.2192282102461742,"1","496"
"=HYPERLINK(""https://stackoverflow.com/q/57138651"", ""57138651"")",0.457357357357357,"0","40"
"=HYPERLINK(""https://stackoverflow.com/q/57291006"", ""57291006"")",0.8154425612052727,"0","17"
"=HYPERLINK(""https://stackoverflow.com/q/57378812"", ""57378812"")",0.2690159830541115,"1","646"
"=HYPERLINK(""https://stackoverflow.com/q/57453422"", ""57453422"")",0.4167359379329451,"0","504"
"=HYPERLINK(""https://stackoverflow.com/q/57588418"", ""57588418"")",0.7864245568525724,"0","405"
"=HYPERLINK(""https://stackoverflow.com/q/57677056"", ""57677056"")",0.6863106200122776,"0","867"
"=HYPERLINK(""https://stackoverflow.com/q/57741629"", ""57741629"")",0.4398046398046398,"1","2369"
"=HYPERLINK(""https://stackoverflow.com/q/57743328"", ""57743328"")",0.6260683760683763,"0","166"
"=HYPERLINK(""https://stackoverflow.com/q/57769472"", ""57769472"")",0.7791452991452997,"1","935"
"=HYPERLINK(""https://stackoverflow.com/q/57852525"", ""57852525"")",0.2551563539587491,"0","79"
"=HYPERLINK(""https://stackoverflow.com/q/57886870"", ""57886870"")",0.499429614419347,"3","58"
"=HYPERLINK(""https://stackoverflow.com/q/57972831"", ""57972831"")",0.3489548954895488,"0","29"
"=HYPERLINK(""https://stackoverflow.com/q/58064296"", ""58064296"")",0.7616310892172955,"0","221"
"=HYPERLINK(""https://stackoverflow.com/q/58270907"", ""58270907"")",0.7741702741702737,"0","70"
"=HYPERLINK(""https://stackoverflow.com/q/58391870"", ""58391870"")",0.7020879940343032,"0","110"
"=HYPERLINK(""https://stackoverflow.com/q/58473686"", ""58473686"")",0.4214842148421485,"0","4010"
"=HYPERLINK(""https://stackoverflow.com/q/58504968"", ""58504968"")",0.8347149926097291,"1","283"
"=HYPERLINK(""https://stackoverflow.com/q/58527167"", ""58527167"")",0.2827773105317263,"0","172"
"=HYPERLINK(""https://stackoverflow.com/q/58561646"", ""58561646"")",0.5844269466316714,"0","29"
"=HYPERLINK(""https://stackoverflow.com/q/58750293"", ""58750293"")",0.3560654344593161,"0","283"
"=HYPERLINK(""https://stackoverflow.com/q/58788072"", ""58788072"")",0.367649508579044,"0","417"
"=HYPERLINK(""https://stackoverflow.com/q/59034640"", ""59034640"")",0.677140255009108,"1","331"
"=HYPERLINK(""https://stackoverflow.com/q/59174095"", ""59174095"")",0.3330917874396131,"1","400"
"=HYPERLINK(""https://stackoverflow.com/q/59252286"", ""59252286"")",0.2835719154737556,"0","38"
"=HYPERLINK(""https://stackoverflow.com/q/59261094"", ""59261094"")",0.4426946631671045,"0","224"
"=HYPERLINK(""https://stackoverflow.com/q/59345596"", ""59345596"")",0.6042976939203357,"0","203"
"=HYPERLINK(""https://stackoverflow.com/q/59371963"", ""59371963"")",0.6045751633986928,"0","38"
"=HYPERLINK(""https://stackoverflow.com/q/59457801"", ""59457801"")",0.4700356333009393,"0","1809"
"=HYPERLINK(""https://stackoverflow.com/q/59475173"", ""59475173"")",0.8824631860776434,"0","158"
"=HYPERLINK(""https://stackoverflow.com/q/59823341"", ""59823341"")",0.7427701674277016,"0","81"
"=HYPERLINK(""https://stackoverflow.com/q/59838582"", ""59838582"")",0.242486539402839,"0","202"
"=HYPERLINK(""https://stackoverflow.com/q/59858610"", ""59858610"")",0.5432449494949491,"2","112"
"=HYPERLINK(""https://stackoverflow.com/q/59884596"", ""59884596"")",0.4456770558196868,"3","1817"
"=HYPERLINK(""https://stackoverflow.com/q/59931547"", ""59931547"")",0.443813131313131,"1","5033"
"=HYPERLINK(""https://stackoverflow.com/q/59943865"", ""59943865"")",0.8392953929539292,"0","685"
"=HYPERLINK(""https://stackoverflow.com/q/59958090"", ""59958090"")",0.3817552961521832,"1","56"
"=HYPERLINK(""https://stackoverflow.com/q/60035284"", ""60035284"")",0.5233211233211233,"0","684"
"=HYPERLINK(""https://stackoverflow.com/q/60050869"", ""60050869"")",0.9341335795629424,"0","59"
"=HYPERLINK(""https://stackoverflow.com/q/60060812"", ""60060812"")",0.4937550689375509,"0","1831"
"=HYPERLINK(""https://stackoverflow.com/q/60071006"", ""60071006"")",0.5946360153256706,"0","78"
"=HYPERLINK(""https://stackoverflow.com/q/60075620"", ""60075620"")",0.7676767676767674,"0","34"
"=HYPERLINK(""https://stackoverflow.com/q/60253170"", ""60253170"")",0.2506028566128734,"1","166"
"=HYPERLINK(""https://stackoverflow.com/q/60261826"", ""60261826"")",0.6260683760683763,"0","25"
"=HYPERLINK(""https://stackoverflow.com/q/60296980"", ""60296980"")",0.4049145299145301,"4","52"
"=HYPERLINK(""https://stackoverflow.com/q/60411368"", ""60411368"")",0.446023287941583,"0","286"
"=HYPERLINK(""https://stackoverflow.com/q/60464724"", ""60464724"")",0.7601532567049808,"0","34"
"=HYPERLINK(""https://stackoverflow.com/q/60483034"", ""60483034"")",0.7184054283290928,"0","759"
"=HYPERLINK(""https://stackoverflow.com/q/60776604"", ""60776604"")",0.4295954941116229,"0","131"
"=HYPERLINK(""https://stackoverflow.com/q/60835308"", ""60835308"")",0.6738351254480279,"0","155"
"=HYPERLINK(""https://stackoverflow.com/q/61058727"", ""61058727"")",0.5757936507936509,"0","36"
"=HYPERLINK(""https://stackoverflow.com/q/61106041"", ""61106041"")",0.5186077643908967,"0","44"
"=HYPERLINK(""https://stackoverflow.com/q/61183073"", ""61183073"")",0.731837606837607,"1","98"
"=HYPERLINK(""https://stackoverflow.com/q/61193283"", ""61193283"")",0.579006141820212,"0","26"
"=HYPERLINK(""https://stackoverflow.com/q/61194290"", ""61194290"")",0.4694546945469455,"0","8"
"=HYPERLINK(""https://stackoverflow.com/q/61211956"", ""61211956"")",0.716293368467281,"1","973"
"=HYPERLINK(""https://stackoverflow.com/q/61233577"", ""61233577"")",0.6600102406554014,"1","39"
"=HYPERLINK(""https://stackoverflow.com/q/61313519"", ""61313519"")",0.3822222222222226,"0","113"
"=HYPERLINK(""https://stackoverflow.com/q/61350573"", ""61350573"")",0.5536175710594313,"1","593"
"=HYPERLINK(""https://stackoverflow.com/q/61364830"", ""61364830"")",0.7837985769020245,"0","46"
"=HYPERLINK(""https://stackoverflow.com/q/61429184"", ""61429184"")",0.5166828636216394,"0","226"
"=HYPERLINK(""https://stackoverflow.com/q/61472542"", ""61472542"")",0.7176068376068381,"1","54"
"=HYPERLINK(""https://stackoverflow.com/q/61548727"", ""61548727"")",0.6655957161981254,"1","13"
"=HYPERLINK(""https://stackoverflow.com/q/61570593"", ""61570593"")",0.711452991452992,"0","137"
"=HYPERLINK(""https://stackoverflow.com/q/61585129"", ""61585129"")",0.7404197958790684,"0","760"
"=HYPERLINK(""https://stackoverflow.com/q/61588181"", ""61588181"")",0.7537083683179394,"4","416"
"=HYPERLINK(""https://stackoverflow.com/q/61857722"", ""61857722"")",0.5105657805044305,"1","60"
"=HYPERLINK(""https://stackoverflow.com/q/61866870"", ""61866870"")",0.4241452991452991,"1","52"
"=HYPERLINK(""https://stackoverflow.com/q/61895350"", ""61895350"")",0.5261994949494947,"0","189"
"=HYPERLINK(""https://stackoverflow.com/q/61911916"", ""61911916"")",0.3910876575784228,"1","137"
"=HYPERLINK(""https://stackoverflow.com/q/62005245"", ""62005245"")",0.792816185221248,"0","191"
"=HYPERLINK(""https://stackoverflow.com/q/62020340"", ""62020340"")",0.4505959246443675,"1","35"
"=HYPERLINK(""https://stackoverflow.com/q/62214498"", ""62214498"")",0.9534475186649094,"1","158"
"=HYPERLINK(""https://stackoverflow.com/q/62218699"", ""62218699"")",0.7795344751866485,"0","37"
"=HYPERLINK(""https://stackoverflow.com/q/62302750"", ""62302750"")",0.4611196188531565,"1","2185"
"=HYPERLINK(""https://stackoverflow.com/q/62526519"", ""62526519"")",0.9279184247538674,"0","100"
"=HYPERLINK(""https://stackoverflow.com/q/62640338"", ""62640338"")",0.6198125836680052,"0","501"
"=HYPERLINK(""https://stackoverflow.com/q/62644603"", ""62644603"")",0.685698292751189,"0","63"
"=HYPERLINK(""https://stackoverflow.com/q/62711465"", ""62711465"")",0.581000848176421,"1","442"
"=HYPERLINK(""https://stackoverflow.com/q/62730043"", ""62730043"")",0.7222222222222219,"1","23"
"=HYPERLINK(""https://stackoverflow.com/q/62732010"", ""62732010"")",0.2730696798493407,"1","64"
"=HYPERLINK(""https://stackoverflow.com/q/62849857"", ""62849857"")",0.5063131313131312,"0","82"
"=HYPERLINK(""https://stackoverflow.com/q/62872836"", ""62872836"")",0.9470544369873232,"1","127"
"=HYPERLINK(""https://stackoverflow.com/q/62936058"", ""62936058"")",0.6186333152075407,"0","44"
"=HYPERLINK(""https://stackoverflow.com/q/62944332"", ""62944332"")",0.7765932243544189,"3","731"
"=HYPERLINK(""https://stackoverflow.com/q/63069352"", ""63069352"")",0.3832960477255781,"1","42"
"=HYPERLINK(""https://stackoverflow.com/q/63114492"", ""63114492"")",0.3416912487708951,"1","27"
"=HYPERLINK(""https://stackoverflow.com/q/63215024"", ""63215024"")",0.3194984868136618,"1","705"
"=HYPERLINK(""https://stackoverflow.com/q/63227975"", ""63227975"")",0.3788487282463185,"0","220"
"=HYPERLINK(""https://stackoverflow.com/q/63239343"", ""63239343"")",0.4914529914529916,"0","18"
"=HYPERLINK(""https://stackoverflow.com/q/63263281"", ""63263281"")",0.5966903073286052,"0","37"
"=HYPERLINK(""https://stackoverflow.com/q/63284305"", ""63284305"")",0.7222222222222227,"2","48"
"=HYPERLINK(""https://stackoverflow.com/q/63287440"", ""63287440"")",0.4179769392033543,"0","73"
"=HYPERLINK(""https://stackoverflow.com/q/63353977"", ""63353977"")",0.4939900322486076,"1","68"
"=HYPERLINK(""https://stackoverflow.com/q/63379308"", ""63379308"")",0.6367791842475383,"1","23"
"=HYPERLINK(""https://stackoverflow.com/q/63386721"", ""63386721"")",0.9218269653052256,"0","65"
"=HYPERLINK(""https://stackoverflow.com/q/63414032"", ""63414032"")",0.2823488045007031,"1","804"
"=HYPERLINK(""https://stackoverflow.com/q/63445558"", ""63445558"")",0.7686637180002678,"1","18"
"=HYPERLINK(""https://stackoverflow.com/q/63452172"", ""63452172"")",0.8000665335994677,"1","49"
"=HYPERLINK(""https://stackoverflow.com/q/63466232"", ""63466232"")",0.4708410067526089,"0","87"
"=HYPERLINK(""https://stackoverflow.com/q/63573976"", ""63573976"")",0.5245478036175708,"0","266"
"=HYPERLINK(""https://stackoverflow.com/q/63669357"", ""63669357"")",0.6455176767676765,"0","193"
"=HYPERLINK(""https://stackoverflow.com/q/63671040"", ""63671040"")",0.3546014708805406,"1","65"
"=HYPERLINK(""https://stackoverflow.com/q/63880007"", ""63880007"")",0.5838458384583847,"0","387"
"=HYPERLINK(""https://stackoverflow.com/q/63885936"", ""63885936"")",0.3708708708708707,"1","287"
"=HYPERLINK(""https://stackoverflow.com/q/63921343"", ""63921343"")",0.7928959342433582,"0","91"
"=HYPERLINK(""https://stackoverflow.com/q/63931082"", ""63931082"")",0.2377353487138688,"0","353"
"=HYPERLINK(""https://stackoverflow.com/q/63931692"", ""63931692"")",0.3710771840542837,"0","35"
"=HYPERLINK(""https://stackoverflow.com/q/63948984"", ""63948984"")",0.5540194572452634,"0","225"
"=HYPERLINK(""https://stackoverflow.com/q/63962036"", ""63962036"")",0.5808429118773947,"0","77"
"=HYPERLINK(""https://stackoverflow.com/q/64006017"", ""64006017"")",0.2694949494949494,"0","32"
"=HYPERLINK(""https://stackoverflow.com/q/64017929"", ""64017929"")",0.9404542664211174,"0","130"
"=HYPERLINK(""https://stackoverflow.com/q/64169607"", ""64169607"")",0.4586238958623891,"0","17"
"=HYPERLINK(""https://stackoverflow.com/q/64173941"", ""64173941"")",0.5586277521761388,"0","35"
"=HYPERLINK(""https://stackoverflow.com/q/64198083"", ""64198083"")",0.540079365079365,"0","548"
"=HYPERLINK(""https://stackoverflow.com/q/64207626"", ""64207626"")",0.2416128039396738,"1","76"
"=HYPERLINK(""https://stackoverflow.com/q/64262271"", ""64262271"")",0.3220004927321999,"1","110"
"=HYPERLINK(""https://stackoverflow.com/q/64271175"", ""64271175"")",0.5985340663001837,"0","385"
"=HYPERLINK(""https://stackoverflow.com/q/64390753"", ""64390753"")",0.4358144552319311,"0","937"
"=HYPERLINK(""https://stackoverflow.com/q/64475892"", ""64475892"")",0.6141141141141139,"0","524"
"=HYPERLINK(""https://stackoverflow.com/q/64647219"", ""64647219"")",0.4408811143505022,"1","48"
"=HYPERLINK(""https://stackoverflow.com/q/64689544"", ""64689544"")",0.3848839597453277,"1","264"
"=HYPERLINK(""https://stackoverflow.com/q/64698420"", ""64698420"")",0.3744713571703191,"0","54"
"=HYPERLINK(""https://stackoverflow.com/q/64723676"", ""64723676"")",0.5966903073286053,"1","55"
"=HYPERLINK(""https://stackoverflow.com/q/64762590"", ""64762590"")",0.509107468123862,"0","46"
"=HYPERLINK(""https://stackoverflow.com/q/64765725"", ""64765725"")",0.3897897897897895,"0","45"
"=HYPERLINK(""https://stackoverflow.com/q/64812023"", ""64812023"")",0.2652180613345662,"1","22"
"=HYPERLINK(""https://stackoverflow.com/q/64866524"", ""64866524"")",0.5485820548582052,"0","70"
"=HYPERLINK(""https://stackoverflow.com/q/65050787"", ""65050787"")",0.4497671324018626,"1","404"
"=HYPERLINK(""https://stackoverflow.com/q/65133320"", ""65133320"")",0.2693920335429769,"0","57"
"=HYPERLINK(""https://stackoverflow.com/q/65196580"", ""65196580"")",0.5809178743961347,"0","53"
"=HYPERLINK(""https://stackoverflow.com/q/65336012"", ""65336012"")",0.5022222222222223,"0","197"
"=HYPERLINK(""https://stackoverflow.com/q/65336182"", ""65336182"")",0.4754689754689751,"0","37"
"=HYPERLINK(""https://stackoverflow.com/q/65382341"", ""65382341"")",0.5467604807974203,"0","16"
"=HYPERLINK(""https://stackoverflow.com/q/65412639"", ""65412639"")",0.5617056170561706,"0","560"
"=HYPERLINK(""https://stackoverflow.com/q/65421486"", ""65421486"")",0.2664700098328416,"0","51"
"=HYPERLINK(""https://stackoverflow.com/q/65473632"", ""65473632"")",0.9215893108298168,"1","134"
"=HYPERLINK(""https://stackoverflow.com/q/65608746"", ""65608746"")",0.4510045100451004,"0","87"
"=HYPERLINK(""https://stackoverflow.com/q/65613495"", ""65613495"")",0.5070323488045003,"0","14"
"=HYPERLINK(""https://stackoverflow.com/q/65627882"", ""65627882"")",0.808228053126013,"0","106"
"=HYPERLINK(""https://stackoverflow.com/q/65701105"", ""65701105"")",0.5466497031382531,"0","35"
"=HYPERLINK(""https://stackoverflow.com/q/65721622"", ""65721622"")",0.3579006141820209,"2","316"
"=HYPERLINK(""https://stackoverflow.com/q/65722412"", ""65722412"")",0.6499145299145302,"0","91"
"=HYPERLINK(""https://stackoverflow.com/q/65776391"", ""65776391"")",0.526837606837607,"2","82"
"=HYPERLINK(""https://stackoverflow.com/q/65826894"", ""65826894"")",0.4336316181953767,"1","35"
"=HYPERLINK(""https://stackoverflow.com/q/65879141"", ""65879141"")",0.8441734417344171,"0","13"
"=HYPERLINK(""https://stackoverflow.com/q/65879294"", ""65879294"")",0.7522222222222219,"0","17"
"=HYPERLINK(""https://stackoverflow.com/q/65880082"", ""65880082"")",0.7079365079365079,"0","18"
"=HYPERLINK(""https://stackoverflow.com/q/65916186"", ""65916186"")",0.3113788487282462,"1","41"
"=HYPERLINK(""https://stackoverflow.com/q/66068774"", ""66068774"")",0.5163398692810457,"0","19"
"=HYPERLINK(""https://stackoverflow.com/q/66103800"", ""66103800"")",0.614839671886652,"0","10"
"=HYPERLINK(""https://stackoverflow.com/q/66141588"", ""66141588"")",0.2683051715309777,"0","39"
"=HYPERLINK(""https://stackoverflow.com/q/66173165"", ""66173165"")",0.7691445229285795,"1","61"
"=HYPERLINK(""https://stackoverflow.com/q/66203495"", ""66203495"")",0.5263696876600099,"1","182"
"=HYPERLINK(""https://stackoverflow.com/q/66213945"", ""66213945"")",0.3210174029451136,"0","36"
"=HYPERLINK(""https://stackoverflow.com/q/66217302"", ""66217302"")",0.3617571059431522,"1","38"
"=HYPERLINK(""https://stackoverflow.com/q/66302976"", ""66302976"")",0.4226939203354298,"2","107"
"=HYPERLINK(""https://stackoverflow.com/q/66306572"", ""66306572"")",0.5937637241985065,"1","48"
"=HYPERLINK(""https://stackoverflow.com/q/66314115"", ""66314115"")",0.4684533780011164,"0","34"
"=HYPERLINK(""https://stackoverflow.com/q/66331521"", ""66331521"")",0.5761063159336893,"0","25"
"=HYPERLINK(""https://stackoverflow.com/q/66448289"", ""66448289"")",0.4016417472881854,"1","32"
"=HYPERLINK(""https://stackoverflow.com/q/66466434"", ""66466434"")",0.8210594315245472,"0","89"
"=HYPERLINK(""https://stackoverflow.com/q/66507140"", ""66507140"")",0.5446977922547953,"1","79"
"=HYPERLINK(""https://stackoverflow.com/q/66512231"", ""66512231"")",0.7291346646185349,"0","7"
"=HYPERLINK(""https://stackoverflow.com/q/66516918"", ""66516918"")",0.4032176973353443,"0","44"
"=HYPERLINK(""https://stackoverflow.com/q/66546400"", ""66546400"")",0.363760683760684,"1","32"
"=HYPERLINK(""https://stackoverflow.com/q/66590200"", ""66590200"")",0.7157287157287155,"1","19"
"=HYPERLINK(""https://stackoverflow.com/q/66610378"", ""66610378"")",0.4078177900892583,"3","2857"
"=HYPERLINK(""https://stackoverflow.com/q/66610688"", ""66610688"")",0.4957896898747178,"0","38"
"=HYPERLINK(""https://stackoverflow.com/q/66634598"", ""66634598"")",0.8048993875765537,"0","34"
"=HYPERLINK(""https://stackoverflow.com/q/66658873"", ""66658873"")",0.8040862020710882,"1","65"
"=HYPERLINK(""https://stackoverflow.com/q/66685654"", ""66685654"")",0.5839243498817968,"1","36"
"=HYPERLINK(""https://stackoverflow.com/q/66687253"", ""66687253"")",0.3281824871228845,"1","43"
"=HYPERLINK(""https://stackoverflow.com/q/66705421"", ""66705421"")",0.7890198646583713,"0","185"
"=HYPERLINK(""https://stackoverflow.com/q/66742383"", ""66742383"")",0.5789789789789787,"1","44"
"=HYPERLINK(""https://stackoverflow.com/q/66792159"", ""66792159"")",0.3570670909573056,"0","66"
"=HYPERLINK(""https://stackoverflow.com/q/66908156"", ""66908156"")",0.7222222222222225,"0","13"
"=HYPERLINK(""https://stackoverflow.com/q/66949352"", ""66949352"")",0.3019768234492159,"1","27"
"=HYPERLINK(""https://stackoverflow.com/q/66952198"", ""66952198"")",0.5166009204470744,"0","7"
"=HYPERLINK(""https://stackoverflow.com/q/67097296"", ""67097296"")",0.546360153256705,"0","12"
"=HYPERLINK(""https://stackoverflow.com/q/67232346"", ""67232346"")",0.4374120956399435,"1","26"
"=HYPERLINK(""https://stackoverflow.com/q/67253499"", ""67253499"")",0.7105943152454777,"0","24"
"=HYPERLINK(""https://stackoverflow.com/q/67269071"", ""67269071"")",0.4870870870870868,"0","26"
"=HYPERLINK(""https://stackoverflow.com/q/67285395"", ""67285395"")",0.852359208523592,"2","27"
"=HYPERLINK(""https://stackoverflow.com/q/67288313"", ""67288313"")",0.6338317209029611,"0","16"
"=HYPERLINK(""https://stackoverflow.com/q/67290649"", ""67290649"")",0.4921608725289705,"0","9"
"=HYPERLINK(""https://stackoverflow.com/q/67293371"", ""67293371"")",0.4868376068376072,"0","12"
"=HYPERLINK(""https://stackoverflow.com/q/67310660"", ""67310660"")",0.4409035409035409,"2","24"
"=HYPERLINK(""https://stackoverflow.com/q/67343600"", ""67343600"")",0.6029040404040401,"1","11"
"=HYPERLINK(""https://stackoverflow.com/q/67424517"", ""67424517"")",0.4198125836680052,"0","33"
"=HYPERLINK(""https://stackoverflow.com/q/67433023"", ""67433023"")",0.4654128837008213,"2","15"
"=HYPERLINK(""https://stackoverflow.com/q/67526142"", ""67526142"")",0.4529914529914529,"0","13"
"=HYPERLINK(""https://stackoverflow.com/q/67624393"", ""67624393"")",0.6145427564459286,"0","27"
"=HYPERLINK(""https://stackoverflow.com/q/67657342"", ""67657342"")",0.6880286738351256,"0","53"
"=HYPERLINK(""https://stackoverflow.com/q/67700734"", ""67700734"")",0.3456531845653182,"0","9"
"=HYPERLINK(""https://stackoverflow.com/q/67710990"", ""67710990"")",0.338438438438438,"0","14"
"=HYPERLINK(""https://stackoverflow.com/q/67714822"", ""67714822"")",0.3718067097568482,"1","10"
