"link","Correlation","score","view_count"
"=HYPERLINK(""https://stackoverflow.com/q/2674055"", ""2674055"")",0.6450410141685313,"1","1973"
"=HYPERLINK(""https://stackoverflow.com/q/3344081"", ""3344081"")",0.3161819537658466,"0","2050"
"=HYPERLINK(""https://stackoverflow.com/q/3561816"", ""3561816"")",0.3003078645396023,"1","14706"
"=HYPERLINK(""https://stackoverflow.com/q/3942527"", ""3942527"")",0.4092269765803841,"0","808"
"=HYPERLINK(""https://stackoverflow.com/q/4102561"", ""4102561"")",0.4208365409289195,"0","1093"
"=HYPERLINK(""https://stackoverflow.com/q/4453089"", ""4453089"")",0.6135265700483085,"0","994"
"=HYPERLINK(""https://stackoverflow.com/q/4690282"", ""4690282"")",0.8025920657499614,"2","1889"
"=HYPERLINK(""https://stackoverflow.com/q/5953652"", ""5953652"")",0.4000391236306733,"0","1049"
"=HYPERLINK(""https://stackoverflow.com/q/6113605"", ""6113605"")",0.3854875283446718,"1","2306"
"=HYPERLINK(""https://stackoverflow.com/q/6427097"", ""6427097"")",0.4026019690576651,"1","2371"
"=HYPERLINK(""https://stackoverflow.com/q/6454308"", ""6454308"")",0.3808429118773947,"0","5521"
"=HYPERLINK(""https://stackoverflow.com/q/7304237"", ""7304237"")",0.5353001614560399,"1","331"
"=HYPERLINK(""https://stackoverflow.com/q/7605436"", ""7605436"")",0.3642676767676765,"2","4668"
"=HYPERLINK(""https://stackoverflow.com/q/8100022"", ""8100022"")",0.5049808429118775,"0","233"
"=HYPERLINK(""https://stackoverflow.com/q/8360649"", ""8360649"")",0.5586277521761385,"2","14782"
"=HYPERLINK(""https://stackoverflow.com/q/9028682"", ""9028682"")",0.3519932145886349,"0","1892"
"=HYPERLINK(""https://stackoverflow.com/q/9141207"", ""9141207"")",0.7097568482610035,"2","634"
"=HYPERLINK(""https://stackoverflow.com/q/9287085"", ""9287085"")",0.7099271402550097,"2","2606"
"=HYPERLINK(""https://stackoverflow.com/q/9312219"", ""9312219"")",0.4079929732103642,"0","2589"
"=HYPERLINK(""https://stackoverflow.com/q/9392971"", ""9392971"")",0.8287795992714033,"0","936"
"=HYPERLINK(""https://stackoverflow.com/q/9838047"", ""9838047"")",0.3733850129198965,"0","706"
"=HYPERLINK(""https://stackoverflow.com/q/9888018"", ""9888018"")",0.6515851031086488,"0","1883"
"=HYPERLINK(""https://stackoverflow.com/q/9973714"", ""9973714"")",0.5267204921184157,"2","1360"
"=HYPERLINK(""https://stackoverflow.com/q/10181992"", ""10181992"")",0.3405654174884945,"0","685"
"=HYPERLINK(""https://stackoverflow.com/q/10594513"", ""10594513"")",0.4280748962888217,"8","3821"
"=HYPERLINK(""https://stackoverflow.com/q/10898856"", ""10898856"")",0.4729510851959838,"0","2307"
"=HYPERLINK(""https://stackoverflow.com/q/11030189"", ""11030189"")",0.6383898868928805,"1","2201"
"=HYPERLINK(""https://stackoverflow.com/q/11097898"", ""11097898"")",0.5922222222222215,"2","4556"
"=HYPERLINK(""https://stackoverflow.com/q/11232530"", ""11232530"")",0.4507936507936508,"2","2320"
"=HYPERLINK(""https://stackoverflow.com/q/11250641"", ""11250641"")",0.27991452991453,"1","1511"
"=HYPERLINK(""https://stackoverflow.com/q/11307962"", ""11307962"")",0.4599271402550096,"1","112"
"=HYPERLINK(""https://stackoverflow.com/q/11317898"", ""11317898"")",0.3036175710594312,"1","1424"
"=HYPERLINK(""https://stackoverflow.com/q/11475167"", ""11475167"")",0.6924924924924918,"2","579"
"=HYPERLINK(""https://stackoverflow.com/q/11580124"", ""11580124"")",0.4775039123630678,"0","689"
"=HYPERLINK(""https://stackoverflow.com/q/11694393"", ""11694393"")",0.2397985404460888,"0","291"
"=HYPERLINK(""https://stackoverflow.com/q/11747485"", ""11747485"")",0.4751405101599653,"1","2333"
"=HYPERLINK(""https://stackoverflow.com/q/11841468"", ""11841468"")",0.6045751633986927,"2","17278"
"=HYPERLINK(""https://stackoverflow.com/q/11932325"", ""11932325"")",0.3045007032348804,"0","1652"
"=HYPERLINK(""https://stackoverflow.com/q/12041625"", ""12041625"")",0.457255481645725,"1","938"
"=HYPERLINK(""https://stackoverflow.com/q/12067248"", ""12067248"")",0.6248196248196239,"0","748"
"=HYPERLINK(""https://stackoverflow.com/q/12103418"", ""12103418"")",0.5371393492940457,"0","729"
"=HYPERLINK(""https://stackoverflow.com/q/12261004"", ""12261004"")",0.507540781779009,"0","868"
"=HYPERLINK(""https://stackoverflow.com/q/12426941"", ""12426941"")",0.3896750524109015,"0","1155"
"=HYPERLINK(""https://stackoverflow.com/q/12559029"", ""12559029"")",0.3866517524235648,"0","1953"
"=HYPERLINK(""https://stackoverflow.com/q/12559828"", ""12559828"")",0.4696624952597647,"0","885"
"=HYPERLINK(""https://stackoverflow.com/q/12799432"", ""12799432"")",0.4888197325956662,"1","7299"
"=HYPERLINK(""https://stackoverflow.com/q/12817614"", ""12817614"")",0.4548309178743953,"1","483"
"=HYPERLINK(""https://stackoverflow.com/q/13822829"", ""13822829"")",0.70104958378574,"2","2766"
"=HYPERLINK(""https://stackoverflow.com/q/13826789"", ""13826789"")",0.440463264567499,"3","2532"
"=HYPERLINK(""https://stackoverflow.com/q/13874761"", ""13874761"")",0.5175745460603038,"1","1090"
"=HYPERLINK(""https://stackoverflow.com/q/13914357"", ""13914357"")",0.5370836831794001,"0","7649"
"=HYPERLINK(""https://stackoverflow.com/q/13945296"", ""13945296"")",0.4441473559120619,"1","131"
"=HYPERLINK(""https://stackoverflow.com/q/14356620"", ""14356620"")",0.5339105339105334,"2","7083"
"=HYPERLINK(""https://stackoverflow.com/q/14380916"", ""14380916"")",0.3752565230137791,"0","899"
"=HYPERLINK(""https://stackoverflow.com/q/14440016"", ""14440016"")",0.6045751633986929,"0","1253"
"=HYPERLINK(""https://stackoverflow.com/q/14479876"", ""14479876"")",0.5101969057665254,"0","84"
"=HYPERLINK(""https://stackoverflow.com/q/14695829"", ""14695829"")",0.3492232894580815,"0","232"
"=HYPERLINK(""https://stackoverflow.com/q/14724562"", ""14724562"")",0.5792067011579201,"2","7345"
"=HYPERLINK(""https://stackoverflow.com/q/14937332"", ""14937332"")",0.3017676767676766,"2","842"
"=HYPERLINK(""https://stackoverflow.com/q/15064249"", ""15064249"")",0.3164845173041897,"0","636"
"=HYPERLINK(""https://stackoverflow.com/q/15356546"", ""15356546"")",0.3183405216676939,"0","1722"
"=HYPERLINK(""https://stackoverflow.com/q/15361076"", ""15361076"")",0.4376918354818909,"0","1531"
"=HYPERLINK(""https://stackoverflow.com/q/15416364"", ""15416364"")",0.3006161036753774,"0","425"
"=HYPERLINK(""https://stackoverflow.com/q/15503907"", ""15503907"")",0.5647636586863107,"2","5540"
"=HYPERLINK(""https://stackoverflow.com/q/15518531"", ""15518531"")",0.414082687338501,"0","2409"
"=HYPERLINK(""https://stackoverflow.com/q/15637217"", ""15637217"")",0.39463601532567,"1","1245"
"=HYPERLINK(""https://stackoverflow.com/q/15876739"", ""15876739"")",0.302022720975339,"0","746"
"=HYPERLINK(""https://stackoverflow.com/q/16256584"", ""16256584"")",0.3959448499594487,"1","2067"
"=HYPERLINK(""https://stackoverflow.com/q/16283102"", ""16283102"")",0.4271402550091077,"3","683"
"=HYPERLINK(""https://stackoverflow.com/q/16393917"", ""16393917"")",0.4085429769392033,"1","227"
"=HYPERLINK(""https://stackoverflow.com/q/16601142"", ""16601142"")",0.5299145299145298,"0","1261"
"=HYPERLINK(""https://stackoverflow.com/q/16724233"", ""16724233"")",0.7877394636015327,"0","75"
"=HYPERLINK(""https://stackoverflow.com/q/16809830"", ""16809830"")",0.5640404040404039,"0","336"
"=HYPERLINK(""https://stackoverflow.com/q/17003232"", ""17003232"")",0.2858585858585857,"0","4105"
"=HYPERLINK(""https://stackoverflow.com/q/17047100"", ""17047100"")",0.4932145886344365,"0","1590"
"=HYPERLINK(""https://stackoverflow.com/q/17389859"", ""17389859"")",0.5573573573573568,"0","7183"
"=HYPERLINK(""https://stackoverflow.com/q/17397946"", ""17397946"")",0.5344751866490992,"1","176"
"=HYPERLINK(""https://stackoverflow.com/q/17531317"", ""17531317"")",0.3250448028673837,"2","111"
"=HYPERLINK(""https://stackoverflow.com/q/17734456"", ""17734456"")",0.6248196248196245,"1","2809"
"=HYPERLINK(""https://stackoverflow.com/q/18097590"", ""18097590"")",0.3330917874396131,"0","716"
"=HYPERLINK(""https://stackoverflow.com/q/18240943"", ""18240943"")",0.5874229870405785,"0","391"
"=HYPERLINK(""https://stackoverflow.com/q/18499134"", ""18499134"")",0.3574772111357475,"2","565"
"=HYPERLINK(""https://stackoverflow.com/q/18617494"", ""18617494"")",0.4241452991452991,"1","853"
"=HYPERLINK(""https://stackoverflow.com/q/18753290"", ""18753290"")",0.4198966408268732,"0","3835"
"=HYPERLINK(""https://stackoverflow.com/q/18828500"", ""18828500"")",0.8298981284055919,"4","14073"
"=HYPERLINK(""https://stackoverflow.com/q/19196553"", ""19196553"")",0.681238615664846,"2","8187"
"=HYPERLINK(""https://stackoverflow.com/q/19247874"", ""19247874"")",0.5908858166922675,"0","159"
"=HYPERLINK(""https://stackoverflow.com/q/19828649"", ""19828649"")",0.5665801988759185,"2","16067"
"=HYPERLINK(""https://stackoverflow.com/q/19861124"", ""19861124"")",0.2847222222222221,"1","3120"
"=HYPERLINK(""https://stackoverflow.com/q/19972383"", ""19972383"")",0.453492580528411,"0","866"
"=HYPERLINK(""https://stackoverflow.com/q/19976962"", ""19976962"")",0.3043577458361852,"0","268"
"=HYPERLINK(""https://stackoverflow.com/q/20416718"", ""20416718"")",0.3150793650793651,"2","6570"
"=HYPERLINK(""https://stackoverflow.com/q/20799638"", ""20799638"")",0.3329488658208382,"2","706"
"=HYPERLINK(""https://stackoverflow.com/q/21184234"", ""21184234"")",0.3564504101416856,"2","1051"
"=HYPERLINK(""https://stackoverflow.com/q/21279218"", ""21279218"")",0.6197632058287803,"1","807"
"=HYPERLINK(""https://stackoverflow.com/q/21455353"", ""21455353"")",0.6178743961352646,"0","367"
"=HYPERLINK(""https://stackoverflow.com/q/21456249"", ""21456249"")",0.6757936507936507,"0","224"
"=HYPERLINK(""https://stackoverflow.com/q/21489905"", ""21489905"")",0.8151870463428246,"3","842"
"=HYPERLINK(""https://stackoverflow.com/q/21547362"", ""21547362"")",0.5493990032248611,"1","100"
"=HYPERLINK(""https://stackoverflow.com/q/22010982"", ""22010982"")",0.7965016013796492,"0","581"
"=HYPERLINK(""https://stackoverflow.com/q/22064716"", ""22064716"")",0.4870443566095735,"0","662"
"=HYPERLINK(""https://stackoverflow.com/q/22144005"", ""22144005"")",0.4535475234270411,"1","2195"
"=HYPERLINK(""https://stackoverflow.com/q/22175258"", ""22175258"")",0.6033297140788997,"0","1290"
"=HYPERLINK(""https://stackoverflow.com/q/22788308"", ""22788308"")",0.4714529914529917,"0","1918"
"=HYPERLINK(""https://stackoverflow.com/q/22904368"", ""22904368"")",0.3286052009456265,"0","1563"
"=HYPERLINK(""https://stackoverflow.com/q/23149342"", ""23149342"")",0.4870443566095734,"2","794"
"=HYPERLINK(""https://stackoverflow.com/q/23413366"", ""23413366"")",0.3259958071278827,"3","236"
"=HYPERLINK(""https://stackoverflow.com/q/23746132"", ""23746132"")",0.3552599162355257,"0","266"
"=HYPERLINK(""https://stackoverflow.com/q/23781272"", ""23781272"")",0.3707809805370778,"0","2162"
"=HYPERLINK(""https://stackoverflow.com/q/24152084"", ""24152084"")",0.6068376068376072,"0","789"
"=HYPERLINK(""https://stackoverflow.com/q/24170455"", ""24170455"")",0.8487282463186072,"1","8408"
"=HYPERLINK(""https://stackoverflow.com/q/24197264"", ""24197264"")",0.3291081420577824,"1","395"
"=HYPERLINK(""https://stackoverflow.com/q/24333528"", ""24333528"")",0.541483435942539,"0","121"
"=HYPERLINK(""https://stackoverflow.com/q/24370641"", ""24370641"")",0.3986928104575161,"1","624"
"=HYPERLINK(""https://stackoverflow.com/q/24445988"", ""24445988"")",0.324732682473268,"1","484"
"=HYPERLINK(""https://stackoverflow.com/q/24567030"", ""24567030"")",0.8229875283446701,"1","510"
"=HYPERLINK(""https://stackoverflow.com/q/24659852"", ""24659852"")",0.4529914529914531,"0","10471"
"=HYPERLINK(""https://stackoverflow.com/q/24734013"", ""24734013"")",0.313467598301137,"0","1628"
"=HYPERLINK(""https://stackoverflow.com/q/24810404"", ""24810404"")",0.5318813131313128,"0","1176"
"=HYPERLINK(""https://stackoverflow.com/q/24872743"", ""24872743"")",0.94741306191688,"0","487"
"=HYPERLINK(""https://stackoverflow.com/q/24928193"", ""24928193"")",0.6236306729264482,"1","10403"
"=HYPERLINK(""https://stackoverflow.com/q/24947202"", ""24947202"")",0.7850362925739803,"0","619"
"=HYPERLINK(""https://stackoverflow.com/q/25007945"", ""25007945"")",0.5068072024593759,"1","5810"
"=HYPERLINK(""https://stackoverflow.com/q/25024530"", ""25024530"")",0.42024202420242,"1","925"
"=HYPERLINK(""https://stackoverflow.com/q/25071026"", ""25071026"")",0.7971501761127124,"0","502"
"=HYPERLINK(""https://stackoverflow.com/q/25135805"", ""25135805"")",0.4913131313131312,"0","833"
"=HYPERLINK(""https://stackoverflow.com/q/25246927"", ""25246927"")",0.683562428407789,"0","108"
"=HYPERLINK(""https://stackoverflow.com/q/25269710"", ""25269710"")",0.7543650793650793,"3","4495"
"=HYPERLINK(""https://stackoverflow.com/q/25313760"", ""25313760"")",0.8901611535199334,"0","649"
"=HYPERLINK(""https://stackoverflow.com/q/25347772"", ""25347772"")",0.5144136579904834,"1","257"
"=HYPERLINK(""https://stackoverflow.com/q/25649406"", ""25649406"")",0.494374120956399,"1","694"
"=HYPERLINK(""https://stackoverflow.com/q/25671622"", ""25671622"")",0.7766577060931906,"1","1174"
"=HYPERLINK(""https://stackoverflow.com/q/25682273"", ""25682273"")",0.6163590300398117,"1","150"
"=HYPERLINK(""https://stackoverflow.com/q/25693215"", ""25693215"")",0.3940013633265162,"2","2083"
"=HYPERLINK(""https://stackoverflow.com/q/25697504"", ""25697504"")",0.9296085858585854,"3","1933"
"=HYPERLINK(""https://stackoverflow.com/q/25785769"", ""25785769"")",0.2728246318607762,"0","580"
"=HYPERLINK(""https://stackoverflow.com/q/25861166"", ""25861166"")",0.2735735735735736,"0","553"
"=HYPERLINK(""https://stackoverflow.com/q/25862218"", ""25862218"")",0.7637606837606848,"0","75"
"=HYPERLINK(""https://stackoverflow.com/q/25903389"", ""25903389"")",0.6583668005354748,"0","497"
"=HYPERLINK(""https://stackoverflow.com/q/26068006"", ""26068006"")",0.7364306119380549,"0","701"
"=HYPERLINK(""https://stackoverflow.com/q/26090278"", ""26090278"")",0.762919896640826,"1","1114"
"=HYPERLINK(""https://stackoverflow.com/q/26204220"", ""26204220"")",0.8623606305267196,"1","1894"
"=HYPERLINK(""https://stackoverflow.com/q/26287762"", ""26287762"")",0.77565733672604,"0","50"
"=HYPERLINK(""https://stackoverflow.com/q/26303493"", ""26303493"")",0.3614627285513361,"0","3051"
"=HYPERLINK(""https://stackoverflow.com/q/26334080"", ""26334080"")",0.8531973656256651,"1","2868"
"=HYPERLINK(""https://stackoverflow.com/q/26354492"", ""26354492"")",0.3556386810750898,"1","671"
"=HYPERLINK(""https://stackoverflow.com/q/26363002"", ""26363002"")",0.6218038121803807,"0","768"
"=HYPERLINK(""https://stackoverflow.com/q/26380318"", ""26380318"")",0.8910533910533903,"0","63"
"=HYPERLINK(""https://stackoverflow.com/q/26419804"", ""26419804"")",0.608820160366552,"0","778"
"=HYPERLINK(""https://stackoverflow.com/q/26484754"", ""26484754"")",0.3158182813355224,"0","782"
"=HYPERLINK(""https://stackoverflow.com/q/26489209"", ""26489209"")",0.2727931847018308,"1","2952"
"=HYPERLINK(""https://stackoverflow.com/q/26497237"", ""26497237"")",0.6000385133834013,"0","797"
"=HYPERLINK(""https://stackoverflow.com/q/26514864"", ""26514864"")",0.5991066443327746,"1","134"
"=HYPERLINK(""https://stackoverflow.com/q/26587784"", ""26587784"")",0.7793156478277581,"0","98"
"=HYPERLINK(""https://stackoverflow.com/q/26607929"", ""26607929"")",0.9342475386779177,"0","337"
"=HYPERLINK(""https://stackoverflow.com/q/26634231"", ""26634231"")",0.6806837606837616,"0","27"
"=HYPERLINK(""https://stackoverflow.com/q/26709952"", ""26709952"")",0.7448466566113624,"2","5059"
"=HYPERLINK(""https://stackoverflow.com/q/26937625"", ""26937625"")",0.879680785758134,"0","1272"
"=HYPERLINK(""https://stackoverflow.com/q/27026170"", ""27026170"")",0.6064327485380124,"0","38"
"=HYPERLINK(""https://stackoverflow.com/q/27042263"", ""27042263"")",0.3197012138188608,"0","429"
"=HYPERLINK(""https://stackoverflow.com/q/27098260"", ""27098260"")",0.2615923009623798,"0","34"
"=HYPERLINK(""https://stackoverflow.com/q/27126793"", ""27126793"")",0.3699145299145303,"0","2224"
"=HYPERLINK(""https://stackoverflow.com/q/27159523"", ""27159523"")",0.696409602719355,"0","163"
"=HYPERLINK(""https://stackoverflow.com/q/27260625"", ""27260625"")",0.2994034302759136,"0","1186"
"=HYPERLINK(""https://stackoverflow.com/q/27299074"", ""27299074"")",0.4567499095186391,"0","4645"
"=HYPERLINK(""https://stackoverflow.com/q/27339267"", ""27339267"")",0.6257936507936509,"0","180"
"=HYPERLINK(""https://stackoverflow.com/q/27485436"", ""27485436"")",0.6557197591680347,"0","728"
"=HYPERLINK(""https://stackoverflow.com/q/27718307"", ""27718307"")",0.4022776238842721,"0","850"
"=HYPERLINK(""https://stackoverflow.com/q/27778779"", ""27778779"")",0.4090734332948863,"0","255"
"=HYPERLINK(""https://stackoverflow.com/q/27780898"", ""27780898"")",0.7222222222222218,"1","525"
"=HYPERLINK(""https://stackoverflow.com/q/27949555"", ""27949555"")",0.3496194824961947,"2","411"
"=HYPERLINK(""https://stackoverflow.com/q/28013843"", ""28013843"")",0.7042581503659344,"0","59"
"=HYPERLINK(""https://stackoverflow.com/q/28020610"", ""28020610"")",0.4525429219306776,"4","15203"
"=HYPERLINK(""https://stackoverflow.com/q/28058998"", ""28058998"")",0.3424753867791841,"1","701"
"=HYPERLINK(""https://stackoverflow.com/q/28111817"", ""28111817"")",0.426977836489065,"0","1611"
"=HYPERLINK(""https://stackoverflow.com/q/28224867"", ""28224867"")",0.7126273394930119,"0","555"
"=HYPERLINK(""https://stackoverflow.com/q/28235107"", ""28235107"")",0.3264567499095187,"1","149"
"=HYPERLINK(""https://stackoverflow.com/q/28417837"", ""28417837"")",0.6306191687871084,"0","370"
"=HYPERLINK(""https://stackoverflow.com/q/28472146"", ""28472146"")",0.4474130619168792,"0","1217"
"=HYPERLINK(""https://stackoverflow.com/q/28479911"", ""28479911"")",0.5144300144300141,"0","1880"
"=HYPERLINK(""https://stackoverflow.com/q/28636098"", ""28636098"")",0.8562647754137116,"0","202"
"=HYPERLINK(""https://stackoverflow.com/q/28750462"", ""28750462"")",0.6756468797564689,"0","107"
"=HYPERLINK(""https://stackoverflow.com/q/28800327"", ""28800327"")",0.8088273030536309,"0","438"
"=HYPERLINK(""https://stackoverflow.com/q/28872842"", ""28872842"")",0.4863731656184488,"2","517"
"=HYPERLINK(""https://stackoverflow.com/q/28887511"", ""28887511"")",0.2838419405320816,"1","140"
"=HYPERLINK(""https://stackoverflow.com/q/28960467"", ""28960467"")",0.6767676767676765,"0","643"
"=HYPERLINK(""https://stackoverflow.com/q/29026294"", ""29026294"")",0.5212321232123212,"0","203"
"=HYPERLINK(""https://stackoverflow.com/q/29068076"", ""29068076"")",0.5088169833932547,"0","269"
"=HYPERLINK(""https://stackoverflow.com/q/29119939"", ""29119939"")",0.2222222222222221,"0","101"
"=HYPERLINK(""https://stackoverflow.com/q/29122645"", ""29122645"")",0.3505408062930188,"1","973"
"=HYPERLINK(""https://stackoverflow.com/q/29203288"", ""29203288"")",0.7034722222222234,"0","4723"
"=HYPERLINK(""https://stackoverflow.com/q/29206888"", ""29206888"")",0.4206955046649709,"0","792"
"=HYPERLINK(""https://stackoverflow.com/q/29217902"", ""29217902"")",0.6985858585858584,"0","242"
"=HYPERLINK(""https://stackoverflow.com/q/29252486"", ""29252486"")",0.6443001443001439,"1","96"
"=HYPERLINK(""https://stackoverflow.com/q/29323588"", ""29323588"")",0.8023971493359262,"0","203"
"=HYPERLINK(""https://stackoverflow.com/q/29325145"", ""29325145"")",0.5873994179078927,"0","1084"
"=HYPERLINK(""https://stackoverflow.com/q/29366546"", ""29366546"")",0.4179669030732862,"1","101"
"=HYPERLINK(""https://stackoverflow.com/q/29383535"", ""29383535"")",0.871572871572871,"0","73"
"=HYPERLINK(""https://stackoverflow.com/q/29403127"", ""29403127"")",0.8472222222222224,"0","792"
"=HYPERLINK(""https://stackoverflow.com/q/29634320"", ""29634320"")",0.9394167923579688,"0","71"
"=HYPERLINK(""https://stackoverflow.com/q/29678865"", ""29678865"")",0.4276767676767675,"0","2925"
"=HYPERLINK(""https://stackoverflow.com/q/29757715"", ""29757715"")",0.6051336146272849,"0","894"
"=HYPERLINK(""https://stackoverflow.com/q/29800845"", ""29800845"")",0.5484482350153999,"0","1655"
"=HYPERLINK(""https://stackoverflow.com/q/29892288"", ""29892288"")",0.4659895352416128,"0","154"
"=HYPERLINK(""https://stackoverflow.com/q/30069592"", ""30069592"")",0.8091239854464025,"0","22"
"=HYPERLINK(""https://stackoverflow.com/q/30119876"", ""30119876"")",0.8727904040404035,"0","81"
"=HYPERLINK(""https://stackoverflow.com/q/30156173"", ""30156173"")",0.935336976320584,"0","351"
"=HYPERLINK(""https://stackoverflow.com/q/30165614"", ""30165614"")",0.619450859635617,"0","31"
"=HYPERLINK(""https://stackoverflow.com/q/30186158"", ""30186158"")",0.5790061418202119,"1","2654"
"=HYPERLINK(""https://stackoverflow.com/q/30212707"", ""30212707"")",0.5150399017802334,"0","116"
"=HYPERLINK(""https://stackoverflow.com/q/30231746"", ""30231746"")",0.482936507936508,"1","12157"
"=HYPERLINK(""https://stackoverflow.com/q/30233741"", ""30233741"")",0.5446977922547954,"1","1073"
"=HYPERLINK(""https://stackoverflow.com/q/30383228"", ""30383228"")",0.3905390539053902,"0","85"
"=HYPERLINK(""https://stackoverflow.com/q/30571931"", ""30571931"")",0.4927140255009114,"0","186"
"=HYPERLINK(""https://stackoverflow.com/q/30679229"", ""30679229"")",0.7822222222222233,"1","604"
"=HYPERLINK(""https://stackoverflow.com/q/30701165"", ""30701165"")",0.882171844388468,"5","21038"
"=HYPERLINK(""https://stackoverflow.com/q/30791501"", ""30791501"")",0.3457824316463058,"0","146"
"=HYPERLINK(""https://stackoverflow.com/q/30852741"", ""30852741"")",0.5341806277681499,"2","70"
"=HYPERLINK(""https://stackoverflow.com/q/30866189"", ""30866189"")",0.9432748538011708,"1","416"
"=HYPERLINK(""https://stackoverflow.com/q/30937149"", ""30937149"")",0.550285463328941,"0","77"
"=HYPERLINK(""https://stackoverflow.com/q/30954945"", ""30954945"")",0.5612052730696792,"0","332"
"=HYPERLINK(""https://stackoverflow.com/q/31005858"", ""31005858"")",0.7572775727757279,"1","542"
"=HYPERLINK(""https://stackoverflow.com/q/31091890"", ""31091890"")",0.7428481112691646,"0","181"
"=HYPERLINK(""https://stackoverflow.com/q/31221223"", ""31221223"")",0.901189011890119,"0","23"
"=HYPERLINK(""https://stackoverflow.com/q/31275477"", ""31275477"")",0.5601723607263774,"1","42"
"=HYPERLINK(""https://stackoverflow.com/q/31349113"", ""31349113"")",0.472700233694498,"0","328"
"=HYPERLINK(""https://stackoverflow.com/q/31387298"", ""31387298"")",0.2200024663953632,"0","1665"
"=HYPERLINK(""https://stackoverflow.com/q/31393016"", ""31393016"")",0.7803374054682949,"1","536"
"=HYPERLINK(""https://stackoverflow.com/q/31593295"", ""31593295"")",0.6939203354297697,"0","1038"
"=HYPERLINK(""https://stackoverflow.com/q/31683502"", ""31683502"")",0.5385640513076799,"0","313"
"=HYPERLINK(""https://stackoverflow.com/q/31803037"", ""31803037"")",0.2875488553880511,"2","70"
"=HYPERLINK(""https://stackoverflow.com/q/31842715"", ""31842715"")",0.3020227209753393,"1","104"
"=HYPERLINK(""https://stackoverflow.com/q/32127539"", ""32127539"")",0.7421085858585852,"0","130"
"=HYPERLINK(""https://stackoverflow.com/q/32131141"", ""32131141"")",0.7936507936507949,"2","605"
"=HYPERLINK(""https://stackoverflow.com/q/32145347"", ""32145347"")",0.9700483091787422,"0","376"
"=HYPERLINK(""https://stackoverflow.com/q/32247953"", ""32247953"")",0.609574000878348,"0","2718"
"=HYPERLINK(""https://stackoverflow.com/q/32263127"", ""32263127"")",0.8952991452991454,"0","144"
"=HYPERLINK(""https://stackoverflow.com/q/32271868"", ""32271868"")",0.5002770850651144,"0","73"
"=HYPERLINK(""https://stackoverflow.com/q/32354872"", ""32354872"")",0.4753472222222227,"0","561"
"=HYPERLINK(""https://stackoverflow.com/q/32438217"", ""32438217"")",0.7926920208799408,"0","450"
"=HYPERLINK(""https://stackoverflow.com/q/32448501"", ""32448501"")",0.9101921470342512,"0","197"
"=HYPERLINK(""https://stackoverflow.com/q/32471203"", ""32471203"")",0.949494949494949,"2","466"
"=HYPERLINK(""https://stackoverflow.com/q/32512751"", ""32512751"")",0.7855133614627278,"0","229"
"=HYPERLINK(""https://stackoverflow.com/q/32565620"", ""32565620"")",0.7561205273069672,"0","123"
"=HYPERLINK(""https://stackoverflow.com/q/32574831"", ""32574831"")",0.3654092891968179,"0","78"
"=HYPERLINK(""https://stackoverflow.com/q/32577947"", ""32577947"")",0.3734827264239028,"0","498"
"=HYPERLINK(""https://stackoverflow.com/q/32713759"", ""32713759"")",0.5100451004510046,"0","317"
"=HYPERLINK(""https://stackoverflow.com/q/32750862"", ""32750862"")",0.9478859390363824,"0","163"
"=HYPERLINK(""https://stackoverflow.com/q/32894600"", ""32894600"")",0.7610248829761016,"2","907"
"=HYPERLINK(""https://stackoverflow.com/q/32998371"", ""32998371"")",0.3769183548189073,"0","153"
"=HYPERLINK(""https://stackoverflow.com/q/33033136"", ""33033136"")",0.4791392182696527,"0","38"
"=HYPERLINK(""https://stackoverflow.com/q/33073880"", ""33073880"")",0.7498817966903075,"2","386"
"=HYPERLINK(""https://stackoverflow.com/q/33084355"", ""33084355"")",0.3213818860877683,"1","104"
"=HYPERLINK(""https://stackoverflow.com/q/33098675"", ""33098675"")",0.4282081377151802,"1","1815"
"=HYPERLINK(""https://stackoverflow.com/q/33175823"", ""33175823"")",0.393363161819538,"1","3586"
"=HYPERLINK(""https://stackoverflow.com/q/33251566"", ""33251566"")",0.5596455351056572,"1","1506"
"=HYPERLINK(""https://stackoverflow.com/q/33280075"", ""33280075"")",0.7603901611535211,"2","1613"
"=HYPERLINK(""https://stackoverflow.com/q/33414113"", ""33414113"")",0.6578657865786575,"0","673"
"=HYPERLINK(""https://stackoverflow.com/q/33522703"", ""33522703"")",0.9416792357968828,"0","538"
"=HYPERLINK(""https://stackoverflow.com/q/33700671"", ""33700671"")",0.5341755749919023,"1","55"
"=HYPERLINK(""https://stackoverflow.com/q/33789999"", ""33789999"")",0.5011695906432755,"0","29"
"=HYPERLINK(""https://stackoverflow.com/q/33910307"", ""33910307"")",0.3991090146750525,"1","75"
"=HYPERLINK(""https://stackoverflow.com/q/34017964"", ""34017964"")",0.8371806709756849,"0","2407"
"=HYPERLINK(""https://stackoverflow.com/q/34113364"", ""34113364"")",0.7766577060931904,"0","73"
"=HYPERLINK(""https://stackoverflow.com/q/34190806"", ""34190806"")",0.7539123630672936,"0","241"
"=HYPERLINK(""https://stackoverflow.com/q/34199572"", ""34199572"")",0.419896640826873,"1","918"
"=HYPERLINK(""https://stackoverflow.com/q/34347889"", ""34347889"")",0.9390363815142584,"0","330"
"=HYPERLINK(""https://stackoverflow.com/q/34352107"", ""34352107"")",0.6954895489548951,"0","52"
"=HYPERLINK(""https://stackoverflow.com/q/34420003"", ""34420003"")",0.7719959778783307,"0","270"
"=HYPERLINK(""https://stackoverflow.com/q/34445696"", ""34445696"")",0.7042166820560172,"0","177"
"=HYPERLINK(""https://stackoverflow.com/q/34515865"", ""34515865"")",0.3686507936507938,"0","1479"
"=HYPERLINK(""https://stackoverflow.com/q/34576611"", ""34576611"")",0.5268376068376076,"1","155"
"=HYPERLINK(""https://stackoverflow.com/q/34589776"", ""34589776"")",0.3913184321347592,"1","351"
"=HYPERLINK(""https://stackoverflow.com/q/34648885"", ""34648885"")",0.8922222222222214,"0","368"
"=HYPERLINK(""https://stackoverflow.com/q/34678332"", ""34678332"")",0.9409722222222217,"0","215"
"=HYPERLINK(""https://stackoverflow.com/q/34727477"", ""34727477"")",0.4860845549182075,"0","62"
"=HYPERLINK(""https://stackoverflow.com/q/34817711"", ""34817711"")",0.7439613526570035,"0","55"
"=HYPERLINK(""https://stackoverflow.com/q/34897046"", ""34897046"")",0.4924924924924919,"1","325"
"=HYPERLINK(""https://stackoverflow.com/q/35004301"", ""35004301"")",0.6915618448637318,"0","98"
"=HYPERLINK(""https://stackoverflow.com/q/35051051"", ""35051051"")",0.2936507936507937,"1","112"
"=HYPERLINK(""https://stackoverflow.com/q/35058336"", ""35058336"")",0.4321669736034377,"2","691"
"=HYPERLINK(""https://stackoverflow.com/q/35163891"", ""35163891"")",0.894158981115502,"1","218"
"=HYPERLINK(""https://stackoverflow.com/q/35165522"", ""35165522"")",0.9494949494949484,"0","1027"
"=HYPERLINK(""https://stackoverflow.com/q/35194468"", ""35194468"")",0.4105339105339102,"1","2792"
"=HYPERLINK(""https://stackoverflow.com/q/35312013"", ""35312013"")",0.6482040953340045,"0","46"
"=HYPERLINK(""https://stackoverflow.com/q/35331012"", ""35331012"")",0.8112633181126331,"0","134"
"=HYPERLINK(""https://stackoverflow.com/q/35424241"", ""35424241"")",0.6752423564504104,"0","336"
"=HYPERLINK(""https://stackoverflow.com/q/35463792"", ""35463792"")",0.8498084291187741,"0","32"
"=HYPERLINK(""https://stackoverflow.com/q/35476777"", ""35476777"")",0.623861566484518,"0","374"
"=HYPERLINK(""https://stackoverflow.com/q/35498509"", ""35498509"")",0.4616900714461688,"0","327"
"=HYPERLINK(""https://stackoverflow.com/q/35553087"", ""35553087"")",0.4968123861566491,"1","847"
"=HYPERLINK(""https://stackoverflow.com/q/35574824"", ""35574824"")",0.2392870686386043,"0","109"
"=HYPERLINK(""https://stackoverflow.com/q/35657443"", ""35657443"")",0.5549394126103927,"0","64"
"=HYPERLINK(""https://stackoverflow.com/q/35862363"", ""35862363"")",0.2961352657004826,"0","2054"
"=HYPERLINK(""https://stackoverflow.com/q/35868262"", ""35868262"")",0.8304696449026345,"2","5310"
"=HYPERLINK(""https://stackoverflow.com/q/35909557"", ""35909557"")",0.6554715924992995,"1","99"
"=HYPERLINK(""https://stackoverflow.com/q/36029277"", ""36029277"")",0.8256704980842907,"0","562"
"=HYPERLINK(""https://stackoverflow.com/q/36223744"", ""36223744"")",0.7847222222222215,"0","587"
"=HYPERLINK(""https://stackoverflow.com/q/36363817"", ""36363817"")",0.8785858585858584,"0","619"
"=HYPERLINK(""https://stackoverflow.com/q/36402477"", ""36402477"")",0.3115839243498818,"1","715"
"=HYPERLINK(""https://stackoverflow.com/q/36420264"", ""36420264"")",0.4864267676767673,"1","2546"
"=HYPERLINK(""https://stackoverflow.com/q/36503030"", ""36503030"")",0.9689240691879224,"3","195"
"=HYPERLINK(""https://stackoverflow.com/q/36568453"", ""36568453"")",0.3910325116112899,"0","157"
"=HYPERLINK(""https://stackoverflow.com/q/36601669"", ""36601669"")",0.957630782533506,"0","93"
"=HYPERLINK(""https://stackoverflow.com/q/36695261"", ""36695261"")",0.9436987322893372,"0","34"
"=HYPERLINK(""https://stackoverflow.com/q/36703211"", ""36703211"")",0.6321945213911974,"0","74"
"=HYPERLINK(""https://stackoverflow.com/q/36721723"", ""36721723"")",0.6204040404040402,"0","28"
"=HYPERLINK(""https://stackoverflow.com/q/36762793"", ""36762793"")",0.7105943152454773,"0","717"
"=HYPERLINK(""https://stackoverflow.com/q/36771730"", ""36771730"")",0.6318607764390891,"1","44"
"=HYPERLINK(""https://stackoverflow.com/q/36801361"", ""36801361"")",0.847745234774523,"0","73"
"=HYPERLINK(""https://stackoverflow.com/q/36894662"", ""36894662"")",0.5376584638329607,"1","327"
"=HYPERLINK(""https://stackoverflow.com/q/36898209"", ""36898209"")",0.9257105943152444,"1","89"
"=HYPERLINK(""https://stackoverflow.com/q/36930669"", ""36930669"")",0.5611483967188668,"0","277"
"=HYPERLINK(""https://stackoverflow.com/q/36932399"", ""36932399"")",0.5079365079365077,"1","369"
"=HYPERLINK(""https://stackoverflow.com/q/37000064"", ""37000064"")",0.7641383898868924,"1","153"
"=HYPERLINK(""https://stackoverflow.com/q/37073332"", ""37073332"")",0.676236820762369,"0","3240"
"=HYPERLINK(""https://stackoverflow.com/q/37106505"", ""37106505"")",0.8781113677187579,"1","4578"
"=HYPERLINK(""https://stackoverflow.com/q/37132777"", ""37132777"")",0.4349881796690308,"0","159"
"=HYPERLINK(""https://stackoverflow.com/q/37484503"", ""37484503"")",0.562222222222222,"1","1471"
"=HYPERLINK(""https://stackoverflow.com/q/37705783"", ""37705783"")",0.5135265700483083,"1","1016"
"=HYPERLINK(""https://stackoverflow.com/q/37752431"", ""37752431"")",0.333040164174729,"0","47"
"=HYPERLINK(""https://stackoverflow.com/q/37837215"", ""37837215"")",0.5755156353958745,"0","4394"
"=HYPERLINK(""https://stackoverflow.com/q/37860519"", ""37860519"")",0.7340955731457055,"0","1610"
"=HYPERLINK(""https://stackoverflow.com/q/37886286"", ""37886286"")",0.7140788997466521,"0","321"
"=HYPERLINK(""https://stackoverflow.com/q/37924737"", ""37924737"")",0.7121551081282628,"0","63"
"=HYPERLINK(""https://stackoverflow.com/q/37928888"", ""37928888"")",0.4099145299145303,"0","4005"
"=HYPERLINK(""https://stackoverflow.com/q/37959524"", ""37959524"")",0.6507936507936509,"0","199"
"=HYPERLINK(""https://stackoverflow.com/q/37970873"", ""37970873"")",0.5613526570048301,"0","639"
"=HYPERLINK(""https://stackoverflow.com/q/38067654"", ""38067654"")",0.5261994949494946,"0","442"
"=HYPERLINK(""https://stackoverflow.com/q/38083543"", ""38083543"")",0.7670498084291189,"1","94"
"=HYPERLINK(""https://stackoverflow.com/q/38172989"", ""38172989"")",0.7447786131996652,"0","27"
"=HYPERLINK(""https://stackoverflow.com/q/38204683"", ""38204683"")",0.4781588976839638,"0","427"
"=HYPERLINK(""https://stackoverflow.com/q/38217879"", ""38217879"")",0.2222222222222223,"0","75"
"=HYPERLINK(""https://stackoverflow.com/q/38220749"", ""38220749"")",0.8617785993017056,"0","66"
"=HYPERLINK(""https://stackoverflow.com/q/38234092"", ""38234092"")",0.3507936507936509,"1","203"
"=HYPERLINK(""https://stackoverflow.com/q/38294437"", ""38294437"")",0.5243498817966904,"0","479"
"=HYPERLINK(""https://stackoverflow.com/q/38307747"", ""38307747"")",0.8265700483091774,"1","586"
"=HYPERLINK(""https://stackoverflow.com/q/38376454"", ""38376454"")",0.2425842131724484,"0","186"
"=HYPERLINK(""https://stackoverflow.com/q/38446585"", ""38446585"")",0.5021056041464208,"0","64"
"=HYPERLINK(""https://stackoverflow.com/q/38534984"", ""38534984"")",0.942091929062613,"0","563"
"=HYPERLINK(""https://stackoverflow.com/q/38674567"", ""38674567"")",0.8151425762045238,"0","693"
"=HYPERLINK(""https://stackoverflow.com/q/38856224"", ""38856224"")",0.871668716687167,"0","24"
"=HYPERLINK(""https://stackoverflow.com/q/38889853"", ""38889853"")",0.474788957335158,"2","58"
"=HYPERLINK(""https://stackoverflow.com/q/38898506"", ""38898506"")",0.4873228933631621,"1","228"
"=HYPERLINK(""https://stackoverflow.com/q/38912953"", ""38912953"")",0.5916042446941332,"0","169"
"=HYPERLINK(""https://stackoverflow.com/q/38954294"", ""38954294"")",0.3615079365079365,"0","1027"
"=HYPERLINK(""https://stackoverflow.com/q/38980747"", ""38980747"")",0.2838814150473343,"0","1173"
"=HYPERLINK(""https://stackoverflow.com/q/39081824"", ""39081824"")",0.6858900422914259,"0","258"
"=HYPERLINK(""https://stackoverflow.com/q/39106389"", ""39106389"")",0.9427041499330646,"4","1339"
"=HYPERLINK(""https://stackoverflow.com/q/39241580"", ""39241580"")",0.5877253023043572,"1","136"
"=HYPERLINK(""https://stackoverflow.com/q/39253037"", ""39253037"")",0.3767411726595403,"0","62"
"=HYPERLINK(""https://stackoverflow.com/q/39268718"", ""39268718"")",0.5058760683760687,"0","925"
"=HYPERLINK(""https://stackoverflow.com/q/39285390"", ""39285390"")",0.388546657540497,"1","1228"
"=HYPERLINK(""https://stackoverflow.com/q/39290159"", ""39290159"")",0.5853801169590651,"0","264"
"=HYPERLINK(""https://stackoverflow.com/q/39395047"", ""39395047"")",0.8286362163913199,"1","69"
"=HYPERLINK(""https://stackoverflow.com/q/39430054"", ""39430054"")",0.505991855730075,"1","37"
"=HYPERLINK(""https://stackoverflow.com/q/39456001"", ""39456001"")",0.4690307328605202,"0","282"
"=HYPERLINK(""https://stackoverflow.com/q/39457425"", ""39457425"")",0.8500631313131307,"0","277"
"=HYPERLINK(""https://stackoverflow.com/q/39482349"", ""39482349"")",0.4400793650793652,"1","128"
"=HYPERLINK(""https://stackoverflow.com/q/39675023"", ""39675023"")",0.4529914529914529,"0","169"
"=HYPERLINK(""https://stackoverflow.com/q/39719154"", ""39719154"")",0.515291529152915,"0","3516"
"=HYPERLINK(""https://stackoverflow.com/q/39753921"", ""39753921"")",0.3354297693920336,"0","91"
"=HYPERLINK(""https://stackoverflow.com/q/39792492"", ""39792492"")",0.7870757787075774,"0","46"
"=HYPERLINK(""https://stackoverflow.com/q/39902012"", ""39902012"")",0.9612522453169102,"0","1130"
"=HYPERLINK(""https://stackoverflow.com/q/39926451"", ""39926451"")",0.6569601461687792,"0","1088"
"=HYPERLINK(""https://stackoverflow.com/q/40012808"", ""40012808"")",0.2719459791282996,"0","3600"
"=HYPERLINK(""https://stackoverflow.com/q/40186398"", ""40186398"")",0.4089310829817155,"1","301"
"=HYPERLINK(""https://stackoverflow.com/q/40195769"", ""40195769"")",0.9400136332651656,"0","922"
"=HYPERLINK(""https://stackoverflow.com/q/40247845"", ""40247845"")",0.9385683760683764,"1","152"
"=HYPERLINK(""https://stackoverflow.com/q/40451295"", ""40451295"")",0.6766295170550493,"0","306"
"=HYPERLINK(""https://stackoverflow.com/q/40461945"", ""40461945"")",0.4222222222222224,"0","1461"
"=HYPERLINK(""https://stackoverflow.com/q/40464723"", ""40464723"")",0.3613731656184487,"0","709"
"=HYPERLINK(""https://stackoverflow.com/q/40534367"", ""40534367"")",0.8377882599580716,"1","246"
"=HYPERLINK(""https://stackoverflow.com/q/40655696"", ""40655696"")",0.8171589310829808,"0","791"
"=HYPERLINK(""https://stackoverflow.com/q/40673688"", ""40673688"")",0.2970725216234197,"2","663"
"=HYPERLINK(""https://stackoverflow.com/q/40808802"", ""40808802"")",0.3921826965305225,"0","1915"
"=HYPERLINK(""https://stackoverflow.com/q/40838245"", ""40838245"")",0.6181953765846387,"0","57"
"=HYPERLINK(""https://stackoverflow.com/q/40978760"", ""40978760"")",0.8866517524235651,"1","148"
"=HYPERLINK(""https://stackoverflow.com/q/41070838"", ""41070838"")",0.704523107177975,"1","169"
"=HYPERLINK(""https://stackoverflow.com/q/41070989"", ""41070989"")",0.3808429118773946,"0","53"
"=HYPERLINK(""https://stackoverflow.com/q/41096787"", ""41096787"")",0.8246812386156656,"0","115"
"=HYPERLINK(""https://stackoverflow.com/q/41327504"", ""41327504"")",0.8013361462728542,"1","548"
"=HYPERLINK(""https://stackoverflow.com/q/41341078"", ""41341078"")",0.5577926920208803,"1","1938"
"=HYPERLINK(""https://stackoverflow.com/q/41367689"", ""41367689"")",0.8463186077643903,"1","457"
"=HYPERLINK(""https://stackoverflow.com/q/41585473"", ""41585473"")",0.3439479541174456,"0","141"
"=HYPERLINK(""https://stackoverflow.com/q/41596514"", ""41596514"")",0.7380116959064336,"0","395"
"=HYPERLINK(""https://stackoverflow.com/q/41612429"", ""41612429"")",0.5673549655850544,"1","415"
"=HYPERLINK(""https://stackoverflow.com/q/41619776"", ""41619776"")",0.5006006006006001,"3","1791"
"=HYPERLINK(""https://stackoverflow.com/q/41651008"", ""41651008"")",0.6433452168746288,"0","1690"
"=HYPERLINK(""https://stackoverflow.com/q/41651078"", ""41651078"")",0.3270126413838987,"0","575"
"=HYPERLINK(""https://stackoverflow.com/q/41660559"", ""41660559"")",0.8443152454780353,"0","742"
"=HYPERLINK(""https://stackoverflow.com/q/41709508"", ""41709508"")",0.6240697972799587,"0","844"
"=HYPERLINK(""https://stackoverflow.com/q/41738566"", ""41738566"")",0.5347222222222215,"1","83"
"=HYPERLINK(""https://stackoverflow.com/q/41853647"", ""41853647"")",0.5133834007317547,"2","714"
"=HYPERLINK(""https://stackoverflow.com/q/41899547"", ""41899547"")",0.69281045751634,"0","582"
"=HYPERLINK(""https://stackoverflow.com/q/41911137"", ""41911137"")",0.6584638329604774,"0","316"
"=HYPERLINK(""https://stackoverflow.com/q/41927455"", ""41927455"")",0.6916878710771847,"1","1530"
"=HYPERLINK(""https://stackoverflow.com/q/41967476"", ""41967476"")",0.8410746812386165,"0","54"
"=HYPERLINK(""https://stackoverflow.com/q/42034170"", ""42034170"")",0.5412236091847747,"3","1373"
"=HYPERLINK(""https://stackoverflow.com/q/42045837"", ""42045837"")",0.6265589569160991,"1","427"
"=HYPERLINK(""https://stackoverflow.com/q/42286233"", ""42286233"")",0.8824631860776431,"1","1375"
"=HYPERLINK(""https://stackoverflow.com/q/42406773"", ""42406773"")",0.5871415770609323,"0","37"
"=HYPERLINK(""https://stackoverflow.com/q/42409465"", ""42409465"")",0.894158981115502,"0","289"
"=HYPERLINK(""https://stackoverflow.com/q/42440364"", ""42440364"")",0.928809048569527,"0","1119"
"=HYPERLINK(""https://stackoverflow.com/q/42581270"", ""42581270"")",0.4100675260896256,"3","2822"
"=HYPERLINK(""https://stackoverflow.com/q/42663129"", ""42663129"")",0.618326118326118,"0","987"
"=HYPERLINK(""https://stackoverflow.com/q/42667841"", ""42667841"")",0.880241090146751,"0","432"
"=HYPERLINK(""https://stackoverflow.com/q/42672447"", ""42672447"")",0.4405931061043716,"5","1330"
"=HYPERLINK(""https://stackoverflow.com/q/42674301"", ""42674301"")",0.4380116959064331,"0","1771"
"=HYPERLINK(""https://stackoverflow.com/q/42685611"", ""42685611"")",0.398451730418944,"1","412"
"=HYPERLINK(""https://stackoverflow.com/q/42686510"", ""42686510"")",0.9491594915949164,"0","490"
"=HYPERLINK(""https://stackoverflow.com/q/42688531"", ""42688531"")",0.706758304696449,"1","1289"
"=HYPERLINK(""https://stackoverflow.com/q/42883458"", ""42883458"")",0.9346116027531964,"1","41"
"=HYPERLINK(""https://stackoverflow.com/q/42893946"", ""42893946"")",0.6602753195673555,"2","381"
"=HYPERLINK(""https://stackoverflow.com/q/42895024"", ""42895024"")",0.3868563685636855,"1","962"
"=HYPERLINK(""https://stackoverflow.com/q/42959861"", ""42959861"")",0.8283760683760696,"0","98"
"=HYPERLINK(""https://stackoverflow.com/q/42988298"", ""42988298"")",0.9449578968987484,"1","382"
"=HYPERLINK(""https://stackoverflow.com/q/42999295"", ""42999295"")",0.8415404040404038,"0","934"
"=HYPERLINK(""https://stackoverflow.com/q/43019060"", ""43019060"")",0.7455685257241677,"0","257"
"=HYPERLINK(""https://stackoverflow.com/q/43056796"", ""43056796"")",0.3428447903156073,"0","280"
"=HYPERLINK(""https://stackoverflow.com/q/43191719"", ""43191719"")",0.5180802103879032,"0","374"
"=HYPERLINK(""https://stackoverflow.com/q/43216454"", ""43216454"")",0.3884872824631857,"3","6928"
"=HYPERLINK(""https://stackoverflow.com/q/43236047"", ""43236047"")",0.7164082687338494,"1","49"
"=HYPERLINK(""https://stackoverflow.com/q/43324273"", ""43324273"")",0.41907261592301,"0","162"
"=HYPERLINK(""https://stackoverflow.com/q/43327462"", ""43327462"")",0.5050091074681246,"0","130"
"=HYPERLINK(""https://stackoverflow.com/q/43343094"", ""43343094"")",0.8239921337266475,"0","254"
"=HYPERLINK(""https://stackoverflow.com/q/43349980"", ""43349980"")",0.6408268733850132,"0","1001"
"=HYPERLINK(""https://stackoverflow.com/q/43374612"", ""43374612"")",0.6128927761580832,"1","1194"
"=HYPERLINK(""https://stackoverflow.com/q/43389914"", ""43389914"")",0.5412883700821443,"2","11684"
"=HYPERLINK(""https://stackoverflow.com/q/43393394"", ""43393394"")",0.6853801169590652,"0","63"
"=HYPERLINK(""https://stackoverflow.com/q/43585319"", ""43585319"")",0.8495284952849529,"0","96"
"=HYPERLINK(""https://stackoverflow.com/q/43612862"", ""43612862"")",0.3530169242089773,"1","373"
"=HYPERLINK(""https://stackoverflow.com/q/43623998"", ""43623998"")",0.4299784549092028,"0","253"
"=HYPERLINK(""https://stackoverflow.com/q/43678312"", ""43678312"")",0.5303617571059427,"1","145"
"=HYPERLINK(""https://stackoverflow.com/q/43694753"", ""43694753"")",0.7834870443566088,"2","111"
"=HYPERLINK(""https://stackoverflow.com/q/43743192"", ""43743192"")",0.403199765154851,"1","579"
"=HYPERLINK(""https://stackoverflow.com/q/43755551"", ""43755551"")",0.8699494949494946,"1","668"
"=HYPERLINK(""https://stackoverflow.com/q/43968610"", ""43968610"")",0.5914529914529922,"0","387"
"=HYPERLINK(""https://stackoverflow.com/q/44042062"", ""44042062"")",0.5913497390007458,"1","278"
"=HYPERLINK(""https://stackoverflow.com/q/44053794"", ""44053794"")",0.3764390896921012,"0","104"
"=HYPERLINK(""https://stackoverflow.com/q/44061207"", ""44061207"")",0.913921826965304,"0","357"
"=HYPERLINK(""https://stackoverflow.com/q/44118185"", ""44118185"")",0.5356550580431184,"0","518"
"=HYPERLINK(""https://stackoverflow.com/q/44244458"", ""44244458"")",0.7955304928989132,"1","284"
"=HYPERLINK(""https://stackoverflow.com/q/44274738"", ""44274738"")",0.8087768440709616,"0","204"
"=HYPERLINK(""https://stackoverflow.com/q/44293644"", ""44293644"")",0.6863860447478191,"0","59"
"=HYPERLINK(""https://stackoverflow.com/q/44416531"", ""44416531"")",0.5590643274853808,"1","2088"
"=HYPERLINK(""https://stackoverflow.com/q/44438405"", ""44438405"")",0.6651752423564509,"0","972"
"=HYPERLINK(""https://stackoverflow.com/q/44684078"", ""44684078"")",0.657936507936508,"0","118"
"=HYPERLINK(""https://stackoverflow.com/q/44692293"", ""44692293"")",0.2044707429322814,"0","1169"
"=HYPERLINK(""https://stackoverflow.com/q/44699346"", ""44699346"")",0.2755009107468126,"0","63"
"=HYPERLINK(""https://stackoverflow.com/q/44835632"", ""44835632"")",0.6806325734237019,"0","96"
"=HYPERLINK(""https://stackoverflow.com/q/45223852"", ""45223852"")",0.5621431708388223,"0","106"
"=HYPERLINK(""https://stackoverflow.com/q/45254569"", ""45254569"")",0.6959064327485375,"0","847"
"=HYPERLINK(""https://stackoverflow.com/q/45274552"", ""45274552"")",0.6092515109251507,"0","644"
"=HYPERLINK(""https://stackoverflow.com/q/45340021"", ""45340021"")",0.370672466920428,"0","71"
"=HYPERLINK(""https://stackoverflow.com/q/45347696"", ""45347696"")",0.933033033033032,"0","136"
"=HYPERLINK(""https://stackoverflow.com/q/45360165"", ""45360165"")",0.6332651670074976,"0","462"
"=HYPERLINK(""https://stackoverflow.com/q/45443772"", ""45443772"")",0.9233008046567368,"1","199"
"=HYPERLINK(""https://stackoverflow.com/q/45464979"", ""45464979"")",0.5060060060060055,"1","39"
"=HYPERLINK(""https://stackoverflow.com/q/45491794"", ""45491794"")",0.45535105657805,"0","56"
"=HYPERLINK(""https://stackoverflow.com/q/45745599"", ""45745599"")",0.4949494949494944,"0","208"
"=HYPERLINK(""https://stackoverflow.com/q/45785187"", ""45785187"")",0.5529152915291525,"1","310"
"=HYPERLINK(""https://stackoverflow.com/q/45867505"", ""45867505"")",0.6582687338501285,"0","65"
"=HYPERLINK(""https://stackoverflow.com/q/45868635"", ""45868635"")",0.3639545056867895,"0","312"
"=HYPERLINK(""https://stackoverflow.com/q/45900956"", ""45900956"")",0.4962747003563334,"0","172"
"=HYPERLINK(""https://stackoverflow.com/q/45934300"", ""45934300"")",0.9417794177941784,"0","1997"
"=HYPERLINK(""https://stackoverflow.com/q/45955538"", ""45955538"")",0.2972222222222223,"56","51650"
"=HYPERLINK(""https://stackoverflow.com/q/46046346"", ""46046346"")",0.927743694614859,"1","34"
"=HYPERLINK(""https://stackoverflow.com/q/46054523"", ""46054523"")",0.5202991452991454,"1","596"
"=HYPERLINK(""https://stackoverflow.com/q/46071975"", ""46071975"")",0.3896135265700476,"0","161"
"=HYPERLINK(""https://stackoverflow.com/q/46093169"", ""46093169"")",0.4547803617571057,"2","2359"
"=HYPERLINK(""https://stackoverflow.com/q/46143048"", ""46143048"")",0.5695504664970321,"1","197"
"=HYPERLINK(""https://stackoverflow.com/q/46176845"", ""46176845"")",0.4644367550941939,"1","1092"
"=HYPERLINK(""https://stackoverflow.com/q/46220027"", ""46220027"")",0.4632536123567514,"1","2954"
"=HYPERLINK(""https://stackoverflow.com/q/46266919"", ""46266919"")",0.8613974799541809,"0","865"
"=HYPERLINK(""https://stackoverflow.com/q/46296097"", ""46296097"")",0.492101740294511,"0","909"
"=HYPERLINK(""https://stackoverflow.com/q/46342498"", ""46342498"")",0.3633265167007496,"2","7176"
"=HYPERLINK(""https://stackoverflow.com/q/46342726"", ""46342726"")",0.3240186294078508,"0","85"
"=HYPERLINK(""https://stackoverflow.com/q/46348570"", ""46348570"")",0.4922756981580511,"1","1235"
"=HYPERLINK(""https://stackoverflow.com/q/46363358"", ""46363358"")",0.6099773242630393,"0","995"
"=HYPERLINK(""https://stackoverflow.com/q/46372397"", ""46372397"")",0.9355772710821568,"1","391"
"=HYPERLINK(""https://stackoverflow.com/q/46561417"", ""46561417"")",0.3808429118773947,"0","99"
"=HYPERLINK(""https://stackoverflow.com/q/46572924"", ""46572924"")",0.3438027693346844,"1","77"
"=HYPERLINK(""https://stackoverflow.com/q/46657867"", ""46657867"")",0.4785513361462724,"1","53"
"=HYPERLINK(""https://stackoverflow.com/q/46733068"", ""46733068"")",0.7400793650793653,"0","1186"
"=HYPERLINK(""https://stackoverflow.com/q/46755353"", ""46755353"")",0.4520162000352175,"1","79"
"=HYPERLINK(""https://stackoverflow.com/q/46755399"", ""46755399"")",0.4780361757105937,"1","304"
"=HYPERLINK(""https://stackoverflow.com/q/46787708"", ""46787708"")",0.501667949704901,"0","649"
"=HYPERLINK(""https://stackoverflow.com/q/46807352"", ""46807352"")",0.6390600045630841,"1","755"
"=HYPERLINK(""https://stackoverflow.com/q/46851570"", ""46851570"")",0.4627882599580712,"0","60"
"=HYPERLINK(""https://stackoverflow.com/q/46972587"", ""46972587"")",0.7371848157384308,"0","497"
"=HYPERLINK(""https://stackoverflow.com/q/46977971"", ""46977971"")",0.8970990695128618,"0","632"
"=HYPERLINK(""https://stackoverflow.com/q/47003911"", ""47003911"")",0.6390379646193604,"0","581"
"=HYPERLINK(""https://stackoverflow.com/q/47261090"", ""47261090"")",0.4013753166847629,"0","170"
"=HYPERLINK(""https://stackoverflow.com/q/47301182"", ""47301182"")",0.5406184486373169,"0","3049"
"=HYPERLINK(""https://stackoverflow.com/q/47476679"", ""47476679"")",0.3560654344593161,"1","1479"
"=HYPERLINK(""https://stackoverflow.com/q/47677694"", ""47677694"")",0.5541371158392437,"0","53"
"=HYPERLINK(""https://stackoverflow.com/q/47688215"", ""47688215"")",0.6310620012277471,"2","78"
"=HYPERLINK(""https://stackoverflow.com/q/47718337"", ""47718337"")",0.7090643274853795,"1","92"
"=HYPERLINK(""https://stackoverflow.com/q/47812325"", ""47812325"")",0.5765529308836405,"0","2082"
"=HYPERLINK(""https://stackoverflow.com/q/47828570"", ""47828570"")",0.5924993003078636,"2","4944"
"=HYPERLINK(""https://stackoverflow.com/q/47956233"", ""47956233"")",0.6198125836680047,"0","41"
"=HYPERLINK(""https://stackoverflow.com/q/47966639"", ""47966639"")",0.8775413711583927,"0","354"
"=HYPERLINK(""https://stackoverflow.com/q/48018323"", ""48018323"")",0.3177853621539627,"1","44"
"=HYPERLINK(""https://stackoverflow.com/q/48053896"", ""48053896"")",0.7499533146591968,"0","1246"
"=HYPERLINK(""https://stackoverflow.com/q/48068083"", ""48068083"")",0.7736928104575164,"0","83"
"=HYPERLINK(""https://stackoverflow.com/q/48117976"", ""48117976"")",0.3867791842475385,"1","448"
"=HYPERLINK(""https://stackoverflow.com/q/48391408"", ""48391408"")",0.5290614089135353,"0","608"
"=HYPERLINK(""https://stackoverflow.com/q/48465002"", ""48465002"")",0.7304189435336983,"0","331"
"=HYPERLINK(""https://stackoverflow.com/q/48611557"", ""48611557"")",0.6466408268733844,"0","101"
"=HYPERLINK(""https://stackoverflow.com/q/48633981"", ""48633981"")",0.8598061148396726,"0","311"
"=HYPERLINK(""https://stackoverflow.com/q/48695264"", ""48695264"")",0.392729134664618,"0","21"
"=HYPERLINK(""https://stackoverflow.com/q/48755826"", ""48755826"")",0.4944115713346486,"2","479"
"=HYPERLINK(""https://stackoverflow.com/q/48756202"", ""48756202"")",0.5205013809220316,"0","57"
"=HYPERLINK(""https://stackoverflow.com/q/48757184"", ""48757184"")",0.636779184247538,"0","64"
"=HYPERLINK(""https://stackoverflow.com/q/48762984"", ""48762984"")",0.4990388312187616,"0","289"
"=HYPERLINK(""https://stackoverflow.com/q/48785562"", ""48785562"")",0.4234900510653287,"0","1374"
"=HYPERLINK(""https://stackoverflow.com/q/48789457"", ""48789457"")",0.4990388312187616,"0","53"
"=HYPERLINK(""https://stackoverflow.com/q/48807012"", ""48807012"")",0.8993875765529326,"0","205"
"=HYPERLINK(""https://stackoverflow.com/q/48826185"", ""48826185"")",0.4768347683476834,"4","3532"
"=HYPERLINK(""https://stackoverflow.com/q/48856141"", ""48856141"")",0.6249371543489189,"0","105"
"=HYPERLINK(""https://stackoverflow.com/q/48899167"", ""48899167"")",0.5216234198270123,"3","57"
"=HYPERLINK(""https://stackoverflow.com/q/48939677"", ""48939677"")",0.955731457050719,"0","36"
"=HYPERLINK(""https://stackoverflow.com/q/49103106"", ""49103106"")",0.9503328213005616,"1","839"
"=HYPERLINK(""https://stackoverflow.com/q/49145524"", ""49145524"")",0.929732103645146,"0","438"
"=HYPERLINK(""https://stackoverflow.com/q/49188444"", ""49188444"")",0.6618195376584642,"3","1110"
"=HYPERLINK(""https://stackoverflow.com/q/49197947"", ""49197947"")",0.737559645535105,"0","121"
"=HYPERLINK(""https://stackoverflow.com/q/49219739"", ""49219739"")",0.5284111473036552,"0","227"
"=HYPERLINK(""https://stackoverflow.com/q/49532080"", ""49532080"")",0.5858585858585853,"1","541"
"=HYPERLINK(""https://stackoverflow.com/q/49659166"", ""49659166"")",0.3372849837284982,"1","3138"
"=HYPERLINK(""https://stackoverflow.com/q/49701465"", ""49701465"")",0.7608820160366551,"2","540"
"=HYPERLINK(""https://stackoverflow.com/q/49969127"", ""49969127"")",0.4254307783719548,"1","318"
"=HYPERLINK(""https://stackoverflow.com/q/49984649"", ""49984649"")",0.4349494949494948,"1","592"
"=HYPERLINK(""https://stackoverflow.com/q/50142982"", ""50142982"")",0.504101416853095,"0","118"
"=HYPERLINK(""https://stackoverflow.com/q/50190579"", ""50190579"")",0.5616261957321563,"0","343"
"=HYPERLINK(""https://stackoverflow.com/q/50240762"", ""50240762"")",0.3848519800076895,"0","4874"
"=HYPERLINK(""https://stackoverflow.com/q/50313863"", ""50313863"")",0.5601723607263773,"0","3565"
"=HYPERLINK(""https://stackoverflow.com/q/50372613"", ""50372613"")",0.8369979478158903,"0","117"
"=HYPERLINK(""https://stackoverflow.com/q/50604750"", ""50604750"")",0.4572452636968763,"1","747"
"=HYPERLINK(""https://stackoverflow.com/q/50640307"", ""50640307"")",0.5639307649357896,"0","1722"
"=HYPERLINK(""https://stackoverflow.com/q/50680699"", ""50680699"")",0.4396135265700481,"1","42"
"=HYPERLINK(""https://stackoverflow.com/q/50704999"", ""50704999"")",0.4895033282130052,"0","2358"
"=HYPERLINK(""https://stackoverflow.com/q/50751977"", ""50751977"")",0.6001749781277349,"0","70"
"=HYPERLINK(""https://stackoverflow.com/q/50764656"", ""50764656"")",0.5463328941589803,"0","30"
"=HYPERLINK(""https://stackoverflow.com/q/50774696"", ""50774696"")",0.4881502000615574,"0","410"
"=HYPERLINK(""https://stackoverflow.com/q/50831106"", ""50831106"")",0.5148358585858582,"2","1103"
"=HYPERLINK(""https://stackoverflow.com/q/50840356"", ""50840356"")",0.5708708708708702,"0","2214"
"=HYPERLINK(""https://stackoverflow.com/q/50955021"", ""50955021"")",0.9497671324018624,"2","1641"
"=HYPERLINK(""https://stackoverflow.com/q/50993413"", ""50993413"")",0.5243961352656996,"0","244"
"=HYPERLINK(""https://stackoverflow.com/q/51114380"", ""51114380"")",0.5118947663028262,"0","95"
"=HYPERLINK(""https://stackoverflow.com/q/51210088"", ""51210088"")",0.531845653184565,"0","135"
"=HYPERLINK(""https://stackoverflow.com/q/51299580"", ""51299580"")",0.676767676767676,"2","66"
"=HYPERLINK(""https://stackoverflow.com/q/51330577"", ""51330577"")",0.3955176767676766,"0","414"
"=HYPERLINK(""https://stackoverflow.com/q/51430803"", ""51430803"")",0.6089625537139352,"1","361"
"=HYPERLINK(""https://stackoverflow.com/q/51507855"", ""51507855"")",0.4071334648257727,"1","651"
"=HYPERLINK(""https://stackoverflow.com/q/51544696"", ""51544696"")",0.432383885039774,"1","432"
"=HYPERLINK(""https://stackoverflow.com/q/51658932"", ""51658932"")",0.428461390333141,"2","723"
"=HYPERLINK(""https://stackoverflow.com/q/51700472"", ""51700472"")",0.6159230096237979,"1","2149"
"=HYPERLINK(""https://stackoverflow.com/q/51916270"", ""51916270"")",0.6146834195614677,"0","53"
"=HYPERLINK(""https://stackoverflow.com/q/52120304"", ""52120304"")",0.6982369823698238,"0","662"
"=HYPERLINK(""https://stackoverflow.com/q/52241804"", ""52241804"")",0.6682863621639142,"0","43"
"=HYPERLINK(""https://stackoverflow.com/q/52283860"", ""52283860"")",0.4639440765268579,"0","2386"
"=HYPERLINK(""https://stackoverflow.com/q/52294863"", ""52294863"")",0.3481668066050933,"0","347"
"=HYPERLINK(""https://stackoverflow.com/q/52299149"", ""52299149"")",0.7689350249903877,"0","147"
"=HYPERLINK(""https://stackoverflow.com/q/52332201"", ""52332201"")",0.6133661336613367,"4","1722"
"=HYPERLINK(""https://stackoverflow.com/q/52389215"", ""52389215"")",0.6429118773946361,"0","303"
"=HYPERLINK(""https://stackoverflow.com/q/52410284"", ""52410284"")",0.4029802397149337,"2","57"
"=HYPERLINK(""https://stackoverflow.com/q/52444131"", ""52444131"")",0.6084497671324014,"0","249"
"=HYPERLINK(""https://stackoverflow.com/q/52684091"", ""52684091"")",0.6855174913902486,"0","800"
"=HYPERLINK(""https://stackoverflow.com/q/52716748"", ""52716748"")",0.4806114839671889,"2","7102"
"=HYPERLINK(""https://stackoverflow.com/q/52811511"", ""52811511"")",0.4463186077643905,"0","67"
"=HYPERLINK(""https://stackoverflow.com/q/52853541"", ""52853541"")",0.8388230127360552,"0","553"
"=HYPERLINK(""https://stackoverflow.com/q/52924394"", ""52924394"")",0.3132446661124961,"0","2458"
"=HYPERLINK(""https://stackoverflow.com/q/52970427"", ""52970427"")",0.3673409557314572,"1","90"
"=HYPERLINK(""https://stackoverflow.com/q/53071736"", ""53071736"")",0.426402286530904,"1","208"
"=HYPERLINK(""https://stackoverflow.com/q/53145920"", ""53145920"")",0.3061916878710775,"1","712"
"=HYPERLINK(""https://stackoverflow.com/q/53151064"", ""53151064"")",0.4380276933468423,"1","561"
"=HYPERLINK(""https://stackoverflow.com/q/53232272"", ""53232272"")",0.535513361462728,"0","672"
"=HYPERLINK(""https://stackoverflow.com/q/53293300"", ""53293300"")",0.4198270126413837,"1","46"
"=HYPERLINK(""https://stackoverflow.com/q/53361164"", ""53361164"")",0.4431524547803613,"0","170"
"=HYPERLINK(""https://stackoverflow.com/q/53550272"", ""53550272"")",0.7619573215599711,"1","229"
"=HYPERLINK(""https://stackoverflow.com/q/53647532"", ""53647532"")",0.5994677312042579,"1","438"
"=HYPERLINK(""https://stackoverflow.com/q/53665061"", ""53665061"")",0.6123659593885461,"0","503"
"=HYPERLINK(""https://stackoverflow.com/q/53750269"", ""53750269"")",0.5645867542419263,"0","29"
"=HYPERLINK(""https://stackoverflow.com/q/54240833"", ""54240833"")",0.7978679786797869,"0","10"
"=HYPERLINK(""https://stackoverflow.com/q/54295716"", ""54295716"")",0.3858106127235416,"0","1101"
"=HYPERLINK(""https://stackoverflow.com/q/54618164"", ""54618164"")",0.5731837606837609,"0","125"
"=HYPERLINK(""https://stackoverflow.com/q/54754451"", ""54754451"")",0.4036738351254482,"1","644"
"=HYPERLINK(""https://stackoverflow.com/q/54881069"", ""54881069"")",0.3236485296707167,"0","548"
"=HYPERLINK(""https://stackoverflow.com/q/54957305"", ""54957305"")",0.4956212370005468,"0","162"
"=HYPERLINK(""https://stackoverflow.com/q/55018243"", ""55018243"")",0.5100687040985555,"0","238"
"=HYPERLINK(""https://stackoverflow.com/q/55045587"", ""55045587"")",0.6708977189109644,"4","87"
"=HYPERLINK(""https://stackoverflow.com/q/55056357"", ""55056357"")",0.87087087087087,"0","270"
"=HYPERLINK(""https://stackoverflow.com/q/55137884"", ""55137884"")",0.6900714461690063,"0","151"
"=HYPERLINK(""https://stackoverflow.com/q/55192167"", ""55192167"")",0.3732289336316184,"0","210"
"=HYPERLINK(""https://stackoverflow.com/q/55366951"", ""55366951"")",0.4494949494949493,"6","9439"
"=HYPERLINK(""https://stackoverflow.com/q/55381888"", ""55381888"")",0.6543830262423223,"2","621"
"=HYPERLINK(""https://stackoverflow.com/q/55471951"", ""55471951"")",0.3754137115839244,"1","927"
"=HYPERLINK(""https://stackoverflow.com/q/55473415"", ""55473415"")",0.7351373513735137,"0","48"
"=HYPERLINK(""https://stackoverflow.com/q/55498505"", ""55498505"")",0.3307127882599582,"2","60"
"=HYPERLINK(""https://stackoverflow.com/q/55594848"", ""55594848"")",0.4374120956399435,"3","720"
"=HYPERLINK(""https://stackoverflow.com/q/55628512"", ""55628512"")",0.8902550091074694,"1","11"
"=HYPERLINK(""https://stackoverflow.com/q/55845291"", ""55845291"")",0.2775217613927289,"0","73"
"=HYPERLINK(""https://stackoverflow.com/q/55850960"", ""55850960"")",0.3696876600102404,"0","217"
"=HYPERLINK(""https://stackoverflow.com/q/55873125"", ""55873125"")",0.6648451730418952,"1","60"
"=HYPERLINK(""https://stackoverflow.com/q/55941625"", ""55941625"")",0.5058760683760686,"0","1569"
"=HYPERLINK(""https://stackoverflow.com/q/56045337"", ""56045337"")",0.5654654654654648,"0","199"
"=HYPERLINK(""https://stackoverflow.com/q/56104228"", ""56104228"")",0.3076814058956912,"0","169"
"=HYPERLINK(""https://stackoverflow.com/q/56213578"", ""56213578"")",0.6116452991452993,"0","53"
"=HYPERLINK(""https://stackoverflow.com/q/56289182"", ""56289182"")",0.3519932145886348,"1","1641"
"=HYPERLINK(""https://stackoverflow.com/q/56315982"", ""56315982"")",0.677394636015326,"0","118"
"=HYPERLINK(""https://stackoverflow.com/q/56426992"", ""56426992"")",0.4826100338565711,"0","82"
"=HYPERLINK(""https://stackoverflow.com/q/56442952"", ""56442952"")",0.3656648451730419,"0","40"
"=HYPERLINK(""https://stackoverflow.com/q/56445171"", ""56445171"")",0.3038121803812178,"2","152"
"=HYPERLINK(""https://stackoverflow.com/q/56738286"", ""56738286"")",0.3054111303678031,"2","412"
"=HYPERLINK(""https://stackoverflow.com/q/56774800"", ""56774800"")",0.5193920335429771,"0","57"
"=HYPERLINK(""https://stackoverflow.com/q/56892569"", ""56892569"")",0.3330176767676767,"0","22"
"=HYPERLINK(""https://stackoverflow.com/q/56915601"", ""56915601"")",0.3146246862879303,"0","1075"
"=HYPERLINK(""https://stackoverflow.com/q/56981588"", ""56981588"")",0.3183760683760684,"1","306"
"=HYPERLINK(""https://stackoverflow.com/q/57047050"", ""57047050"")",0.4327485380116963,"2","448"
"=HYPERLINK(""https://stackoverflow.com/q/57085539"", ""57085539"")",0.9375874615169312,"0","77"
"=HYPERLINK(""https://stackoverflow.com/q/57117670"", ""57117670"")",0.9677312042581496,"0","71"
"=HYPERLINK(""https://stackoverflow.com/q/57194364"", ""57194364"")",0.2754372998275434,"1","388"
"=HYPERLINK(""https://stackoverflow.com/q/57223376"", ""57223376"")",0.6769733534439416,"0","3630"
"=HYPERLINK(""https://stackoverflow.com/q/57273908"", ""57273908"")",0.4089310829817156,"0","427"
"=HYPERLINK(""https://stackoverflow.com/q/57569383"", ""57569383"")",0.4483091787439606,"0","114"
"=HYPERLINK(""https://stackoverflow.com/q/57642456"", ""57642456"")",0.5578963795255939,"0","73"
"=HYPERLINK(""https://stackoverflow.com/q/57648420"", ""57648420"")",0.6730649188514367,"0","268"
"=HYPERLINK(""https://stackoverflow.com/q/57667918"", ""57667918"")",0.3926767676767674,"0","68"
"=HYPERLINK(""https://stackoverflow.com/q/57711779"", ""57711779"")",0.5516446048937016,"2","859"
"=HYPERLINK(""https://stackoverflow.com/q/57880949"", ""57880949"")",0.3049687010954618,"1","5657"
"=HYPERLINK(""https://stackoverflow.com/q/58018964"", ""58018964"")",0.3647561588738058,"0","2530"
"=HYPERLINK(""https://stackoverflow.com/q/58172015"", ""58172015"")",0.4138389886892878,"1","549"
"=HYPERLINK(""https://stackoverflow.com/q/58349310"", ""58349310"")",0.3647964796479646,"0","77"
"=HYPERLINK(""https://stackoverflow.com/q/58361870"", ""58361870"")",0.7466521896489321,"1","58"
"=HYPERLINK(""https://stackoverflow.com/q/58372218"", ""58372218"")",0.5517676767676762,"0","142"
"=HYPERLINK(""https://stackoverflow.com/q/58555018"", ""58555018"")",0.5500910746812393,"0","34"
"=HYPERLINK(""https://stackoverflow.com/q/58622614"", ""58622614"")",0.3696876600102401,"0","79"
"=HYPERLINK(""https://stackoverflow.com/q/58644060"", ""58644060"")",0.5153818313427432,"0","737"
"=HYPERLINK(""https://stackoverflow.com/q/58665770"", ""58665770"")",0.4266557197591674,"0","539"
"=HYPERLINK(""https://stackoverflow.com/q/58698281"", ""58698281"")",0.5446403582423727,"2","32"
"=HYPERLINK(""https://stackoverflow.com/q/58984751"", ""58984751"")",0.6607887751232459,"1","355"
"=HYPERLINK(""https://stackoverflow.com/q/59029152"", ""59029152"")",0.3571915473755961,"0","64"
"=HYPERLINK(""https://stackoverflow.com/q/59040856"", ""59040856"")",0.5827991452991454,"0","357"
"=HYPERLINK(""https://stackoverflow.com/q/59094028"", ""59094028"")",0.4588634435962685,"1","61"
"=HYPERLINK(""https://stackoverflow.com/q/59107304"", ""59107304"")",0.2782567049808428,"1","365"
"=HYPERLINK(""https://stackoverflow.com/q/59175002"", ""59175002"")",0.34241452991453,"0","175"
"=HYPERLINK(""https://stackoverflow.com/q/59272397"", ""59272397"")",0.2997129971299713,"0","128"
"=HYPERLINK(""https://stackoverflow.com/q/59299127"", ""59299127"")",0.7748538011695917,"0","29"
"=HYPERLINK(""https://stackoverflow.com/q/59311863"", ""59311863"")",0.3354509217737916,"1","80"
"=HYPERLINK(""https://stackoverflow.com/q/59329995"", ""59329995"")",0.5186077643908963,"0","80"
"=HYPERLINK(""https://stackoverflow.com/q/59359888"", ""59359888"")",0.6650266502665029,"0","165"
"=HYPERLINK(""https://stackoverflow.com/q/59575132"", ""59575132"")",0.4526570048309173,"1","155"
"=HYPERLINK(""https://stackoverflow.com/q/59687004"", ""59687004"")",0.3658686310620013,"0","333"
"=HYPERLINK(""https://stackoverflow.com/q/59689617"", ""59689617"")",0.7538011695906442,"0","52"
"=HYPERLINK(""https://stackoverflow.com/q/59759244"", ""59759244"")",0.3931082981715894,"0","559"
"=HYPERLINK(""https://stackoverflow.com/q/59764502"", ""59764502"")",0.8506880262887667,"0","245"
"=HYPERLINK(""https://stackoverflow.com/q/59799874"", ""59799874"")",0.3815142576204526,"0","264"
"=HYPERLINK(""https://stackoverflow.com/q/59837066"", ""59837066"")",0.3792661021298434,"0","79"
"=HYPERLINK(""https://stackoverflow.com/q/59906864"", ""59906864"")",0.6349739000745714,"3","3589"
"=HYPERLINK(""https://stackoverflow.com/q/59962334"", ""59962334"")",0.4277558190601667,"1","935"
"=HYPERLINK(""https://stackoverflow.com/q/59981574"", ""59981574"")",0.3323139653414883,"0","267"
"=HYPERLINK(""https://stackoverflow.com/q/60080414"", ""60080414"")",0.4722222222222224,"3","1174"
"=HYPERLINK(""https://stackoverflow.com/q/60091351"", ""60091351"")",0.5678443420378896,"0","336"
"=HYPERLINK(""https://stackoverflow.com/q/60176760"", ""60176760"")",0.5116959064327492,"0","102"
"=HYPERLINK(""https://stackoverflow.com/q/60299609"", ""60299609"")",0.226232917409388,"0","40"
"=HYPERLINK(""https://stackoverflow.com/q/60321193"", ""60321193"")",0.5949159491594916,"0","149"
"=HYPERLINK(""https://stackoverflow.com/q/60328814"", ""60328814"")",0.34783798576902,"0","150"
"=HYPERLINK(""https://stackoverflow.com/q/60332065"", ""60332065"")",0.5934133579562944,"1","72"
"=HYPERLINK(""https://stackoverflow.com/q/60400547"", ""60400547"")",0.758512544802868,"2","147"
"=HYPERLINK(""https://stackoverflow.com/q/60532612"", ""60532612"")",0.4162781662781661,"1","171"
"=HYPERLINK(""https://stackoverflow.com/q/60688485"", ""60688485"")",0.9338786639400124,"0","26"
"=HYPERLINK(""https://stackoverflow.com/q/60747782"", ""60747782"")",0.4528560250391241,"2","687"
"=HYPERLINK(""https://stackoverflow.com/q/60779964"", ""60779964"")",0.7616310892172953,"0","133"
"=HYPERLINK(""https://stackoverflow.com/q/60830277"", ""60830277"")",0.8050443081117918,"1","44"
"=HYPERLINK(""https://stackoverflow.com/q/60831981"", ""60831981"")",0.4422222222222218,"0","18"
"=HYPERLINK(""https://stackoverflow.com/q/60942972"", ""60942972"")",0.5605680868838759,"1","91"
"=HYPERLINK(""https://stackoverflow.com/q/60965370"", ""60965370"")",0.6773120425815032,"0","39"
"=HYPERLINK(""https://stackoverflow.com/q/61298425"", ""61298425"")",0.7728551336146267,"0","106"
"=HYPERLINK(""https://stackoverflow.com/q/61524064"", ""61524064"")",0.3398692810457515,"0","228"
"=HYPERLINK(""https://stackoverflow.com/q/61641793"", ""61641793"")",0.436507936507936,"0","87"
"=HYPERLINK(""https://stackoverflow.com/q/61769866"", ""61769866"")",0.4429118773946359,"0","61"
"=HYPERLINK(""https://stackoverflow.com/q/61832763"", ""61832763"")",0.6590643274853811,"0","60"
"=HYPERLINK(""https://stackoverflow.com/q/61912270"", ""61912270"")",0.4491351509821169,"0","271"
"=HYPERLINK(""https://stackoverflow.com/q/61958812"", ""61958812"")",0.3845598845598843,"0","198"
"=HYPERLINK(""https://stackoverflow.com/q/62050692"", ""62050692"")",0.8686310620012279,"0","47"
"=HYPERLINK(""https://stackoverflow.com/q/62147556"", ""62147556"")",0.438812083973374,"0","29"
"=HYPERLINK(""https://stackoverflow.com/q/62157245"", ""62157245"")",0.7174145299145299,"1","46"
"=HYPERLINK(""https://stackoverflow.com/q/62272569"", ""62272569"")",0.47870637207813,"0","155"
"=HYPERLINK(""https://stackoverflow.com/q/62313298"", ""62313298"")",0.6264494349038601,"0","38"
"=HYPERLINK(""https://stackoverflow.com/q/62335884"", ""62335884"")",0.2680605816914621,"0","52"
"=HYPERLINK(""https://stackoverflow.com/q/62381502"", ""62381502"")",0.8359946773120421,"1","12"
"=HYPERLINK(""https://stackoverflow.com/q/62385275"", ""62385275"")",0.5799628079962804,"0","169"
"=HYPERLINK(""https://stackoverflow.com/q/62407023"", ""62407023"")",0.5360683760683768,"0","58"
"=HYPERLINK(""https://stackoverflow.com/q/62482450"", ""62482450"")",0.9312386156648462,"1","377"
"=HYPERLINK(""https://stackoverflow.com/q/62596197"", ""62596197"")",0.3934929404542665,"0","56"
"=HYPERLINK(""https://stackoverflow.com/q/62663620"", ""62663620"")",0.7861757105943143,"0","7"
"=HYPERLINK(""https://stackoverflow.com/q/62681672"", ""62681672"")",0.3583924349881797,"0","481"
"=HYPERLINK(""https://stackoverflow.com/q/62689889"", ""62689889"")",0.4362443624436246,"0","1067"
"=HYPERLINK(""https://stackoverflow.com/q/62737895"", ""62737895"")",0.3507936507936507,"0","34"
"=HYPERLINK(""https://stackoverflow.com/q/62748559"", ""62748559"")",0.890307328605201,"0","28"
"=HYPERLINK(""https://stackoverflow.com/q/62935662"", ""62935662"")",0.8675710594315236,"0","9"
"=HYPERLINK(""https://stackoverflow.com/q/63037413"", ""63037413"")",0.3614267676767675,"0","177"
"=HYPERLINK(""https://stackoverflow.com/q/63114947"", ""63114947"")",0.4257936507936509,"0","125"
"=HYPERLINK(""https://stackoverflow.com/q/63243388"", ""63243388"")",0.5474817377931558,"2","50"
"=HYPERLINK(""https://stackoverflow.com/q/63247869"", ""63247869"")",0.4315245478036172,"0","394"
"=HYPERLINK(""https://stackoverflow.com/q/63249960"", ""63249960"")",0.8441734417344169,"1","136"
"=HYPERLINK(""https://stackoverflow.com/q/63296791"", ""63296791"")",0.3107831078310784,"0","33"
"=HYPERLINK(""https://stackoverflow.com/q/63342539"", ""63342539"")",0.4546945469454695,"0","55"
"=HYPERLINK(""https://stackoverflow.com/q/63364355"", ""63364355"")",0.27764390896921,"0","44"
"=HYPERLINK(""https://stackoverflow.com/q/63378463"", ""63378463"")",0.5270081164287705,"0","17"
"=HYPERLINK(""https://stackoverflow.com/q/63399803"", ""63399803"")",0.683227421528982,"0","103"
"=HYPERLINK(""https://stackoverflow.com/q/63433284"", ""63433284"")",0.4409722222222219,"1","37"
"=HYPERLINK(""https://stackoverflow.com/q/63494844"", ""63494844"")",0.4182021217197093,"2","279"
"=HYPERLINK(""https://stackoverflow.com/q/63632121"", ""63632121"")",0.6215510812826253,"0","433"
"=HYPERLINK(""https://stackoverflow.com/q/63635628"", ""63635628"")",0.8642676767676764,"0","26"
"=HYPERLINK(""https://stackoverflow.com/q/63704848"", ""63704848"")",0.5388051367950861,"0","159"
"=HYPERLINK(""https://stackoverflow.com/q/63756570"", ""63756570"")",0.5647997099873122,"0","25"
"=HYPERLINK(""https://stackoverflow.com/q/63771552"", ""63771552"")",0.382936507936508,"1","49"
"=HYPERLINK(""https://stackoverflow.com/q/63778924"", ""63778924"")",0.6586863106200126,"0","199"
"=HYPERLINK(""https://stackoverflow.com/q/63878212"", ""63878212"")",0.3940760787851454,"0","64"
"=HYPERLINK(""https://stackoverflow.com/q/63945276"", ""63945276"")",0.719228210246174,"1","715"
"=HYPERLINK(""https://stackoverflow.com/q/64013470"", ""64013470"")",0.4457717102768294,"0","309"
"=HYPERLINK(""https://stackoverflow.com/q/64046168"", ""64046168"")",0.4258304696449025,"0","121"
"=HYPERLINK(""https://stackoverflow.com/q/64155756"", ""64155756"")",0.4146420472951086,"3","74"
"=HYPERLINK(""https://stackoverflow.com/q/64268181"", ""64268181"")",0.8330819507290094,"0","27"
"=HYPERLINK(""https://stackoverflow.com/q/64285965"", ""64285965"")",0.7000547345374922,"0","45"
"=HYPERLINK(""https://stackoverflow.com/q/64333199"", ""64333199"")",0.6693376068376071,"1","271"
"=HYPERLINK(""https://stackoverflow.com/q/64405292"", ""64405292"")",0.3303303303303307,"0","133"
"=HYPERLINK(""https://stackoverflow.com/q/64418263"", ""64418263"")",0.5668005354752338,"1","36"
"=HYPERLINK(""https://stackoverflow.com/q/64437864"", ""64437864"")",0.4797072521623416,"0","24"
"=HYPERLINK(""https://stackoverflow.com/q/64472941"", ""64472941"")",0.2493715434891905,"1","102"
"=HYPERLINK(""https://stackoverflow.com/q/64498482"", ""64498482"")",0.5041014168530948,"0","23"
"=HYPERLINK(""https://stackoverflow.com/q/64574496"", ""64574496"")",0.1951286261631088,"0","20"
"=HYPERLINK(""https://stackoverflow.com/q/64579299"", ""64579299"")",0.2686738351254479,"0","124"
"=HYPERLINK(""https://stackoverflow.com/q/64594377"", ""64594377"")",0.7795201715587718,"0","55"
"=HYPERLINK(""https://stackoverflow.com/q/64781111"", ""64781111"")",0.680306054557551,"0","25"
"=HYPERLINK(""https://stackoverflow.com/q/64935629"", ""64935629"")",0.4932145886344367,"0","218"
"=HYPERLINK(""https://stackoverflow.com/q/64939584"", ""64939584"")",0.5217613927291341,"0","15"
"=HYPERLINK(""https://stackoverflow.com/q/65005029"", ""65005029"")",0.4018629407850962,"0","12"
"=HYPERLINK(""https://stackoverflow.com/q/65113305"", ""65113305"")",0.2823146721451806,"0","51"
"=HYPERLINK(""https://stackoverflow.com/q/65117805"", ""65117805"")",0.329880379824886,"0","20"
"=HYPERLINK(""https://stackoverflow.com/q/65121025"", ""65121025"")",0.478781988986071,"0","44"
"=HYPERLINK(""https://stackoverflow.com/q/65152550"", ""65152550"")",0.7568909433316215,"0","20"
"=HYPERLINK(""https://stackoverflow.com/q/65316108"", ""65316108"")",0.2775855440215301,"0","42"
"=HYPERLINK(""https://stackoverflow.com/q/65325253"", ""65325253"")",0.3879282740954212,"0","92"
"=HYPERLINK(""https://stackoverflow.com/q/65360318"", ""65360318"")",0.65335994677312,"0","45"
"=HYPERLINK(""https://stackoverflow.com/q/65488382"", ""65488382"")",0.8838988689288084,"0","51"
"=HYPERLINK(""https://stackoverflow.com/q/65490735"", ""65490735"")",0.3072499486547548,"0","46"
"=HYPERLINK(""https://stackoverflow.com/q/65516762"", ""65516762"")",0.3494652891063985,"0","52"
"=HYPERLINK(""https://stackoverflow.com/q/65621351"", ""65621351"")",0.3389852280025691,"0","21"
"=HYPERLINK(""https://stackoverflow.com/q/65627926"", ""65627926"")",0.5024990388312183,"1","750"
"=HYPERLINK(""https://stackoverflow.com/q/65836854"", ""65836854"")",0.2862616310892171,"1","41"
"=HYPERLINK(""https://stackoverflow.com/q/65919957"", ""65919957"")",0.2815107597716291,"0","10"
"=HYPERLINK(""https://stackoverflow.com/q/65941075"", ""65941075"")",0.4969474969474969,"0","61"
"=HYPERLINK(""https://stackoverflow.com/q/66028520"", ""66028520"")",0.8443596268023762,"0","132"
"=HYPERLINK(""https://stackoverflow.com/q/66051911"", ""66051911"")",0.4084837810068985,"0","58"
"=HYPERLINK(""https://stackoverflow.com/q/66179829"", ""66179829"")",0.2922478413511715,"1","73"
"=HYPERLINK(""https://stackoverflow.com/q/66245819"", ""66245819"")",0.7456264775413712,"0","21"
"=HYPERLINK(""https://stackoverflow.com/q/66261035"", ""66261035"")",0.5004830917874388,"0","43"
"=HYPERLINK(""https://stackoverflow.com/q/66274216"", ""66274216"")",0.9001883239171365,"0","18"
"=HYPERLINK(""https://stackoverflow.com/q/66323638"", ""66323638"")",0.3115904810820066,"1","64"
"=HYPERLINK(""https://stackoverflow.com/q/66354734"", ""66354734"")",0.6882855706385117,"0","67"
"=HYPERLINK(""https://stackoverflow.com/q/66421174"", ""66421174"")",0.5576068376068385,"0","21"
"=HYPERLINK(""https://stackoverflow.com/q/66575957"", ""66575957"")",0.5515635395874914,"0","30"
"=HYPERLINK(""https://stackoverflow.com/q/66581418"", ""66581418"")",0.4474130619168792,"0","23"
"=HYPERLINK(""https://stackoverflow.com/q/66589998"", ""66589998"")",0.4655957161981254,"1","58"
"=HYPERLINK(""https://stackoverflow.com/q/66657242"", ""66657242"")",0.5689964157706099,"0","29"
"=HYPERLINK(""https://stackoverflow.com/q/66658192"", ""66658192"")",0.3012736056214316,"0","29"
"=HYPERLINK(""https://stackoverflow.com/q/66874907"", ""66874907"")",0.6749909518639159,"0","18"
"=HYPERLINK(""https://stackoverflow.com/q/66890044"", ""66890044"")",0.8246812386156656,"0","11"
"=HYPERLINK(""https://stackoverflow.com/q/66932200"", ""66932200"")",0.6169590643274862,"0","13"
"=HYPERLINK(""https://stackoverflow.com/q/67061153"", ""67061153"")",0.3883760683760687,"0","18"
"=HYPERLINK(""https://stackoverflow.com/q/67092352"", ""67092352"")",0.5129198966408263,"0","29"
"=HYPERLINK(""https://stackoverflow.com/q/67159676"", ""67159676"")",0.2918424753867791,"0","85"
"=HYPERLINK(""https://stackoverflow.com/q/67163063"", ""67163063"")",0.2710821570756424,"1","27"
"=HYPERLINK(""https://stackoverflow.com/q/67164054"", ""67164054"")",0.2392676767676767,"1","25"
"=HYPERLINK(""https://stackoverflow.com/q/67239186"", ""67239186"")",0.6335125448028679,"0","23"
"=HYPERLINK(""https://stackoverflow.com/q/67261077"", ""67261077"")",0.5546085858585855,"0","22"
"=HYPERLINK(""https://stackoverflow.com/q/67267818"", ""67267818"")",0.6947496947496947,"0","30"
"=HYPERLINK(""https://stackoverflow.com/q/67352177"", ""67352177"")",0.3656648451730424,"0","28"
"=HYPERLINK(""https://stackoverflow.com/q/67468445"", ""67468445"")",0.7922547955121244,"0","9"
"=HYPERLINK(""https://stackoverflow.com/q/67483498"", ""67483498"")",0.5209235209235207,"0","22"
"=HYPERLINK(""https://stackoverflow.com/q/67494068"", ""67494068"")",0.2637447135717032,"0","12"
"=HYPERLINK(""https://stackoverflow.com/q/67504680"", ""67504680"")",0.5733672603901617,"0","10"
"=HYPERLINK(""https://stackoverflow.com/q/67515606"", ""67515606"")",0.6854575163398694,"0","4"
"=HYPERLINK(""https://stackoverflow.com/q/67571015"", ""67571015"")",0.5033282130056317,"0","19"
"=HYPERLINK(""https://stackoverflow.com/q/67629130"", ""67629130"")",0.421368737158211,"0","23"
"=HYPERLINK(""https://stackoverflow.com/q/67672739"", ""67672739"")",0.4817966903073287,"0","12"
"=HYPERLINK(""https://stackoverflow.com/q/67674407"", ""67674407"")",0.4840146750524111,"1","33"
"=HYPERLINK(""https://stackoverflow.com/q/67713561"", ""67713561"")",0.2831640504770699,"0","6"
"=HYPERLINK(""https://stackoverflow.com/q/67731112"", ""67731112"")",0.2960683760683762,"0","10"
"=HYPERLINK(""https://stackoverflow.com/q/67739826"", ""67739826"")",0.6615079365079365,"0","7"
"=HYPERLINK(""https://stackoverflow.com/q/67756015"", ""67756015"")",0.8486896715285192,"0","6"
