link,Correlation
"=HYPERLINK(""https://stackoverflow.com/a/118107"", ""118107"")",0.331546981064666
"=HYPERLINK(""https://stackoverflow.com/a/210357"", ""210357"")",0.5597944765574825
"=HYPERLINK(""https://stackoverflow.com/a/235040"", ""235040"")",0.40922697658038404
"=HYPERLINK(""https://stackoverflow.com/a/235065"", ""235065"")",0.6211654190518127
"=HYPERLINK(""https://stackoverflow.com/a/560439"", ""560439"")",0.7325670498084292
"=HYPERLINK(""https://stackoverflow.com/a/1647884"", ""1647884"")",0.24222222222222203
"=HYPERLINK(""https://stackoverflow.com/a/2466563"", ""2466563"")",0.34785036292573956
"=HYPERLINK(""https://stackoverflow.com/a/2592654"", ""2592654"")",0.4365079365079363
"=HYPERLINK(""https://stackoverflow.com/a/2872371"", ""2872371"")",0.629257398101619
"=HYPERLINK(""https://stackoverflow.com/a/4578577"", ""4578577"")",0.5014268618245417
"=HYPERLINK(""https://stackoverflow.com/a/4884017"", ""4884017"")",0.5623316827382498
"=HYPERLINK(""https://stackoverflow.com/a/5038311"", ""5038311"")",0.46008629989212485
"=HYPERLINK(""https://stackoverflow.com/a/5330838"", ""5330838"")",0.7494949494949494
"=HYPERLINK(""https://stackoverflow.com/a/5897303"", ""5897303"")",0.47407986790075146
"=HYPERLINK(""https://stackoverflow.com/a/6190268"", ""6190268"")",0.2565733672603904
"=HYPERLINK(""https://stackoverflow.com/a/6385724"", ""6385724"")",0.5858585858585857
"=HYPERLINK(""https://stackoverflow.com/a/9094594"", ""9094594"")",0.7122222222222216
"=HYPERLINK(""https://stackoverflow.com/a/9490411"", ""9490411"")",0.46059431524547756
"=HYPERLINK(""https://stackoverflow.com/a/11476529"", ""11476529"")",0.7909245122985591
"=HYPERLINK(""https://stackoverflow.com/a/14419966"", ""14419966"")",0.2111521115211153
"=HYPERLINK(""https://stackoverflow.com/a/14874363"", ""14874363"")",0.808760683760684
"=HYPERLINK(""https://stackoverflow.com/a/15114243"", ""15114243"")",0.6507936507936508
"=HYPERLINK(""https://stackoverflow.com/a/15235008"", ""15235008"")",0.14003044140030443
"=HYPERLINK(""https://stackoverflow.com/a/15329278"", ""15329278"")",0.5188323917137472
"=HYPERLINK(""https://stackoverflow.com/a/15404900"", ""15404900"")",0.6455351056578044
"=HYPERLINK(""https://stackoverflow.com/a/15912012"", ""15912012"")",0.36856368563685604
"=HYPERLINK(""https://stackoverflow.com/a/15918928"", ""15918928"")",0.6834768347683478
"=HYPERLINK(""https://stackoverflow.com/a/15995354"", ""15995354"")",0.4855810008481768
"=HYPERLINK(""https://stackoverflow.com/a/16278473"", ""16278473"")",0.5336409073433289
"=HYPERLINK(""https://stackoverflow.com/a/16671623"", ""16671623"")",0.6131017010495836
"=HYPERLINK(""https://stackoverflow.com/a/16812745"", ""16812745"")",0.6684247538677913
"=HYPERLINK(""https://stackoverflow.com/a/18283460"", ""18283460"")",0.4029020075531705
"=HYPERLINK(""https://stackoverflow.com/a/18588505"", ""18588505"")",0.2222222222222221
"=HYPERLINK(""https://stackoverflow.com/a/18880113"", ""18880113"")",0.6862940785096471
"=HYPERLINK(""https://stackoverflow.com/a/18983134"", ""18983134"")",0.7625448028673841
"=HYPERLINK(""https://stackoverflow.com/a/19064982"", ""19064982"")",0.6972222222222223
"=HYPERLINK(""https://stackoverflow.com/a/19595094"", ""19595094"")",0.5079365079365079
"=HYPERLINK(""https://stackoverflow.com/a/19875481"", ""19875481"")",0.45836680053547496
"=HYPERLINK(""https://stackoverflow.com/a/21030444"", ""21030444"")",0.5351056578050438
"=HYPERLINK(""https://stackoverflow.com/a/21180553"", ""21180553"")",0.4140826873385009
"=HYPERLINK(""https://stackoverflow.com/a/21636363"", ""21636363"")",0.7364267676767673
"=HYPERLINK(""https://stackoverflow.com/a/21707763"", ""21707763"")",0.6128974633797788
"=HYPERLINK(""https://stackoverflow.com/a/22207738"", ""22207738"")",0.34044882320744363
"=HYPERLINK(""https://stackoverflow.com/a/22582599"", ""22582599"")",0.3920335429769392
"=HYPERLINK(""https://stackoverflow.com/a/23256762"", ""23256762"")",0.5293088363954511
"=HYPERLINK(""https://stackoverflow.com/a/23366829"", ""23366829"")",0.6837606837606838
"=HYPERLINK(""https://stackoverflow.com/a/23663133"", ""23663133"")",0.29501251684960533
"=HYPERLINK(""https://stackoverflow.com/a/23921068"", ""23921068"")",0.5514905149051487
"=HYPERLINK(""https://stackoverflow.com/a/24009401"", ""24009401"")",0.458403126744835
"=HYPERLINK(""https://stackoverflow.com/a/24259335"", ""24259335"")",0.44846656611362484
"=HYPERLINK(""https://stackoverflow.com/a/24928525"", ""24928525"")",0.33726647000983306
"=HYPERLINK(""https://stackoverflow.com/a/25023875"", ""25023875"")",0.4969474969474969
"=HYPERLINK(""https://stackoverflow.com/a/25679388"", ""25679388"")",0.28634700558444076
"=HYPERLINK(""https://stackoverflow.com/a/26219675"", ""26219675"")",0.33293650793650803
"=HYPERLINK(""https://stackoverflow.com/a/26589035"", ""26589035"")",0.7417951759588779
"=HYPERLINK(""https://stackoverflow.com/a/26622459"", ""26622459"")",0.5798789539796735
"=HYPERLINK(""https://stackoverflow.com/a/27485318"", ""27485318"")",0.38773946360153255
"=HYPERLINK(""https://stackoverflow.com/a/28476440"", ""28476440"")",0.5959335624284077
"=HYPERLINK(""https://stackoverflow.com/a/28584334"", ""28584334"")",0.5277250685220332
"=HYPERLINK(""https://stackoverflow.com/a/28711183"", ""28711183"")",0.5104066602625682
"=HYPERLINK(""https://stackoverflow.com/a/29385299"", ""29385299"")",0.47409254641174803
"=HYPERLINK(""https://stackoverflow.com/a/30938242"", ""30938242"")",0.7558190601668855
"=HYPERLINK(""https://stackoverflow.com/a/31752186"", ""31752186"")",0.9171928296683349
"=HYPERLINK(""https://stackoverflow.com/a/32503254"", ""32503254"")",0.5123356744102283
"=HYPERLINK(""https://stackoverflow.com/a/32913833"", ""32913833"")",0.33885702145740415
"=HYPERLINK(""https://stackoverflow.com/a/33168331"", ""33168331"")",0.6423902894491129
"=HYPERLINK(""https://stackoverflow.com/a/33655604"", ""33655604"")",0.43064794284306435
"=HYPERLINK(""https://stackoverflow.com/a/34225500"", ""34225500"")",0.46449026345933553
"=HYPERLINK(""https://stackoverflow.com/a/34847290"", ""34847290"")",0.49335924846128976
"=HYPERLINK(""https://stackoverflow.com/a/35640039"", ""35640039"")",0.24145299145299154
"=HYPERLINK(""https://stackoverflow.com/a/35958393"", ""35958393"")",0.32103645147123405
"=HYPERLINK(""https://stackoverflow.com/a/36144658"", ""36144658"")",0.2579365079365079
"=HYPERLINK(""https://stackoverflow.com/a/37851088"", ""37851088"")",0.4473877851361293
"=HYPERLINK(""https://stackoverflow.com/a/38037810"", ""38037810"")",0.8214440121054906
"=HYPERLINK(""https://stackoverflow.com/a/38230953"", ""38230953"")",0.8242373355723469
"=HYPERLINK(""https://stackoverflow.com/a/38609953"", ""38609953"")",0.4191452991452993
"=HYPERLINK(""https://stackoverflow.com/a/39085115"", ""39085115"")",0.29365079365079366
"=HYPERLINK(""https://stackoverflow.com/a/39851345"", ""39851345"")",0.601230968577908
"=HYPERLINK(""https://stackoverflow.com/a/41481786"", ""41481786"")",0.8443152454780353
"=HYPERLINK(""https://stackoverflow.com/a/42392051"", ""42392051"")",0.6159230096237979
"=HYPERLINK(""https://stackoverflow.com/a/42485002"", ""42485002"")",0.5517676767676765
"=HYPERLINK(""https://stackoverflow.com/a/42603951"", ""42603951"")",0.36629001883239143
"=HYPERLINK(""https://stackoverflow.com/a/42646655"", ""42646655"")",0.5910746812386161
"=HYPERLINK(""https://stackoverflow.com/a/42816602"", ""42816602"")",0.8112633181126331
"=HYPERLINK(""https://stackoverflow.com/a/43069928"", ""43069928"")",0.5149051490514902
"=HYPERLINK(""https://stackoverflow.com/a/43327675"", ""43327675"")",0.5460858585858582
"=HYPERLINK(""https://stackoverflow.com/a/43426510"", ""43426510"")",0.4961948249619479
"=HYPERLINK(""https://stackoverflow.com/a/43583403"", ""43583403"")",0.5359014675052413
"=HYPERLINK(""https://stackoverflow.com/a/44295422"", ""44295422"")",0.8315972222222232
"=HYPERLINK(""https://stackoverflow.com/a/45842246"", ""45842246"")",0.5187046342825234
"=HYPERLINK(""https://stackoverflow.com/a/46836714"", ""46836714"")",0.6440972222222228
"=HYPERLINK(""https://stackoverflow.com/a/46842787"", ""46842787"")",0.6306191687871081
"=HYPERLINK(""https://stackoverflow.com/a/48058413"", ""48058413"")",0.474413069349778
"=HYPERLINK(""https://stackoverflow.com/a/49040849"", ""49040849"")",0.35868277659322445
"=HYPERLINK(""https://stackoverflow.com/a/49047501"", ""49047501"")",0.20313825275657352
"=HYPERLINK(""https://stackoverflow.com/a/49303918"", ""49303918"")",0.3808760683760686
"=HYPERLINK(""https://stackoverflow.com/a/50133936"", ""50133936"")",0.2906432748538014
"=HYPERLINK(""https://stackoverflow.com/a/50462715"", ""50462715"")",0.4266557197591678
"=HYPERLINK(""https://stackoverflow.com/a/50970997"", ""50970997"")",0.48576902025177837
"=HYPERLINK(""https://stackoverflow.com/a/51081566"", ""51081566"")",0.3315972222222226
"=HYPERLINK(""https://stackoverflow.com/a/51396104"", ""51396104"")",0.34923835125448066
"=HYPERLINK(""https://stackoverflow.com/a/51861067"", ""51861067"")",0.48964754227912183
"=HYPERLINK(""https://stackoverflow.com/a/52144842"", ""52144842"")",0.2538011695906435
"=HYPERLINK(""https://stackoverflow.com/a/52498628"", ""52498628"")",0.33585858585858563
"=HYPERLINK(""https://stackoverflow.com/a/53515724"", ""53515724"")",0.5964553510565773
"=HYPERLINK(""https://stackoverflow.com/a/54179085"", ""54179085"")",0.6009456264775415
"=HYPERLINK(""https://stackoverflow.com/a/55102214"", ""55102214"")",0.41488277268093804
"=HYPERLINK(""https://stackoverflow.com/a/55451201"", ""55451201"")",0.41499330655957123
"=HYPERLINK(""https://stackoverflow.com/a/55867338"", ""55867338"")",0.3735137351373515
"=HYPERLINK(""https://stackoverflow.com/a/55905966"", ""55905966"")",0.44256120527306925
"=HYPERLINK(""https://stackoverflow.com/a/57218899"", ""57218899"")",0.5781544256120521
"=HYPERLINK(""https://stackoverflow.com/a/58440971"", ""58440971"")",0.3165930831493746
"=HYPERLINK(""https://stackoverflow.com/a/59986366"", ""59986366"")",0.3472222222222224
"=HYPERLINK(""https://stackoverflow.com/a/64179226"", ""64179226"")",0.743782797170887
"=HYPERLINK(""https://stackoverflow.com/a/64245119"", ""64245119"")",0.252897068847989
"=HYPERLINK(""https://stackoverflow.com/a/64666723"", ""64666723"")",0.39664082687338453
"=HYPERLINK(""https://stackoverflow.com/a/65061569"", ""65061569"")",0.37222222222222195
"=HYPERLINK(""https://stackoverflow.com/a/65630056"", ""65630056"")",0.4184247538677917
"=HYPERLINK(""https://stackoverflow.com/a/66181158"", ""66181158"")",0.4879756468797564
"=HYPERLINK(""https://stackoverflow.com/a/66729680"", ""66729680"")",0.41755749919015234
"=HYPERLINK(""https://stackoverflow.com/a/66783639"", ""66783639"")",0.2815442561205271
"=HYPERLINK(""https://stackoverflow.com/a/67001249"", ""67001249"")",0.5790061418202118
"=HYPERLINK(""https://stackoverflow.com/a/67090208"", ""67090208"")",0.9593717549325029
"=HYPERLINK(""https://stackoverflow.com/a/67638432"", ""67638432"")",0.3091787439613528
