link,Correlation
"=HYPERLINK(""https://stackoverflow.com/a/160715"", ""160715"")",0.5985108820160365
"=HYPERLINK(""https://stackoverflow.com/a/343248"", ""343248"")",0.46355370627215314
"=HYPERLINK(""https://stackoverflow.com/a/474987"", ""474987"")",0.4703138252756576
"=HYPERLINK(""https://stackoverflow.com/a/802941"", ""802941"")",0.8832391713747643
"=HYPERLINK(""https://stackoverflow.com/a/1000216"", ""1000216"")",0.60991452991453
"=HYPERLINK(""https://stackoverflow.com/a/1019792"", ""1019792"")",0.4417344173441731
"=HYPERLINK(""https://stackoverflow.com/a/1404581"", ""1404581"")",0.5114529914529916
"=HYPERLINK(""https://stackoverflow.com/a/1483972"", ""1483972"")",0.7014848950332818
"=HYPERLINK(""https://stackoverflow.com/a/1724579"", ""1724579"")",0.658268733850129
"=HYPERLINK(""https://stackoverflow.com/a/1834714"", ""1834714"")",0.5700483091787436
"=HYPERLINK(""https://stackoverflow.com/a/2205195"", ""2205195"")",0.8044004400440042
"=HYPERLINK(""https://stackoverflow.com/a/2272900"", ""2272900"")",0.7801169590643278
"=HYPERLINK(""https://stackoverflow.com/a/2319662"", ""2319662"")",0.7390761548064925
"=HYPERLINK(""https://stackoverflow.com/a/2670194"", ""2670194"")",0.7499095186391602
"=HYPERLINK(""https://stackoverflow.com/a/2827735"", ""2827735"")",0.9327485380116964
"=HYPERLINK(""https://stackoverflow.com/a/3238184"", ""3238184"")",0.5419896640826871
"=HYPERLINK(""https://stackoverflow.com/a/3507158"", ""3507158"")",0.7524235645041016
"=HYPERLINK(""https://stackoverflow.com/a/4113507"", ""4113507"")",0.3090485695276113
"=HYPERLINK(""https://stackoverflow.com/a/4388959"", ""4388959"")",0.8780663780663778
"=HYPERLINK(""https://stackoverflow.com/a/4647873"", ""4647873"")",0.40955731457050726
"=HYPERLINK(""https://stackoverflow.com/a/4683868"", ""4683868"")",0.34927140255009115
"=HYPERLINK(""https://stackoverflow.com/a/5136780"", ""5136780"")",0.5422222222222217
"=HYPERLINK(""https://stackoverflow.com/a/5269974"", ""5269974"")",0.6897546897546897
"=HYPERLINK(""https://stackoverflow.com/a/5347562"", ""5347562"")",0.5643274853801172
"=HYPERLINK(""https://stackoverflow.com/a/5965675"", ""5965675"")",0.6159230096237975
"=HYPERLINK(""https://stackoverflow.com/a/6225807"", ""6225807"")",0.5071059431524547
"=HYPERLINK(""https://stackoverflow.com/a/6345021"", ""6345021"")",0.37606837606837606
"=HYPERLINK(""https://stackoverflow.com/a/7092799"", ""7092799"")",0.43165356757589796
"=HYPERLINK(""https://stackoverflow.com/a/7284500"", ""7284500"")",0.5068072024593762
"=HYPERLINK(""https://stackoverflow.com/a/7429599"", ""7429599"")",0.5699145299145301
"=HYPERLINK(""https://stackoverflow.com/a/7651869"", ""7651869"")",0.8981115502854629
"=HYPERLINK(""https://stackoverflow.com/a/7967817"", ""7967817"")",0.3808429118773946
"=HYPERLINK(""https://stackoverflow.com/a/7997261"", ""7997261"")",0.6645299145299147
"=HYPERLINK(""https://stackoverflow.com/a/8040545"", ""8040545"")",0.8747645951035778
"=HYPERLINK(""https://stackoverflow.com/a/8184752"", ""8184752"")",0.3211233211233211
"=HYPERLINK(""https://stackoverflow.com/a/8357864"", ""8357864"")",0.43533697632058316
"=HYPERLINK(""https://stackoverflow.com/a/8596258"", ""8596258"")",0.5494949494949494
"=HYPERLINK(""https://stackoverflow.com/a/8833764"", ""8833764"")",0.4822222222222219
"=HYPERLINK(""https://stackoverflow.com/a/9233428"", ""9233428"")",0.6747109100050276
"=HYPERLINK(""https://stackoverflow.com/a/9362576"", ""9362576"")",0.5886344359626804
"=HYPERLINK(""https://stackoverflow.com/a/9402355"", ""9402355"")",0.34492160872528954
"=HYPERLINK(""https://stackoverflow.com/a/9550191"", ""9550191"")",0.7057387057387059
"=HYPERLINK(""https://stackoverflow.com/a/9559771"", ""9559771"")",0.4246762099522832
"=HYPERLINK(""https://stackoverflow.com/a/9607888"", ""9607888"")",0.9124877089478861
"=HYPERLINK(""https://stackoverflow.com/a/9672066"", ""9672066"")",0.728036175710594
"=HYPERLINK(""https://stackoverflow.com/a/9676214"", ""9676214"")",0.5943152454780364
"=HYPERLINK(""https://stackoverflow.com/a/9676668"", ""9676668"")",0.7359836901121306
"=HYPERLINK(""https://stackoverflow.com/a/9779768"", ""9779768"")",0.5222222222222224
"=HYPERLINK(""https://stackoverflow.com/a/9781857"", ""9781857"")",0.6793650793650794
"=HYPERLINK(""https://stackoverflow.com/a/9793023"", ""9793023"")",0.5016339869281045
"=HYPERLINK(""https://stackoverflow.com/a/9823562"", ""9823562"")",0.9161536206391091
"=HYPERLINK(""https://stackoverflow.com/a/9833823"", ""9833823"")",0.4817966903073288
"=HYPERLINK(""https://stackoverflow.com/a/9888322"", ""9888322"")",0.7906432748538015
"=HYPERLINK(""https://stackoverflow.com/a/9943176"", ""9943176"")",0.6566245545837386
"=HYPERLINK(""https://stackoverflow.com/a/9971278"", ""9971278"")",0.6116027531956738
"=HYPERLINK(""https://stackoverflow.com/a/9979644"", ""9979644"")",0.25163398692810457
"=HYPERLINK(""https://stackoverflow.com/a/10232524"", ""10232524"")",0.6539565395653955
"=HYPERLINK(""https://stackoverflow.com/a/10389858"", ""10389858"")",0.5660957400087832
"=HYPERLINK(""https://stackoverflow.com/a/10782001"", ""10782001"")",0.34785036292573945
"=HYPERLINK(""https://stackoverflow.com/a/10827252"", ""10827252"")",0.5033282130056321
"=HYPERLINK(""https://stackoverflow.com/a/10865346"", ""10865346"")",0.8178104575163399
"=HYPERLINK(""https://stackoverflow.com/a/10871987"", ""10871987"")",0.7442810457516339
"=HYPERLINK(""https://stackoverflow.com/a/11104059"", ""11104059"")",0.4853801169590646
"=HYPERLINK(""https://stackoverflow.com/a/11113676"", ""11113676"")",0.7222222222222222
"=HYPERLINK(""https://stackoverflow.com/a/11187492"", ""11187492"")",0.7200945626477541
"=HYPERLINK(""https://stackoverflow.com/a/11229742"", ""11229742"")",0.620412267471091
"=HYPERLINK(""https://stackoverflow.com/a/11335578"", ""11335578"")",0.5931899641577063
"=HYPERLINK(""https://stackoverflow.com/a/11347474"", ""11347474"")",0.4932145886344361
"=HYPERLINK(""https://stackoverflow.com/a/11473700"", ""11473700"")",0.408268733850129
"=HYPERLINK(""https://stackoverflow.com/a/11669387"", ""11669387"")",0.7126068376068377
"=HYPERLINK(""https://stackoverflow.com/a/11929618"", ""11929618"")",0.06432748538011707
"=HYPERLINK(""https://stackoverflow.com/a/11973115"", ""11973115"")",0.4915291529152915
"=HYPERLINK(""https://stackoverflow.com/a/12150124"", ""12150124"")",0.3151425762045233
"=HYPERLINK(""https://stackoverflow.com/a/12393936"", ""12393936"")",0.7874396135265702
"=HYPERLINK(""https://stackoverflow.com/a/12576972"", ""12576972"")",0.8185524974515802
"=HYPERLINK(""https://stackoverflow.com/a/12774681"", ""12774681"")",0.600271002710027
"=HYPERLINK(""https://stackoverflow.com/a/12775334"", ""12775334"")",0.7615079365079366
"=HYPERLINK(""https://stackoverflow.com/a/13007478"", ""13007478"")",0.46398046398046394
"=HYPERLINK(""https://stackoverflow.com/a/13084856"", ""13084856"")",0.8354818907305096
"=HYPERLINK(""https://stackoverflow.com/a/13144373"", ""13144373"")",0.3684672815107595
"=HYPERLINK(""https://stackoverflow.com/a/13495726"", ""13495726"")",0.3805629893943898
"=HYPERLINK(""https://stackoverflow.com/a/13660700"", ""13660700"")",0.24996649242728844
"=HYPERLINK(""https://stackoverflow.com/a/13910397"", ""13910397"")",0.8866517524235645
"=HYPERLINK(""https://stackoverflow.com/a/14004283"", ""14004283"")",0.8249619482496194
"=HYPERLINK(""https://stackoverflow.com/a/14157272"", ""14157272"")",0.32611832611832586
"=HYPERLINK(""https://stackoverflow.com/a/14214120"", ""14214120"")",0.31781045751633985
"=HYPERLINK(""https://stackoverflow.com/a/14251343"", ""14251343"")",0.5586277521761389
"=HYPERLINK(""https://stackoverflow.com/a/14406388"", ""14406388"")",0.44140030441400285
"=HYPERLINK(""https://stackoverflow.com/a/14419460"", ""14419460"")",0.4947395432383883
"=HYPERLINK(""https://stackoverflow.com/a/14465114"", ""14465114"")",0.6228736880202678
"=HYPERLINK(""https://stackoverflow.com/a/14518334"", ""14518334"")",0.5758807588075878
"=HYPERLINK(""https://stackoverflow.com/a/14594866"", ""14594866"")",0.5345668783945501
"=HYPERLINK(""https://stackoverflow.com/a/14606599"", ""14606599"")",0.27312042581503654
"=HYPERLINK(""https://stackoverflow.com/a/14632817"", ""14632817"")",0.5432748538011698
"=HYPERLINK(""https://stackoverflow.com/a/15212398"", ""15212398"")",0.7802332719459791
"=HYPERLINK(""https://stackoverflow.com/a/15393965"", ""15393965"")",0.7669030732860521
"=HYPERLINK(""https://stackoverflow.com/a/15848185"", ""15848185"")",0.4986727341676146
"=HYPERLINK(""https://stackoverflow.com/a/16068440"", ""16068440"")",0.6194824961948249
"=HYPERLINK(""https://stackoverflow.com/a/16070301"", ""16070301"")",0.7866394001363323
"=HYPERLINK(""https://stackoverflow.com/a/16145039"", ""16145039"")",0.31837606837606847
"=HYPERLINK(""https://stackoverflow.com/a/16222163"", ""16222163"")",0.711378848728246
"=HYPERLINK(""https://stackoverflow.com/a/16380086"", ""16380086"")",0.40222222222222187
"=HYPERLINK(""https://stackoverflow.com/a/16416765"", ""16416765"")",0.42637447135717016
"=HYPERLINK(""https://stackoverflow.com/a/17050544"", ""17050544"")",0.572222222222222
"=HYPERLINK(""https://stackoverflow.com/a/17146836"", ""17146836"")",0.6352657004830917
"=HYPERLINK(""https://stackoverflow.com/a/17222352"", ""17222352"")",0.4125336409073431
"=HYPERLINK(""https://stackoverflow.com/a/17418526"", ""17418526"")",0.7891513560804905
"=HYPERLINK(""https://stackoverflow.com/a/17532416"", ""17532416"")",0.3808429118773947
"=HYPERLINK(""https://stackoverflow.com/a/17753235"", ""17753235"")",0.3801169590643276
"=HYPERLINK(""https://stackoverflow.com/a/17851320"", ""17851320"")",0.4327485380116961
"=HYPERLINK(""https://stackoverflow.com/a/17936393"", ""17936393"")",0.5739463601532567
"=HYPERLINK(""https://stackoverflow.com/a/18025505"", ""18025505"")",0.40629532927183065
"=HYPERLINK(""https://stackoverflow.com/a/18129662"", ""18129662"")",0.5316144874155925
"=HYPERLINK(""https://stackoverflow.com/a/18230909"", ""18230909"")",0.8178743961352652
"=HYPERLINK(""https://stackoverflow.com/a/18254120"", ""18254120"")",0.47739463601532567
"=HYPERLINK(""https://stackoverflow.com/a/18516990"", ""18516990"")",0.7588075880758804
"=HYPERLINK(""https://stackoverflow.com/a/19022340"", ""19022340"")",0.6472222222222226
"=HYPERLINK(""https://stackoverflow.com/a/19242396"", ""19242396"")",0.35251538183134273
"=HYPERLINK(""https://stackoverflow.com/a/19836886"", ""19836886"")",0.8116959064327488
"=HYPERLINK(""https://stackoverflow.com/a/20127297"", ""20127297"")",0.7042581503659345
"=HYPERLINK(""https://stackoverflow.com/a/20241048"", ""20241048"")",0.7194597912829959
"=HYPERLINK(""https://stackoverflow.com/a/21127455"", ""21127455"")",0.852359208523592
"=HYPERLINK(""https://stackoverflow.com/a/21320844"", ""21320844"")",0.6636015325670499
"=HYPERLINK(""https://stackoverflow.com/a/21376828"", ""21376828"")",0.6912775968150561
"=HYPERLINK(""https://stackoverflow.com/a/21433420"", ""21433420"")",0.7900188323917134
"=HYPERLINK(""https://stackoverflow.com/a/21613571"", ""21613571"")",0.4148343594253887
"=HYPERLINK(""https://stackoverflow.com/a/21637291"", ""21637291"")",0.5708460754332315
"=HYPERLINK(""https://stackoverflow.com/a/21668626"", ""21668626"")",0.8955890563930762
"=HYPERLINK(""https://stackoverflow.com/a/21671329"", ""21671329"")",0.31363496460449375
"=HYPERLINK(""https://stackoverflow.com/a/21726979"", ""21726979"")",0.6437753125550273
"=HYPERLINK(""https://stackoverflow.com/a/22041149"", ""22041149"")",0.5836412909583638
"=HYPERLINK(""https://stackoverflow.com/a/22331942"", ""22331942"")",0.900188323917137
"=HYPERLINK(""https://stackoverflow.com/a/22347029"", ""22347029"")",0.6087252897068844
"=HYPERLINK(""https://stackoverflow.com/a/22666111"", ""22666111"")",0.48922474111390957
"=HYPERLINK(""https://stackoverflow.com/a/22702775"", ""22702775"")",0.8022222222222221
"=HYPERLINK(""https://stackoverflow.com/a/22769432"", ""22769432"")",0.3663144412423952
"=HYPERLINK(""https://stackoverflow.com/a/22789613"", ""22789613"")",0.866021694517737
"=HYPERLINK(""https://stackoverflow.com/a/22954538"", ""22954538"")",0.6394001363326514
"=HYPERLINK(""https://stackoverflow.com/a/23085878"", ""23085878"")",0.45598845598845583
"=HYPERLINK(""https://stackoverflow.com/a/23296351"", ""23296351"")",0.45751633986928103
"=HYPERLINK(""https://stackoverflow.com/a/23302815"", ""23302815"")",0.786749725748315
"=HYPERLINK(""https://stackoverflow.com/a/23537959"", ""23537959"")",0.6261310170104958
"=HYPERLINK(""https://stackoverflow.com/a/24011880"", ""24011880"")",0.3913398692810457
"=HYPERLINK(""https://stackoverflow.com/a/24122763"", ""24122763"")",0.6301169590643273
"=HYPERLINK(""https://stackoverflow.com/a/24163689"", ""24163689"")",0.3325670498084292
"=HYPERLINK(""https://stackoverflow.com/a/24677602"", ""24677602"")",0.832841691248771
"=HYPERLINK(""https://stackoverflow.com/a/24677830"", ""24677830"")",0.25824527697726546
"=HYPERLINK(""https://stackoverflow.com/a/24682882"", ""24682882"")",0.47307546454304117
"=HYPERLINK(""https://stackoverflow.com/a/25249742"", ""25249742"")",0.5954075339216242
"=HYPERLINK(""https://stackoverflow.com/a/25284027"", ""25284027"")",0.46222222222222203
"=HYPERLINK(""https://stackoverflow.com/a/25317529"", ""25317529"")",0.5169242089771893
"=HYPERLINK(""https://stackoverflow.com/a/25439116"", ""25439116"")",0.28118448637316573
"=HYPERLINK(""https://stackoverflow.com/a/25916031"", ""25916031"")",0.18650793650793643
"=HYPERLINK(""https://stackoverflow.com/a/26108226"", ""26108226"")",0.8938640132669987
"=HYPERLINK(""https://stackoverflow.com/a/26205370"", ""26205370"")",0.6916878710771842
"=HYPERLINK(""https://stackoverflow.com/a/26221767"", ""26221767"")",0.5466497031382529
"=HYPERLINK(""https://stackoverflow.com/a/26232286"", ""26232286"")",0.8780663780663778
"=HYPERLINK(""https://stackoverflow.com/a/26638097"", ""26638097"")",0.6266339869281045
"=HYPERLINK(""https://stackoverflow.com/a/26735922"", ""26735922"")",0.5070323488045004
"=HYPERLINK(""https://stackoverflow.com/a/26752861"", ""26752861"")",0.5150203332021512
"=HYPERLINK(""https://stackoverflow.com/a/26810224"", ""26810224"")",0.3570670909573056
"=HYPERLINK(""https://stackoverflow.com/a/27065593"", ""27065593"")",0.2585858585858586
"=HYPERLINK(""https://stackoverflow.com/a/27262057"", ""27262057"")",0.3743961352657006
"=HYPERLINK(""https://stackoverflow.com/a/27318541"", ""27318541"")",0.6880202678248281
"=HYPERLINK(""https://stackoverflow.com/a/27363072"", ""27363072"")",0.4376918354818908
"=HYPERLINK(""https://stackoverflow.com/a/27607494"", ""27607494"")",0.4084291187739464
"=HYPERLINK(""https://stackoverflow.com/a/27610343"", ""27610343"")",0.25735735735735726
"=HYPERLINK(""https://stackoverflow.com/a/27850510"", ""27850510"")",0.7344173441734415
"=HYPERLINK(""https://stackoverflow.com/a/27956808"", ""27956808"")",0.27130197682344903
"=HYPERLINK(""https://stackoverflow.com/a/28076270"", ""28076270"")",0.7531500572737685
"=HYPERLINK(""https://stackoverflow.com/a/28246458"", ""28246458"")",0.2847621073530456
"=HYPERLINK(""https://stackoverflow.com/a/28341810"", ""28341810"")",0.47419072615923036
"=HYPERLINK(""https://stackoverflow.com/a/28581445"", ""28581445"")",0.6854575163398693
"=HYPERLINK(""https://stackoverflow.com/a/28586877"", ""28586877"")",0.5263459335624283
"=HYPERLINK(""https://stackoverflow.com/a/28594722"", ""28594722"")",0.5765529308836399
"=HYPERLINK(""https://stackoverflow.com/a/28743901"", ""28743901"")",0.7984934086628999
"=HYPERLINK(""https://stackoverflow.com/a/28870100"", ""28870100"")",0.5697701966358684
"=HYPERLINK(""https://stackoverflow.com/a/29073507"", ""29073507"")",0.5502854633289415
"=HYPERLINK(""https://stackoverflow.com/a/29081926"", ""29081926"")",0.3843843843843842
"=HYPERLINK(""https://stackoverflow.com/a/29111962"", ""29111962"")",0.7222222222222221
"=HYPERLINK(""https://stackoverflow.com/a/29141471"", ""29141471"")",0.5473755964553509
"=HYPERLINK(""https://stackoverflow.com/a/29312013"", ""29312013"")",0.8104575163398692
"=HYPERLINK(""https://stackoverflow.com/a/29634952"", ""29634952"")",0.34431524547803605
"=HYPERLINK(""https://stackoverflow.com/a/29728974"", ""29728974"")",0.5754772915925532
"=HYPERLINK(""https://stackoverflow.com/a/30352140"", ""30352140"")",0.32774986041317694
"=HYPERLINK(""https://stackoverflow.com/a/30493904"", ""30493904"")",0.7323139653414878
"=HYPERLINK(""https://stackoverflow.com/a/30544534"", ""30544534"")",0.42222222222222217
"=HYPERLINK(""https://stackoverflow.com/a/30862129"", ""30862129"")",0.5585054080629304
"=HYPERLINK(""https://stackoverflow.com/a/30874681"", ""30874681"")",0.4949494949494948
"=HYPERLINK(""https://stackoverflow.com/a/31061057"", ""31061057"")",0.490307328605201
"=HYPERLINK(""https://stackoverflow.com/a/31149148"", ""31149148"")",0.3661336613366135
"=HYPERLINK(""https://stackoverflow.com/a/31187706"", ""31187706"")",0.6178266178266179
"=HYPERLINK(""https://stackoverflow.com/a/31583220"", ""31583220"")",0.6842496561466118
"=HYPERLINK(""https://stackoverflow.com/a/31612705"", ""31612705"")",0.8823012736056209
"=HYPERLINK(""https://stackoverflow.com/a/31923798"", ""31923798"")",0.28565505804311775
"=HYPERLINK(""https://stackoverflow.com/a/31972830"", ""31972830"")",0.6741452991452993
"=HYPERLINK(""https://stackoverflow.com/a/32004534"", ""32004534"")",0.6883239171374763
"=HYPERLINK(""https://stackoverflow.com/a/32207159"", ""32207159"")",0.3593277717325595
"=HYPERLINK(""https://stackoverflow.com/a/32279018"", ""32279018"")",0.39452991452991504
"=HYPERLINK(""https://stackoverflow.com/a/32494620"", ""32494620"")",0.7222222222222224
"=HYPERLINK(""https://stackoverflow.com/a/32611475"", ""32611475"")",0.3992133726646999
"=HYPERLINK(""https://stackoverflow.com/a/32906296"", ""32906296"")",0.8215707564241767
"=HYPERLINK(""https://stackoverflow.com/a/32945155"", ""32945155"")",0.3940972222222224
"=HYPERLINK(""https://stackoverflow.com/a/33118042"", ""33118042"")",0.880116959064328
"=HYPERLINK(""https://stackoverflow.com/a/33211515"", ""33211515"")",0.31753472222222245
"=HYPERLINK(""https://stackoverflow.com/a/33734936"", ""33734936"")",0.8485958485958487
"=HYPERLINK(""https://stackoverflow.com/a/34005151"", ""34005151"")",0.434086629001883
"=HYPERLINK(""https://stackoverflow.com/a/34137644"", ""34137644"")",0.4804189435336978
"=HYPERLINK(""https://stackoverflow.com/a/34288455"", ""34288455"")",0.49249249249249233
"=HYPERLINK(""https://stackoverflow.com/a/34678420"", ""34678420"")",0.2991452991452991
"=HYPERLINK(""https://stackoverflow.com/a/34871537"", ""34871537"")",0.8862538427755815
"=HYPERLINK(""https://stackoverflow.com/a/34943097"", ""34943097"")",0.40263459335624274
"=HYPERLINK(""https://stackoverflow.com/a/35361257"", ""35361257"")",0.7100271002710025
"=HYPERLINK(""https://stackoverflow.com/a/35450651"", ""35450651"")",0.3748538011695907
"=HYPERLINK(""https://stackoverflow.com/a/35478050"", ""35478050"")",0.670751633986928
"=HYPERLINK(""https://stackoverflow.com/a/35483732"", ""35483732"")",0.4253472222222221
"=HYPERLINK(""https://stackoverflow.com/a/35549438"", ""35549438"")",0.3432748538011697
"=HYPERLINK(""https://stackoverflow.com/a/35587059"", ""35587059"")",0.9043650793650793
"=HYPERLINK(""https://stackoverflow.com/a/35656047"", ""35656047"")",0.4772399317853862
"=HYPERLINK(""https://stackoverflow.com/a/35770946"", ""35770946"")",0.47957516339869277
"=HYPERLINK(""https://stackoverflow.com/a/35869502"", ""35869502"")",0.7483760683760687
"=HYPERLINK(""https://stackoverflow.com/a/36240827"", ""36240827"")",0.85196905766526
"=HYPERLINK(""https://stackoverflow.com/a/36386094"", ""36386094"")",0.6767676767676769
"=HYPERLINK(""https://stackoverflow.com/a/36517114"", ""36517114"")",0.48741559238796817
"=HYPERLINK(""https://stackoverflow.com/a/36574879"", ""36574879"")",0.29849340866290014
"=HYPERLINK(""https://stackoverflow.com/a/36776390"", ""36776390"")",0.2874396135265701
"=HYPERLINK(""https://stackoverflow.com/a/37300657"", ""37300657"")",0.5024990388312185
"=HYPERLINK(""https://stackoverflow.com/a/37349293"", ""37349293"")",0.3091787439613527
"=HYPERLINK(""https://stackoverflow.com/a/38019938"", ""38019938"")",0.6702741702741698
"=HYPERLINK(""https://stackoverflow.com/a/38388317"", ""38388317"")",0.8061916878710776
"=HYPERLINK(""https://stackoverflow.com/a/38448065"", ""38448065"")",0.5739463601532567
"=HYPERLINK(""https://stackoverflow.com/a/38564931"", ""38564931"")",0.543323139653415
"=HYPERLINK(""https://stackoverflow.com/a/39040891"", ""39040891"")",0.5286052009456267
"=HYPERLINK(""https://stackoverflow.com/a/39370169"", ""39370169"")",0.5372907153729071
"=HYPERLINK(""https://stackoverflow.com/a/39727213"", ""39727213"")",0.6860231271995978
"=HYPERLINK(""https://stackoverflow.com/a/39809297"", ""39809297"")",0.6512879661668587
"=HYPERLINK(""https://stackoverflow.com/a/39939229"", ""39939229"")",0.43961352657004843
"=HYPERLINK(""https://stackoverflow.com/a/40081524"", ""40081524"")",0.352222222222222
"=HYPERLINK(""https://stackoverflow.com/a/40199830"", ""40199830"")",0.5007457121551084
"=HYPERLINK(""https://stackoverflow.com/a/40524787"", ""40524787"")",0.45509893455098926
"=HYPERLINK(""https://stackoverflow.com/a/40607521"", ""40607521"")",0.6098443720593557
"=HYPERLINK(""https://stackoverflow.com/a/40869377"", ""40869377"")",0.611327280587981
"=HYPERLINK(""https://stackoverflow.com/a/40908136"", ""40908136"")",0.49357900614182004
"=HYPERLINK(""https://stackoverflow.com/a/41114685"", ""41114685"")",0.3568756875687567
"=HYPERLINK(""https://stackoverflow.com/a/41341382"", ""41341382"")",0.7339659944642155
"=HYPERLINK(""https://stackoverflow.com/a/41741335"", ""41741335"")",0.692282102461743
"=HYPERLINK(""https://stackoverflow.com/a/42181910"", ""42181910"")",0.34359425388449144
"=HYPERLINK(""https://stackoverflow.com/a/42246099"", ""42246099"")",0.5601532567049811
"=HYPERLINK(""https://stackoverflow.com/a/43002134"", ""43002134"")",0.7354965585054081
"=HYPERLINK(""https://stackoverflow.com/a/44197981"", ""44197981"")",0.4003044140030441
"=HYPERLINK(""https://stackoverflow.com/a/45056332"", ""45056332"")",0.35093509350935076
"=HYPERLINK(""https://stackoverflow.com/a/45584993"", ""45584993"")",0.7608820160366552
"=HYPERLINK(""https://stackoverflow.com/a/46089635"", ""46089635"")",0.4436987322893364
"=HYPERLINK(""https://stackoverflow.com/a/46608311"", ""46608311"")",0.5657125269313635
"=HYPERLINK(""https://stackoverflow.com/a/47602412"", ""47602412"")",0.8222222222222219
"=HYPERLINK(""https://stackoverflow.com/a/47643083"", ""47643083"")",0.32821300563236006
"=HYPERLINK(""https://stackoverflow.com/a/47766668"", ""47766668"")",0.8249619482496194
"=HYPERLINK(""https://stackoverflow.com/a/47780252"", ""47780252"")",0.7123407992973207
"=HYPERLINK(""https://stackoverflow.com/a/48106700"", ""48106700"")",0.3818313427433949
"=HYPERLINK(""https://stackoverflow.com/a/48196453"", ""48196453"")",0.3841540404040403
"=HYPERLINK(""https://stackoverflow.com/a/48334459"", ""48334459"")",0.615079365079365
"=HYPERLINK(""https://stackoverflow.com/a/48404926"", ""48404926"")",0.7065972222222225
"=HYPERLINK(""https://stackoverflow.com/a/48543976"", ""48543976"")",0.5733672603901614
"=HYPERLINK(""https://stackoverflow.com/a/49887172"", ""49887172"")",0.35920852359208527
"=HYPERLINK(""https://stackoverflow.com/a/50768672"", ""50768672"")",0.8360153256704982
"=HYPERLINK(""https://stackoverflow.com/a/50850917"", ""50850917"")",0.5858585858585859
"=HYPERLINK(""https://stackoverflow.com/a/51054908"", ""51054908"")",0.4369461486025902
"=HYPERLINK(""https://stackoverflow.com/a/52084363"", ""52084363"")",0.6116452991452992
"=HYPERLINK(""https://stackoverflow.com/a/52309288"", ""52309288"")",0.5966903073286053
"=HYPERLINK(""https://stackoverflow.com/a/52484334"", ""52484334"")",0.7741702741702738
"=HYPERLINK(""https://stackoverflow.com/a/53009450"", ""53009450"")",0.37485380116959083
"=HYPERLINK(""https://stackoverflow.com/a/53084798"", ""53084798"")",0.32348804500703215
"=HYPERLINK(""https://stackoverflow.com/a/53437495"", ""53437495"")",0.3852657004830915
"=HYPERLINK(""https://stackoverflow.com/a/53448358"", ""53448358"")",0.2065972222222223
"=HYPERLINK(""https://stackoverflow.com/a/53516412"", ""53516412"")",0.506625891946993
"=HYPERLINK(""https://stackoverflow.com/a/53653817"", ""53653817"")",0.5635683760683762
"=HYPERLINK(""https://stackoverflow.com/a/53859622"", ""53859622"")",0.3583924349881798
"=HYPERLINK(""https://stackoverflow.com/a/54306148"", ""54306148"")",0.48752834467120204
"=HYPERLINK(""https://stackoverflow.com/a/54486543"", ""54486543"")",0.8822222222222219
"=HYPERLINK(""https://stackoverflow.com/a/54525569"", ""54525569"")",0.5808429118773948
"=HYPERLINK(""https://stackoverflow.com/a/55031017"", ""55031017"")",0.45380116959064337
"=HYPERLINK(""https://stackoverflow.com/a/55055786"", ""55055786"")",0.20016339869281047
"=HYPERLINK(""https://stackoverflow.com/a/55235975"", ""55235975"")",0.759107468123862
"=HYPERLINK(""https://stackoverflow.com/a/55345629"", ""55345629"")",0.39479541174456434
"=HYPERLINK(""https://stackoverflow.com/a/55377429"", ""55377429"")",0.3784722222222224
"=HYPERLINK(""https://stackoverflow.com/a/55381263"", ""55381263"")",0.4936903662665435
"=HYPERLINK(""https://stackoverflow.com/a/55486738"", ""55486738"")",0.20404040404040408
"=HYPERLINK(""https://stackoverflow.com/a/55692940"", ""55692940"")",0.4349881796690308
"=HYPERLINK(""https://stackoverflow.com/a/55744711"", ""55744711"")",0.3115839243498819
"=HYPERLINK(""https://stackoverflow.com/a/55826541"", ""55826541"")",0.6842911877394637
"=HYPERLINK(""https://stackoverflow.com/a/55828463"", ""55828463"")",0.22900955253896424
"=HYPERLINK(""https://stackoverflow.com/a/55870917"", ""55870917"")",0.443813131313131
"=HYPERLINK(""https://stackoverflow.com/a/56812764"", ""56812764"")",0.5158002038735985
"=HYPERLINK(""https://stackoverflow.com/a/56847708"", ""56847708"")",0.5440215301806995
"=HYPERLINK(""https://stackoverflow.com/a/56972399"", ""56972399"")",0.24661246612466103
"=HYPERLINK(""https://stackoverflow.com/a/57371832"", ""57371832"")",0.3238388503977418
"=HYPERLINK(""https://stackoverflow.com/a/57742505"", ""57742505"")",0.6040404040404039
"=HYPERLINK(""https://stackoverflow.com/a/58488974"", ""58488974"")",0.4384384384384383
"=HYPERLINK(""https://stackoverflow.com/a/58540896"", ""58540896"")",0.47222222222222177
"=HYPERLINK(""https://stackoverflow.com/a/58757556"", ""58757556"")",0.8662900188323914
"=HYPERLINK(""https://stackoverflow.com/a/58777999"", ""58777999"")",0.531703438680183
"=HYPERLINK(""https://stackoverflow.com/a/59214430"", ""59214430"")",0.6911877394636016
"=HYPERLINK(""https://stackoverflow.com/a/59541368"", ""59541368"")",0.7429595494111617
"=HYPERLINK(""https://stackoverflow.com/a/60512699"", ""60512699"")",0.43274853801169555
"=HYPERLINK(""https://stackoverflow.com/a/60646016"", ""60646016"")",0.29744346116027537
"=HYPERLINK(""https://stackoverflow.com/a/60844945"", ""60844945"")",0.8535586277521755
"=HYPERLINK(""https://stackoverflow.com/a/61409354"", ""61409354"")",0.5959246443675508
"=HYPERLINK(""https://stackoverflow.com/a/61479900"", ""61479900"")",0.5663780663780661
"=HYPERLINK(""https://stackoverflow.com/a/61866118"", ""61866118"")",0.3245844269466318
"=HYPERLINK(""https://stackoverflow.com/a/61907713"", ""61907713"")",0.2222222222222223
"=HYPERLINK(""https://stackoverflow.com/a/61940614"", ""61940614"")",0.6911877394636016
"=HYPERLINK(""https://stackoverflow.com/a/62043417"", ""62043417"")",0.4414003044140029
"=HYPERLINK(""https://stackoverflow.com/a/62679976"", ""62679976"")",0.30039811798769456
"=HYPERLINK(""https://stackoverflow.com/a/62961644"", ""62961644"")",0.6722222222222219
"=HYPERLINK(""https://stackoverflow.com/a/63763263"", ""63763263"")",0.7670498084291187
"=HYPERLINK(""https://stackoverflow.com/a/63992499"", ""63992499"")",0.408151870463428
"=HYPERLINK(""https://stackoverflow.com/a/64515437"", ""64515437"")",0.33131313131313134
"=HYPERLINK(""https://stackoverflow.com/a/65220260"", ""65220260"")",0.606432748538012
"=HYPERLINK(""https://stackoverflow.com/a/66832410"", ""66832410"")",0.25891946992864423
"=HYPERLINK(""https://stackoverflow.com/a/67138296"", ""67138296"")",0.7497812773403331
"=HYPERLINK(""https://stackoverflow.com/a/67430403"", ""67430403"")",0.383700821444012
"=HYPERLINK(""https://stackoverflow.com/a/67497767"", ""67497767"")",0.5496558505408066
