link,Correlation
"=HYPERLINK(""https://stackoverflow.com/a/1178195"", ""1178195"")",0.41408268733850084
"=HYPERLINK(""https://stackoverflow.com/a/1537505"", ""1537505"")",0.35735735735735713
"=HYPERLINK(""https://stackoverflow.com/a/2129947"", ""2129947"")",0.9042498719918072
"=HYPERLINK(""https://stackoverflow.com/a/2644195"", ""2644195"")",0.5544021530180699
"=HYPERLINK(""https://stackoverflow.com/a/4531447"", ""4531447"")",0.3919639196391965
"=HYPERLINK(""https://stackoverflow.com/a/6346333"", ""6346333"")",0.4420242024202418
"=HYPERLINK(""https://stackoverflow.com/a/6504349"", ""6504349"")",0.5351993214588636
"=HYPERLINK(""https://stackoverflow.com/a/6665435"", ""6665435"")",0.295751633986928
"=HYPERLINK(""https://stackoverflow.com/a/6707769"", ""6707769"")",0.5885012919896639
"=HYPERLINK(""https://stackoverflow.com/a/7901201"", ""7901201"")",0.390491452991453
"=HYPERLINK(""https://stackoverflow.com/a/8369098"", ""8369098"")",0.6255241090146751
"=HYPERLINK(""https://stackoverflow.com/a/8482881"", ""8482881"")",0.8850129198966405
"=HYPERLINK(""https://stackoverflow.com/a/9566397"", ""9566397"")",0.7722222222222221
"=HYPERLINK(""https://stackoverflow.com/a/10921911"", ""10921911"")",0.5395653956539566
"=HYPERLINK(""https://stackoverflow.com/a/11048377"", ""11048377"")",0.4934086629001882
"=HYPERLINK(""https://stackoverflow.com/a/11427594"", ""11427594"")",0.45951035781544247
"=HYPERLINK(""https://stackoverflow.com/a/11767385"", ""11767385"")",0.30811179277436945
"=HYPERLINK(""https://stackoverflow.com/a/11993935"", ""11993935"")",0.6120527306967986
"=HYPERLINK(""https://stackoverflow.com/a/12386262"", ""12386262"")",0.857815442561205
"=HYPERLINK(""https://stackoverflow.com/a/12421984"", ""12421984"")",0.857815442561205
"=HYPERLINK(""https://stackoverflow.com/a/12708511"", ""12708511"")",0.44140030441400313
"=HYPERLINK(""https://stackoverflow.com/a/12930219"", ""12930219"")",0.4620264636577851
"=HYPERLINK(""https://stackoverflow.com/a/13097661"", ""13097661"")",0.7313131313131312
"=HYPERLINK(""https://stackoverflow.com/a/13506210"", ""13506210"")",0.5335678686602171
"=HYPERLINK(""https://stackoverflow.com/a/14442253"", ""14442253"")",0.49781277340332475
"=HYPERLINK(""https://stackoverflow.com/a/14867962"", ""14867962"")",0.4148827726809377
"=HYPERLINK(""https://stackoverflow.com/a/15118348"", ""15118348"")",0.40357815442561207
"=HYPERLINK(""https://stackoverflow.com/a/15201370"", ""15201370"")",0.4732682473268244
"=HYPERLINK(""https://stackoverflow.com/a/15270912"", ""15270912"")",0.3239171374764594
"=HYPERLINK(""https://stackoverflow.com/a/15339486"", ""15339486"")",0.2011695906432749
"=HYPERLINK(""https://stackoverflow.com/a/16110554"", ""16110554"")",0.43329488658208376
"=HYPERLINK(""https://stackoverflow.com/a/16141438"", ""16141438"")",0.3710111495578624
"=HYPERLINK(""https://stackoverflow.com/a/16248086"", ""16248086"")",0.44393122915062855
"=HYPERLINK(""https://stackoverflow.com/a/16451950"", ""16451950"")",0.8120839733742957
"=HYPERLINK(""https://stackoverflow.com/a/16738143"", ""16738143"")",0.4849340866290021
"=HYPERLINK(""https://stackoverflow.com/a/16857007"", ""16857007"")",0.5079365079365078
"=HYPERLINK(""https://stackoverflow.com/a/17160525"", ""17160525"")",0.32645674990951873
"=HYPERLINK(""https://stackoverflow.com/a/18354368"", ""18354368"")",0.23879680785758137
"=HYPERLINK(""https://stackoverflow.com/a/18714041"", ""18714041"")",0.34077892325315
"=HYPERLINK(""https://stackoverflow.com/a/18842286"", ""18842286"")",0.528754885538805
"=HYPERLINK(""https://stackoverflow.com/a/18870726"", ""18870726"")",0.8644240570846078
"=HYPERLINK(""https://stackoverflow.com/a/20976957"", ""20976957"")",0.45670498084291183
"=HYPERLINK(""https://stackoverflow.com/a/21118478"", ""21118478"")",0.7635066258919471
"=HYPERLINK(""https://stackoverflow.com/a/21935884"", ""21935884"")",0.3743961352657005
"=HYPERLINK(""https://stackoverflow.com/a/22102984"", ""22102984"")",0.3687568756875686
"=HYPERLINK(""https://stackoverflow.com/a/22564038"", ""22564038"")",0.2443897099069513
"=HYPERLINK(""https://stackoverflow.com/a/22778097"", ""22778097"")",0.28381483110915573
"=HYPERLINK(""https://stackoverflow.com/a/23082463"", ""23082463"")",0.5695128626163107
"=HYPERLINK(""https://stackoverflow.com/a/23109307"", ""23109307"")",0.537073707370737
"=HYPERLINK(""https://stackoverflow.com/a/23186506"", ""23186506"")",0.6074625742872187
"=HYPERLINK(""https://stackoverflow.com/a/23529940"", ""23529940"")",0.2331597222222223
"=HYPERLINK(""https://stackoverflow.com/a/23785331"", ""23785331"")",0.3304766200571344
"=HYPERLINK(""https://stackoverflow.com/a/24326347"", ""24326347"")",0.3329092451229858
"=HYPERLINK(""https://stackoverflow.com/a/24574297"", ""24574297"")",0.36795086543830247
"=HYPERLINK(""https://stackoverflow.com/a/25076467"", ""25076467"")",0.28357191547375593
"=HYPERLINK(""https://stackoverflow.com/a/25210976"", ""25210976"")",0.5564258775747029
"=HYPERLINK(""https://stackoverflow.com/a/25507338"", ""25507338"")",0.6878710771840544
"=HYPERLINK(""https://stackoverflow.com/a/26113486"", ""26113486"")",0.43222222222222206
"=HYPERLINK(""https://stackoverflow.com/a/26515891"", ""26515891"")",0.39199834162520736
"=HYPERLINK(""https://stackoverflow.com/a/27025786"", ""27025786"")",0.6112950699043415
"=HYPERLINK(""https://stackoverflow.com/a/27495466"", ""27495466"")",0.5276114437791083
"=HYPERLINK(""https://stackoverflow.com/a/27846630"", ""27846630"")",0.5371011149557863
"=HYPERLINK(""https://stackoverflow.com/a/28112478"", ""28112478"")",0.5527306967984934
"=HYPERLINK(""https://stackoverflow.com/a/29295969"", ""29295969"")",0.7900188323917136
"=HYPERLINK(""https://stackoverflow.com/a/29670965"", ""29670965"")",0.5919405320813773
"=HYPERLINK(""https://stackoverflow.com/a/29712376"", ""29712376"")",0.471529701446599
"=HYPERLINK(""https://stackoverflow.com/a/29851652"", ""29851652"")",0.22664700098328422
"=HYPERLINK(""https://stackoverflow.com/a/30103669"", ""30103669"")",0.2532643508253262
"=HYPERLINK(""https://stackoverflow.com/a/30847394"", ""30847394"")",0.5450568678915138
"=HYPERLINK(""https://stackoverflow.com/a/30972096"", ""30972096"")",0.6394001363326515
"=HYPERLINK(""https://stackoverflow.com/a/31862209"", ""31862209"")",0.43851435705368313
"=HYPERLINK(""https://stackoverflow.com/a/32324698"", ""32324698"")",0.7122222222222221
"=HYPERLINK(""https://stackoverflow.com/a/32650916"", ""32650916"")",0.5014430014430012
"=HYPERLINK(""https://stackoverflow.com/a/33566529"", ""33566529"")",0.9098796529527006
"=HYPERLINK(""https://stackoverflow.com/a/34368041"", ""34368041"")",0.46655471592499276
"=HYPERLINK(""https://stackoverflow.com/a/35163235"", ""35163235"")",0.44097222222222227
"=HYPERLINK(""https://stackoverflow.com/a/36595255"", ""36595255"")",0.6767676767676767
"=HYPERLINK(""https://stackoverflow.com/a/36655809"", ""36655809"")",0.4175574991901524
"=HYPERLINK(""https://stackoverflow.com/a/36864618"", ""36864618"")",0.6274853801169593
"=HYPERLINK(""https://stackoverflow.com/a/37302389"", ""37302389"")",0.3498817966903074
"=HYPERLINK(""https://stackoverflow.com/a/37990274"", ""37990274"")",0.8015580155801558
"=HYPERLINK(""https://stackoverflow.com/a/38072298"", ""38072298"")",0.5357815442561206
"=HYPERLINK(""https://stackoverflow.com/a/38133008"", ""38133008"")",0.3069679849340866
"=HYPERLINK(""https://stackoverflow.com/a/38251641"", ""38251641"")",0.5195195195195194
"=HYPERLINK(""https://stackoverflow.com/a/39017581"", ""39017581"")",0.3757176629517056
"=HYPERLINK(""https://stackoverflow.com/a/40179372"", ""40179372"")",0.5251068376068377
"=HYPERLINK(""https://stackoverflow.com/a/41438099"", ""41438099"")",0.2579365079365078
"=HYPERLINK(""https://stackoverflow.com/a/41663271"", ""41663271"")",0.8452060931899643
"=HYPERLINK(""https://stackoverflow.com/a/41834182"", ""41834182"")",0.6284722222222221
"=HYPERLINK(""https://stackoverflow.com/a/43368326"", ""43368326"")",0.3935931899641576
"=HYPERLINK(""https://stackoverflow.com/a/45669138"", ""45669138"")",0.8050443081117926
"=HYPERLINK(""https://stackoverflow.com/a/46307820"", ""46307820"")",0.46135265700483113
"=HYPERLINK(""https://stackoverflow.com/a/46447982"", ""46447982"")",0.5079365079365079
"=HYPERLINK(""https://stackoverflow.com/a/46567525"", ""46567525"")",0.1951951951951951
"=HYPERLINK(""https://stackoverflow.com/a/46568436"", ""46568436"")",0.44200244200244204
"=HYPERLINK(""https://stackoverflow.com/a/48269719"", ""48269719"")",0.3414690841469081
"=HYPERLINK(""https://stackoverflow.com/a/49129978"", ""49129978"")",0.38252756573367264
"=HYPERLINK(""https://stackoverflow.com/a/49421484"", ""49421484"")",0.535451794206658
"=HYPERLINK(""https://stackoverflow.com/a/49851244"", ""49851244"")",0.3606837606837608
"=HYPERLINK(""https://stackoverflow.com/a/49886090"", ""49886090"")",0.44751866490996917
"=HYPERLINK(""https://stackoverflow.com/a/49941537"", ""49941537"")",0.6135265700483092
"=HYPERLINK(""https://stackoverflow.com/a/49988628"", ""49988628"")",0.5506355063550634
"=HYPERLINK(""https://stackoverflow.com/a/50027702"", ""50027702"")",0.5394636015325672
"=HYPERLINK(""https://stackoverflow.com/a/50304584"", ""50304584"")",0.43255432554325557
"=HYPERLINK(""https://stackoverflow.com/a/50446588"", ""50446588"")",0.28934550989345503
"=HYPERLINK(""https://stackoverflow.com/a/50811889"", ""50811889"")",0.8222222222222221
"=HYPERLINK(""https://stackoverflow.com/a/51026347"", ""51026347"")",0.45840312674483535
"=HYPERLINK(""https://stackoverflow.com/a/51034147"", ""51034147"")",0.7838660578386606
"=HYPERLINK(""https://stackoverflow.com/a/51053793"", ""51053793"")",0.3822222222222222
"=HYPERLINK(""https://stackoverflow.com/a/51378037"", ""51378037"")",0.9243498817966904
"=HYPERLINK(""https://stackoverflow.com/a/52025438"", ""52025438"")",0.7891513560804901
"=HYPERLINK(""https://stackoverflow.com/a/52252084"", ""52252084"")",0.3735137351373514
"=HYPERLINK(""https://stackoverflow.com/a/52554203"", ""52554203"")",0.33661336613366144
"=HYPERLINK(""https://stackoverflow.com/a/52567061"", ""52567061"")",0.5657805044308111
"=HYPERLINK(""https://stackoverflow.com/a/52926185"", ""52926185"")",0.5146750524109016
"=HYPERLINK(""https://stackoverflow.com/a/53293414"", ""53293414"")",0.5237489397794742
"=HYPERLINK(""https://stackoverflow.com/a/53422741"", ""53422741"")",0.33631618195376595
"=HYPERLINK(""https://stackoverflow.com/a/53458419"", ""53458419"")",0.6308760683760684
"=HYPERLINK(""https://stackoverflow.com/a/53520768"", ""53520768"")",0.2526336712383225
"=HYPERLINK(""https://stackoverflow.com/a/53815996"", ""53815996"")",0.6612466124661245
"=HYPERLINK(""https://stackoverflow.com/a/56224373"", ""56224373"")",0.4485380116959065
"=HYPERLINK(""https://stackoverflow.com/a/58472174"", ""58472174"")",0.5738705738705738
"=HYPERLINK(""https://stackoverflow.com/a/58490743"", ""58490743"")",0.3726647000983284
"=HYPERLINK(""https://stackoverflow.com/a/58641728"", ""58641728"")",0.2852143482064746
"=HYPERLINK(""https://stackoverflow.com/a/58805183"", ""58805183"")",0.4695906432748543
"=HYPERLINK(""https://stackoverflow.com/a/59118879"", ""59118879"")",0.47491867830850903
"=HYPERLINK(""https://stackoverflow.com/a/59656023"", ""59656023"")",0.3768613974799541
"=HYPERLINK(""https://stackoverflow.com/a/59695734"", ""59695734"")",0.6486928104575164
"=HYPERLINK(""https://stackoverflow.com/a/60014992"", ""60014992"")",0.7522222222222221
"=HYPERLINK(""https://stackoverflow.com/a/60155528"", ""60155528"")",0.3303303303303302
"=HYPERLINK(""https://stackoverflow.com/a/60326728"", ""60326728"")",0.6001749781277342
"=HYPERLINK(""https://stackoverflow.com/a/60334792"", ""60334792"")",0.722222222222222
"=HYPERLINK(""https://stackoverflow.com/a/60419453"", ""60419453"")",0.2222222222222221
"=HYPERLINK(""https://stackoverflow.com/a/60625523"", ""60625523"")",0.8504830917874393
"=HYPERLINK(""https://stackoverflow.com/a/60818694"", ""60818694"")",0.4922222222222218
"=HYPERLINK(""https://stackoverflow.com/a/61139706"", ""61139706"")",0.4481636448163643
"=HYPERLINK(""https://stackoverflow.com/a/61167945"", ""61167945"")",0.48385012919896625
"=HYPERLINK(""https://stackoverflow.com/a/61186392"", ""61186392"")",0.35150982116681345
"=HYPERLINK(""https://stackoverflow.com/a/61342397"", ""61342397"")",0.26570048309178745
"=HYPERLINK(""https://stackoverflow.com/a/61791468"", ""61791468"")",0.7222222222222221
"=HYPERLINK(""https://stackoverflow.com/a/61876552"", ""61876552"")",0.5205928943199819
"=HYPERLINK(""https://stackoverflow.com/a/62149103"", ""62149103"")",0.5327485380116959
"=HYPERLINK(""https://stackoverflow.com/a/62358160"", ""62358160"")",0.38000473821369346
"=HYPERLINK(""https://stackoverflow.com/a/62510964"", ""62510964"")",0.4293650793650794
"=HYPERLINK(""https://stackoverflow.com/a/62555971"", ""62555971"")",0.3571703191080355
"=HYPERLINK(""https://stackoverflow.com/a/62729483"", ""62729483"")",0.7423564504101418
"=HYPERLINK(""https://stackoverflow.com/a/62821141"", ""62821141"")",0.43694614860259007
"=HYPERLINK(""https://stackoverflow.com/a/63017617"", ""63017617"")",0.5494949494949495
"=HYPERLINK(""https://stackoverflow.com/a/63841951"", ""63841951"")",0.2544086817116783
"=HYPERLINK(""https://stackoverflow.com/a/63906475"", ""63906475"")",0.23041894353369755
"=HYPERLINK(""https://stackoverflow.com/a/64854625"", ""64854625"")",0.8319783197831977
"=HYPERLINK(""https://stackoverflow.com/a/65328531"", ""65328531"")",0.28859390363815146
"=HYPERLINK(""https://stackoverflow.com/a/65434689"", ""65434689"")",0.36968766001024056
"=HYPERLINK(""https://stackoverflow.com/a/65551242"", ""65551242"")",0.4089310829817156
"=HYPERLINK(""https://stackoverflow.com/a/66240520"", ""66240520"")",0.600271002710027
"=HYPERLINK(""https://stackoverflow.com/a/66335880"", ""66335880"")",0.7454780361757104
"=HYPERLINK(""https://stackoverflow.com/a/66357329"", ""66357329"")",0.580020387359837
"=HYPERLINK(""https://stackoverflow.com/a/66463639"", ""66463639"")",0.6288156288156288
"=HYPERLINK(""https://stackoverflow.com/a/66616950"", ""66616950"")",0.47068218115446026
"=HYPERLINK(""https://stackoverflow.com/a/66747296"", ""66747296"")",0.8441734417344171
"=HYPERLINK(""https://stackoverflow.com/a/66804354"", ""66804354"")",0.4989601901366608
"=HYPERLINK(""https://stackoverflow.com/a/66817998"", ""66817998"")",0.6316710411198602
"=HYPERLINK(""https://stackoverflow.com/a/67042944"", ""67042944"")",0.47443461160275335
"=HYPERLINK(""https://stackoverflow.com/a/67399447"", ""67399447"")",0.5012919896640826
"=HYPERLINK(""https://stackoverflow.com/a/67471845"", ""67471845"")",0.7093356242840778
