"link","Correlation","score","view_count"
"=HYPERLINK(""https://stackoverflow.com/q/1175567"", ""1175567"")",0.6976320582877961,"2","2151"
"=HYPERLINK(""https://stackoverflow.com/q/1175792"", ""1175792"")",0.5474817377931566,"3","5062"
"=HYPERLINK(""https://stackoverflow.com/q/1534706"", ""1534706"")",0.8424753867791841,"4","9373"
"=HYPERLINK(""https://stackoverflow.com/q/1798126"", ""1798126"")",0.3754137115839244,"0","1345"
"=HYPERLINK(""https://stackoverflow.com/q/2050269"", ""2050269"")",0.8173142467620991,"1","2018"
"=HYPERLINK(""https://stackoverflow.com/q/2123018"", ""2123018"")",0.8799403430275913,"1","7288"
"=HYPERLINK(""https://stackoverflow.com/q/2445170"", ""2445170"")",0.5736373165618449,"0","578"
"=HYPERLINK(""https://stackoverflow.com/q/2626066"", ""2626066"")",0.4070048309178739,"1","938"
"=HYPERLINK(""https://stackoverflow.com/q/2645339"", ""2645339"")",0.6230751006870411,"1","8345"
"=HYPERLINK(""https://stackoverflow.com/q/3024929"", ""3024929"")",0.4281045751633986,"0","524"
"=HYPERLINK(""https://stackoverflow.com/q/3224185"", ""3224185"")",0.3680127766370065,"1","5727"
"=HYPERLINK(""https://stackoverflow.com/q/3266270"", ""3266270"")",0.3969474969474969,"1","1018"
"=HYPERLINK(""https://stackoverflow.com/q/4258583"", ""4258583"")",0.4067240672406725,"0","2909"
"=HYPERLINK(""https://stackoverflow.com/q/4495825"", ""4495825"")",0.9397794741306194,"1","1074"
"=HYPERLINK(""https://stackoverflow.com/q/4873018"", ""4873018"")",0.5337800111669458,"0","4472"
"=HYPERLINK(""https://stackoverflow.com/q/4962509"", ""4962509"")",0.6400440044004401,"0","356"
"=HYPERLINK(""https://stackoverflow.com/q/5186415"", ""5186415"")",0.587873191751308,"4","26180"
"=HYPERLINK(""https://stackoverflow.com/q/5655122"", ""5655122"")",0.5690856908569086,"2","887"
"=HYPERLINK(""https://stackoverflow.com/q/6013176"", ""6013176"")",0.2531210986267166,"0","284"
"=HYPERLINK(""https://stackoverflow.com/q/6013677"", ""6013677"")",0.3240321769733534,"1","1605"
"=HYPERLINK(""https://stackoverflow.com/q/6179859"", ""6179859"")",0.5095150399017804,"0","5478"
"=HYPERLINK(""https://stackoverflow.com/q/6376494"", ""6376494"")",0.3791452991452992,"0","10498"
"=HYPERLINK(""https://stackoverflow.com/q/6410420"", ""6410420"")",0.413050624589086,"0","2073"
"=HYPERLINK(""https://stackoverflow.com/q/6695831"", ""6695831"")",0.4990951863916032,"5","22529"
"=HYPERLINK(""https://stackoverflow.com/q/6707683"", ""6707683"")",0.3041894353369763,"0","5430"
"=HYPERLINK(""https://stackoverflow.com/q/7487698"", ""7487698"")",0.4289891395154552,"1","1342"
"=HYPERLINK(""https://stackoverflow.com/q/7612599"", ""7612599"")",0.4337104728749639,"0","2776"
"=HYPERLINK(""https://stackoverflow.com/q/7658884"", ""7658884"")",0.5636433660697094,"1","2325"
"=HYPERLINK(""https://stackoverflow.com/q/7742975"", ""7742975"")",0.4090835360908353,"2","6269"
"=HYPERLINK(""https://stackoverflow.com/q/8039890"", ""8039890"")",0.6207462074620747,"0","3054"
"=HYPERLINK(""https://stackoverflow.com/q/8047665"", ""8047665"")",0.2355660212803069,"0","6832"
"=HYPERLINK(""https://stackoverflow.com/q/8358843"", ""8358843"")",0.575784227499267,"2","3638"
"=HYPERLINK(""https://stackoverflow.com/q/8578748"", ""8578748"")",0.5598845598845598,"7","39653"
"=HYPERLINK(""https://stackoverflow.com/q/8760135"", ""8760135"")",0.5765727896875438,"1","1747"
"=HYPERLINK(""https://stackoverflow.com/q/8845060"", ""8845060"")",0.7169590643274857,"1","1571"
"=HYPERLINK(""https://stackoverflow.com/q/8927467"", ""8927467"")",0.4929404542664212,"1","1046"
"=HYPERLINK(""https://stackoverflow.com/q/8930645"", ""8930645"")",0.4963902095439339,"1","8836"
"=HYPERLINK(""https://stackoverflow.com/q/8956753"", ""8956753"")",0.4743961352657002,"1","3600"
"=HYPERLINK(""https://stackoverflow.com/q/9087454"", ""9087454"")",0.2840288783236485,"0","1474"
"=HYPERLINK(""https://stackoverflow.com/q/9171897"", ""9171897"")",0.5522222222222221,"0","3032"
"=HYPERLINK(""https://stackoverflow.com/q/9316471"", ""9316471"")",0.4064327485380117,"0","2923"
"=HYPERLINK(""https://stackoverflow.com/q/9564762"", ""9564762"")",0.5900793650793651,"0","90"
"=HYPERLINK(""https://stackoverflow.com/q/9599463"", ""9599463"")",0.58266584514274,"1","1926"
"=HYPERLINK(""https://stackoverflow.com/q/9705631"", ""9705631"")",0.3754480286738352,"1","2761"
"=HYPERLINK(""https://stackoverflow.com/q/9804999"", ""9804999"")",0.4079526865483829,"5","4507"
"=HYPERLINK(""https://stackoverflow.com/q/9816899"", ""9816899"")",0.3664529914529915,"1","17015"
"=HYPERLINK(""https://stackoverflow.com/q/9871872"", ""9871872"")",0.5136795086543832,"2","2340"
"=HYPERLINK(""https://stackoverflow.com/q/9906876"", ""9906876"")",0.2772763738467709,"4","743"
"=HYPERLINK(""https://stackoverflow.com/q/10015597"", ""10015597"")",0.629407850964737,"3","19674"
"=HYPERLINK(""https://stackoverflow.com/q/10091657"", ""10091657"")",0.3430831493745401,"0","323"
"=HYPERLINK(""https://stackoverflow.com/q/10235540"", ""10235540"")",0.4735220489119972,"0","1204"
"=HYPERLINK(""https://stackoverflow.com/q/10246043"", ""10246043"")",0.4279467302723117,"0","1351"
"=HYPERLINK(""https://stackoverflow.com/q/10300012"", ""10300012"")",0.7497812773403327,"0","3951"
"=HYPERLINK(""https://stackoverflow.com/q/10620485"", ""10620485"")",0.6737073707370735,"0","2835"
"=HYPERLINK(""https://stackoverflow.com/q/10724649"", ""10724649"")",0.3122543765630584,"0","1662"
"=HYPERLINK(""https://stackoverflow.com/q/10742701"", ""10742701"")",0.3242177876324217,"2","7768"
"=HYPERLINK(""https://stackoverflow.com/q/10921697"", ""10921697"")",0.6004400440044003,"0","1050"
"=HYPERLINK(""https://stackoverflow.com/q/10925635"", ""10925635"")",0.2745299145299145,"0","334"
"=HYPERLINK(""https://stackoverflow.com/q/10947331"", ""10947331"")",0.7100271002710027,"0","3660"
"=HYPERLINK(""https://stackoverflow.com/q/11187695"", ""11187695"")",0.41371158392435,"0","732"
"=HYPERLINK(""https://stackoverflow.com/q/11352593"", ""11352593"")",0.4966285546760482,"0","6134"
"=HYPERLINK(""https://stackoverflow.com/q/11522805"", ""11522805"")",0.5615079365079366,"2","2094"
"=HYPERLINK(""https://stackoverflow.com/q/11755023"", ""11755023"")",0.3497390007457123,"0","1510"
"=HYPERLINK(""https://stackoverflow.com/q/11763093"", ""11763093"")",0.8087606837606838,"1","6509"
"=HYPERLINK(""https://stackoverflow.com/q/11862475"", ""11862475"")",0.5898111550285462,"0","530"
"=HYPERLINK(""https://stackoverflow.com/q/12073619"", ""12073619"")",0.4929404542664211,"0","216"
"=HYPERLINK(""https://stackoverflow.com/q/12095765"", ""12095765"")",0.5299145299145299,"0","2572"
"=HYPERLINK(""https://stackoverflow.com/q/12163564"", ""12163564"")",0.3501539919450367,"3","9513"
"=HYPERLINK(""https://stackoverflow.com/q/12173074"", ""12173074"")",0.5490704712494595,"1","14730"
"=HYPERLINK(""https://stackoverflow.com/q/12280857"", ""12280857"")",0.3937261800058635,"2","15320"
"=HYPERLINK(""https://stackoverflow.com/q/12384939"", ""12384939"")",0.505009107468124,"2","2555"
"=HYPERLINK(""https://stackoverflow.com/q/12405961"", ""12405961"")",0.5538805136795085,"0","963"
"=HYPERLINK(""https://stackoverflow.com/q/12421178"", ""12421178"")",0.6463186077643908,"3","8069"
"=HYPERLINK(""https://stackoverflow.com/q/12691266"", ""12691266"")",0.5654654654654654,"0","7988"
"=HYPERLINK(""https://stackoverflow.com/q/12719192"", ""12719192"")",0.3107177974434612,"2","2738"
"=HYPERLINK(""https://stackoverflow.com/q/12725074"", ""12725074"")",0.4019457245263695,"0","1240"
"=HYPERLINK(""https://stackoverflow.com/q/12898027"", ""12898027"")",0.5275913497390008,"2","1742"
"=HYPERLINK(""https://stackoverflow.com/q/12915748"", ""12915748"")",0.5054734537493156,"1","11209"
"=HYPERLINK(""https://stackoverflow.com/q/13037529"", ""13037529"")",0.3222222222222223,"0","1574"
"=HYPERLINK(""https://stackoverflow.com/q/13195166"", ""13195166"")",0.5151165029847873,"0","1944"
"=HYPERLINK(""https://stackoverflow.com/q/13254971"", ""13254971"")",0.506653359946773,"2","10287"
"=HYPERLINK(""https://stackoverflow.com/q/13268530"", ""13268530"")",0.4427058637584954,"1","4209"
"=HYPERLINK(""https://stackoverflow.com/q/13346605"", ""13346605"")",0.5849426252448922,"1","644"
"=HYPERLINK(""https://stackoverflow.com/q/13346841"", ""13346841"")",0.6133512544802869,"2","4541"
"=HYPERLINK(""https://stackoverflow.com/q/13358324"", ""13358324"")",0.393455098934551,"1","3366"
"=HYPERLINK(""https://stackoverflow.com/q/13365740"", ""13365740"")",0.3330469644902634,"0","226"
"=HYPERLINK(""https://stackoverflow.com/q/13399003"", ""13399003"")",0.5510812826249069,"1","2444"
"=HYPERLINK(""https://stackoverflow.com/q/13409338"", ""13409338"")",0.5093509350935091,"1","176"
"=HYPERLINK(""https://stackoverflow.com/q/13497495"", ""13497495"")",0.6560683760683761,"4","18016"
"=HYPERLINK(""https://stackoverflow.com/q/13572669"", ""13572669"")",0.423564504101417,"1","1705"
"=HYPERLINK(""https://stackoverflow.com/q/13697411"", ""13697411"")",0.4962606837606839,"2","1610"
"=HYPERLINK(""https://stackoverflow.com/q/13764749"", ""13764749"")",0.4615218331171637,"1","529"
"=HYPERLINK(""https://stackoverflow.com/q/13845068"", ""13845068"")",0.3723037882907378,"0","1073"
"=HYPERLINK(""https://stackoverflow.com/q/13920601"", ""13920601"")",0.416912487708948,"0","2017"
"=HYPERLINK(""https://stackoverflow.com/q/14208928"", ""14208928"")",0.3796566245545837,"0","2304"
"=HYPERLINK(""https://stackoverflow.com/q/14231878"", ""14231878"")",0.4980842911877395,"4","4560"
"=HYPERLINK(""https://stackoverflow.com/q/14233344"", ""14233344"")",0.3685636856368562,"0","3517"
"=HYPERLINK(""https://stackoverflow.com/q/14585695"", ""14585695"")",0.2894949494949493,"3","3123"
"=HYPERLINK(""https://stackoverflow.com/q/14933791"", ""14933791"")",0.4057665260196906,"1","640"
"=HYPERLINK(""https://stackoverflow.com/q/14941531"", ""14941531"")",0.3845598845598842,"3","492"
"=HYPERLINK(""https://stackoverflow.com/q/15041259"", ""15041259"")",0.3010543390105434,"1","6071"
"=HYPERLINK(""https://stackoverflow.com/q/15114586"", ""15114586"")",0.407004830917874,"2","35247"
"=HYPERLINK(""https://stackoverflow.com/q/15117798"", ""15117798"")",0.6458585858585857,"1","2676"
"=HYPERLINK(""https://stackoverflow.com/q/15118205"", ""15118205"")",0.8339325457969528,"2","10771"
"=HYPERLINK(""https://stackoverflow.com/q/15265270"", ""15265270"")",0.5448028673835126,"1","1576"
"=HYPERLINK(""https://stackoverflow.com/q/15269246"", ""15269246"")",0.3331407664163298,"0","122"
"=HYPERLINK(""https://stackoverflow.com/q/15341104"", ""15341104"")",0.937564181556788,"5","11431"
"=HYPERLINK(""https://stackoverflow.com/q/15388778"", ""15388778"")",0.3653349234744583,"1","1968"
"=HYPERLINK(""https://stackoverflow.com/q/15738551"", ""15738551"")",0.4146420472951085,"0","255"
"=HYPERLINK(""https://stackoverflow.com/q/15746836"", ""15746836"")",0.429595494111623,"3","3139"
"=HYPERLINK(""https://stackoverflow.com/q/15752381"", ""15752381"")",0.8862538427755816,"0","1062"
"=HYPERLINK(""https://stackoverflow.com/q/15827110"", ""15827110"")",0.2499300307864539,"1","188"
"=HYPERLINK(""https://stackoverflow.com/q/15881773"", ""15881773"")",0.4604040404040402,"0","1674"
"=HYPERLINK(""https://stackoverflow.com/q/15882404"", ""15882404"")",0.2677272166728328,"0","496"
"=HYPERLINK(""https://stackoverflow.com/q/16012808"", ""16012808"")",0.3529152915291528,"1","3737"
"=HYPERLINK(""https://stackoverflow.com/q/16038979"", ""16038979"")",0.3943063522413427,"0","1320"
"=HYPERLINK(""https://stackoverflow.com/q/16083915"", ""16083915"")",0.4348919054801407,"0","1092"
"=HYPERLINK(""https://stackoverflow.com/q/16109797"", ""16109797"")",0.440576652601969,"2","2453"
"=HYPERLINK(""https://stackoverflow.com/q/16144705"", ""16144705"")",0.5217505241090148,"1","825"
"=HYPERLINK(""https://stackoverflow.com/q/16612831"", ""16612831"")",0.4301868239921338,"1","1791"
"=HYPERLINK(""https://stackoverflow.com/q/16661402"", ""16661402"")",0.4474130619168791,"0","3162"
"=HYPERLINK(""https://stackoverflow.com/q/16662088"", ""16662088"")",0.3768613974799542,"0","1422"
"=HYPERLINK(""https://stackoverflow.com/q/16678268"", ""16678268"")",0.5217613927291346,"3","2393"
"=HYPERLINK(""https://stackoverflow.com/q/16687029"", ""16687029"")",0.4581772784019979,"0","5900"
"=HYPERLINK(""https://stackoverflow.com/q/16851966"", ""16851966"")",0.4000647878198898,"0","2369"
"=HYPERLINK(""https://stackoverflow.com/q/16946412"", ""16946412"")",0.5293088363954507,"0","9193"
"=HYPERLINK(""https://stackoverflow.com/q/17173291"", ""17173291"")",0.5433901054339012,"2","26395"
"=HYPERLINK(""https://stackoverflow.com/q/17642450"", ""17642450"")",0.4904341427520237,"0","107"
"=HYPERLINK(""https://stackoverflow.com/q/17826404"", ""17826404"")",0.3367260390161154,"2","502"
"=HYPERLINK(""https://stackoverflow.com/q/17934458"", ""17934458"")",0.4722222222222223,"0","1588"
"=HYPERLINK(""https://stackoverflow.com/q/18012489"", ""18012489"")",0.6809378185524976,"0","612"
"=HYPERLINK(""https://stackoverflow.com/q/18185700"", ""18185700"")",0.4487415592387969,"0","3035"
"=HYPERLINK(""https://stackoverflow.com/q/18219525"", ""18219525"")",0.4693264693264695,"0","832"
"=HYPERLINK(""https://stackoverflow.com/q/18248290"", ""18248290"")",0.4596892406918794,"0","163"
"=HYPERLINK(""https://stackoverflow.com/q/18405399"", ""18405399"")",0.3600600600600599,"0","109"
"=HYPERLINK(""https://stackoverflow.com/q/18529923"", ""18529923"")",0.515839243498818,"0","457"
"=HYPERLINK(""https://stackoverflow.com/q/18724587"", ""18724587"")",0.6153256704980843,"0","178"
"=HYPERLINK(""https://stackoverflow.com/q/18844032"", ""18844032"")",0.4155923879680785,"0","651"
"=HYPERLINK(""https://stackoverflow.com/q/19185963"", ""19185963"")",0.3216697360343769,"0","877"
"=HYPERLINK(""https://stackoverflow.com/q/19267094"", ""19267094"")",0.5836412909583641,"4","7011"
"=HYPERLINK(""https://stackoverflow.com/q/19399492"", ""19399492"")",0.4060060060060057,"0","1554"
"=HYPERLINK(""https://stackoverflow.com/q/19427640"", ""19427640"")",0.3413711583924351,"0","72"
"=HYPERLINK(""https://stackoverflow.com/q/19515687"", ""19515687"")",0.5689628602249962,"0","988"
"=HYPERLINK(""https://stackoverflow.com/q/19555990"", ""19555990"")",0.4109830291386488,"0","45"
"=HYPERLINK(""https://stackoverflow.com/q/19560835"", ""19560835"")",0.4436507936507937,"1","1209"
"=HYPERLINK(""https://stackoverflow.com/q/19619316"", ""19619316"")",0.5464297150176113,"1","1142"
"=HYPERLINK(""https://stackoverflow.com/q/20052384"", ""20052384"")",0.3786578657865784,"0","1994"
"=HYPERLINK(""https://stackoverflow.com/q/20060434"", ""20060434"")",0.3698732289336318,"1","209"
"=HYPERLINK(""https://stackoverflow.com/q/20087827"", ""20087827"")",0.3200945626477542,"0","1025"
"=HYPERLINK(""https://stackoverflow.com/q/20111072"", ""20111072"")",0.394930111348022,"0","1865"
"=HYPERLINK(""https://stackoverflow.com/q/20136525"", ""20136525"")",0.2655957161981259,"0","206"
"=HYPERLINK(""https://stackoverflow.com/q/20185860"", ""20185860"")",0.6594081518704634,"0","2178"
"=HYPERLINK(""https://stackoverflow.com/q/20280339"", ""20280339"")",0.5119573215599706,"1","1800"
"=HYPERLINK(""https://stackoverflow.com/q/20666803"", ""20666803"")",0.3451730418943534,"1","881"
"=HYPERLINK(""https://stackoverflow.com/q/21779367"", ""21779367"")",0.4158981115502854,"1","1877"
"=HYPERLINK(""https://stackoverflow.com/q/21827231"", ""21827231"")",0.3506856982927512,"0","1144"
"=HYPERLINK(""https://stackoverflow.com/q/21888104"", ""21888104"")",0.3621639131843214,"0","188"
"=HYPERLINK(""https://stackoverflow.com/q/21900123"", ""21900123"")",0.3588201603665521,"0","507"
"=HYPERLINK(""https://stackoverflow.com/q/22008522"", ""22008522"")",0.306006006006006,"0","345"
"=HYPERLINK(""https://stackoverflow.com/q/22059737"", ""22059737"")",0.4877089478859392,"0","7001"
"=HYPERLINK(""https://stackoverflow.com/q/22173848"", ""22173848"")",0.3271784904437968,"1","2125"
"=HYPERLINK(""https://stackoverflow.com/q/22190739"", ""22190739"")",0.4915949159491595,"0","206"
"=HYPERLINK(""https://stackoverflow.com/q/22358522"", ""22358522"")",0.4628472222222224,"0","627"
"=HYPERLINK(""https://stackoverflow.com/q/22427084"", ""22427084"")",0.6647754137115839,"0","91"
"=HYPERLINK(""https://stackoverflow.com/q/23079589"", ""23079589"")",0.6276276276276279,"1","1314"
"=HYPERLINK(""https://stackoverflow.com/q/23108740"", ""23108740"")",0.3455988455988454,"4","822"
"=HYPERLINK(""https://stackoverflow.com/q/23680673"", ""23680673"")",0.3505021056041466,"0","715"
"=HYPERLINK(""https://stackoverflow.com/q/24293108"", ""24293108"")",0.2637926610212984,"0","4536"
"=HYPERLINK(""https://stackoverflow.com/q/24432892"", ""24432892"")",0.2788724685276408,"0","459"
"=HYPERLINK(""https://stackoverflow.com/q/24563176"", ""24563176"")",0.4655957161981256,"0","458"
"=HYPERLINK(""https://stackoverflow.com/q/24651736"", ""24651736"")",0.3537594646944884,"0","937"
"=HYPERLINK(""https://stackoverflow.com/q/24881794"", ""24881794"")",0.6174791392182696,"0","217"
"=HYPERLINK(""https://stackoverflow.com/q/25205720"", ""25205720"")",0.5876930742401594,"2","1968"
"=HYPERLINK(""https://stackoverflow.com/q/25274316"", ""25274316"")",0.3220501051826352,"0","72"
"=HYPERLINK(""https://stackoverflow.com/q/25315371"", ""25315371"")",0.7238508867173362,"0","3621"
"=HYPERLINK(""https://stackoverflow.com/q/25499982"", ""25499982"")",0.4298346789696271,"0","4367"
"=HYPERLINK(""https://stackoverflow.com/q/25529277"", ""25529277"")",0.3050951503990178,"2","1475"
"=HYPERLINK(""https://stackoverflow.com/q/25569292"", ""25569292"")",0.3627627627627626,"1","643"
"=HYPERLINK(""https://stackoverflow.com/q/25651103"", ""25651103"")",0.5728715728715726,"1","70"
"=HYPERLINK(""https://stackoverflow.com/q/25790978"", ""25790978"")",0.4722222222222221,"0","587"
"=HYPERLINK(""https://stackoverflow.com/q/26112866"", ""26112866"")",0.7860402022444198,"1","106"
"=HYPERLINK(""https://stackoverflow.com/q/26120323"", ""26120323"")",0.7261800058633832,"0","8114"
"=HYPERLINK(""https://stackoverflow.com/q/26172735"", ""26172735"")",0.3021191294387171,"0","1802"
"=HYPERLINK(""https://stackoverflow.com/q/26493487"", ""26493487"")",0.5455755156353956,"0","1976"
"=HYPERLINK(""https://stackoverflow.com/q/26532130"", ""26532130"")",0.4467731204258149,"1","345"
"=HYPERLINK(""https://stackoverflow.com/q/26546426"", ""26546426"")",0.5875358753587536,"0","70"
"=HYPERLINK(""https://stackoverflow.com/q/26852855"", ""26852855"")",0.5274853801169593,"0","473"
"=HYPERLINK(""https://stackoverflow.com/q/26918668"", ""26918668"")",0.537073707370737,"1","780"
"=HYPERLINK(""https://stackoverflow.com/q/26926371"", ""26926371"")",0.3655446977922548,"0","1024"
"=HYPERLINK(""https://stackoverflow.com/q/26962261"", ""26962261"")",0.4440922697658041,"0","1736"
"=HYPERLINK(""https://stackoverflow.com/q/27009076"", ""27009076"")",0.4824834162520728,"1","1732"
"=HYPERLINK(""https://stackoverflow.com/q/27023342"", ""27023342"")",0.8329817158931082,"0","3861"
"=HYPERLINK(""https://stackoverflow.com/q/27158500"", ""27158500"")",0.5514529914529913,"1","213"
"=HYPERLINK(""https://stackoverflow.com/q/27301574"", ""27301574"")",0.5284952849528497,"0","919"
"=HYPERLINK(""https://stackoverflow.com/q/27364608"", ""27364608"")",0.6494949494949495,"0","1589"
"=HYPERLINK(""https://stackoverflow.com/q/27471133"", ""27471133"")",0.6114437791084496,"2","1737"
"=HYPERLINK(""https://stackoverflow.com/q/27481258"", ""27481258"")",0.5936507936507935,"0","957"
"=HYPERLINK(""https://stackoverflow.com/q/27803328"", ""27803328"")",0.2405708460754332,"1","215"
"=HYPERLINK(""https://stackoverflow.com/q/27944715"", ""27944715"")",0.7330330330330327,"2","1536"
"=HYPERLINK(""https://stackoverflow.com/q/28032972"", ""28032972"")",0.2434988179669031,"2","2645"
"=HYPERLINK(""https://stackoverflow.com/q/28112249"", ""28112249"")",0.3083149374540103,"0","612"
"=HYPERLINK(""https://stackoverflow.com/q/28139653"", ""28139653"")",0.4964604493690366,"1","1531"
"=HYPERLINK(""https://stackoverflow.com/q/28242824"", ""28242824"")",0.393230149742041,"0","65"
"=HYPERLINK(""https://stackoverflow.com/q/28409946"", ""28409946"")",0.3907366346390735,"0","1284"
"=HYPERLINK(""https://stackoverflow.com/q/28570755"", ""28570755"")",0.5243498817966904,"1","68"
"=HYPERLINK(""https://stackoverflow.com/q/29130406"", ""29130406"")",0.310290404040404,"0","458"
"=HYPERLINK(""https://stackoverflow.com/q/29179860"", ""29179860"")",0.4674145299145301,"0","1056"
"=HYPERLINK(""https://stackoverflow.com/q/29295490"", ""29295490"")",0.8061916878710774,"1","125"
"=HYPERLINK(""https://stackoverflow.com/q/29329922"", ""29329922"")",0.614182021217197,"0","3749"
"=HYPERLINK(""https://stackoverflow.com/q/29348839"", ""29348839"")",0.810008481764207,"0","1321"
"=HYPERLINK(""https://stackoverflow.com/q/29619511"", ""29619511"")",0.4517736734095574,"2","3495"
"=HYPERLINK(""https://stackoverflow.com/q/29776637"", ""29776637"")",0.5959064327485379,"1","1512"
"=HYPERLINK(""https://stackoverflow.com/q/29810380"", ""29810380"")",0.6494739543238387,"0","1842"
"=HYPERLINK(""https://stackoverflow.com/q/29921107"", ""29921107"")",0.6453960257486704,"0","2238"
"=HYPERLINK(""https://stackoverflow.com/q/30168527"", ""30168527"")",0.3064794284306479,"1","42"
"=HYPERLINK(""https://stackoverflow.com/q/30208583"", ""30208583"")",0.3145299145299146,"0","278"
"=HYPERLINK(""https://stackoverflow.com/q/30254380"", ""30254380"")",0.4186957738595017,"0","4482"
"=HYPERLINK(""https://stackoverflow.com/q/30821845"", ""30821845"")",0.4877089478859391,"0","655"
"=HYPERLINK(""https://stackoverflow.com/q/30897570"", ""30897570"")",0.6272855133614627,"0","5470"
"=HYPERLINK(""https://stackoverflow.com/q/30942996"", ""30942996"")",0.5497785480454459,"1","129"
"=HYPERLINK(""https://stackoverflow.com/q/31141565"", ""31141565"")",0.3655411877394636,"0","136"
"=HYPERLINK(""https://stackoverflow.com/q/31587401"", ""31587401"")",0.8865820838139175,"0","256"
"=HYPERLINK(""https://stackoverflow.com/q/31718556"", ""31718556"")",0.4825956662056248,"0","805"
"=HYPERLINK(""https://stackoverflow.com/q/31729235"", ""31729235"")",0.5316144874155925,"1","73"
"=HYPERLINK(""https://stackoverflow.com/q/31838520"", ""31838520"")",0.7674117265954002,"1","2828"
"=HYPERLINK(""https://stackoverflow.com/q/31918496"", ""31918496"")",0.3741209563994373,"2","987"
"=HYPERLINK(""https://stackoverflow.com/q/31981894"", ""31981894"")",0.5236928104575164,"0","38"
"=HYPERLINK(""https://stackoverflow.com/q/32055568"", ""32055568"")",0.432748538011696,"1","786"
"=HYPERLINK(""https://stackoverflow.com/q/32189961"", ""32189961"")",0.7097568482610034,"0","3887"
"=HYPERLINK(""https://stackoverflow.com/q/32216153"", ""32216153"")",0.2340511576180366,"0","198"
"=HYPERLINK(""https://stackoverflow.com/q/32218617"", ""32218617"")",0.5622726000559753,"0","1277"
"=HYPERLINK(""https://stackoverflow.com/q/32522026"", ""32522026"")",0.3479707252162342,"1","561"
"=HYPERLINK(""https://stackoverflow.com/q/32596588"", ""32596588"")",0.5426642111724985,"0","1175"
"=HYPERLINK(""https://stackoverflow.com/q/32659366"", ""32659366"")",0.6520094562647752,"0","3702"
"=HYPERLINK(""https://stackoverflow.com/q/32704962"", ""32704962"")",0.3619281045751633,"0","814"
"=HYPERLINK(""https://stackoverflow.com/q/32708157"", ""32708157"")",0.4612892776158083,"2","3677"
"=HYPERLINK(""https://stackoverflow.com/q/32866354"", ""32866354"")",0.4394353369763207,"1","1345"
"=HYPERLINK(""https://stackoverflow.com/q/32962480"", ""32962480"")",0.4158103849842443,"1","1835"
"=HYPERLINK(""https://stackoverflow.com/q/33069460"", ""33069460"")",0.4466611249653643,"0","152"
"=HYPERLINK(""https://stackoverflow.com/q/33300358"", ""33300358"")",0.4359626802374897,"1","6860"
"=HYPERLINK(""https://stackoverflow.com/q/33340018"", ""33340018"")",0.6770327178490444,"0","454"
"=HYPERLINK(""https://stackoverflow.com/q/33364193"", ""33364193"")",0.5171530977982589,"0","1466"
"=HYPERLINK(""https://stackoverflow.com/q/33565541"", ""33565541"")",0.6065434459315914,"1","1158"
"=HYPERLINK(""https://stackoverflow.com/q/33739894"", ""33739894"")",0.6116452991452993,"1","1750"
"=HYPERLINK(""https://stackoverflow.com/q/33979683"", ""33979683"")",0.4583845838458384,"0","1427"
"=HYPERLINK(""https://stackoverflow.com/q/34224046"", ""34224046"")",0.4217296113847838,"1","1958"
"=HYPERLINK(""https://stackoverflow.com/q/34343502"", ""34343502"")",0.4018231091401819,"0","141"
"=HYPERLINK(""https://stackoverflow.com/q/34367117"", ""34367117"")",0.5665801988759187,"0","998"
"=HYPERLINK(""https://stackoverflow.com/q/34675119"", ""34675119"")",0.2985581000848177,"0","45"
"=HYPERLINK(""https://stackoverflow.com/q/34799289"", ""34799289"")",0.3897479954180984,"0","978"
"=HYPERLINK(""https://stackoverflow.com/q/34939142"", ""34939142"")",0.3500631313131313,"0","335"
"=HYPERLINK(""https://stackoverflow.com/q/34991918"", ""34991918"")",0.3368467281510759,"0","324"
"=HYPERLINK(""https://stackoverflow.com/q/35341305"", ""35341305"")",0.3022222222222221,"2","1163"
"=HYPERLINK(""https://stackoverflow.com/q/35358517"", ""35358517"")",0.3572704537334763,"0","2304"
"=HYPERLINK(""https://stackoverflow.com/q/35873818"", ""35873818"")",0.6305267204921184,"0","219"
"=HYPERLINK(""https://stackoverflow.com/q/35894935"", ""35894935"")",0.5038677918424753,"0","494"
"=HYPERLINK(""https://stackoverflow.com/q/35926703"", ""35926703"")",0.5824237335572346,"0","162"
"=HYPERLINK(""https://stackoverflow.com/q/36063304"", ""36063304"")",0.6992096699209667,"1","3568"
"=HYPERLINK(""https://stackoverflow.com/q/36361858"", ""36361858"")",0.3789042498719917,"0","54"
"=HYPERLINK(""https://stackoverflow.com/q/36594590"", ""36594590"")",0.4168330006653359,"1","595"
"=HYPERLINK(""https://stackoverflow.com/q/36688147"", ""36688147"")",0.3537101114955784,"0","1305"
"=HYPERLINK(""https://stackoverflow.com/q/36725529"", ""36725529"")",0.2293855460044572,"0","196"
"=HYPERLINK(""https://stackoverflow.com/q/37045985"", ""37045985"")",0.4279184247538677,"0","800"
"=HYPERLINK(""https://stackoverflow.com/q/37475934"", ""37475934"")",0.4604772557792694,"0","1034"
"=HYPERLINK(""https://stackoverflow.com/q/37988159"", ""37988159"")",0.7494188749418875,"1","71"
"=HYPERLINK(""https://stackoverflow.com/q/38119536"", ""38119536"")",0.3902483233641473,"0","1058"
"=HYPERLINK(""https://stackoverflow.com/q/38126505"", ""38126505"")",0.3217328258111293,"1","122"
"=HYPERLINK(""https://stackoverflow.com/q/38190756"", ""38190756"")",0.622790404040404,"0","193"
"=HYPERLINK(""https://stackoverflow.com/q/38246123"", ""38246123"")",0.6589310829817158,"2","6675"
"=HYPERLINK(""https://stackoverflow.com/q/38287669"", ""38287669"")",0.5249249249249248,"0","26"
"=HYPERLINK(""https://stackoverflow.com/q/38434583"", ""38434583"")",0.922547955121245,"0","645"
"=HYPERLINK(""https://stackoverflow.com/q/38458884"", ""38458884"")",0.6486928104575163,"0","953"
"=HYPERLINK(""https://stackoverflow.com/q/38495655"", ""38495655"")",0.6122222222222218,"1","1006"
"=HYPERLINK(""https://stackoverflow.com/q/38540357"", ""38540357"")",0.6074681238615663,"1","45"
"=HYPERLINK(""https://stackoverflow.com/q/38711243"", ""38711243"")",0.4362443624436246,"0","854"
"=HYPERLINK(""https://stackoverflow.com/q/38878094"", ""38878094"")",0.9307093070930708,"0","1476"
"=HYPERLINK(""https://stackoverflow.com/q/38957117"", ""38957117"")",0.5944994499449944,"4","11436"
"=HYPERLINK(""https://stackoverflow.com/q/38999502"", ""38999502"")",0.5287548855388049,"0","6103"
"=HYPERLINK(""https://stackoverflow.com/q/39017066"", ""39017066"")",0.9289529914529916,"2","3047"
"=HYPERLINK(""https://stackoverflow.com/q/39083519"", ""39083519"")",0.9180747567844338,"0","1439"
"=HYPERLINK(""https://stackoverflow.com/q/39084001"", ""39084001"")",0.4620127981384525,"1","661"
"=HYPERLINK(""https://stackoverflow.com/q/39084626"", ""39084626"")",0.5329880379824887,"0","418"
"=HYPERLINK(""https://stackoverflow.com/q/39232392"", ""39232392"")",0.4993306559571622,"5","209"
"=HYPERLINK(""https://stackoverflow.com/q/39318510"", ""39318510"")",0.8853801169590644,"0","143"
"=HYPERLINK(""https://stackoverflow.com/q/39489978"", ""39489978"")",0.4717601150133498,"0","637"
"=HYPERLINK(""https://stackoverflow.com/q/39716901"", ""39716901"")",0.6209952283571913,"0","256"
"=HYPERLINK(""https://stackoverflow.com/q/39857845"", ""39857845"")",0.7507936507936506,"0","88"
"=HYPERLINK(""https://stackoverflow.com/q/39914482"", ""39914482"")",0.3886087768440709,"0","1270"
"=HYPERLINK(""https://stackoverflow.com/q/39946701"", ""39946701"")",0.370005473453749,"0","1327"
"=HYPERLINK(""https://stackoverflow.com/q/40099867"", ""40099867"")",0.2676767676767675,"0","3640"
"=HYPERLINK(""https://stackoverflow.com/q/40129361"", ""40129361"")",0.4886582083813919,"1","508"
"=HYPERLINK(""https://stackoverflow.com/q/40133136"", ""40133136"")",0.64932694501483,"0","676"
"=HYPERLINK(""https://stackoverflow.com/q/40187616"", ""40187616"")",0.4265023778642454,"0","96"
"=HYPERLINK(""https://stackoverflow.com/q/40467223"", ""40467223"")",0.3062930186823992,"0","750"
"=HYPERLINK(""https://stackoverflow.com/q/40475487"", ""40475487"")",0.226048752834467,"0","202"
"=HYPERLINK(""https://stackoverflow.com/q/40589959"", ""40589959"")",0.5239813561870398,"1","1042"
"=HYPERLINK(""https://stackoverflow.com/q/40621892"", ""40621892"")",0.5248538011695907,"1","5545"
"=HYPERLINK(""https://stackoverflow.com/q/40745328"", ""40745328"")",0.3830262423227245,"0","649"
"=HYPERLINK(""https://stackoverflow.com/q/40897380"", ""40897380"")",0.4717271727172716,"0","119"
"=HYPERLINK(""https://stackoverflow.com/q/40970382"", ""40970382"")",0.3956539565395655,"1","593"
"=HYPERLINK(""https://stackoverflow.com/q/41039067"", ""41039067"")",0.5144097222222224,"0","95"
"=HYPERLINK(""https://stackoverflow.com/q/41365739"", ""41365739"")",0.4198270126413838,"0","633"
"=HYPERLINK(""https://stackoverflow.com/q/41700495"", ""41700495"")",0.3624436244362445,"0","289"
"=HYPERLINK(""https://stackoverflow.com/q/41706620"", ""41706620"")",0.5371011149557862,"1","602"
"=HYPERLINK(""https://stackoverflow.com/q/41716211"", ""41716211"")",0.3538011695906433,"1","802"
"=HYPERLINK(""https://stackoverflow.com/q/41806580"", ""41806580"")",0.4365079365079364,"2","5260"
"=HYPERLINK(""https://stackoverflow.com/q/41898098"", ""41898098"")",0.6214103142384606,"0","1313"
"=HYPERLINK(""https://stackoverflow.com/q/42021863"", ""42021863"")",0.4478859390363818,"0","1677"
"=HYPERLINK(""https://stackoverflow.com/q/42113742"", ""42113742"")",0.3329092451229861,"2","2825"
"=HYPERLINK(""https://stackoverflow.com/q/42234100"", ""42234100"")",0.4792976939203356,"0","2203"
"=HYPERLINK(""https://stackoverflow.com/q/42259848"", ""42259848"")",0.4269202087994036,"0","317"
"=HYPERLINK(""https://stackoverflow.com/q/42368231"", ""42368231"")",0.3809048569527611,"0","367"
"=HYPERLINK(""https://stackoverflow.com/q/42381313"", ""42381313"")",0.6361566484517305,"0","1685"
"=HYPERLINK(""https://stackoverflow.com/q/42496866"", ""42496866"")",0.6741172659540008,"0","520"
"=HYPERLINK(""https://stackoverflow.com/q/42503229"", ""42503229"")",0.6654355186211143,"1","243"
"=HYPERLINK(""https://stackoverflow.com/q/42568916"", ""42568916"")",0.4921608725289706,"0","4500"
"=HYPERLINK(""https://stackoverflow.com/q/42576725"", ""42576725"")",0.4109830291386488,"0","348"
"=HYPERLINK(""https://stackoverflow.com/q/42581973"", ""42581973"")",0.3903331407664164,"0","1589"
"=HYPERLINK(""https://stackoverflow.com/q/42904371"", ""42904371"")",0.4222222222222223,"0","724"
"=HYPERLINK(""https://stackoverflow.com/q/43049540"", ""43049540"")",0.4532348804500703,"0","497"
"=HYPERLINK(""https://stackoverflow.com/q/43367047"", ""43367047"")",0.6953929539295396,"0","3454"
"=HYPERLINK(""https://stackoverflow.com/q/43513118"", ""43513118"")",0.5524974515800204,"0","1774"
"=HYPERLINK(""https://stackoverflow.com/q/43544785"", ""43544785"")",0.280531260123097,"0","3537"
"=HYPERLINK(""https://stackoverflow.com/q/43653205"", ""43653205"")",0.4054283290924513,"0","35"
"=HYPERLINK(""https://stackoverflow.com/q/43682819"", ""43682819"")",0.554245797860729,"1","2766"
"=HYPERLINK(""https://stackoverflow.com/q/43723461"", ""43723461"")",0.7140788997466522,"0","1035"
"=HYPERLINK(""https://stackoverflow.com/q/43726402"", ""43726402"")",0.421579135405502,"2","1017"
"=HYPERLINK(""https://stackoverflow.com/q/43794313"", ""43794313"")",0.534439416792358,"0","3899"
"=HYPERLINK(""https://stackoverflow.com/q/43944348"", ""43944348"")",0.5894788593903639,"5","7301"
"=HYPERLINK(""https://stackoverflow.com/q/44028764"", ""44028764"")",0.4145299145299147,"2","4655"
"=HYPERLINK(""https://stackoverflow.com/q/44073343"", ""44073343"")",0.5500910746812389,"2","2786"
"=HYPERLINK(""https://stackoverflow.com/q/44127791"", ""44127791"")",0.3239921337266473,"0","802"
"=HYPERLINK(""https://stackoverflow.com/q/44141670"", ""44141670"")",0.4670675830469644,"0","1191"
"=HYPERLINK(""https://stackoverflow.com/q/44201692"", ""44201692"")",0.3943533697632061,"0","1516"
"=HYPERLINK(""https://stackoverflow.com/q/44262030"", ""44262030"")",0.7256864254554785,"0","1453"
"=HYPERLINK(""https://stackoverflow.com/q/44375510"", ""44375510"")",0.3487044356609572,"0","52"
"=HYPERLINK(""https://stackoverflow.com/q/44465253"", ""44465253"")",0.496274700356333,"0","203"
"=HYPERLINK(""https://stackoverflow.com/q/44544758"", ""44544758"")",0.6360153256704981,"0","115"
"=HYPERLINK(""https://stackoverflow.com/q/44678115"", ""44678115"")",0.4560683760683762,"0","329"
"=HYPERLINK(""https://stackoverflow.com/q/44850853"", ""44850853"")",0.5091540404040403,"0","45"
"=HYPERLINK(""https://stackoverflow.com/q/44891945"", ""44891945"")",0.9038831218762012,"3","1218"
"=HYPERLINK(""https://stackoverflow.com/q/45082618"", ""45082618"")",0.4071334648257725,"1","7208"
"=HYPERLINK(""https://stackoverflow.com/q/45176386"", ""45176386"")",0.2579805452801753,"2","9369"
"=HYPERLINK(""https://stackoverflow.com/q/45246538"", ""45246538"")",0.3780663780663781,"0","47"
"=HYPERLINK(""https://stackoverflow.com/q/45283860"", ""45283860"")",0.3860776439089689,"0","601"
"=HYPERLINK(""https://stackoverflow.com/q/45512648"", ""45512648"")",0.431899641577061,"0","591"
"=HYPERLINK(""https://stackoverflow.com/q/45663269"", ""45663269"")",0.520977408944214,"3","1373"
"=HYPERLINK(""https://stackoverflow.com/q/45756196"", ""45756196"")",0.493158182813355,"2","3124"
"=HYPERLINK(""https://stackoverflow.com/q/46374345"", ""46374345"")",0.314203354297694,"0","1706"
"=HYPERLINK(""https://stackoverflow.com/q/46521961"", ""46521961"")",0.5009107468123862,"0","584"
"=HYPERLINK(""https://stackoverflow.com/q/46523076"", ""46523076"")",0.4619129438717066,"0","537"
"=HYPERLINK(""https://stackoverflow.com/q/46803707"", ""46803707"")",0.3019097222222223,"0","92"
"=HYPERLINK(""https://stackoverflow.com/q/46945536"", ""46945536"")",0.7422222222222222,"0","1684"
"=HYPERLINK(""https://stackoverflow.com/q/46991653"", ""46991653"")",0.5961834410587873,"0","441"
"=HYPERLINK(""https://stackoverflow.com/q/47164962"", ""47164962"")",0.5336409073433296,"0","536"
"=HYPERLINK(""https://stackoverflow.com/q/47298843"", ""47298843"")",0.4043650793650794,"0","304"
"=HYPERLINK(""https://stackoverflow.com/q/47511023"", ""47511023"")",0.605621431708388,"0","3277"
"=HYPERLINK(""https://stackoverflow.com/q/47548015"", ""47548015"")",0.4803484172509029,"0","1312"
"=HYPERLINK(""https://stackoverflow.com/q/47580419"", ""47580419"")",0.3519690576652602,"0","346"
"=HYPERLINK(""https://stackoverflow.com/q/47643949"", ""47643949"")",0.259958071278826,"0","114"
"=HYPERLINK(""https://stackoverflow.com/q/47686130"", ""47686130"")",0.3538011695906435,"0","352"
"=HYPERLINK(""https://stackoverflow.com/q/47729027"", ""47729027"")",0.6208071278825996,"0","467"
"=HYPERLINK(""https://stackoverflow.com/q/47786351"", ""47786351"")",0.7514529914529917,"0","1172"
"=HYPERLINK(""https://stackoverflow.com/q/47795736"", ""47795736"")",0.3826564803645624,"0","78"
"=HYPERLINK(""https://stackoverflow.com/q/47877296"", ""47877296"")",0.3536390600045628,"1","994"
"=HYPERLINK(""https://stackoverflow.com/q/48091397"", ""48091397"")",0.3853801169590642,"0","213"
"=HYPERLINK(""https://stackoverflow.com/q/48233239"", ""48233239"")",0.4441437377837921,"1","848"
"=HYPERLINK(""https://stackoverflow.com/q/48269562"", ""48269562"")",0.3181631816318164,"2","669"
"=HYPERLINK(""https://stackoverflow.com/q/48349543"", ""48349543"")",0.311626195732156,"0","907"
"=HYPERLINK(""https://stackoverflow.com/q/48449536"", ""48449536"")",0.4689109639440765,"0","504"
"=HYPERLINK(""https://stackoverflow.com/q/48557497"", ""48557497"")",0.2357154755955355,"0","188"
"=HYPERLINK(""https://stackoverflow.com/q/48572694"", ""48572694"")",0.5869638635596084,"0","158"
"=HYPERLINK(""https://stackoverflow.com/q/48775484"", ""48775484"")",0.3711921112871985,"0","406"
"=HYPERLINK(""https://stackoverflow.com/q/48819202"", ""48819202"")",0.3177853621539627,"0","395"
"=HYPERLINK(""https://stackoverflow.com/q/48909184"", ""48909184"")",0.3345216874628639,"2","5174"
"=HYPERLINK(""https://stackoverflow.com/q/49200336"", ""49200336"")",0.4249871991807472,"0","84"
"=HYPERLINK(""https://stackoverflow.com/q/49257889"", ""49257889"")",0.3030492898913951,"0","434"
"=HYPERLINK(""https://stackoverflow.com/q/49384003"", ""49384003"")",0.5670498084291188,"0","170"
"=HYPERLINK(""https://stackoverflow.com/q/49393178"", ""49393178"")",0.384958071278826,"0","949"
"=HYPERLINK(""https://stackoverflow.com/q/49402922"", ""49402922"")",0.3902894491129784,"2","536"
"=HYPERLINK(""https://stackoverflow.com/q/49427819"", ""49427819"")",0.622222222222222,"0","759"
"=HYPERLINK(""https://stackoverflow.com/q/49667767"", ""49667767"")",0.4600072385088671,"0","594"
"=HYPERLINK(""https://stackoverflow.com/q/49728215"", ""49728215"")",0.8222222222222221,"0","408"
"=HYPERLINK(""https://stackoverflow.com/q/49794338"", ""49794338"")",0.3760683760683762,"0","51"
"=HYPERLINK(""https://stackoverflow.com/q/49909501"", ""49909501"")",0.3607903515524761,"0","678"
"=HYPERLINK(""https://stackoverflow.com/q/49952827"", ""49952827"")",0.4101740294511377,"0","773"
"=HYPERLINK(""https://stackoverflow.com/q/49980677"", ""49980677"")",0.6328182487122886,"0","1420"
"=HYPERLINK(""https://stackoverflow.com/q/50123710"", ""50123710"")",0.5053348050036792,"0","42"
"=HYPERLINK(""https://stackoverflow.com/q/50135326"", ""50135326"")",0.3396718866517526,"1","1225"
"=HYPERLINK(""https://stackoverflow.com/q/50169459"", ""50169459"")",0.7253867791842475,"0","962"
"=HYPERLINK(""https://stackoverflow.com/q/50304474"", ""50304474"")",0.3732289336316183,"1","292"
"=HYPERLINK(""https://stackoverflow.com/q/50313982"", ""50313982"")",0.7649357900614182,"2","1593"
"=HYPERLINK(""https://stackoverflow.com/q/50345818"", ""50345818"")",0.3794802867383512,"0","497"
"=HYPERLINK(""https://stackoverflow.com/q/50404488"", ""50404488"")",0.5707286233602026,"2","1246"
"=HYPERLINK(""https://stackoverflow.com/q/50552062"", ""50552062"")",0.5216234198270124,"3","11124"
"=HYPERLINK(""https://stackoverflow.com/q/50588589"", ""50588589"")",0.6270665128796618,"0","409"
"=HYPERLINK(""https://stackoverflow.com/q/50803792"", ""50803792"")",0.5007936507936509,"0","30"
"=HYPERLINK(""https://stackoverflow.com/q/50831920"", ""50831920"")",0.2666196852243364,"0","68"
"=HYPERLINK(""https://stackoverflow.com/q/50875313"", ""50875313"")",0.5226706527154956,"0","1926"
"=HYPERLINK(""https://stackoverflow.com/q/50888661"", ""50888661"")",0.6081282624906789,"0","520"
"=HYPERLINK(""https://stackoverflow.com/q/51020205"", ""51020205"")",0.4842911877394635,"0","84"
"=HYPERLINK(""https://stackoverflow.com/q/51053601"", ""51053601"")",0.3532045899804085,"0","1114"
"=HYPERLINK(""https://stackoverflow.com/q/51178290"", ""51178290"")",0.437205935577271,"0","1494"
"=HYPERLINK(""https://stackoverflow.com/q/51376510"", ""51376510"")",0.6739267676767675,"0","54"
"=HYPERLINK(""https://stackoverflow.com/q/51402436"", ""51402436"")",0.405354752342704,"0","236"
"=HYPERLINK(""https://stackoverflow.com/q/51405472"", ""51405472"")",0.5623861566484518,"1","1098"
"=HYPERLINK(""https://stackoverflow.com/q/51532404"", ""51532404"")",0.4671886651752425,"3","187"
"=HYPERLINK(""https://stackoverflow.com/q/51635242"", ""51635242"")",0.4203789042498719,"1","536"
"=HYPERLINK(""https://stackoverflow.com/q/51765073"", ""51765073"")",0.8538011695906433,"0","282"
"=HYPERLINK(""https://stackoverflow.com/q/51766588"", ""51766588"")",0.4526570048309173,"1","320"
"=HYPERLINK(""https://stackoverflow.com/q/51822703"", ""51822703"")",0.3566561844863731,"1","2138"
"=HYPERLINK(""https://stackoverflow.com/q/52095908"", ""52095908"")",0.447054436987323,"1","928"
"=HYPERLINK(""https://stackoverflow.com/q/52183827"", ""52183827"")",0.546321945213912,"1","291"
"=HYPERLINK(""https://stackoverflow.com/q/52191591"", ""52191591"")",0.6959064327485383,"1","99"
"=HYPERLINK(""https://stackoverflow.com/q/52223085"", ""52223085"")",0.3168168168168169,"1","726"
"=HYPERLINK(""https://stackoverflow.com/q/52294343"", ""52294343"")",0.2750391236306729,"0","49"
"=HYPERLINK(""https://stackoverflow.com/q/52367850"", ""52367850"")",0.407936507936508,"1","2947"
"=HYPERLINK(""https://stackoverflow.com/q/52392169"", ""52392169"")",0.4518061975689096,"1","94"
"=HYPERLINK(""https://stackoverflow.com/q/52552617"", ""52552617"")",0.5845984598459845,"0","495"
"=HYPERLINK(""https://stackoverflow.com/q/52559792"", ""52559792"")",0.6424176619616359,"0","2784"
"=HYPERLINK(""https://stackoverflow.com/q/52586782"", ""52586782"")",0.4565692705227591,"2","2240"
"=HYPERLINK(""https://stackoverflow.com/q/52612424"", ""52612424"")",0.4222222222222222,"0","128"
"=HYPERLINK(""https://stackoverflow.com/q/52653225"", ""52653225"")",0.5605455755156349,"0","76"
"=HYPERLINK(""https://stackoverflow.com/q/52671143"", ""52671143"")",0.5293088363954507,"1","44"
"=HYPERLINK(""https://stackoverflow.com/q/52718924"", ""52718924"")",0.4282523729759907,"1","32"
"=HYPERLINK(""https://stackoverflow.com/q/52877464"", ""52877464"")",0.4307328605200947,"0","2333"
"=HYPERLINK(""https://stackoverflow.com/q/52880268"", ""52880268"")",0.2849837284983727,"1","190"
"=HYPERLINK(""https://stackoverflow.com/q/53132081"", ""53132081"")",0.5176068376068376,"0","1315"
"=HYPERLINK(""https://stackoverflow.com/q/53277144"", ""53277144"")",0.4328652377432863,"0","74"
"=HYPERLINK(""https://stackoverflow.com/q/53721835"", ""53721835"")",0.3262083574041979,"0","900"
"=HYPERLINK(""https://stackoverflow.com/q/53727956"", ""53727956"")",0.6620956399437412,"1","415"
"=HYPERLINK(""https://stackoverflow.com/q/53934730"", ""53934730"")",0.7881796690307328,"1","1278"
"=HYPERLINK(""https://stackoverflow.com/q/54102548"", ""54102548"")",0.4042305904230588,"0","114"
"=HYPERLINK(""https://stackoverflow.com/q/54305723"", ""54305723"")",0.5145299145299145,"0","992"
"=HYPERLINK(""https://stackoverflow.com/q/54376850"", ""54376850"")",0.4206758304696449,"0","323"
"=HYPERLINK(""https://stackoverflow.com/q/54380637"", ""54380637"")",0.3886000385133834,"0","728"
"=HYPERLINK(""https://stackoverflow.com/q/54420682"", ""54420682"")",0.5091940532081378,"0","22"
"=HYPERLINK(""https://stackoverflow.com/q/54636923"", ""54636923"")",0.4313476975073934,"0","588"
"=HYPERLINK(""https://stackoverflow.com/q/54658667"", ""54658667"")",0.6032333196328263,"0","3376"
"=HYPERLINK(""https://stackoverflow.com/q/54689725"", ""54689725"")",0.5964737192282098,"0","874"
"=HYPERLINK(""https://stackoverflow.com/q/54700894"", ""54700894"")",0.4661246612466123,"1","579"
"=HYPERLINK(""https://stackoverflow.com/q/54884332"", ""54884332"")",0.5678104575163399,"0","488"
"=HYPERLINK(""https://stackoverflow.com/q/55401139"", ""55401139"")",0.5448028673835127,"1","1087"
"=HYPERLINK(""https://stackoverflow.com/q/55454188"", ""55454188"")",0.4817642069550468,"1","1010"
"=HYPERLINK(""https://stackoverflow.com/q/55643518"", ""55643518"")",0.3300939423388404,"0","184"
"=HYPERLINK(""https://stackoverflow.com/q/55723596"", ""55723596"")",0.4610511898647492,"0","717"
"=HYPERLINK(""https://stackoverflow.com/q/55864427"", ""55864427"")",0.8557449494949495,"1","2963"
"=HYPERLINK(""https://stackoverflow.com/q/56001929"", ""56001929"")",0.5766776677667768,"1","50"
"=HYPERLINK(""https://stackoverflow.com/q/56123356"", ""56123356"")",0.7978679786797866,"1","3097"
"=HYPERLINK(""https://stackoverflow.com/q/56173607"", ""56173607"")",0.2391935015955904,"0","606"
"=HYPERLINK(""https://stackoverflow.com/q/56241556"", ""56241556"")",0.2094949494949494,"0","201"
"=HYPERLINK(""https://stackoverflow.com/q/56276882"", ""56276882"")",0.2188665175242357,"0","495"
"=HYPERLINK(""https://stackoverflow.com/q/56300833"", ""56300833"")",0.5731457050718265,"0","617"
"=HYPERLINK(""https://stackoverflow.com/q/56441380"", ""56441380"")",0.4205415499533145,"1","106"
"=HYPERLINK(""https://stackoverflow.com/q/56586026"", ""56586026"")",0.4111623143881207,"0","259"
"=HYPERLINK(""https://stackoverflow.com/q/56600155"", ""56600155"")",0.6323604710701483,"0","173"
"=HYPERLINK(""https://stackoverflow.com/q/56631364"", ""56631364"")",0.6651287966166859,"1","3331"
"=HYPERLINK(""https://stackoverflow.com/q/56651487"", ""56651487"")",0.5801169590643276,"0","176"
"=HYPERLINK(""https://stackoverflow.com/q/56717423"", ""56717423"")",0.4806837606837606,"2","4227"
"=HYPERLINK(""https://stackoverflow.com/q/56896965"", ""56896965"")",0.4365079365079362,"0","1121"
"=HYPERLINK(""https://stackoverflow.com/q/57218582"", ""57218582"")",0.4133986928104575,"0","57"
"=HYPERLINK(""https://stackoverflow.com/q/57372987"", ""57372987"")",0.3446240697972799,"0","74"
"=HYPERLINK(""https://stackoverflow.com/q/57424236"", ""57424236"")",0.3676767676767675,"0","677"
"=HYPERLINK(""https://stackoverflow.com/q/57432558"", ""57432558"")",0.4079365079365081,"1","2416"
"=HYPERLINK(""https://stackoverflow.com/q/57447074"", ""57447074"")",0.3964796479647963,"0","45"
"=HYPERLINK(""https://stackoverflow.com/q/57595157"", ""57595157"")",0.461690071446169,"1","144"
"=HYPERLINK(""https://stackoverflow.com/q/57654379"", ""57654379"")",0.2703393770339375,"2","374"
"=HYPERLINK(""https://stackoverflow.com/q/57752983"", ""57752983"")",0.3312088379009984,"0","71"
"=HYPERLINK(""https://stackoverflow.com/q/57757290"", ""57757290"")",0.5502765208647561,"0","494"
"=HYPERLINK(""https://stackoverflow.com/q/57807480"", ""57807480"")",0.2877959927140255,"0","211"
"=HYPERLINK(""https://stackoverflow.com/q/57866151"", ""57866151"")",0.3920335429769391,"0","27"
"=HYPERLINK(""https://stackoverflow.com/q/57973292"", ""57973292"")",0.850129198966408,"0","37"
"=HYPERLINK(""https://stackoverflow.com/q/57978040"", ""57978040"")",0.4107619634421853,"0","36"
"=HYPERLINK(""https://stackoverflow.com/q/57980861"", ""57980861"")",0.5606837606837606,"0","683"
"=HYPERLINK(""https://stackoverflow.com/q/58015164"", ""58015164"")",0.5678869621066155,"3","220"
"=HYPERLINK(""https://stackoverflow.com/q/58074597"", ""58074597"")",0.4587491683300067,"0","245"
"=HYPERLINK(""https://stackoverflow.com/q/58080006"", ""58080006"")",0.555048969942587,"2","129"
"=HYPERLINK(""https://stackoverflow.com/q/58106118"", ""58106118"")",0.3943533697632058,"0","61"
"=HYPERLINK(""https://stackoverflow.com/q/58310554"", ""58310554"")",0.6687166871668718,"0","60"
"=HYPERLINK(""https://stackoverflow.com/q/58375533"", ""58375533"")",0.594315245478036,"1","771"
"=HYPERLINK(""https://stackoverflow.com/q/58457054"", ""58457054"")",0.4595103578154424,"1","6053"
"=HYPERLINK(""https://stackoverflow.com/q/58602966"", ""58602966"")",0.5757936507936507,"0","476"
"=HYPERLINK(""https://stackoverflow.com/q/58739353"", ""58739353"")",0.4900793650793651,"0","1668"
"=HYPERLINK(""https://stackoverflow.com/q/58751906"", ""58751906"")",0.366944746705356,"0","41"
"=HYPERLINK(""https://stackoverflow.com/q/58769601"", ""58769601"")",0.3331244778613197,"0","43"
"=HYPERLINK(""https://stackoverflow.com/q/58851840"", ""58851840"")",0.5337800111669455,"0","341"
"=HYPERLINK(""https://stackoverflow.com/q/58861624"", ""58861624"")",0.411945542380325,"1","6789"
"=HYPERLINK(""https://stackoverflow.com/q/59118393"", ""59118393"")",0.6311931984755206,"0","211"
"=HYPERLINK(""https://stackoverflow.com/q/59127096"", ""59127096"")",0.3264567499095187,"0","244"
"=HYPERLINK(""https://stackoverflow.com/q/59148471"", ""59148471"")",0.4722222222222221,"1","129"
"=HYPERLINK(""https://stackoverflow.com/q/59210365"", ""59210365"")",0.592434988179669,"0","129"
"=HYPERLINK(""https://stackoverflow.com/q/59239892"", ""59239892"")",0.4137115839243499,"0","366"
"=HYPERLINK(""https://stackoverflow.com/q/59299916"", ""59299916"")",0.6918354818907306,"0","1186"
"=HYPERLINK(""https://stackoverflow.com/q/59351535"", ""59351535"")",0.5829365079365079,"1","44"
"=HYPERLINK(""https://stackoverflow.com/q/59415888"", ""59415888"")",0.4732860520094563,"0","28"
"=HYPERLINK(""https://stackoverflow.com/q/59513972"", ""59513972"")",0.3845838458384584,"1","28"
"=HYPERLINK(""https://stackoverflow.com/q/59712898"", ""59712898"")",0.5125448028673836,"0","149"
"=HYPERLINK(""https://stackoverflow.com/q/59853774"", ""59853774"")",0.5295992714025501,"1","160"
"=HYPERLINK(""https://stackoverflow.com/q/59864152"", ""59864152"")",0.5035363906000455,"1","611"
"=HYPERLINK(""https://stackoverflow.com/q/59934901"", ""59934901"")",0.4921184159938485,"0","430"
"=HYPERLINK(""https://stackoverflow.com/q/60014902"", ""60014902"")",0.3214588634435963,"1","26"
"=HYPERLINK(""https://stackoverflow.com/q/60042115"", ""60042115"")",0.7508184093972657,"0","412"
"=HYPERLINK(""https://stackoverflow.com/q/60044039"", ""60044039"")",0.4246762099522833,"3","737"
"=HYPERLINK(""https://stackoverflow.com/q/60058561"", ""60058561"")",0.4383026242322723,"1","255"
"=HYPERLINK(""https://stackoverflow.com/q/60206998"", ""60206998"")",0.6344359626802375,"0","177"
"=HYPERLINK(""https://stackoverflow.com/q/60323801"", ""60323801"")",0.5274853801169592,"1","25"
"=HYPERLINK(""https://stackoverflow.com/q/60334317"", ""60334317"")",0.7092352092352091,"1","132"
"=HYPERLINK(""https://stackoverflow.com/q/60529334"", ""60529334"")",0.8183760683760684,"0","21"
"=HYPERLINK(""https://stackoverflow.com/q/60541908"", ""60541908"")",0.5396025748670583,"0","15"
"=HYPERLINK(""https://stackoverflow.com/q/60543321"", ""60543321"")",0.5819060166886254,"0","119"
"=HYPERLINK(""https://stackoverflow.com/q/60728964"", ""60728964"")",0.3721273455618808,"1","198"
"=HYPERLINK(""https://stackoverflow.com/q/60798909"", ""60798909"")",0.2826756227260006,"1","1181"
"=HYPERLINK(""https://stackoverflow.com/q/61011189"", ""61011189"")",0.4644367550941947,"1","814"
"=HYPERLINK(""https://stackoverflow.com/q/61021604"", ""61021604"")",0.4867383512544803,"1","1210"
"=HYPERLINK(""https://stackoverflow.com/q/61028584"", ""61028584"")",0.4067859806114841,"0","34"
"=HYPERLINK(""https://stackoverflow.com/q/61036573"", ""61036573"")",0.408620207108872,"0","110"
"=HYPERLINK(""https://stackoverflow.com/q/61139348"", ""61139348"")",0.6411945542380324,"0","25"
"=HYPERLINK(""https://stackoverflow.com/q/61189238"", ""61189238"")",0.367994816974409,"0","142"
"=HYPERLINK(""https://stackoverflow.com/q/61250616"", ""61250616"")",0.5232602845059593,"1","12"
"=HYPERLINK(""https://stackoverflow.com/q/61269441"", ""61269441"")",0.6000631313131308,"1","115"
"=HYPERLINK(""https://stackoverflow.com/q/61270592"", ""61270592"")",0.8384583845838457,"0","86"
"=HYPERLINK(""https://stackoverflow.com/q/61341342"", ""61341342"")",0.476365868631062,"1","371"
"=HYPERLINK(""https://stackoverflow.com/q/61478606"", ""61478606"")",0.7954439795443978,"0","373"
"=HYPERLINK(""https://stackoverflow.com/q/61723954"", ""61723954"")",0.47632058287796,"0","737"
"=HYPERLINK(""https://stackoverflow.com/q/61812083"", ""61812083"")",0.6932549678141616,"0","227"
"=HYPERLINK(""https://stackoverflow.com/q/61820853"", ""61820853"")",0.3927291346646184,"0","46"
"=HYPERLINK(""https://stackoverflow.com/q/61875495"", ""61875495"")",0.4317083882301272,"0","142"
"=HYPERLINK(""https://stackoverflow.com/q/61950117"", ""61950117"")",0.301976823449216,"0","69"
"=HYPERLINK(""https://stackoverflow.com/q/61952443"", ""61952443"")",0.7252897068847987,"0","21"
"=HYPERLINK(""https://stackoverflow.com/q/62074343"", ""62074343"")",0.3426659623173093,"0","13"
"=HYPERLINK(""https://stackoverflow.com/q/62083794"", ""62083794"")",0.2721298007804477,"1","24"
"=HYPERLINK(""https://stackoverflow.com/q/62191259"", ""62191259"")",0.7513080947983996,"0","59"
"=HYPERLINK(""https://stackoverflow.com/q/62198947"", ""62198947"")",0.490307328605201,"0","918"
"=HYPERLINK(""https://stackoverflow.com/q/62200043"", ""62200043"")",0.4122732426303854,"0","50"
"=HYPERLINK(""https://stackoverflow.com/q/62248514"", ""62248514"")",0.3695732155997057,"0","826"
"=HYPERLINK(""https://stackoverflow.com/q/62327932"", ""62327932"")",0.5853801169590644,"0","511"
"=HYPERLINK(""https://stackoverflow.com/q/62355366"", ""62355366"")",0.4476320582877962,"0","116"
"=HYPERLINK(""https://stackoverflow.com/q/62437019"", ""62437019"")",0.5048309178743959,"0","50"
"=HYPERLINK(""https://stackoverflow.com/q/62474342"", ""62474342"")",0.3210174029451136,"0","130"
"=HYPERLINK(""https://stackoverflow.com/q/62498970"", ""62498970"")",0.4816816816816817,"0","254"
"=HYPERLINK(""https://stackoverflow.com/q/62500103"", ""62500103"")",0.510812826249068,"0","99"
"=HYPERLINK(""https://stackoverflow.com/q/62534753"", ""62534753"")",0.4989749897498976,"0","1134"
"=HYPERLINK(""https://stackoverflow.com/q/62544087"", ""62544087"")",0.8850129198966405,"0","782"
"=HYPERLINK(""https://stackoverflow.com/q/62550312"", ""62550312"")",0.6723330869672334,"0","157"
"=HYPERLINK(""https://stackoverflow.com/q/62553205"", ""62553205"")",0.6101740294511379,"0","479"
"=HYPERLINK(""https://stackoverflow.com/q/62572656"", ""62572656"")",0.6602998562333128,"0","561"
"=HYPERLINK(""https://stackoverflow.com/q/62632731"", ""62632731"")",0.6807202459376369,"0","64"
"=HYPERLINK(""https://stackoverflow.com/q/62680114"", ""62680114"")",0.6516577060931898,"0","280"
"=HYPERLINK(""https://stackoverflow.com/q/62713038"", ""62713038"")",0.8958623895862388,"1","159"
"=HYPERLINK(""https://stackoverflow.com/q/62796051"", ""62796051"")",0.5484254307783722,"0","24"
"=HYPERLINK(""https://stackoverflow.com/q/62800549"", ""62800549"")",0.5107597716293368,"0","262"
"=HYPERLINK(""https://stackoverflow.com/q/62820058"", ""62820058"")",0.4064327485380116,"1","332"
"=HYPERLINK(""https://stackoverflow.com/q/63062846"", ""63062846"")",0.5325670498084292,"0","1234"
"=HYPERLINK(""https://stackoverflow.com/q/63270615"", ""63270615"")",0.3952991452991454,"0","23"
"=HYPERLINK(""https://stackoverflow.com/q/63330500"", ""63330500"")",0.5026650266502666,"0","229"
"=HYPERLINK(""https://stackoverflow.com/q/63349762"", ""63349762"")",0.4888126112382406,"0","909"
"=HYPERLINK(""https://stackoverflow.com/q/63401528"", ""63401528"")",0.6318163181631817,"0","70"
"=HYPERLINK(""https://stackoverflow.com/q/63618493"", ""63618493"")",0.4612892776158083,"0","119"
"=HYPERLINK(""https://stackoverflow.com/q/63790554"", ""63790554"")",0.423110124552966,"0","194"
"=HYPERLINK(""https://stackoverflow.com/q/63794727"", ""63794727"")",0.5355862775217612,"0","24"
"=HYPERLINK(""https://stackoverflow.com/q/63817408"", ""63817408"")",0.3377846259202191,"0","58"
"=HYPERLINK(""https://stackoverflow.com/q/63903121"", ""63903121"")",0.2836083608360835,"2","217"
"=HYPERLINK(""https://stackoverflow.com/q/63999517"", ""63999517"")",0.4379480286738352,"0","82"
"=HYPERLINK(""https://stackoverflow.com/q/64050964"", ""64050964"")",0.3990032248607447,"0","52"
"=HYPERLINK(""https://stackoverflow.com/q/64067899"", ""64067899"")",0.3828870421668206,"0","47"
"=HYPERLINK(""https://stackoverflow.com/q/64092044"", ""64092044"")",0.2642872317824516,"0","131"
"=HYPERLINK(""https://stackoverflow.com/q/64109458"", ""64109458"")",0.6065680166147458,"0","41"
"=HYPERLINK(""https://stackoverflow.com/q/64164213"", ""64164213"")",0.5217058711034614,"0","124"
"=HYPERLINK(""https://stackoverflow.com/q/64191916"", ""64191916"")",0.8928809048569526,"0","101"
"=HYPERLINK(""https://stackoverflow.com/q/64202144"", ""64202144"")",0.6020990189368013,"1","44"
"=HYPERLINK(""https://stackoverflow.com/q/64329302"", ""64329302"")",0.2629462041226746,"1","47"
"=HYPERLINK(""https://stackoverflow.com/q/64373454"", ""64373454"")",0.9550466497031386,"0","37"
"=HYPERLINK(""https://stackoverflow.com/q/64390334"", ""64390334"")",0.8436507936507937,"0","258"
"=HYPERLINK(""https://stackoverflow.com/q/64426161"", ""64426161"")",0.5222222222222221,"0","40"
"=HYPERLINK(""https://stackoverflow.com/q/64446379"", ""64446379"")",0.7987188962798717,"0","906"
"=HYPERLINK(""https://stackoverflow.com/q/64447054"", ""64447054"")",0.6717336228736879,"0","322"
"=HYPERLINK(""https://stackoverflow.com/q/64581270"", ""64581270"")",0.2873688020267824,"0","50"
"=HYPERLINK(""https://stackoverflow.com/q/64697366"", ""64697366"")",0.5056729264475743,"2","55"
"=HYPERLINK(""https://stackoverflow.com/q/64785379"", ""64785379"")",0.3018682399213374,"0","39"
"=HYPERLINK(""https://stackoverflow.com/q/64854434"", ""64854434"")",0.7841082733027721,"0","92"
"=HYPERLINK(""https://stackoverflow.com/q/64858304"", ""64858304"")",0.3564504101416853,"0","49"
"=HYPERLINK(""https://stackoverflow.com/q/64938145"", ""64938145"")",0.4697792254795512,"0","58"
"=HYPERLINK(""https://stackoverflow.com/q/65340989"", ""65340989"")",0.413838988689288,"0","117"
"=HYPERLINK(""https://stackoverflow.com/q/65407469"", ""65407469"")",0.4408811143505021,"0","1200"
"=HYPERLINK(""https://stackoverflow.com/q/65464100"", ""65464100"")",0.5939036381514259,"0","42"
"=HYPERLINK(""https://stackoverflow.com/q/65465054"", ""65465054"")",0.4029802397149337,"0","89"
"=HYPERLINK(""https://stackoverflow.com/q/65484997"", ""65484997"")",0.5779269202087995,"1","28"
"=HYPERLINK(""https://stackoverflow.com/q/65562560"", ""65562560"")",0.3001443001443,"0","24"
"=HYPERLINK(""https://stackoverflow.com/q/65584240"", ""65584240"")",0.4046702591737233,"1","34"
"=HYPERLINK(""https://stackoverflow.com/q/65612292"", ""65612292"")",0.2703393770339376,"0","50"
"=HYPERLINK(""https://stackoverflow.com/q/65625517"", ""65625517"")",0.3278560250391237,"1","37"
"=HYPERLINK(""https://stackoverflow.com/q/65935459"", ""65935459"")",0.470841006752609,"0","39"
"=HYPERLINK(""https://stackoverflow.com/q/65972122"", ""65972122"")",0.8839869281045751,"0","41"
"=HYPERLINK(""https://stackoverflow.com/q/66050479"", ""66050479"")",0.5408062930186824,"0","40"
"=HYPERLINK(""https://stackoverflow.com/q/66103422"", ""66103422"")",0.2904040404040403,"0","48"
"=HYPERLINK(""https://stackoverflow.com/q/66240236"", ""66240236"")",0.6307328605200946,"0","31"
"=HYPERLINK(""https://stackoverflow.com/q/66266191"", ""66266191"")",0.5152950463785279,"0","91"
"=HYPERLINK(""https://stackoverflow.com/q/66321220"", ""66321220"")",0.7886455798864559,"0","31"
"=HYPERLINK(""https://stackoverflow.com/q/66459808"", ""66459808"")",0.916833000665336,"0","48"
"=HYPERLINK(""https://stackoverflow.com/q/66491582"", ""66491582"")",0.390491452991453,"0","70"
"=HYPERLINK(""https://stackoverflow.com/q/66578636"", ""66578636"")",0.4787439613526567,"0","85"
"=HYPERLINK(""https://stackoverflow.com/q/66600282"", ""66600282"")",0.4183637013219007,"0","28"
"=HYPERLINK(""https://stackoverflow.com/q/66605500"", ""66605500"")",0.357004830917874,"0","12"
"=HYPERLINK(""https://stackoverflow.com/q/66684912"", ""66684912"")",0.2938212675682841,"0","35"
"=HYPERLINK(""https://stackoverflow.com/q/66745403"", ""66745403"")",0.4830917874396135,"0","20"
"=HYPERLINK(""https://stackoverflow.com/q/66751697"", ""66751697"")",0.234014675052411,"0","25"
"=HYPERLINK(""https://stackoverflow.com/q/66799415"", ""66799415"")",0.8701321900678815,"0","27"
"=HYPERLINK(""https://stackoverflow.com/q/66815807"", ""66815807"")",0.4170274170274169,"0","17"
"=HYPERLINK(""https://stackoverflow.com/q/66870681"", ""66870681"")",0.4122674710910004,"0","28"
"=HYPERLINK(""https://stackoverflow.com/q/66968761"", ""66968761"")",0.3010927188142377,"0","144"
"=HYPERLINK(""https://stackoverflow.com/q/66991362"", ""66991362"")",0.2751068376068376,"0","12"
"=HYPERLINK(""https://stackoverflow.com/q/66996946"", ""66996946"")",0.350138553678377,"0","20"
"=HYPERLINK(""https://stackoverflow.com/q/67042664"", ""67042664"")",0.5284952849528495,"0","48"
"=HYPERLINK(""https://stackoverflow.com/q/67058441"", ""67058441"")",0.373973194984868,"0","44"
"=HYPERLINK(""https://stackoverflow.com/q/67079194"", ""67079194"")",0.6217549325025962,"0","30"
"=HYPERLINK(""https://stackoverflow.com/q/67085994"", ""67085994"")",0.4077892325315005,"0","24"
"=HYPERLINK(""https://stackoverflow.com/q/67215854"", ""67215854"")",0.4006006006006001,"0","37"
"=HYPERLINK(""https://stackoverflow.com/q/67224074"", ""67224074"")",0.5429219306770328,"0","25"
"=HYPERLINK(""https://stackoverflow.com/q/67295271"", ""67295271"")",0.7423564504101416,"0","16"
"=HYPERLINK(""https://stackoverflow.com/q/67320933"", ""67320933"")",0.2638063806380637,"0","26"
"=HYPERLINK(""https://stackoverflow.com/q/67381440"", ""67381440"")",0.4287439613526568,"0","25"
"=HYPERLINK(""https://stackoverflow.com/q/67399222"", ""67399222"")",0.5471249459576307,"1","22"
"=HYPERLINK(""https://stackoverflow.com/q/67471402"", ""67471402"")",0.4863067292644757,"0","29"
"=HYPERLINK(""https://stackoverflow.com/q/67550079"", ""67550079"")",0.2627019823421622,"0","38"
"=HYPERLINK(""https://stackoverflow.com/q/67567807"", ""67567807"")",0.5993848519800076,"0","16"
"=HYPERLINK(""https://stackoverflow.com/q/67594009"", ""67594009"")",0.528290823805336,"0","11"
"=HYPERLINK(""https://stackoverflow.com/q/67622024"", ""67622024"")",0.3642455685257241,"0","21"
"=HYPERLINK(""https://stackoverflow.com/q/67689080"", ""67689080"")",0.4396135265700482,"0","10"
"=HYPERLINK(""https://stackoverflow.com/q/67700723"", ""67700723"")",0.3590300398117987,"0","11"
