link,Correlation
"=HYPERLINK(""https://stackoverflow.com/a/362891"", ""362891"")",0.2277470841006752
"=HYPERLINK(""https://stackoverflow.com/a/653189"", ""653189"")",0.32474323062558347
"=HYPERLINK(""https://stackoverflow.com/a/1464358"", ""1464358"")",0.3414882772680939
"=HYPERLINK(""https://stackoverflow.com/a/1625142"", ""1625142"")",0.2149608114338404
"=HYPERLINK(""https://stackoverflow.com/a/1861572"", ""1861572"")",0.40928379665714054
"=HYPERLINK(""https://stackoverflow.com/a/2605959"", ""2605959"")",0.4538698568062354
"=HYPERLINK(""https://stackoverflow.com/a/2840635"", ""2840635"")",0.39396737457679293
"=HYPERLINK(""https://stackoverflow.com/a/3063538"", ""3063538"")",0.4064798250844764
"=HYPERLINK(""https://stackoverflow.com/a/3135525"", ""3135525"")",0.4140430596126796
"=HYPERLINK(""https://stackoverflow.com/a/3331903"", ""3331903"")",0.5866537091026891
"=HYPERLINK(""https://stackoverflow.com/a/3360697"", ""3360697"")",0.5594046702591736
"=HYPERLINK(""https://stackoverflow.com/a/3687297"", ""3687297"")",0.37827971708875174
"=HYPERLINK(""https://stackoverflow.com/a/3718974"", ""3718974"")",0.6444012105490704
"=HYPERLINK(""https://stackoverflow.com/a/3727819"", ""3727819"")",0.33268733850129173
"=HYPERLINK(""https://stackoverflow.com/a/4026089"", ""4026089"")",0.5196498749553414
"=HYPERLINK(""https://stackoverflow.com/a/4139332"", ""4139332"")",0.40304414003044137
"=HYPERLINK(""https://stackoverflow.com/a/4403455"", ""4403455"")",0.530899320373005
"=HYPERLINK(""https://stackoverflow.com/a/4592953"", ""4592953"")",0.5231071779744348
"=HYPERLINK(""https://stackoverflow.com/a/4904520"", ""4904520"")",0.3845598845598842
"=HYPERLINK(""https://stackoverflow.com/a/5088214"", ""5088214"")",0.39053905390539034
"=HYPERLINK(""https://stackoverflow.com/a/7096302"", ""7096302"")",0.5030103995621233
"=HYPERLINK(""https://stackoverflow.com/a/7584823"", ""7584823"")",0.6684762938834599
"=HYPERLINK(""https://stackoverflow.com/a/7694155"", ""7694155"")",0.3470888177398317
"=HYPERLINK(""https://stackoverflow.com/a/8003565"", ""8003565"")",0.6103675377097943
"=HYPERLINK(""https://stackoverflow.com/a/8305881"", ""8305881"")",0.540079365079365
"=HYPERLINK(""https://stackoverflow.com/a/8336880"", ""8336880"")",0.3506856982927509
"=HYPERLINK(""https://stackoverflow.com/a/8402543"", ""8402543"")",0.32799145299145305
"=HYPERLINK(""https://stackoverflow.com/a/8447324"", ""8447324"")",0.42895299145299154
"=HYPERLINK(""https://stackoverflow.com/a/8705832"", ""8705832"")",0.46529914529914573
"=HYPERLINK(""https://stackoverflow.com/a/9130201"", ""9130201"")",0.31045751633986923
"=HYPERLINK(""https://stackoverflow.com/a/9130927"", ""9130927"")",0.4417344173441731
"=HYPERLINK(""https://stackoverflow.com/a/9152281"", ""9152281"")",0.2775217613927289
"=HYPERLINK(""https://stackoverflow.com/a/9172210"", ""9172210"")",0.4816680660509373
"=HYPERLINK(""https://stackoverflow.com/a/9203301"", ""9203301"")",0.37357357357357335
"=HYPERLINK(""https://stackoverflow.com/a/9315728"", ""9315728"")",0.3512933923066612
"=HYPERLINK(""https://stackoverflow.com/a/9345046"", ""9345046"")",0.1787439613526571
"=HYPERLINK(""https://stackoverflow.com/a/9453196"", ""9453196"")",0.43327749860413145
"=HYPERLINK(""https://stackoverflow.com/a/9491338"", ""9491338"")",0.3689766907076408
"=HYPERLINK(""https://stackoverflow.com/a/10135773"", ""10135773"")",0.283536090835361
"=HYPERLINK(""https://stackoverflow.com/a/10182845"", ""10182845"")",0.21496081143384044
"=HYPERLINK(""https://stackoverflow.com/a/10219538"", ""10219538"")",0.5295270081164283
"=HYPERLINK(""https://stackoverflow.com/a/10291518"", ""10291518"")",0.48396718866517546
"=HYPERLINK(""https://stackoverflow.com/a/10428224"", ""10428224"")",0.6179669030732862
"=HYPERLINK(""https://stackoverflow.com/a/10519105"", ""10519105"")",0.6967984934086626
"=HYPERLINK(""https://stackoverflow.com/a/10525239"", ""10525239"")",0.46933538619450843
"=HYPERLINK(""https://stackoverflow.com/a/10602722"", ""10602722"")",0.37559645535105635
"=HYPERLINK(""https://stackoverflow.com/a/10744997"", ""10744997"")",0.5222222222222223
"=HYPERLINK(""https://stackoverflow.com/a/10759642"", ""10759642"")",0.39703425229740996
"=HYPERLINK(""https://stackoverflow.com/a/10798126"", ""10798126"")",0.5848088273030536
"=HYPERLINK(""https://stackoverflow.com/a/10805695"", ""10805695"")",0.37795992714025517
"=HYPERLINK(""https://stackoverflow.com/a/10811774"", ""10811774"")",0.4242089771891099
"=HYPERLINK(""https://stackoverflow.com/a/10896388"", ""10896388"")",0.4383026242322722
"=HYPERLINK(""https://stackoverflow.com/a/11056673"", ""11056673"")",0.42726423902894484
"=HYPERLINK(""https://stackoverflow.com/a/11057110"", ""11057110"")",0.8638151425762051
"=HYPERLINK(""https://stackoverflow.com/a/11086468"", ""11086468"")",0.40404040404040376
"=HYPERLINK(""https://stackoverflow.com/a/11196021"", ""11196021"")",0.6916878710771848
"=HYPERLINK(""https://stackoverflow.com/a/11350437"", ""11350437"")",0.7900793650793653
"=HYPERLINK(""https://stackoverflow.com/a/11442692"", ""11442692"")",0.42032047895756297
"=HYPERLINK(""https://stackoverflow.com/a/11513164"", ""11513164"")",0.1507936507936507
"=HYPERLINK(""https://stackoverflow.com/a/11582854"", ""11582854"")",0.5986059860598607
"=HYPERLINK(""https://stackoverflow.com/a/11672276"", ""11672276"")",0.3197012138188608
"=HYPERLINK(""https://stackoverflow.com/a/11838378"", ""11838378"")",0.5050091074681243
"=HYPERLINK(""https://stackoverflow.com/a/12036083"", ""12036083"")",0.42637447135717016
"=HYPERLINK(""https://stackoverflow.com/a/12078876"", ""12078876"")",0.3330819507290095
"=HYPERLINK(""https://stackoverflow.com/a/12206919"", ""12206919"")",0.921729611384783
"=HYPERLINK(""https://stackoverflow.com/a/12507900"", ""12507900"")",0.5329365079365079
"=HYPERLINK(""https://stackoverflow.com/a/12525439"", ""12525439"")",0.3939779474130623
"=HYPERLINK(""https://stackoverflow.com/a/12574995"", ""12574995"")",0.4414003044140029
"=HYPERLINK(""https://stackoverflow.com/a/12988238"", ""12988238"")",0.7543323139653417
"=HYPERLINK(""https://stackoverflow.com/a/13129164"", ""13129164"")",0.3986928104575162
"=HYPERLINK(""https://stackoverflow.com/a/13287124"", ""13287124"")",0.6730418943533701
"=HYPERLINK(""https://stackoverflow.com/a/13293954"", ""13293954"")",0.42258000397535306
"=HYPERLINK(""https://stackoverflow.com/a/13310857"", ""13310857"")",0.11695906432748553
"=HYPERLINK(""https://stackoverflow.com/a/13559329"", ""13559329"")",0.40206916099773227
"=HYPERLINK(""https://stackoverflow.com/a/14048831"", ""14048831"")",0.5488553880513677
"=HYPERLINK(""https://stackoverflow.com/a/14207386"", ""14207386"")",0.5370910268869457
"=HYPERLINK(""https://stackoverflow.com/a/14266425"", ""14266425"")",0.41702741702741675
"=HYPERLINK(""https://stackoverflow.com/a/14363109"", ""14363109"")",0.6457255481645721
"=HYPERLINK(""https://stackoverflow.com/a/14498853"", ""14498853"")",0.44719744521528476
"=HYPERLINK(""https://stackoverflow.com/a/14633236"", ""14633236"")",0.3485380116959066
"=HYPERLINK(""https://stackoverflow.com/a/14829453"", ""14829453"")",0.35742630385487506
"=HYPERLINK(""https://stackoverflow.com/a/14848890"", ""14848890"")",0.3211233211233211
"=HYPERLINK(""https://stackoverflow.com/a/14905453"", ""14905453"")",0.45337800111669446
"=HYPERLINK(""https://stackoverflow.com/a/14924422"", ""14924422"")",0.3772374197906114
"=HYPERLINK(""https://stackoverflow.com/a/14935459"", ""14935459"")",0.5615887380593262
"=HYPERLINK(""https://stackoverflow.com/a/15079637"", ""15079637"")",0.3329233292332925
"=HYPERLINK(""https://stackoverflow.com/a/15104013"", ""15104013"")",0.8432748538011703
"=HYPERLINK(""https://stackoverflow.com/a/15218459"", ""15218459"")",0.6128472222222224
"=HYPERLINK(""https://stackoverflow.com/a/15299370"", ""15299370"")",0.47590285642380764
"=HYPERLINK(""https://stackoverflow.com/a/15454326"", ""15454326"")",0.2680937818552498
"=HYPERLINK(""https://stackoverflow.com/a/15799448"", ""15799448"")",0.3639060004563082
"=HYPERLINK(""https://stackoverflow.com/a/15866417"", ""15866417"")",0.48183760683760696
"=HYPERLINK(""https://stackoverflow.com/a/16035867"", ""16035867"")",0.358878170775277
"=HYPERLINK(""https://stackoverflow.com/a/16438757"", ""16438757"")",0.37606837606837606
"=HYPERLINK(""https://stackoverflow.com/a/16777674"", ""16777674"")",0.4222222222222223
"=HYPERLINK(""https://stackoverflow.com/a/17081152"", ""17081152"")",0.6156648451730423
"=HYPERLINK(""https://stackoverflow.com/a/18077738"", ""18077738"")",0.6806837606837612
"=HYPERLINK(""https://stackoverflow.com/a/18246844"", ""18246844"")",0.420751633986928
"=HYPERLINK(""https://stackoverflow.com/a/18519167"", ""18519167"")",0.33986928104575187
"=HYPERLINK(""https://stackoverflow.com/a/18688433"", ""18688433"")",0.5044308111792772
"=HYPERLINK(""https://stackoverflow.com/a/19272884"", ""19272884"")",0.48261003385657125
"=HYPERLINK(""https://stackoverflow.com/a/19564662"", ""19564662"")",0.6015325670498085
"=HYPERLINK(""https://stackoverflow.com/a/19638370"", ""19638370"")",0.29118773946360155
"=HYPERLINK(""https://stackoverflow.com/a/19970028"", ""19970028"")",0.7731204258150363
"=HYPERLINK(""https://stackoverflow.com/a/20588770"", ""20588770"")",0.26318607764390883
"=HYPERLINK(""https://stackoverflow.com/a/20640570"", ""20640570"")",0.29118773946360155
"=HYPERLINK(""https://stackoverflow.com/a/20753754"", ""20753754"")",0.40788997466521904
"=HYPERLINK(""https://stackoverflow.com/a/21121461"", ""21121461"")",0.35581000848176436
"=HYPERLINK(""https://stackoverflow.com/a/21394376"", ""21394376"")",0.24054029049865863
"=HYPERLINK(""https://stackoverflow.com/a/21604289"", ""21604289"")",0.34431524547803605
"=HYPERLINK(""https://stackoverflow.com/a/21648898"", ""21648898"")",0.7432865237743282
"=HYPERLINK(""https://stackoverflow.com/a/21918245"", ""21918245"")",0.6127042234424788
"=HYPERLINK(""https://stackoverflow.com/a/22096944"", ""22096944"")",0.362222222222222
"=HYPERLINK(""https://stackoverflow.com/a/22335726"", ""22335726"")",0.36034376918354816
"=HYPERLINK(""https://stackoverflow.com/a/22378017"", ""22378017"")",0.3275283446712019
"=HYPERLINK(""https://stackoverflow.com/a/22762058"", ""22762058"")",0.3188131313131312
"=HYPERLINK(""https://stackoverflow.com/a/22833092"", ""22833092"")",0.3306559571619812
"=HYPERLINK(""https://stackoverflow.com/a/23119670"", ""23119670"")",0.350129198966408
"=HYPERLINK(""https://stackoverflow.com/a/23558447"", ""23558447"")",0.3813131313131312
"=HYPERLINK(""https://stackoverflow.com/a/23634504"", ""23634504"")",0.4396135265700478
"=HYPERLINK(""https://stackoverflow.com/a/23682615"", ""23682615"")",0.5105657805044306
"=HYPERLINK(""https://stackoverflow.com/a/23705788"", ""23705788"")",0.6128472222222225
"=HYPERLINK(""https://stackoverflow.com/a/23744660"", ""23744660"")",0.35135776117633116
"=HYPERLINK(""https://stackoverflow.com/a/24070616"", ""24070616"")",0.46248196248196227
"=HYPERLINK(""https://stackoverflow.com/a/24152675"", ""24152675"")",0.49590643274853835
"=HYPERLINK(""https://stackoverflow.com/a/24235998"", ""24235998"")",0.5548448235015402
"=HYPERLINK(""https://stackoverflow.com/a/24322889"", ""24322889"")",0.42304189435337003
"=HYPERLINK(""https://stackoverflow.com/a/24630816"", ""24630816"")",0.45460603031817454
"=HYPERLINK(""https://stackoverflow.com/a/24664467"", ""24664467"")",0.4177109440267333
"=HYPERLINK(""https://stackoverflow.com/a/24761147"", ""24761147"")",0.3449944994499448
"=HYPERLINK(""https://stackoverflow.com/a/24793224"", ""24793224"")",0.2767676767676768
"=HYPERLINK(""https://stackoverflow.com/a/24826204"", ""24826204"")",0.4171374764595101
"=HYPERLINK(""https://stackoverflow.com/a/24846168"", ""24846168"")",0.4129095836412906
"=HYPERLINK(""https://stackoverflow.com/a/24870944"", ""24870944"")",0.4526369687660005
"=HYPERLINK(""https://stackoverflow.com/a/24871945"", ""24871945"")",0.4763205828779603
"=HYPERLINK(""https://stackoverflow.com/a/24995524"", ""24995524"")",0.7398101619207144
"=HYPERLINK(""https://stackoverflow.com/a/25211135"", ""25211135"")",0.5309470544369874
"=HYPERLINK(""https://stackoverflow.com/a/25263124"", ""25263124"")",0.41917090460779804
"=HYPERLINK(""https://stackoverflow.com/a/25493062"", ""25493062"")",0.36507936507936495
"=HYPERLINK(""https://stackoverflow.com/a/25495737"", ""25495737"")",0.5170550489699427
"=HYPERLINK(""https://stackoverflow.com/a/25651578"", ""25651578"")",0.49494949494949453
"=HYPERLINK(""https://stackoverflow.com/a/26001939"", ""26001939"")",0.49249249249249216
"=HYPERLINK(""https://stackoverflow.com/a/26260567"", ""26260567"")",0.44356609574000855
"=HYPERLINK(""https://stackoverflow.com/a/26338835"", ""26338835"")",0.6237970253718291
"=HYPERLINK(""https://stackoverflow.com/a/26815327"", ""26815327"")",0.3878472222222225
"=HYPERLINK(""https://stackoverflow.com/a/27442275"", ""27442275"")",0.46662841843564723
"=HYPERLINK(""https://stackoverflow.com/a/28506003"", ""28506003"")",0.3784722222222224
"=HYPERLINK(""https://stackoverflow.com/a/28759962"", ""28759962"")",0.2643274853801171
"=HYPERLINK(""https://stackoverflow.com/a/28827606"", ""28827606"")",0.496947496947497
"=HYPERLINK(""https://stackoverflow.com/a/29186592"", ""29186592"")",0.35409035409035405
"=HYPERLINK(""https://stackoverflow.com/a/29347273"", ""29347273"")",0.3962897177817251
"=HYPERLINK(""https://stackoverflow.com/a/29399426"", ""29399426"")",0.229855810008482
"=HYPERLINK(""https://stackoverflow.com/a/29466151"", ""29466151"")",0.45844269466316756
"=HYPERLINK(""https://stackoverflow.com/a/29527192"", ""29527192"")",0.46692042776871506
"=HYPERLINK(""https://stackoverflow.com/a/29855548"", ""29855548"")",0.2665435518621115
"=HYPERLINK(""https://stackoverflow.com/a/30248516"", ""30248516"")",0.459472776545947
"=HYPERLINK(""https://stackoverflow.com/a/30301764"", ""30301764"")",0.3756468797564687
"=HYPERLINK(""https://stackoverflow.com/a/31207449"", ""31207449"")",0.2710027100271001
"=HYPERLINK(""https://stackoverflow.com/a/32013817"", ""32013817"")",0.3222222222222223
"=HYPERLINK(""https://stackoverflow.com/a/32190927"", ""32190927"")",0.5422222222222219
"=HYPERLINK(""https://stackoverflow.com/a/32231726"", ""32231726"")",0.3186852447302609
"=HYPERLINK(""https://stackoverflow.com/a/32876287"", ""32876287"")",0.3097673485760127
"=HYPERLINK(""https://stackoverflow.com/a/33041530"", ""33041530"")",0.4922222222222219
"=HYPERLINK(""https://stackoverflow.com/a/33117361"", ""33117361"")",0.4014985380116959
"=HYPERLINK(""https://stackoverflow.com/a/33355181"", ""33355181"")",0.5696798493408659
"=HYPERLINK(""https://stackoverflow.com/a/33700727"", ""33700727"")",0.24661246612466106
"=HYPERLINK(""https://stackoverflow.com/a/34032806"", ""34032806"")",0.18533697632058294
"=HYPERLINK(""https://stackoverflow.com/a/34525401"", ""34525401"")",0.45103578154425594
"=HYPERLINK(""https://stackoverflow.com/a/34793641"", ""34793641"")",0.49258052841114724
"=HYPERLINK(""https://stackoverflow.com/a/35061067"", ""35061067"")",0.4243358285630412
"=HYPERLINK(""https://stackoverflow.com/a/35148834"", ""35148834"")",0.4816364481636446
"=HYPERLINK(""https://stackoverflow.com/a/35215244"", ""35215244"")",0.4134973900074574
"=HYPERLINK(""https://stackoverflow.com/a/35439814"", ""35439814"")",0.4040404040404038
"=HYPERLINK(""https://stackoverflow.com/a/35744955"", ""35744955"")",0.47657004830917815
"=HYPERLINK(""https://stackoverflow.com/a/36259324"", ""36259324"")",0.6713747645951033
"=HYPERLINK(""https://stackoverflow.com/a/36754986"", ""36754986"")",0.32650029708853245
"=HYPERLINK(""https://stackoverflow.com/a/37277571"", ""37277571"")",0.41198768064439734
"=HYPERLINK(""https://stackoverflow.com/a/37814968"", ""37814968"")",0.400304414003044
"=HYPERLINK(""https://stackoverflow.com/a/37817282"", ""37817282"")",0.8185524974515803
"=HYPERLINK(""https://stackoverflow.com/a/37884997"", ""37884997"")",0.7970253718285223
"=HYPERLINK(""https://stackoverflow.com/a/37935205"", ""37935205"")",0.5518621114188982
"=HYPERLINK(""https://stackoverflow.com/a/38008680"", ""38008680"")",0.442002442002442
"=HYPERLINK(""https://stackoverflow.com/a/38241712"", ""38241712"")",0.38370245771423267
"=HYPERLINK(""https://stackoverflow.com/a/38388464"", ""38388464"")",0.32579365079365086
"=HYPERLINK(""https://stackoverflow.com/a/39021414"", ""39021414"")",0.6881562881562883
"=HYPERLINK(""https://stackoverflow.com/a/39047121"", ""39047121"")",0.43221297152842
"=HYPERLINK(""https://stackoverflow.com/a/39165843"", ""39165843"")",0.4133986928104574
"=HYPERLINK(""https://stackoverflow.com/a/39262315"", ""39262315"")",0.6980842911877395
"=HYPERLINK(""https://stackoverflow.com/a/39880669"", ""39880669"")",0.26477541371158403
"=HYPERLINK(""https://stackoverflow.com/a/39915074"", ""39915074"")",0.19482496194824958
"=HYPERLINK(""https://stackoverflow.com/a/40183010"", ""40183010"")",0.6856368563685634
"=HYPERLINK(""https://stackoverflow.com/a/40649982"", ""40649982"")",0.30234548878616685
"=HYPERLINK(""https://stackoverflow.com/a/41250828"", ""41250828"")",0.28369148758953855
"=HYPERLINK(""https://stackoverflow.com/a/41576461"", ""41576461"")",0.2806637806637805
"=HYPERLINK(""https://stackoverflow.com/a/41579600"", ""41579600"")",0.5291842475386775
"=HYPERLINK(""https://stackoverflow.com/a/41969078"", ""41969078"")",0.4307328605200947
"=HYPERLINK(""https://stackoverflow.com/a/42200466"", ""42200466"")",0.3633512544802869
"=HYPERLINK(""https://stackoverflow.com/a/42432302"", ""42432302"")",0.3788487282463186
"=HYPERLINK(""https://stackoverflow.com/a/42620950"", ""42620950"")",0.36856368563685615
"=HYPERLINK(""https://stackoverflow.com/a/42726749"", ""42726749"")",0.15079365079365079
"=HYPERLINK(""https://stackoverflow.com/a/43565402"", ""43565402"")",0.5793650793650792
"=HYPERLINK(""https://stackoverflow.com/a/43861598"", ""43861598"")",0.6764475743348987
"=HYPERLINK(""https://stackoverflow.com/a/44169143"", ""44169143"")",0.4307328605200947
"=HYPERLINK(""https://stackoverflow.com/a/44688432"", ""44688432"")",0.5329914529914535
"=HYPERLINK(""https://stackoverflow.com/a/44700949"", ""44700949"")",0.5309779825908854
"=HYPERLINK(""https://stackoverflow.com/a/45104257"", ""45104257"")",0.415700483091787
"=HYPERLINK(""https://stackoverflow.com/a/45287092"", ""45287092"")",0.34988179669030745
"=HYPERLINK(""https://stackoverflow.com/a/45554495"", ""45554495"")",0.2958418541240625
"=HYPERLINK(""https://stackoverflow.com/a/45621908"", ""45621908"")",0.41222222222222205
"=HYPERLINK(""https://stackoverflow.com/a/46060150"", ""46060150"")",0.46938591752205994
"=HYPERLINK(""https://stackoverflow.com/a/46100190"", ""46100190"")",0.5705828779599276
"=HYPERLINK(""https://stackoverflow.com/a/46308345"", ""46308345"")",0.26432748538011697
"=HYPERLINK(""https://stackoverflow.com/a/46389577"", ""46389577"")",0.42576204523107203
"=HYPERLINK(""https://stackoverflow.com/a/46414380"", ""46414380"")",0.35301692420897723
"=HYPERLINK(""https://stackoverflow.com/a/46436271"", ""46436271"")",0.44070961718020535
"=HYPERLINK(""https://stackoverflow.com/a/46581111"", ""46581111"")",0.5890042291426372
"=HYPERLINK(""https://stackoverflow.com/a/46605450"", ""46605450"")",0.6378472222222229
"=HYPERLINK(""https://stackoverflow.com/a/46717553"", ""46717553"")",0.4796012068739337
"=HYPERLINK(""https://stackoverflow.com/a/47084873"", ""47084873"")",0.43508253264350794
"=HYPERLINK(""https://stackoverflow.com/a/47424102"", ""47424102"")",0.3522433638712707
"=HYPERLINK(""https://stackoverflow.com/a/48039957"", ""48039957"")",0.6612466124661244
"=HYPERLINK(""https://stackoverflow.com/a/48058646"", ""48058646"")",0.2701264138389886
"=HYPERLINK(""https://stackoverflow.com/a/48234501"", ""48234501"")",0.3721008629989211
"=HYPERLINK(""https://stackoverflow.com/a/48312575"", ""48312575"")",0.4533780011166943
"=HYPERLINK(""https://stackoverflow.com/a/48514146"", ""48514146"")",0.27206145051804226
"=HYPERLINK(""https://stackoverflow.com/a/48555216"", ""48555216"")",0.6638407193320489
"=HYPERLINK(""https://stackoverflow.com/a/48851834"", ""48851834"")",0.2561973071599344
"=HYPERLINK(""https://stackoverflow.com/a/49083340"", ""49083340"")",0.6017531390665722
"=HYPERLINK(""https://stackoverflow.com/a/49283695"", ""49283695"")",0.3690112130479104
"=HYPERLINK(""https://stackoverflow.com/a/49369517"", ""49369517"")",0.3599467731204257
"=HYPERLINK(""https://stackoverflow.com/a/49449457"", ""49449457"")",0.3599467731204258
"=HYPERLINK(""https://stackoverflow.com/a/49999267"", ""49999267"")",0.6522222222222219
"=HYPERLINK(""https://stackoverflow.com/a/50294775"", ""50294775"")",0.8967188665175246
"=HYPERLINK(""https://stackoverflow.com/a/50540465"", ""50540465"")",0.4222222222222222
"=HYPERLINK(""https://stackoverflow.com/a/50753737"", ""50753737"")",0.671733622873688
"=HYPERLINK(""https://stackoverflow.com/a/50886439"", ""50886439"")",0.4033245844269469
"=HYPERLINK(""https://stackoverflow.com/a/51124106"", ""51124106"")",0.40079365079365054
"=HYPERLINK(""https://stackoverflow.com/a/52120391"", ""52120391"")",0.3476241514826725
"=HYPERLINK(""https://stackoverflow.com/a/52371863"", ""52371863"")",0.22222222222222227
"=HYPERLINK(""https://stackoverflow.com/a/52381948"", ""52381948"")",0.37394636015325666
"=HYPERLINK(""https://stackoverflow.com/a/52780172"", ""52780172"")",0.35683760683760685
"=HYPERLINK(""https://stackoverflow.com/a/53059427"", ""53059427"")",0.40182310914018193
"=HYPERLINK(""https://stackoverflow.com/a/53959104"", ""53959104"")",0.3650793650793649
"=HYPERLINK(""https://stackoverflow.com/a/54370034"", ""54370034"")",0.7590643274853807
"=HYPERLINK(""https://stackoverflow.com/a/54625233"", ""54625233"")",0.430130385487528
"=HYPERLINK(""https://stackoverflow.com/a/54951833"", ""54951833"")",0.21228844738778518
"=HYPERLINK(""https://stackoverflow.com/a/55180318"", ""55180318"")",0.3579688285570638
"=HYPERLINK(""https://stackoverflow.com/a/55589094"", ""55589094"")",0.302304357745836
"=HYPERLINK(""https://stackoverflow.com/a/55591638"", ""55591638"")",0.4923186852447305
"=HYPERLINK(""https://stackoverflow.com/a/55798653"", ""55798653"")",0.31872403163114854
"=HYPERLINK(""https://stackoverflow.com/a/55821550"", ""55821550"")",0.644332774986041
"=HYPERLINK(""https://stackoverflow.com/a/55999710"", ""55999710"")",0.4419802867383516
"=HYPERLINK(""https://stackoverflow.com/a/56238853"", ""56238853"")",0.3410746812386161
"=HYPERLINK(""https://stackoverflow.com/a/56308519"", ""56308519"")",0.5745712155108131
"=HYPERLINK(""https://stackoverflow.com/a/56386704"", ""56386704"")",0.286175710594315
"=HYPERLINK(""https://stackoverflow.com/a/56408208"", ""56408208"")",0.4365079365079367
"=HYPERLINK(""https://stackoverflow.com/a/56534300"", ""56534300"")",0.3277498604131767
"=HYPERLINK(""https://stackoverflow.com/a/56653148"", ""56653148"")",0.2930883639545058
"=HYPERLINK(""https://stackoverflow.com/a/56905625"", ""56905625"")",0.21036451471234072
"=HYPERLINK(""https://stackoverflow.com/a/57022848"", ""57022848"")",0.30345792016272544
"=HYPERLINK(""https://stackoverflow.com/a/57063272"", ""57063272"")",0.2771672771672772
"=HYPERLINK(""https://stackoverflow.com/a/57248289"", ""57248289"")",0.11695906432748529
"=HYPERLINK(""https://stackoverflow.com/a/57329419"", ""57329419"")",0.4028878323648532
"=HYPERLINK(""https://stackoverflow.com/a/57406978"", ""57406978"")",0.34636015325670505
"=HYPERLINK(""https://stackoverflow.com/a/57667958"", ""57667958"")",0.2344173441734416
"=HYPERLINK(""https://stackoverflow.com/a/57907281"", ""57907281"")",0.2956167176350663
"=HYPERLINK(""https://stackoverflow.com/a/58120080"", ""58120080"")",0.31881313131313127
"=HYPERLINK(""https://stackoverflow.com/a/58455811"", ""58455811"")",0.35341755749919035
"=HYPERLINK(""https://stackoverflow.com/a/58633954"", ""58633954"")",0.2879306411133925
"=HYPERLINK(""https://stackoverflow.com/a/59101120"", ""59101120"")",0.36650635096806033
"=HYPERLINK(""https://stackoverflow.com/a/59372037"", ""59372037"")",0.5722222222222219
"=HYPERLINK(""https://stackoverflow.com/a/59557027"", ""59557027"")",0.2988351254480287
"=HYPERLINK(""https://stackoverflow.com/a/59599913"", ""59599913"")",0.6099773242630392
"=HYPERLINK(""https://stackoverflow.com/a/59962388"", ""59962388"")",0.3979544397954438
"=HYPERLINK(""https://stackoverflow.com/a/60305517"", ""60305517"")",0.3492714025500913
"=HYPERLINK(""https://stackoverflow.com/a/60337384"", ""60337384"")",0.5826873385012916
"=HYPERLINK(""https://stackoverflow.com/a/60346297"", ""60346297"")",0.2901030169242091
"=HYPERLINK(""https://stackoverflow.com/a/60392033"", ""60392033"")",0.432222222222222
"=HYPERLINK(""https://stackoverflow.com/a/60470210"", ""60470210"")",0.36121139189731233
"=HYPERLINK(""https://stackoverflow.com/a/60618005"", ""60618005"")",0.3558627752176137
"=HYPERLINK(""https://stackoverflow.com/a/60642705"", ""60642705"")",0.3586384071933206
"=HYPERLINK(""https://stackoverflow.com/a/60685079"", ""60685079"")",0.45330774853801165
"=HYPERLINK(""https://stackoverflow.com/a/61091028"", ""61091028"")",0.5886344359626806
"=HYPERLINK(""https://stackoverflow.com/a/61260301"", ""61260301"")",0.30917874396135286
"=HYPERLINK(""https://stackoverflow.com/a/61452055"", ""61452055"")",0.5589157706093192
"=HYPERLINK(""https://stackoverflow.com/a/61997668"", ""61997668"")",0.42664211172498473
"=HYPERLINK(""https://stackoverflow.com/a/62211881"", ""62211881"")",0.5450568678915141
"=HYPERLINK(""https://stackoverflow.com/a/62674532"", ""62674532"")",0.3637316561844864
"=HYPERLINK(""https://stackoverflow.com/a/63313936"", ""63313936"")",0.6584042422000249
"=HYPERLINK(""https://stackoverflow.com/a/63724988"", ""63724988"")",0.3722222222222218
"=HYPERLINK(""https://stackoverflow.com/a/63812525"", ""63812525"")",0.6115351993214594
"=HYPERLINK(""https://stackoverflow.com/a/63987467"", ""63987467"")",0.39478859390363835
"=HYPERLINK(""https://stackoverflow.com/a/64003650"", ""64003650"")",0.6550989345509892
"=HYPERLINK(""https://stackoverflow.com/a/64015063"", ""64015063"")",0.6349881796690309
"=HYPERLINK(""https://stackoverflow.com/a/64022006"", ""64022006"")",0.4860658704306912
"=HYPERLINK(""https://stackoverflow.com/a/64761001"", ""64761001"")",0.24310995068175228
"=HYPERLINK(""https://stackoverflow.com/a/65708087"", ""65708087"")",0.4559571619812581
"=HYPERLINK(""https://stackoverflow.com/a/65962492"", ""65962492"")",0.47957516339869277
"=HYPERLINK(""https://stackoverflow.com/a/65972070"", ""65972070"")",0.3070509334783398
"=HYPERLINK(""https://stackoverflow.com/a/65981004"", ""65981004"")",0.31222222222222207
"=HYPERLINK(""https://stackoverflow.com/a/66203588"", ""66203588"")",0.670751633986928
"=HYPERLINK(""https://stackoverflow.com/a/66525359"", ""66525359"")",0.4197958790679763
"=HYPERLINK(""https://stackoverflow.com/a/66538663"", ""66538663"")",0.4764595103578156
"=HYPERLINK(""https://stackoverflow.com/a/66647352"", ""66647352"")",0.25793650793650796
"=HYPERLINK(""https://stackoverflow.com/a/66760945"", ""66760945"")",0.2889825876473802
"=HYPERLINK(""https://stackoverflow.com/a/66765335"", ""66765335"")",0.6160275319567359
"=HYPERLINK(""https://stackoverflow.com/a/66776533"", ""66776533"")",0.5667766776677666
"=HYPERLINK(""https://stackoverflow.com/a/66916088"", ""66916088"")",0.48661454631603906
"=HYPERLINK(""https://stackoverflow.com/a/67131013"", ""67131013"")",0.3112847222222224
"=HYPERLINK(""https://stackoverflow.com/a/67294164"", ""67294164"")",0.39049145299145305
"=HYPERLINK(""https://stackoverflow.com/a/67523796"", ""67523796"")",0.8664529914529917
