"link","Correlation","score","view_count"
"=HYPERLINK(""https://stackoverflow.com/q/137699"", ""137699"")",0.4124062713019764,"1","1868"
"=HYPERLINK(""https://stackoverflow.com/q/1689780"", ""1689780"")",0.2887246852764093,"0","2923"
"=HYPERLINK(""https://stackoverflow.com/q/2239313"", ""2239313"")",0.2979264475743349,"7","9042"
"=HYPERLINK(""https://stackoverflow.com/q/2472746"", ""2472746"")",0.3234157873493627,"2","3605"
"=HYPERLINK(""https://stackoverflow.com/q/2603193"", ""2603193"")",0.3786578657865784,"1","4715"
"=HYPERLINK(""https://stackoverflow.com/q/2804167"", ""2804167"")",0.3981179876945349,"2","4939"
"=HYPERLINK(""https://stackoverflow.com/q/3070160"", ""3070160"")",0.3815755709520143,"2","213"
"=HYPERLINK(""https://stackoverflow.com/q/3133745"", ""3133745"")",0.5152396785813241,"1","1147"
"=HYPERLINK(""https://stackoverflow.com/q/3187856"", ""3187856"")",0.4345835534425075,"0","1269"
"=HYPERLINK(""https://stackoverflow.com/q/3237200"", ""3237200"")",0.4046326456749909,"3","1460"
"=HYPERLINK(""https://stackoverflow.com/q/3820404"", ""3820404"")",0.2948774401878761,"0","770"
"=HYPERLINK(""https://stackoverflow.com/q/4139227"", ""4139227"")",0.2638246875535012,"0","996"
"=HYPERLINK(""https://stackoverflow.com/q/4382256"", ""4382256"")",0.5158510310864882,"4","6160"
"=HYPERLINK(""https://stackoverflow.com/q/4403288"", ""4403288"")",0.4174728818528291,"2","3089"
"=HYPERLINK(""https://stackoverflow.com/q/4547227"", ""4547227"")",0.5697268432943114,"0","1069"
"=HYPERLINK(""https://stackoverflow.com/q/4597142"", ""4597142"")",0.5204931155939803,"1","262"
"=HYPERLINK(""https://stackoverflow.com/q/4615343"", ""4615343"")",0.3175830469644902,"0","2642"
"=HYPERLINK(""https://stackoverflow.com/q/4871513"", ""4871513"")",0.4783197831978317,"4","6866"
"=HYPERLINK(""https://stackoverflow.com/q/5006248"", ""5006248"")",0.2630028076613014,"1","2292"
"=HYPERLINK(""https://stackoverflow.com/q/5859290"", ""5859290"")",0.3778238819732596,"5","10173"
"=HYPERLINK(""https://stackoverflow.com/q/6793458"", ""6793458"")",0.3446240697972798,"0","4569"
"=HYPERLINK(""https://stackoverflow.com/q/7417934"", ""7417934"")",0.3219393367908221,"1","802"
"=HYPERLINK(""https://stackoverflow.com/q/7584718"", ""7584718"")",0.6137393510966108,"2","1541"
"=HYPERLINK(""https://stackoverflow.com/q/7635885"", ""7635885"")",0.457675537513156,"2","1301"
"=HYPERLINK(""https://stackoverflow.com/q/7999710"", ""7999710"")",0.4093305480950956,"0","1484"
"=HYPERLINK(""https://stackoverflow.com/q/8305692"", ""8305692"")",0.5200945626477542,"2","16201"
"=HYPERLINK(""https://stackoverflow.com/q/8675485"", ""8675485"")",0.5045751633986928,"1","640"
"=HYPERLINK(""https://stackoverflow.com/q/8722422"", ""8722422"")",0.3093509350935091,"1","3173"
"=HYPERLINK(""https://stackoverflow.com/q/8820070"", ""8820070"")",0.495621237000547,"0","1166"
"=HYPERLINK(""https://stackoverflow.com/q/8857574"", ""8857574"")",0.4593159124707884,"2","6834"
"=HYPERLINK(""https://stackoverflow.com/q/9126434"", ""9126434"")",0.3792188092529386,"1","1012"
"=HYPERLINK(""https://stackoverflow.com/q/9126886"", ""9126886"")",0.6365868631062003,"8","33775"
"=HYPERLINK(""https://stackoverflow.com/q/9230330"", ""9230330"")",0.3976254480286739,"1","1212"
"=HYPERLINK(""https://stackoverflow.com/q/9352149"", ""9352149"")",0.4222222222222223,"0","1430"
"=HYPERLINK(""https://stackoverflow.com/q/9423967"", ""9423967"")",0.2856025039123632,"2","125"
"=HYPERLINK(""https://stackoverflow.com/q/9460382"", ""9460382"")",0.5575444179262791,"1","996"
"=HYPERLINK(""https://stackoverflow.com/q/9491229"", ""9491229"")",0.3087459588225286,"9","12707"
"=HYPERLINK(""https://stackoverflow.com/q/9534874"", ""9534874"")",0.4753867791842474,"0","94"
"=HYPERLINK(""https://stackoverflow.com/q/9539979"", ""9539979"")",0.3222222222222221,"0","112"
"=HYPERLINK(""https://stackoverflow.com/q/9583673"", ""9583673"")",0.3176420695504667,"1","3034"
"=HYPERLINK(""https://stackoverflow.com/q/9702743"", ""9702743"")",0.4125610830729793,"2","1332"
"=HYPERLINK(""https://stackoverflow.com/q/9742476"", ""9742476"")",0.4609765474817376,"0","3144"
"=HYPERLINK(""https://stackoverflow.com/q/10039729"", ""10039729"")",0.2972222222222223,"1","2064"
"=HYPERLINK(""https://stackoverflow.com/q/10178279"", ""10178279"")",0.3854875283446714,"8","20668"
"=HYPERLINK(""https://stackoverflow.com/q/10210980"", ""10210980"")",0.5474101921470339,"3","1877"
"=HYPERLINK(""https://stackoverflow.com/q/10385703"", ""10385703"")",0.4017996870109548,"0","1702"
"=HYPERLINK(""https://stackoverflow.com/q/10418891"", ""10418891"")",0.5959388546657538,"0","2211"
"=HYPERLINK(""https://stackoverflow.com/q/10440932"", ""10440932"")",0.3102324263038548,"0","201"
"=HYPERLINK(""https://stackoverflow.com/q/10545174"", ""10545174"")",0.4835287548855385,"0","1170"
"=HYPERLINK(""https://stackoverflow.com/q/10586848"", ""10586848"")",0.5006653359946769,"0","815"
"=HYPERLINK(""https://stackoverflow.com/q/10653374"", ""10653374"")",0.2862847222222224,"1","237"
"=HYPERLINK(""https://stackoverflow.com/q/10896387"", ""10896387"")",0.6115351993214593,"1","523"
"=HYPERLINK(""https://stackoverflow.com/q/10993660"", ""10993660"")",0.4875283446712024,"0","610"
"=HYPERLINK(""https://stackoverflow.com/q/11056095"", ""11056095"")",0.5420516465292587,"0","1907"
"=HYPERLINK(""https://stackoverflow.com/q/11067581"", ""11067581"")",0.6505205013809227,"0","409"
"=HYPERLINK(""https://stackoverflow.com/q/11068830"", ""11068830"")",0.8832391713747639,"1","5520"
"=HYPERLINK(""https://stackoverflow.com/q/11186371"", ""11186371"")",0.4563994374120954,"0","720"
"=HYPERLINK(""https://stackoverflow.com/q/11255044"", ""11255044"")",0.5207540329889434,"3","1563"
"=HYPERLINK(""https://stackoverflow.com/q/11510728"", ""11510728"")",0.2991452991452991,"3","176"
"=HYPERLINK(""https://stackoverflow.com/q/11599923"", ""11599923"")",0.4893977947413065,"1","150"
"=HYPERLINK(""https://stackoverflow.com/q/11666837"", ""11666837"")",0.3369763205828782,"0","4562"
"=HYPERLINK(""https://stackoverflow.com/q/11671856"", ""11671856"")",0.4538449684080755,"2","1345"
"=HYPERLINK(""https://stackoverflow.com/q/12538363"", ""12538363"")",0.2911877394636015,"1","1033"
"=HYPERLINK(""https://stackoverflow.com/q/12620498"", ""12620498"")",0.4773768613974798,"1","1042"
"=HYPERLINK(""https://stackoverflow.com/q/12629073"", ""12629073"")",0.5678598061148398,"2","2865"
"=HYPERLINK(""https://stackoverflow.com/q/12633341"", ""12633341"")",0.4964604493690367,"0","338"
"=HYPERLINK(""https://stackoverflow.com/q/12740889"", ""12740889"")",0.4538011695906436,"3","699"
"=HYPERLINK(""https://stackoverflow.com/q/12781050"", ""12781050"")",0.5335678686602171,"1","907"
"=HYPERLINK(""https://stackoverflow.com/q/12894355"", ""12894355"")",0.4557551563539585,"0","586"
"=HYPERLINK(""https://stackoverflow.com/q/13002514"", ""13002514"")",0.2294511378848727,"0","369"
"=HYPERLINK(""https://stackoverflow.com/q/13129691"", ""13129691"")",0.4968123861566488,"2","6117"
"=HYPERLINK(""https://stackoverflow.com/q/13260529"", ""13260529"")",0.4438846907360757,"0","3352"
"=HYPERLINK(""https://stackoverflow.com/q/13558262"", ""13558262"")",0.450235251538183,"1","226"
"=HYPERLINK(""https://stackoverflow.com/q/13802135"", ""13802135"")",0.3853105789521974,"1","5111"
"=HYPERLINK(""https://stackoverflow.com/q/14029544"", ""14029544"")",0.5688131313131312,"1","2710"
"=HYPERLINK(""https://stackoverflow.com/q/14280625"", ""14280625"")",0.3831597222222225,"1","2076"
"=HYPERLINK(""https://stackoverflow.com/q/14498052"", ""14498052"")",0.4104007505696286,"2","131"
"=HYPERLINK(""https://stackoverflow.com/q/14884892"", ""14884892"")",0.3646128166049784,"1","1238"
"=HYPERLINK(""https://stackoverflow.com/q/14921235"", ""14921235"")",0.6045751633986928,"3","8092"
"=HYPERLINK(""https://stackoverflow.com/q/15059139"", ""15059139"")",0.4117383512544805,"1","2980"
"=HYPERLINK(""https://stackoverflow.com/q/15185944"", ""15185944"")",0.5880758807588073,"3","8345"
"=HYPERLINK(""https://stackoverflow.com/q/15571446"", ""15571446"")",0.4079929732103645,"1","179"
"=HYPERLINK(""https://stackoverflow.com/q/15827202"", ""15827202"")",0.4075718337649525,"0","379"
"=HYPERLINK(""https://stackoverflow.com/q/15854781"", ""15854781"")",0.3869949494949492,"0","831"
"=HYPERLINK(""https://stackoverflow.com/q/15948446"", ""15948446"")",0.3927520235467256,"2","434"
"=HYPERLINK(""https://stackoverflow.com/q/16276191"", ""16276191"")",0.4604772557792697,"1","3191"
"=HYPERLINK(""https://stackoverflow.com/q/16321026"", ""16321026"")",0.5347222222222219,"0","1639"
"=HYPERLINK(""https://stackoverflow.com/q/16472925"", ""16472925"")",0.3919639196391964,"0","552"
"=HYPERLINK(""https://stackoverflow.com/q/16617774"", ""16617774"")",0.3586540063301685,"0","746"
"=HYPERLINK(""https://stackoverflow.com/q/16656596"", ""16656596"")",0.2345488786166752,"0","65"
"=HYPERLINK(""https://stackoverflow.com/q/16832094"", ""16832094"")",0.4575163398692809,"0","101"
"=HYPERLINK(""https://stackoverflow.com/q/17070913"", ""17070913"")",0.4210749946887617,"0","606"
"=HYPERLINK(""https://stackoverflow.com/q/17143633"", ""17143633"")",0.6589569160997734,"1","2630"
"=HYPERLINK(""https://stackoverflow.com/q/17520300"", ""17520300"")",0.2724152724152724,"2","996"
"=HYPERLINK(""https://stackoverflow.com/q/17569009"", ""17569009"")",0.3793650793650794,"0","6752"
"=HYPERLINK(""https://stackoverflow.com/q/17646319"", ""17646319"")",0.5217613927291341,"0","1742"
"=HYPERLINK(""https://stackoverflow.com/q/18227600"", ""18227600"")",0.3199043414275203,"1","2111"
"=HYPERLINK(""https://stackoverflow.com/q/18387288"", ""18387288"")",0.488351254480287,"2","2180"
"=HYPERLINK(""https://stackoverflow.com/q/18406405"", ""18406405"")",0.5903203817314242,"0","175"
"=HYPERLINK(""https://stackoverflow.com/q/18492956"", ""18492956"")",0.3908268733850125,"0","1023"
"=HYPERLINK(""https://stackoverflow.com/q/18514814"", ""18514814"")",0.4396135265700479,"0","1955"
"=HYPERLINK(""https://stackoverflow.com/q/18617637"", ""18617637"")",0.495578623606305,"0","622"
"=HYPERLINK(""https://stackoverflow.com/q/18633209"", ""18633209"")",0.5211152111521118,"1","5442"
"=HYPERLINK(""https://stackoverflow.com/q/18790684"", ""18790684"")",0.3348982785602505,"7","10876"
"=HYPERLINK(""https://stackoverflow.com/q/19175067"", ""19175067"")",0.245418098510882,"0","1242"
"=HYPERLINK(""https://stackoverflow.com/q/19689030"", ""19689030"")",0.3330767256864253,"1","889"
"=HYPERLINK(""https://stackoverflow.com/q/19720978"", ""19720978"")",0.3492318685244732,"3","3783"
"=HYPERLINK(""https://stackoverflow.com/q/19856852"", ""19856852"")",0.4494949494949493,"0","177"
"=HYPERLINK(""https://stackoverflow.com/q/19967497"", ""19967497"")",0.765972222222223,"2","2553"
"=HYPERLINK(""https://stackoverflow.com/q/19977486"", ""19977486"")",0.3501539919450369,"0","1150"
"=HYPERLINK(""https://stackoverflow.com/q/19987743"", ""19987743"")",0.3749599743836055,"1","148"
"=HYPERLINK(""https://stackoverflow.com/q/20287085"", ""20287085"")",0.4341034103410339,"0","2174"
"=HYPERLINK(""https://stackoverflow.com/q/20688506"", ""20688506"")",0.4258646063281825,"1","112"
"=HYPERLINK(""https://stackoverflow.com/q/20750767"", ""20750767"")",0.5924846128927768,"2","1114"
"=HYPERLINK(""https://stackoverflow.com/q/20953183"", ""20953183"")",0.5363815142576209,"2","1704"
"=HYPERLINK(""https://stackoverflow.com/q/21436897"", ""21436897"")",0.7676767676767673,"1","1062"
"=HYPERLINK(""https://stackoverflow.com/q/21488993"", ""21488993"")",0.3034612637184234,"1","771"
"=HYPERLINK(""https://stackoverflow.com/q/21648434"", ""21648434"")",0.5329271830577315,"3","1633"
"=HYPERLINK(""https://stackoverflow.com/q/21753073"", ""21753073"")",0.3779315647827757,"3","2603"
"=HYPERLINK(""https://stackoverflow.com/q/21782773"", ""21782773"")",0.435250391236307,"0","573"
"=HYPERLINK(""https://stackoverflow.com/q/21788666"", ""21788666"")",0.5644886847030799,"1","7175"
"=HYPERLINK(""https://stackoverflow.com/q/21917698"", ""21917698"")",0.3630966150050118,"0","684"
"=HYPERLINK(""https://stackoverflow.com/q/21983582"", ""21983582"")",0.2292446941323346,"1","368"
"=HYPERLINK(""https://stackoverflow.com/q/22193217"", ""22193217"")",0.5377872542051649,"1","1191"
"=HYPERLINK(""https://stackoverflow.com/q/22194740"", ""22194740"")",0.3410746812386159,"0","2368"
"=HYPERLINK(""https://stackoverflow.com/q/22195534"", ""22195534"")",0.3791452991452993,"2","105"
"=HYPERLINK(""https://stackoverflow.com/q/22753380"", ""22753380"")",0.4125836680053543,"1","998"
"=HYPERLINK(""https://stackoverflow.com/q/23349622"", ""23349622"")",0.3563330093942341,"0","3014"
"=HYPERLINK(""https://stackoverflow.com/q/23544996"", ""23544996"")",0.4739827856025043,"1","289"
"=HYPERLINK(""https://stackoverflow.com/q/23558170"", ""23558170"")",0.4308111792774365,"2","49"
"=HYPERLINK(""https://stackoverflow.com/q/23685025"", ""23685025"")",0.4690576652601967,"0","331"
"=HYPERLINK(""https://stackoverflow.com/q/23740271"", ""23740271"")",0.6015325670498085,"0","145"
"=HYPERLINK(""https://stackoverflow.com/q/24157725"", ""24157725"")",0.4264475743348986,"2","249"
"=HYPERLINK(""https://stackoverflow.com/q/24227406"", ""24227406"")",0.5388774655395624,"0","435"
"=HYPERLINK(""https://stackoverflow.com/q/24252285"", ""24252285"")",0.5538805136795083,"1","3229"
"=HYPERLINK(""https://stackoverflow.com/q/24733460"", ""24733460"")",0.3747352204891202,"0","234"
"=HYPERLINK(""https://stackoverflow.com/q/25329155"", ""25329155"")",0.416281628162816,"0","190"
"=HYPERLINK(""https://stackoverflow.com/q/25814622"", ""25814622"")",0.5906432748538016,"0","379"
"=HYPERLINK(""https://stackoverflow.com/q/25815093"", ""25815093"")",0.4630458569581215,"1","2250"
"=HYPERLINK(""https://stackoverflow.com/q/25848746"", ""25848746"")",0.4411127769448612,"2","1297"
"=HYPERLINK(""https://stackoverflow.com/q/25972310"", ""25972310"")",0.4322813938198556,"1","1563"
"=HYPERLINK(""https://stackoverflow.com/q/26259324"", ""26259324"")",0.2825237297599105,"0","2657"
"=HYPERLINK(""https://stackoverflow.com/q/26281356"", ""26281356"")",0.3619118009361908,"0","121"
"=HYPERLINK(""https://stackoverflow.com/q/26402799"", ""26402799"")",0.3212788259958071,"0","934"
"=HYPERLINK(""https://stackoverflow.com/q/26482217"", ""26482217"")",0.810457516339869,"0","72"
"=HYPERLINK(""https://stackoverflow.com/q/26934767"", ""26934767"")",0.3449767132401862,"1","39"
"=HYPERLINK(""https://stackoverflow.com/q/27442016"", ""27442016"")",0.317522483318828,"1","1657"
"=HYPERLINK(""https://stackoverflow.com/q/28009590"", ""28009590"")",0.4659895352416127,"1","6310"
"=HYPERLINK(""https://stackoverflow.com/q/28215006"", ""28215006"")",0.258672301461525,"1","649"
"=HYPERLINK(""https://stackoverflow.com/q/28221153"", ""28221153"")",0.4270414993306557,"0","950"
"=HYPERLINK(""https://stackoverflow.com/q/28405095"", ""28405095"")",0.5412406271301974,"1","55"
"=HYPERLINK(""https://stackoverflow.com/q/28544050"", ""28544050"")",0.4489224741113906,"2","2433"
"=HYPERLINK(""https://stackoverflow.com/q/28567297"", ""28567297"")",0.4175574991901528,"0","923"
"=HYPERLINK(""https://stackoverflow.com/q/28691383"", ""28691383"")",0.3757403458895999,"2","3600"
"=HYPERLINK(""https://stackoverflow.com/q/28808237"", ""28808237"")",0.3853801169590646,"0","62"
"=HYPERLINK(""https://stackoverflow.com/q/28827174"", ""28827174"")",0.6842475386779182,"2","256"
"=HYPERLINK(""https://stackoverflow.com/q/28837451"", ""28837451"")",0.3852991452991456,"0","80"
"=HYPERLINK(""https://stackoverflow.com/q/29037802"", ""29037802"")",0.4670675830469643,"1","1017"
"=HYPERLINK(""https://stackoverflow.com/q/29306420"", ""29306420"")",0.3384194053208139,"0","257"
"=HYPERLINK(""https://stackoverflow.com/q/29529899"", ""29529899"")",0.4496947496947497,"0","88"
"=HYPERLINK(""https://stackoverflow.com/q/29694260"", ""29694260"")",0.4940343027591353,"1","258"
"=HYPERLINK(""https://stackoverflow.com/q/29750070"", ""29750070"")",0.4573573573573571,"2","1822"
"=HYPERLINK(""https://stackoverflow.com/q/29799993"", ""29799993"")",0.3622873688020268,"0","108"
"=HYPERLINK(""https://stackoverflow.com/q/29914880"", ""29914880"")",0.4011994949494949,"1","67"
"=HYPERLINK(""https://stackoverflow.com/q/30608625"", ""30608625"")",0.4481580510992277,"1","1156"
"=HYPERLINK(""https://stackoverflow.com/q/30671942"", ""30671942"")",0.5064327485380122,"1","3666"
"=HYPERLINK(""https://stackoverflow.com/q/31037312"", ""31037312"")",0.4222222222222221,"0","168"
"=HYPERLINK(""https://stackoverflow.com/q/31122741"", ""31122741"")",0.3778642455685256,"0","196"
"=HYPERLINK(""https://stackoverflow.com/q/31266505"", ""31266505"")",0.4404632645674989,"0","660"
"=HYPERLINK(""https://stackoverflow.com/q/31511614"", ""31511614"")",0.6084291187739463,"1","169"
"=HYPERLINK(""https://stackoverflow.com/q/31781753"", ""31781753"")",0.509832841691249,"0","250"
"=HYPERLINK(""https://stackoverflow.com/q/31787838"", ""31787838"")",0.4222222222222225,"1","102"
"=HYPERLINK(""https://stackoverflow.com/q/31878542"", ""31878542"")",0.4745299145299149,"0","723"
"=HYPERLINK(""https://stackoverflow.com/q/32120661"", ""32120661"")",0.3364090734332947,"1","626"
"=HYPERLINK(""https://stackoverflow.com/q/32131102"", ""32131102"")",0.2697156259161538,"1","2045"
"=HYPERLINK(""https://stackoverflow.com/q/32523946"", ""32523946"")",0.4126103922776753,"0","117"
"=HYPERLINK(""https://stackoverflow.com/q/32574475"", ""32574475"")",0.4031323221112345,"1","4799"
"=HYPERLINK(""https://stackoverflow.com/q/32599676"", ""32599676"")",0.2934623277631195,"1","252"
"=HYPERLINK(""https://stackoverflow.com/q/32824867"", ""32824867"")",0.3036554469779225,"0","821"
"=HYPERLINK(""https://stackoverflow.com/q/32874074"", ""32874074"")",0.4624686287930638,"0","321"
"=HYPERLINK(""https://stackoverflow.com/q/33609511"", ""33609511"")",0.3342468882037228,"1","1278"
"=HYPERLINK(""https://stackoverflow.com/q/33962529"", ""33962529"")",0.2403673835125448,"0","83"
"=HYPERLINK(""https://stackoverflow.com/q/34009583"", ""34009583"")",0.2633614627285512,"2","268"
"=HYPERLINK(""https://stackoverflow.com/q/34274097"", ""34274097"")",0.641577060931899,"1","961"
"=HYPERLINK(""https://stackoverflow.com/q/34452535"", ""34452535"")",0.4434988179669032,"0","2540"
"=HYPERLINK(""https://stackoverflow.com/q/34881911"", ""34881911"")",0.3541533885702149,"0","287"
"=HYPERLINK(""https://stackoverflow.com/q/35409671"", ""35409671"")",0.4300144300144299,"2","525"
"=HYPERLINK(""https://stackoverflow.com/q/35439645"", ""35439645"")",0.6236063052672046,"0","42"
"=HYPERLINK(""https://stackoverflow.com/q/35506200"", ""35506200"")",0.6809378185524977,"0","676"
"=HYPERLINK(""https://stackoverflow.com/q/35995122"", ""35995122"")",0.322737686139748,"0","38"
"=HYPERLINK(""https://stackoverflow.com/q/36152798"", ""36152798"")",0.3964796479647962,"0","453"
"=HYPERLINK(""https://stackoverflow.com/q/36156333"", ""36156333"")",0.4805248052480525,"1","6964"
"=HYPERLINK(""https://stackoverflow.com/q/36541547"", ""36541547"")",0.4065615370672468,"1","30"
"=HYPERLINK(""https://stackoverflow.com/q/36693712"", ""36693712"")",0.402601969057665,"0","698"
"=HYPERLINK(""https://stackoverflow.com/q/37277249"", ""37277249"")",0.5293650793650794,"0","1346"
"=HYPERLINK(""https://stackoverflow.com/q/37544878"", ""37544878"")",0.4321458863443598,"0","717"
"=HYPERLINK(""https://stackoverflow.com/q/37694634"", ""37694634"")",0.3570345089116419,"1","249"
"=HYPERLINK(""https://stackoverflow.com/q/37806134"", ""37806134"")",0.4617350774319653,"1","590"
"=HYPERLINK(""https://stackoverflow.com/q/37866291"", ""37866291"")",0.2512459689240694,"0","2949"
"=HYPERLINK(""https://stackoverflow.com/q/37887777"", ""37887777"")",0.4135541461122856,"1","1504"
"=HYPERLINK(""https://stackoverflow.com/q/37993754"", ""37993754"")",0.4633797784923189,"1","2042"
"=HYPERLINK(""https://stackoverflow.com/q/38216768"", ""38216768"")",0.3504589669817783,"0","478"
"=HYPERLINK(""https://stackoverflow.com/q/38273106"", ""38273106"")",0.2961138478379855,"0","1288"
"=HYPERLINK(""https://stackoverflow.com/q/38487984"", ""38487984"")",0.2645674990951863,"2","293"
"=HYPERLINK(""https://stackoverflow.com/q/38997893"", ""38997893"")",0.4547803617571057,"0","72"
"=HYPERLINK(""https://stackoverflow.com/q/39020346"", ""39020346"")",0.3192501942501941,"3","1318"
"=HYPERLINK(""https://stackoverflow.com/q/39104959"", ""39104959"")",0.4504101416853099,"0","410"
"=HYPERLINK(""https://stackoverflow.com/q/39148815"", ""39148815"")",0.3840847499384081,"0","522"
"=HYPERLINK(""https://stackoverflow.com/q/39262314"", ""39262314"")",0.6524547803617569,"0","485"
"=HYPERLINK(""https://stackoverflow.com/q/39602715"", ""39602715"")",0.2954439795443979,"0","327"
"=HYPERLINK(""https://stackoverflow.com/q/39773174"", ""39773174"")",0.6462728551336142,"1","39"
"=HYPERLINK(""https://stackoverflow.com/q/39900170"", ""39900170"")",0.4664970313825279,"0","74"
"=HYPERLINK(""https://stackoverflow.com/q/40221083"", ""40221083"")",0.307936507936508,"1","1087"
"=HYPERLINK(""https://stackoverflow.com/q/40464438"", ""40464438"")",0.3894949494949493,"0","433"
"=HYPERLINK(""https://stackoverflow.com/q/40495644"", ""40495644"")",0.4542664211172499,"0","456"
"=HYPERLINK(""https://stackoverflow.com/q/40869690"", ""40869690"")",0.5683760683760687,"0","118"
"=HYPERLINK(""https://stackoverflow.com/q/41916658"", ""41916658"")",0.6871668716687167,"0","717"
"=HYPERLINK(""https://stackoverflow.com/q/42014666"", ""42014666"")",0.3155424579786071,"0","75"
"=HYPERLINK(""https://stackoverflow.com/q/42032385"", ""42032385"")",0.3737847222222226,"1","1484"
"=HYPERLINK(""https://stackoverflow.com/q/42109587"", ""42109587"")",0.3498817966903073,"0","48"
"=HYPERLINK(""https://stackoverflow.com/q/42424167"", ""42424167"")",0.5079365079365082,"0","1131"
"=HYPERLINK(""https://stackoverflow.com/q/42659829"", ""42659829"")",0.7387316561844866,"1","76"
"=HYPERLINK(""https://stackoverflow.com/q/42726685"", ""42726685"")",0.4817158931082978,"2","179"
"=HYPERLINK(""https://stackoverflow.com/q/42804365"", ""42804365"")",0.5025569502556947,"1","4994"
"=HYPERLINK(""https://stackoverflow.com/q/43004676"", ""43004676"")",0.530479102956167,"0","1062"
"=HYPERLINK(""https://stackoverflow.com/q/44161836"", ""44161836"")",0.5261641309359152,"1","705"
"=HYPERLINK(""https://stackoverflow.com/q/44170821"", ""44170821"")",0.3007936507936509,"0","417"
"=HYPERLINK(""https://stackoverflow.com/q/44526368"", ""44526368"")",0.2650793650793651,"2","196"
"=HYPERLINK(""https://stackoverflow.com/q/44626253"", ""44626253"")",0.3622873688020268,"0","383"
"=HYPERLINK(""https://stackoverflow.com/q/44680025"", ""44680025"")",0.5838458384583844,"1","279"
"=HYPERLINK(""https://stackoverflow.com/q/44925608"", ""44925608"")",0.3762692196112562,"0","140"
"=HYPERLINK(""https://stackoverflow.com/q/45281799"", ""45281799"")",0.439243498817967,"0","75"
"=HYPERLINK(""https://stackoverflow.com/q/45380713"", ""45380713"")",0.4852657004830912,"0","89"
"=HYPERLINK(""https://stackoverflow.com/q/45501655"", ""45501655"")",0.3099941652079685,"5","3165"
"=HYPERLINK(""https://stackoverflow.com/q/45633488"", ""45633488"")",0.3576774405789953,"1","792"
"=HYPERLINK(""https://stackoverflow.com/q/45700939"", ""45700939"")",0.3937261800058637,"0","470"
"=HYPERLINK(""https://stackoverflow.com/q/45744341"", ""45744341"")",0.4130466903073282,"0","170"
"=HYPERLINK(""https://stackoverflow.com/q/45842468"", ""45842468"")",0.3292261132728057,"1","62"
"=HYPERLINK(""https://stackoverflow.com/q/46050056"", ""46050056"")",0.353042621335304,"0","563"
"=HYPERLINK(""https://stackoverflow.com/q/46236731"", ""46236731"")",0.3530016145603992,"0","1141"
"=HYPERLINK(""https://stackoverflow.com/q/46409813"", ""46409813"")",0.5481715893108294,"0","456"
"=HYPERLINK(""https://stackoverflow.com/q/46460005"", ""46460005"")",0.6087252897068843,"0","286"
"=HYPERLINK(""https://stackoverflow.com/q/46491916"", ""46491916"")",0.4541867061289928,"1","512"
"=HYPERLINK(""https://stackoverflow.com/q/46690628"", ""46690628"")",0.5141141141141138,"0","32"
"=HYPERLINK(""https://stackoverflow.com/q/46700610"", ""46700610"")",0.3374295954941113,"2","3643"
"=HYPERLINK(""https://stackoverflow.com/q/46702465"", ""46702465"")",0.4257105943152451,"0","508"
"=HYPERLINK(""https://stackoverflow.com/q/46703634"", ""46703634"")",0.3845598845598844,"1","1951"
"=HYPERLINK(""https://stackoverflow.com/q/46727454"", ""46727454"")",0.3375215570337517,"1","1994"
"=HYPERLINK(""https://stackoverflow.com/q/46977502"", ""46977502"")",0.2686938229106903,"1","316"
"=HYPERLINK(""https://stackoverflow.com/q/47676488"", ""47676488"")",0.3463944076526859,"0","897"
"=HYPERLINK(""https://stackoverflow.com/q/47966192"", ""47966192"")",0.4292193067703274,"0","44"
"=HYPERLINK(""https://stackoverflow.com/q/48106481"", ""48106481"")",0.5154914529914532,"1","473"
"=HYPERLINK(""https://stackoverflow.com/q/48426028"", ""48426028"")",0.3347833967736088,"3","203"
"=HYPERLINK(""https://stackoverflow.com/q/48504682"", ""48504682"")",0.482936507936508,"0","80"
"=HYPERLINK(""https://stackoverflow.com/q/48521889"", ""48521889"")",0.4239267676767674,"0","45"
"=HYPERLINK(""https://stackoverflow.com/q/48623010"", ""48623010"")",0.2283760683760686,"0","96"
"=HYPERLINK(""https://stackoverflow.com/q/48660947"", ""48660947"")",0.6567368601266906,"0","457"
"=HYPERLINK(""https://stackoverflow.com/q/48664911"", ""48664911"")",0.3931082981715891,"0","22"
"=HYPERLINK(""https://stackoverflow.com/q/48732111"", ""48732111"")",0.6216391318432142,"0","345"
"=HYPERLINK(""https://stackoverflow.com/q/48748755"", ""48748755"")",0.3217328258111291,"0","121"
"=HYPERLINK(""https://stackoverflow.com/q/48790511"", ""48790511"")",0.3854875283446716,"0","185"
"=HYPERLINK(""https://stackoverflow.com/q/48871188"", ""48871188"")",0.6342825237297597,"0","677"
"=HYPERLINK(""https://stackoverflow.com/q/48878417"", ""48878417"")",0.2900793650793651,"1","2294"
"=HYPERLINK(""https://stackoverflow.com/q/48989525"", ""48989525"")",0.330655957161981,"1","1022"
"=HYPERLINK(""https://stackoverflow.com/q/49041120"", ""49041120"")",0.3522861881070837,"2","862"
"=HYPERLINK(""https://stackoverflow.com/q/49098722"", ""49098722"")",0.4697792254795511,"0","3093"
"=HYPERLINK(""https://stackoverflow.com/q/49343081"", ""49343081"")",0.316207184628237,"0","988"
"=HYPERLINK(""https://stackoverflow.com/q/49375888"", ""49375888"")",0.5574022776238844,"1","522"
"=HYPERLINK(""https://stackoverflow.com/q/49416516"", ""49416516"")",0.3787107718405431,"0","47"
"=HYPERLINK(""https://stackoverflow.com/q/49463568"", ""49463568"")",0.361462728551336,"0","82"
"=HYPERLINK(""https://stackoverflow.com/q/49895651"", ""49895651"")",0.5148358585858583,"0","76"
"=HYPERLINK(""https://stackoverflow.com/q/50125193"", ""50125193"")",0.2454010301692422,"1","492"
"=HYPERLINK(""https://stackoverflow.com/q/50130801"", ""50130801"")",0.3886170019938373,"0","271"
"=HYPERLINK(""https://stackoverflow.com/q/50241529"", ""50241529"")",0.5573145705071829,"0","2768"
"=HYPERLINK(""https://stackoverflow.com/q/50419014"", ""50419014"")",0.2277700724302666,"2","96"
"=HYPERLINK(""https://stackoverflow.com/q/50583216"", ""50583216"")",0.5027923647578559,"0","678"
"=HYPERLINK(""https://stackoverflow.com/q/50638402"", ""50638402"")",0.4071334648257728,"0","446"
"=HYPERLINK(""https://stackoverflow.com/q/50695943"", ""50695943"")",0.3715434891905479,"0","214"
"=HYPERLINK(""https://stackoverflow.com/q/50814844"", ""50814844"")",0.2870757787075777,"0","43"
"=HYPERLINK(""https://stackoverflow.com/q/51058837"", ""51058837"")",0.2406554019457243,"0","24"
"=HYPERLINK(""https://stackoverflow.com/q/51839651"", ""51839651"")",0.3881208397337425,"0","34"
"=HYPERLINK(""https://stackoverflow.com/q/51867185"", ""51867185"")",0.5230853541581038,"0","37"
"=HYPERLINK(""https://stackoverflow.com/q/51977391"", ""51977391"")",0.3726647000983285,"0","247"
"=HYPERLINK(""https://stackoverflow.com/q/52118282"", ""52118282"")",0.5047706986765159,"1","98"
"=HYPERLINK(""https://stackoverflow.com/q/52425743"", ""52425743"")",0.5297088532382652,"2","4991"
"=HYPERLINK(""https://stackoverflow.com/q/52528978"", ""52528978"")",0.4631860776439087,"0","361"
"=HYPERLINK(""https://stackoverflow.com/q/53329334"", ""53329334"")",0.3748073420204571,"0","139"
"=HYPERLINK(""https://stackoverflow.com/q/53502584"", ""53502584"")",0.4335192933519291,"0","57"
"=HYPERLINK(""https://stackoverflow.com/q/53670395"", ""53670395"")",0.307004830917874,"0","99"
"=HYPERLINK(""https://stackoverflow.com/q/53783190"", ""53783190"")",0.4567499095186391,"1","85"
"=HYPERLINK(""https://stackoverflow.com/q/53827452"", ""53827452"")",0.4567354965585057,"0","101"
"=HYPERLINK(""https://stackoverflow.com/q/54074522"", ""54074522"")",0.2921017402945112,"0","33"
"=HYPERLINK(""https://stackoverflow.com/q/54223973"", ""54223973"")",0.5988952623751863,"0","626"
"=HYPERLINK(""https://stackoverflow.com/q/54326631"", ""54326631"")",0.3360908353609084,"3","922"
"=HYPERLINK(""https://stackoverflow.com/q/54436543"", ""54436543"")",0.3585858585858586,"0","64"
"=HYPERLINK(""https://stackoverflow.com/q/54477736"", ""54477736"")",0.4954346021581882,"1","1114"
"=HYPERLINK(""https://stackoverflow.com/q/54765792"", ""54765792"")",0.5940815187046339,"0","48"
"=HYPERLINK(""https://stackoverflow.com/q/54884941"", ""54884941"")",0.6116959064327491,"1","194"
"=HYPERLINK(""https://stackoverflow.com/q/54893409"", ""54893409"")",0.5048309178743956,"1","640"
"=HYPERLINK(""https://stackoverflow.com/q/55480044"", ""55480044"")",0.3061916878710775,"0","61"
"=HYPERLINK(""https://stackoverflow.com/q/55566877"", ""55566877"")",0.6205273069679846,"1","59"
"=HYPERLINK(""https://stackoverflow.com/q/55577827"", ""55577827"")",0.2719459791282996,"2","547"
"=HYPERLINK(""https://stackoverflow.com/q/55762669"", ""55762669"")",0.2499407723288321,"0","218"
"=HYPERLINK(""https://stackoverflow.com/q/56116677"", ""56116677"")",0.4941116231438808,"1","49"
"=HYPERLINK(""https://stackoverflow.com/q/56130329"", ""56130329"")",0.5359137300211827,"0","114"
"=HYPERLINK(""https://stackoverflow.com/q/56236383"", ""56236383"")",0.4408717399071097,"1","42"
"=HYPERLINK(""https://stackoverflow.com/q/56296870"", ""56296870"")",0.3551336146272852,"1","195"
"=HYPERLINK(""https://stackoverflow.com/q/56486296"", ""56486296"")",0.4018231091401821,"0","341"
"=HYPERLINK(""https://stackoverflow.com/q/56653092"", ""56653092"")",0.4543650793650794,"0","18"
"=HYPERLINK(""https://stackoverflow.com/q/56808511"", ""56808511"")",0.5687568756875685,"0","157"
"=HYPERLINK(""https://stackoverflow.com/q/56821238"", ""56821238"")",0.5166009204470746,"0","2348"
"=HYPERLINK(""https://stackoverflow.com/q/56901218"", ""56901218"")",0.3951545530492897,"0","55"
"=HYPERLINK(""https://stackoverflow.com/q/57062380"", ""57062380"")",0.3203032456763802,"2","46"
"=HYPERLINK(""https://stackoverflow.com/q/57081448"", ""57081448"")",0.419896640826873,"0","417"
"=HYPERLINK(""https://stackoverflow.com/q/57156494"", ""57156494"")",0.5150793650793652,"0","538"
"=HYPERLINK(""https://stackoverflow.com/q/57248922"", ""57248922"")",0.4129438717067583,"1","595"
"=HYPERLINK(""https://stackoverflow.com/q/57329323"", ""57329323"")",0.4315972222222226,"1","481"
"=HYPERLINK(""https://stackoverflow.com/q/57455784"", ""57455784"")",0.3608360836083605,"0","117"
"=HYPERLINK(""https://stackoverflow.com/q/57591870"", ""57591870"")",0.383464825772518,"0","99"
"=HYPERLINK(""https://stackoverflow.com/q/57603780"", ""57603780"")",0.574571215510813,"0","1301"
"=HYPERLINK(""https://stackoverflow.com/q/57614977"", ""57614977"")",0.3550635506355064,"0","29"
"=HYPERLINK(""https://stackoverflow.com/q/57628578"", ""57628578"")",0.3747645951035782,"0","222"
"=HYPERLINK(""https://stackoverflow.com/q/57774175"", ""57774175"")",0.5079365079365078,"0","29"
"=HYPERLINK(""https://stackoverflow.com/q/57962946"", ""57962946"")",0.4070651057712058,"3","168"
"=HYPERLINK(""https://stackoverflow.com/q/57988295"", ""57988295"")",0.3951712244395168,"1","68"
"=HYPERLINK(""https://stackoverflow.com/q/58004405"", ""58004405"")",0.3690411455501179,"1","1844"
"=HYPERLINK(""https://stackoverflow.com/q/58023391"", ""58023391"")",0.3818313427433948,"0","35"
"=HYPERLINK(""https://stackoverflow.com/q/58107118"", ""58107118"")",0.5452310717797446,"0","23"
"=HYPERLINK(""https://stackoverflow.com/q/58308006"", ""58308006"")",0.3842660178426604,"0","69"
"=HYPERLINK(""https://stackoverflow.com/q/58344484"", ""58344484"")",0.4132574410055734,"0","32"
"=HYPERLINK(""https://stackoverflow.com/q/58537918"", ""58537918"")",0.5044308111792771,"0","42"
"=HYPERLINK(""https://stackoverflow.com/q/58547806"", ""58547806"")",0.4611602753195676,"0","17"
"=HYPERLINK(""https://stackoverflow.com/q/59046814"", ""59046814"")",0.3722715805637818,"0","255"
"=HYPERLINK(""https://stackoverflow.com/q/59240990"", ""59240990"")",0.4090199750312114,"1","1620"
"=HYPERLINK(""https://stackoverflow.com/q/59249634"", ""59249634"")",0.3656648451730421,"1","87"
"=HYPERLINK(""https://stackoverflow.com/q/59393013"", ""59393013"")",0.3332270069112176,"1","472"
"=HYPERLINK(""https://stackoverflow.com/q/59402662"", ""59402662"")",0.3966903073286053,"0","316"
"=HYPERLINK(""https://stackoverflow.com/q/59510789"", ""59510789"")",0.3156528791565289,"0","107"
"=HYPERLINK(""https://stackoverflow.com/q/59616192"", ""59616192"")",0.5987912598791256,"0","108"
"=HYPERLINK(""https://stackoverflow.com/q/59728266"", ""59728266"")",0.3863443596268028,"0","196"
"=HYPERLINK(""https://stackoverflow.com/q/60064192"", ""60064192"")",0.3967374576792859,"1","422"
"=HYPERLINK(""https://stackoverflow.com/q/60086142"", ""60086142"")",0.3947885939036384,"0","61"
"=HYPERLINK(""https://stackoverflow.com/q/60211732"", ""60211732"")",0.4935093509350933,"0","40"
"=HYPERLINK(""https://stackoverflow.com/q/60616754"", ""60616754"")",0.4959252633671239,"0","449"
"=HYPERLINK(""https://stackoverflow.com/q/60771643"", ""60771643"")",0.3848519800076892,"1","467"
"=HYPERLINK(""https://stackoverflow.com/q/60870671"", ""60870671"")",0.3557063851181496,"0","46"
"=HYPERLINK(""https://stackoverflow.com/q/61112343"", ""61112343"")",0.2776921759972606,"0","69"
"=HYPERLINK(""https://stackoverflow.com/q/61209563"", ""61209563"")",0.2234985464085657,"0","193"
"=HYPERLINK(""https://stackoverflow.com/q/61340168"", ""61340168"")",0.264775413711584,"1","209"
"=HYPERLINK(""https://stackoverflow.com/q/61845738"", ""61845738"")",0.3585858585858583,"1","754"
"=HYPERLINK(""https://stackoverflow.com/q/62047218"", ""62047218"")",0.4768423454255072,"6","93"
"=HYPERLINK(""https://stackoverflow.com/q/62142253"", ""62142253"")",0.6739267676767675,"0","61"
"=HYPERLINK(""https://stackoverflow.com/q/62157598"", ""62157598"")",0.4068376068376071,"0","126"
"=HYPERLINK(""https://stackoverflow.com/q/62301293"", ""62301293"")",0.6137316561844866,"0","28"
"=HYPERLINK(""https://stackoverflow.com/q/62495524"", ""62495524"")",0.7548855388051364,"1","111"
"=HYPERLINK(""https://stackoverflow.com/q/62509690"", ""62509690"")",0.480683760683761,"0","19"
"=HYPERLINK(""https://stackoverflow.com/q/62551324"", ""62551324"")",0.4456264775413712,"0","663"
"=HYPERLINK(""https://stackoverflow.com/q/62653417"", ""62653417"")",0.3025055752328477,"1","193"
"=HYPERLINK(""https://stackoverflow.com/q/62774865"", ""62774865"")",0.3496194824961945,"0","81"
"=HYPERLINK(""https://stackoverflow.com/q/62891071"", ""62891071"")",0.4041748849441159,"0","34"
"=HYPERLINK(""https://stackoverflow.com/q/63104791"", ""63104791"")",0.354055019649875,"0","2389"
"=HYPERLINK(""https://stackoverflow.com/q/63111872"", ""63111872"")",0.5786236063052667,"0","58"
"=HYPERLINK(""https://stackoverflow.com/q/63113287"", ""63113287"")",0.4436987322893366,"0","546"
"=HYPERLINK(""https://stackoverflow.com/q/63129449"", ""63129449"")",0.4609765474817376,"0","160"
"=HYPERLINK(""https://stackoverflow.com/q/63290570"", ""63290570"")",0.3439613526570044,"0","488"
"=HYPERLINK(""https://stackoverflow.com/q/63561823"", ""63561823"")",0.5185705368289641,"0","548"
"=HYPERLINK(""https://stackoverflow.com/q/63641810"", ""63641810"")",0.3285570638511814,"0","56"
"=HYPERLINK(""https://stackoverflow.com/q/63659760"", ""63659760"")",0.3743961352657,"2","78"
"=HYPERLINK(""https://stackoverflow.com/q/63696394"", ""63696394"")",0.183842691305378,"0","78"
"=HYPERLINK(""https://stackoverflow.com/q/63738051"", ""63738051"")",0.2995331465919701,"0","46"
"=HYPERLINK(""https://stackoverflow.com/q/63917469"", ""63917469"")",0.3460007238508867,"0","355"
"=HYPERLINK(""https://stackoverflow.com/q/64156946"", ""64156946"")",0.3298455406078724,"0","140"
"=HYPERLINK(""https://stackoverflow.com/q/64260266"", ""64260266"")",0.4722222222222223,"0","123"
"=HYPERLINK(""https://stackoverflow.com/q/64278545"", ""64278545"")",0.4434203789042495,"2","44"
"=HYPERLINK(""https://stackoverflow.com/q/64285383"", ""64285383"")",0.4992670771034888,"0","137"
"=HYPERLINK(""https://stackoverflow.com/q/64549543"", ""64549543"")",0.3131313131313131,"0","31"
"=HYPERLINK(""https://stackoverflow.com/q/64551988"", ""64551988"")",0.3594484995944852,"0","74"
"=HYPERLINK(""https://stackoverflow.com/q/64643310"", ""64643310"")",0.3645471104487498,"2","90"
"=HYPERLINK(""https://stackoverflow.com/q/64835594"", ""64835594"")",0.2651560325978931,"0","30"
"=HYPERLINK(""https://stackoverflow.com/q/64878604"", ""64878604"")",0.2719354153388572,"0","318"
"=HYPERLINK(""https://stackoverflow.com/q/65015681"", ""65015681"")",0.2929914529914533,"1","22"
"=HYPERLINK(""https://stackoverflow.com/q/65363273"", ""65363273"")",0.4130619168787111,"0","25"
"=HYPERLINK(""https://stackoverflow.com/q/65633191"", ""65633191"")",0.3254727002336945,"0","54"
"=HYPERLINK(""https://stackoverflow.com/q/65694740"", ""65694740"")",0.2701003506226574,"1","122"
"=HYPERLINK(""https://stackoverflow.com/q/65846205"", ""65846205"")",0.2948028673835127,"0","48"
"=HYPERLINK(""https://stackoverflow.com/q/65954906"", ""65954906"")",0.5676380004738216,"1","116"
"=HYPERLINK(""https://stackoverflow.com/q/66056921"", ""66056921"")",0.3717399071096821,"3","191"
"=HYPERLINK(""https://stackoverflow.com/q/66367545"", ""66367545"")",0.4776068376068379,"0","19"
"=HYPERLINK(""https://stackoverflow.com/q/66553876"", ""66553876"")",0.4810646659521259,"0","17"
"=HYPERLINK(""https://stackoverflow.com/q/66575312"", ""66575312"")",0.3448090948090948,"0","20"
"=HYPERLINK(""https://stackoverflow.com/q/66741972"", ""66741972"")",0.2283855504194486,"0","30"
"=HYPERLINK(""https://stackoverflow.com/q/66760680"", ""66760680"")",0.2745234774523476,"0","25"
"=HYPERLINK(""https://stackoverflow.com/q/66885100"", ""66885100"")",0.4993306559571617,"0","22"
"=HYPERLINK(""https://stackoverflow.com/q/67071606"", ""67071606"")",0.4368912741005765,"0","60"
"=HYPERLINK(""https://stackoverflow.com/q/67194062"", ""67194062"")",0.2881386209360486,"0","19"
"=HYPERLINK(""https://stackoverflow.com/q/67197629"", ""67197629"")",0.4882206802021764,"0","25"
"=HYPERLINK(""https://stackoverflow.com/q/67201131"", ""67201131"")",0.5031500572737685,"0","19"
"=HYPERLINK(""https://stackoverflow.com/q/67205628"", ""67205628"")",0.417250902910559,"0","32"
"=HYPERLINK(""https://stackoverflow.com/q/67209345"", ""67209345"")",0.3529040404040403,"0","36"
"=HYPERLINK(""https://stackoverflow.com/q/67315959"", ""67315959"")",0.5849224510551738,"0","6"
"=HYPERLINK(""https://stackoverflow.com/q/67508324"", ""67508324"")",0.5717031910803535,"1","15"
"=HYPERLINK(""https://stackoverflow.com/q/67649594"", ""67649594"")",0.3050951503990177,"0","14"
"=HYPERLINK(""https://stackoverflow.com/q/67680065"", ""67680065"")",0.3439613526570042,"0","25"
"=HYPERLINK(""https://stackoverflow.com/q/67686152"", ""67686152"")",0.2815628815628815,"0","8"
"=HYPERLINK(""https://stackoverflow.com/q/67717499"", ""67717499"")",0.2592189578043767,"0","11"
