link,Correlation
"=HYPERLINK(""https://stackoverflow.com/a/542520"", ""542520"")",0.43779108449767107
"=HYPERLINK(""https://stackoverflow.com/a/1048461"", ""1048461"")",0.5876930742401594
"=HYPERLINK(""https://stackoverflow.com/a/1079260"", ""1079260"")",0.31877394636015327
"=HYPERLINK(""https://stackoverflow.com/a/1940412"", ""1940412"")",0.3815142576204525
"=HYPERLINK(""https://stackoverflow.com/a/3145669"", ""3145669"")",0.7691835481890732
"=HYPERLINK(""https://stackoverflow.com/a/3168108"", ""3168108"")",0.40908053844398795
"=HYPERLINK(""https://stackoverflow.com/a/3294627"", ""3294627"")",0.6159230096237974
"=HYPERLINK(""https://stackoverflow.com/a/3652890"", ""3652890"")",0.4141236306729266
"=HYPERLINK(""https://stackoverflow.com/a/3675970"", ""3675970"")",0.3075880758807587
"=HYPERLINK(""https://stackoverflow.com/a/4210435"", ""4210435"")",0.7000703234880448
"=HYPERLINK(""https://stackoverflow.com/a/4253371"", ""4253371"")",0.39747995418098503
"=HYPERLINK(""https://stackoverflow.com/a/4268843"", ""4268843"")",0.42405708460754327
"=HYPERLINK(""https://stackoverflow.com/a/4825296"", ""4825296"")",0.8001116694584028
"=HYPERLINK(""https://stackoverflow.com/a/5036407"", ""5036407"")",0.6011695906432751
"=HYPERLINK(""https://stackoverflow.com/a/5148183"", ""5148183"")",0.48708708708708687
"=HYPERLINK(""https://stackoverflow.com/a/5378817"", ""5378817"")",0.6493579006141819
"=HYPERLINK(""https://stackoverflow.com/a/5557325"", ""5557325"")",0.6498084291187739
"=HYPERLINK(""https://stackoverflow.com/a/5782659"", ""5782659"")",0.3845984598459845
"=HYPERLINK(""https://stackoverflow.com/a/6066646"", ""6066646"")",0.829243739776016
"=HYPERLINK(""https://stackoverflow.com/a/6653539"", ""6653539"")",0.6803060545575516
"=HYPERLINK(""https://stackoverflow.com/a/6804092"", ""6804092"")",0.7321297519448113
"=HYPERLINK(""https://stackoverflow.com/a/6832778"", ""6832778"")",0.8663940013633261
"=HYPERLINK(""https://stackoverflow.com/a/7178116"", ""7178116"")",0.7369281045751633
"=HYPERLINK(""https://stackoverflow.com/a/7232131"", ""7232131"")",0.278978978978979
"=HYPERLINK(""https://stackoverflow.com/a/7464684"", ""7464684"")",0.40048309178743924
"=HYPERLINK(""https://stackoverflow.com/a/7521797"", ""7521797"")",0.6981778325798054
"=HYPERLINK(""https://stackoverflow.com/a/7522613"", ""7522613"")",0.4645691609977324
"=HYPERLINK(""https://stackoverflow.com/a/7837187"", ""7837187"")",0.49394636015325644
"=HYPERLINK(""https://stackoverflow.com/a/8348897"", ""8348897"")",0.5371828521434823
"=HYPERLINK(""https://stackoverflow.com/a/8366712"", ""8366712"")",0.5284952849528496
"=HYPERLINK(""https://stackoverflow.com/a/8393111"", ""8393111"")",0.5116959064327483
"=HYPERLINK(""https://stackoverflow.com/a/8723573"", ""8723573"")",0.4520094562647755
"=HYPERLINK(""https://stackoverflow.com/a/9151751"", ""9151751"")",0.6797867978679788
"=HYPERLINK(""https://stackoverflow.com/a/9245103"", ""9245103"")",0.3733557234816678
"=HYPERLINK(""https://stackoverflow.com/a/9254371"", ""9254371"")",0.7323543808125309
"=HYPERLINK(""https://stackoverflow.com/a/9515296"", ""9515296"")",0.6533446712018136
"=HYPERLINK(""https://stackoverflow.com/a/9526047"", ""9526047"")",0.43063522413426836
"=HYPERLINK(""https://stackoverflow.com/a/9594781"", ""9594781"")",0.5009832841691253
"=HYPERLINK(""https://stackoverflow.com/a/9729296"", ""9729296"")",0.8489190548014076
"=HYPERLINK(""https://stackoverflow.com/a/9784984"", ""9784984"")",0.6450991719622571
"=HYPERLINK(""https://stackoverflow.com/a/9804898"", ""9804898"")",0.6471644855016679
"=HYPERLINK(""https://stackoverflow.com/a/9824917"", ""9824917"")",0.3807588075880756
"=HYPERLINK(""https://stackoverflow.com/a/9839474"", ""9839474"")",0.48330596606458653
"=HYPERLINK(""https://stackoverflow.com/a/9929808"", ""9929808"")",0.4832841691248773
"=HYPERLINK(""https://stackoverflow.com/a/9929859"", ""9929859"")",0.7975646879756467
"=HYPERLINK(""https://stackoverflow.com/a/10214712"", ""10214712"")",0.696248196248196
"=HYPERLINK(""https://stackoverflow.com/a/10221460"", ""10221460"")",0.4041748849441158
"=HYPERLINK(""https://stackoverflow.com/a/10230439"", ""10230439"")",0.8176420695504669
"=HYPERLINK(""https://stackoverflow.com/a/10233528"", ""10233528"")",0.40332458442694685
"=HYPERLINK(""https://stackoverflow.com/a/10364242"", ""10364242"")",0.5766135935627462
"=HYPERLINK(""https://stackoverflow.com/a/10568853"", ""10568853"")",0.33661336613366144
"=HYPERLINK(""https://stackoverflow.com/a/10779430"", ""10779430"")",0.40153256704980844
"=HYPERLINK(""https://stackoverflow.com/a/10914291"", ""10914291"")",0.764040404040404
"=HYPERLINK(""https://stackoverflow.com/a/11155284"", ""11155284"")",0.6127121357668909
"=HYPERLINK(""https://stackoverflow.com/a/11374087"", ""11374087"")",0.8776439089692099
"=HYPERLINK(""https://stackoverflow.com/a/11940973"", ""11940973"")",0.2644385810612725
"=HYPERLINK(""https://stackoverflow.com/a/11977890"", ""11977890"")",0.17027417027417024
"=HYPERLINK(""https://stackoverflow.com/a/12090623"", ""12090623"")",0.5717797443461161
"=HYPERLINK(""https://stackoverflow.com/a/12285447"", ""12285447"")",0.4795751633986927
"=HYPERLINK(""https://stackoverflow.com/a/12334019"", ""12334019"")",0.650387229334598
"=HYPERLINK(""https://stackoverflow.com/a/12462546"", ""12462546"")",0.37606837606837606
"=HYPERLINK(""https://stackoverflow.com/a/12588011"", ""12588011"")",0.2879661668589004
"=HYPERLINK(""https://stackoverflow.com/a/12678191"", ""12678191"")",0.7485380116959068
"=HYPERLINK(""https://stackoverflow.com/a/13263586"", ""13263586"")",0.753121098626717
"=HYPERLINK(""https://stackoverflow.com/a/14105399"", ""14105399"")",0.8367676767676766
"=HYPERLINK(""https://stackoverflow.com/a/14162678"", ""14162678"")",0.8532185321853218
"=HYPERLINK(""https://stackoverflow.com/a/14502682"", ""14502682"")",0.2611271213576689
"=HYPERLINK(""https://stackoverflow.com/a/14678167"", ""14678167"")",0.4776068376068378
"=HYPERLINK(""https://stackoverflow.com/a/14957609"", ""14957609"")",0.8854665754049734
"=HYPERLINK(""https://stackoverflow.com/a/15009709"", ""15009709"")",0.3573573573573572
"=HYPERLINK(""https://stackoverflow.com/a/15107526"", ""15107526"")",0.41053391053391036
"=HYPERLINK(""https://stackoverflow.com/a/15124297"", ""15124297"")",0.42499518582707496
"=HYPERLINK(""https://stackoverflow.com/a/15579498"", ""15579498"")",0.5924349881796691
"=HYPERLINK(""https://stackoverflow.com/a/15869294"", ""15869294"")",0.9669920966992093
"=HYPERLINK(""https://stackoverflow.com/a/16522324"", ""16522324"")",0.6167176350662591
"=HYPERLINK(""https://stackoverflow.com/a/16628302"", ""16628302"")",0.7664265444226148
"=HYPERLINK(""https://stackoverflow.com/a/16736823"", ""16736823"")",0.6059431524547803
"=HYPERLINK(""https://stackoverflow.com/a/16874727"", ""16874727"")",0.5464900046490003
"=HYPERLINK(""https://stackoverflow.com/a/17087389"", ""17087389"")",0.45542380324989007
"=HYPERLINK(""https://stackoverflow.com/a/17714436"", ""17714436"")",0.9243007441621759
"=HYPERLINK(""https://stackoverflow.com/a/17757974"", ""17757974"")",0.5681681681681678
"=HYPERLINK(""https://stackoverflow.com/a/19550201"", ""19550201"")",0.7909245122985585
"=HYPERLINK(""https://stackoverflow.com/a/19567870"", ""19567870"")",0.8936919628562282
"=HYPERLINK(""https://stackoverflow.com/a/19897635"", ""19897635"")",0.7550941945405609
"=HYPERLINK(""https://stackoverflow.com/a/20042830"", ""20042830"")",0.4920966992096698
"=HYPERLINK(""https://stackoverflow.com/a/20094353"", ""20094353"")",0.4232272473478502
"=HYPERLINK(""https://stackoverflow.com/a/20181911"", ""20181911"")",0.6743267214965326
"=HYPERLINK(""https://stackoverflow.com/a/20452321"", ""20452321"")",0.5136795086543828
"=HYPERLINK(""https://stackoverflow.com/a/20686764"", ""20686764"")",0.7984598459845983
"=HYPERLINK(""https://stackoverflow.com/a/20789639"", ""20789639"")",0.6535199321458867
"=HYPERLINK(""https://stackoverflow.com/a/20896772"", ""20896772"")",0.34982277700724307
"=HYPERLINK(""https://stackoverflow.com/a/20997344"", ""20997344"")",0.6244413623054401
"=HYPERLINK(""https://stackoverflow.com/a/21564090"", ""21564090"")",0.4876861397479953
"=HYPERLINK(""https://stackoverflow.com/a/21784669"", ""21784669"")",0.328149082247443
"=HYPERLINK(""https://stackoverflow.com/a/21880219"", ""21880219"")",0.38812083973374273
"=HYPERLINK(""https://stackoverflow.com/a/22139560"", ""22139560"")",0.7615079365079366
"=HYPERLINK(""https://stackoverflow.com/a/22342202"", ""22342202"")",0.6452201688341316
"=HYPERLINK(""https://stackoverflow.com/a/22402406"", ""22402406"")",0.44542524870393757
"=HYPERLINK(""https://stackoverflow.com/a/22435944"", ""22435944"")",0.5275913497390009
"=HYPERLINK(""https://stackoverflow.com/a/22505921"", ""22505921"")",0.23441734417344162
"=HYPERLINK(""https://stackoverflow.com/a/22520232"", ""22520232"")",0.665700483091787
"=HYPERLINK(""https://stackoverflow.com/a/22919194"", ""22919194"")",0.19072615923009634
"=HYPERLINK(""https://stackoverflow.com/a/22961688"", ""22961688"")",0.8112633181126332
"=HYPERLINK(""https://stackoverflow.com/a/23154626"", ""23154626"")",0.5274245343609506
"=HYPERLINK(""https://stackoverflow.com/a/24787109"", ""24787109"")",0.5880758807588073
"=HYPERLINK(""https://stackoverflow.com/a/25260698"", ""25260698"")",0.3760683760683762
"=HYPERLINK(""https://stackoverflow.com/a/25273771"", ""25273771"")",0.7907353417557506
"=HYPERLINK(""https://stackoverflow.com/a/25463073"", ""25463073"")",0.7460845973609572
"=HYPERLINK(""https://stackoverflow.com/a/25473038"", ""25473038"")",0.38698194762267973
"=HYPERLINK(""https://stackoverflow.com/a/26286054"", ""26286054"")",0.7273556924480945
"=HYPERLINK(""https://stackoverflow.com/a/26610547"", ""26610547"")",0.6497714172132778
"=HYPERLINK(""https://stackoverflow.com/a/26887985"", ""26887985"")",0.46555884611165943
"=HYPERLINK(""https://stackoverflow.com/a/26929207"", ""26929207"")",0.5204881181759796
"=HYPERLINK(""https://stackoverflow.com/a/26935161"", ""26935161"")",0.4103665521191293
"=HYPERLINK(""https://stackoverflow.com/a/27052738"", ""27052738"")",0.4264775413711585
"=HYPERLINK(""https://stackoverflow.com/a/27436850"", ""27436850"")",0.472222222222222
"=HYPERLINK(""https://stackoverflow.com/a/27475265"", ""27475265"")",0.8260954616588424
"=HYPERLINK(""https://stackoverflow.com/a/27513443"", ""27513443"")",0.7448466566113625
"=HYPERLINK(""https://stackoverflow.com/a/27575434"", ""27575434"")",0.4352324263038548
"=HYPERLINK(""https://stackoverflow.com/a/27871297"", ""27871297"")",0.3030463109702412
"=HYPERLINK(""https://stackoverflow.com/a/27936337"", ""27936337"")",0.23637316561844876
"=HYPERLINK(""https://stackoverflow.com/a/27954495"", ""27954495"")",0.6139272913466459
"=HYPERLINK(""https://stackoverflow.com/a/27971560"", ""27971560"")",0.43650793650793634
"=HYPERLINK(""https://stackoverflow.com/a/28117974"", ""28117974"")",0.797025371828522
"=HYPERLINK(""https://stackoverflow.com/a/28292357"", ""28292357"")",0.4939900322486076
"=HYPERLINK(""https://stackoverflow.com/a/28366653"", ""28366653"")",0.8443720593557728
"=HYPERLINK(""https://stackoverflow.com/a/28421066"", ""28421066"")",0.44624069797279964
"=HYPERLINK(""https://stackoverflow.com/a/28433634"", ""28433634"")",0.4992305324715297
"=HYPERLINK(""https://stackoverflow.com/a/28696536"", ""28696536"")",0.4546546546546545
"=HYPERLINK(""https://stackoverflow.com/a/28762155"", ""28762155"")",0.8962798718896277
"=HYPERLINK(""https://stackoverflow.com/a/29035104"", ""29035104"")",0.5217613927291344
"=HYPERLINK(""https://stackoverflow.com/a/29158235"", ""29158235"")",0.694559133865492
"=HYPERLINK(""https://stackoverflow.com/a/29414011"", ""29414011"")",0.6873385012919894
"=HYPERLINK(""https://stackoverflow.com/a/29847317"", ""29847317"")",0.49456264775413716
"=HYPERLINK(""https://stackoverflow.com/a/30568839"", ""30568839"")",0.608031534860803
"=HYPERLINK(""https://stackoverflow.com/a/31063130"", ""31063130"")",0.5566273669167562
"=HYPERLINK(""https://stackoverflow.com/a/31452964"", ""31452964"")",0.4124062713019765
"=HYPERLINK(""https://stackoverflow.com/a/31481768"", ""31481768"")",0.33577303778056594
"=HYPERLINK(""https://stackoverflow.com/a/31578930"", ""31578930"")",0.348176420695505
"=HYPERLINK(""https://stackoverflow.com/a/31901510"", ""31901510"")",0.5407817790089258
"=HYPERLINK(""https://stackoverflow.com/a/32020189"", ""32020189"")",0.8084291187739461
"=HYPERLINK(""https://stackoverflow.com/a/32155264"", ""32155264"")",0.5517019910083496
"=HYPERLINK(""https://stackoverflow.com/a/32157892"", ""32157892"")",0.3513735137351374
"=HYPERLINK(""https://stackoverflow.com/a/32371411"", ""32371411"")",0.6694949494949494
"=HYPERLINK(""https://stackoverflow.com/a/32575808"", ""32575808"")",0.28757364022468823
"=HYPERLINK(""https://stackoverflow.com/a/32704921"", ""32704921"")",0.4086629001883238
"=HYPERLINK(""https://stackoverflow.com/a/33131074"", ""33131074"")",0.6721451806197569
"=HYPERLINK(""https://stackoverflow.com/a/33131461"", ""33131461"")",0.3529040404040403
"=HYPERLINK(""https://stackoverflow.com/a/33224007"", ""33224007"")",0.5542380324989019
"=HYPERLINK(""https://stackoverflow.com/a/33523189"", ""33523189"")",0.5318619495834686
"=HYPERLINK(""https://stackoverflow.com/a/33965664"", ""33965664"")",0.8820582877959929
"=HYPERLINK(""https://stackoverflow.com/a/34128515"", ""34128515"")",0.5350375602646038
"=HYPERLINK(""https://stackoverflow.com/a/34342468"", ""34342468"")",0.2562647754137116
"=HYPERLINK(""https://stackoverflow.com/a/34405621"", ""34405621"")",0.5773358585858586
"=HYPERLINK(""https://stackoverflow.com/a/34497919"", ""34497919"")",0.4685276409414339
"=HYPERLINK(""https://stackoverflow.com/a/34746957"", ""34746957"")",0.6115079365079364
"=HYPERLINK(""https://stackoverflow.com/a/34774734"", ""34774734"")",0.46897546897546866
"=HYPERLINK(""https://stackoverflow.com/a/34805481"", ""34805481"")",0.9301868239921341
"=HYPERLINK(""https://stackoverflow.com/a/35108501"", ""35108501"")",0.3746974697469746
"=HYPERLINK(""https://stackoverflow.com/a/35247164"", ""35247164"")",0.3045007032348804
"=HYPERLINK(""https://stackoverflow.com/a/35279763"", ""35279763"")",0.3492940454266421
"=HYPERLINK(""https://stackoverflow.com/a/35501282"", ""35501282"")",0.4217296113847836
"=HYPERLINK(""https://stackoverflow.com/a/35656401"", ""35656401"")",0.4222222222222223
"=HYPERLINK(""https://stackoverflow.com/a/35896046"", ""35896046"")",0.5018832391713747
"=HYPERLINK(""https://stackoverflow.com/a/35987789"", ""35987789"")",0.39222222222222186
"=HYPERLINK(""https://stackoverflow.com/a/36014556"", ""36014556"")",0.769590643274854
"=HYPERLINK(""https://stackoverflow.com/a/36063985"", ""36063985"")",0.5473755964553508
"=HYPERLINK(""https://stackoverflow.com/a/36321141"", ""36321141"")",0.8879541347292329
"=HYPERLINK(""https://stackoverflow.com/a/36778509"", ""36778509"")",0.45566593083149387
"=HYPERLINK(""https://stackoverflow.com/a/36999520"", ""36999520"")",0.6545947277654591
"=HYPERLINK(""https://stackoverflow.com/a/37116572"", ""37116572"")",0.5894277649473953
"=HYPERLINK(""https://stackoverflow.com/a/37520262"", ""37520262"")",0.392797915185975
"=HYPERLINK(""https://stackoverflow.com/a/37678307"", ""37678307"")",0.272222222222222
"=HYPERLINK(""https://stackoverflow.com/a/37678847"", ""37678847"")",0.6694584031267442
"=HYPERLINK(""https://stackoverflow.com/a/38128762"", ""38128762"")",0.8996415770609313
"=HYPERLINK(""https://stackoverflow.com/a/38320123"", ""38320123"")",0.7425174251742517
"=HYPERLINK(""https://stackoverflow.com/a/38730847"", ""38730847"")",0.8832391713747643
"=HYPERLINK(""https://stackoverflow.com/a/39143562"", ""39143562"")",0.36507936507936495
"=HYPERLINK(""https://stackoverflow.com/a/39470740"", ""39470740"")",0.38665175242356464
"=HYPERLINK(""https://stackoverflow.com/a/41219384"", ""41219384"")",0.5946360153256706
"=HYPERLINK(""https://stackoverflow.com/a/41445318"", ""41445318"")",0.552222222222222
"=HYPERLINK(""https://stackoverflow.com/a/41446454"", ""41446454"")",0.7725577926920211
"=HYPERLINK(""https://stackoverflow.com/a/41558529"", ""41558529"")",0.8519519519519516
"=HYPERLINK(""https://stackoverflow.com/a/41591603"", ""41591603"")",0.5144300144300141
"=HYPERLINK(""https://stackoverflow.com/a/41723944"", ""41723944"")",0.33297140788997476
"=HYPERLINK(""https://stackoverflow.com/a/42065085"", ""42065085"")",0.5953314659197013
"=HYPERLINK(""https://stackoverflow.com/a/42812463"", ""42812463"")",0.29494949494949496
"=HYPERLINK(""https://stackoverflow.com/a/43832085"", ""43832085"")",0.5023525153818313
"=HYPERLINK(""https://stackoverflow.com/a/43870982"", ""43870982"")",0.38676303854875266
"=HYPERLINK(""https://stackoverflow.com/a/44206621"", ""44206621"")",0.4062713019768232
"=HYPERLINK(""https://stackoverflow.com/a/44232094"", ""44232094"")",0.34270414993306547
"=HYPERLINK(""https://stackoverflow.com/a/44315501"", ""44315501"")",0.3880513679508652
"=HYPERLINK(""https://stackoverflow.com/a/44757201"", ""44757201"")",0.6501068376068377
"=HYPERLINK(""https://stackoverflow.com/a/45148902"", ""45148902"")",0.3735137351373515
"=HYPERLINK(""https://stackoverflow.com/a/45928819"", ""45928819"")",0.5617056170561708
"=HYPERLINK(""https://stackoverflow.com/a/46063968"", ""46063968"")",0.5740227762388428
"=HYPERLINK(""https://stackoverflow.com/a/46277465"", ""46277465"")",0.39365079365079375
"=HYPERLINK(""https://stackoverflow.com/a/46473398"", ""46473398"")",0.9626802374893986
"=HYPERLINK(""https://stackoverflow.com/a/46492918"", ""46492918"")",0.5420516465292587
"=HYPERLINK(""https://stackoverflow.com/a/46539816"", ""46539816"")",0.8066050937587458
"=HYPERLINK(""https://stackoverflow.com/a/46850498"", ""46850498"")",0.8116959064327488
"=HYPERLINK(""https://stackoverflow.com/a/47387797"", ""47387797"")",0.7816816816816815
"=HYPERLINK(""https://stackoverflow.com/a/47388550"", ""47388550"")",0.48770894788593916
"=HYPERLINK(""https://stackoverflow.com/a/47408437"", ""47408437"")",0.880513679508654
"=HYPERLINK(""https://stackoverflow.com/a/47500627"", ""47500627"")",0.6255241090146749
"=HYPERLINK(""https://stackoverflow.com/a/47543036"", ""47543036"")",0.7640632264063224
"=HYPERLINK(""https://stackoverflow.com/a/47584763"", ""47584763"")",0.7222222222222225
"=HYPERLINK(""https://stackoverflow.com/a/47697051"", ""47697051"")",0.45979128299570293
"=HYPERLINK(""https://stackoverflow.com/a/47760806"", ""47760806"")",0.6962481962481961
"=HYPERLINK(""https://stackoverflow.com/a/47762010"", ""47762010"")",0.708071278825996
"=HYPERLINK(""https://stackoverflow.com/a/48024268"", ""48024268"")",0.39709906951286245
"=HYPERLINK(""https://stackoverflow.com/a/48189535"", ""48189535"")",0.3259958071278828
"=HYPERLINK(""https://stackoverflow.com/a/48537422"", ""48537422"")",0.30365544697792257
"=HYPERLINK(""https://stackoverflow.com/a/48558376"", ""48558376"")",0.6484517304189436
"=HYPERLINK(""https://stackoverflow.com/a/48652664"", ""48652664"")",0.3251633986928104
"=HYPERLINK(""https://stackoverflow.com/a/49384097"", ""49384097"")",0.5815972222222224
"=HYPERLINK(""https://stackoverflow.com/a/49914772"", ""49914772"")",0.5636856368563683
"=HYPERLINK(""https://stackoverflow.com/a/50007371"", ""50007371"")",0.7720377203772038
"=HYPERLINK(""https://stackoverflow.com/a/50686775"", ""50686775"")",0.29064327485380137
"=HYPERLINK(""https://stackoverflow.com/a/50812035"", ""50812035"")",0.3053247152970145
"=HYPERLINK(""https://stackoverflow.com/a/51057155"", ""51057155"")",0.22985581000848207
"=HYPERLINK(""https://stackoverflow.com/a/51415131"", ""51415131"")",0.1870463428252371
"=HYPERLINK(""https://stackoverflow.com/a/51931060"", ""51931060"")",0.4565972222222223
"=HYPERLINK(""https://stackoverflow.com/a/52317751"", ""52317751"")",0.32143636760532635
"=HYPERLINK(""https://stackoverflow.com/a/53227001"", ""53227001"")",0.31100726895119424
"=HYPERLINK(""https://stackoverflow.com/a/53622548"", ""53622548"")",0.4051490514905146
"=HYPERLINK(""https://stackoverflow.com/a/53698147"", ""53698147"")",0.6159230096237974
"=HYPERLINK(""https://stackoverflow.com/a/54343224"", ""54343224"")",0.7087087087087085
"=HYPERLINK(""https://stackoverflow.com/a/54357643"", ""54357643"")",0.7906432748538017
"=HYPERLINK(""https://stackoverflow.com/a/54659681"", ""54659681"")",0.4487415592387968
"=HYPERLINK(""https://stackoverflow.com/a/54937639"", ""54937639"")",0.38607764390896915
"=HYPERLINK(""https://stackoverflow.com/a/55042462"", ""55042462"")",0.5906923714759533
"=HYPERLINK(""https://stackoverflow.com/a/55153300"", ""55153300"")",0.308688387635756
"=HYPERLINK(""https://stackoverflow.com/a/55270320"", ""55270320"")",0.523107177974435
"=HYPERLINK(""https://stackoverflow.com/a/55800865"", ""55800865"")",0.26455631833206195
"=HYPERLINK(""https://stackoverflow.com/a/56013736"", ""56013736"")",0.4679849340866289
"=HYPERLINK(""https://stackoverflow.com/a/57041059"", ""57041059"")",0.8053126012309691
"=HYPERLINK(""https://stackoverflow.com/a/57708362"", ""57708362"")",0.43001443001442974
"=HYPERLINK(""https://stackoverflow.com/a/57932260"", ""57932260"")",0.4752342704149931
"=HYPERLINK(""https://stackoverflow.com/a/57968179"", ""57968179"")",0.41053391053391036
"=HYPERLINK(""https://stackoverflow.com/a/58569341"", ""58569341"")",0.3804500703234879
"=HYPERLINK(""https://stackoverflow.com/a/58629180"", ""58629180"")",0.46047725577926946
"=HYPERLINK(""https://stackoverflow.com/a/58671126"", ""58671126"")",0.8957335158567187
"=HYPERLINK(""https://stackoverflow.com/a/59711642"", ""59711642"")",0.5572737686139747
"=HYPERLINK(""https://stackoverflow.com/a/59835450"", ""59835450"")",0.41854124062713
"=HYPERLINK(""https://stackoverflow.com/a/59925421"", ""59925421"")",0.4247538677918424
"=HYPERLINK(""https://stackoverflow.com/a/60393919"", ""60393919"")",0.7838660578386606
"=HYPERLINK(""https://stackoverflow.com/a/60709085"", ""60709085"")",0.3011695906432749
"=HYPERLINK(""https://stackoverflow.com/a/60710309"", ""60710309"")",0.4111623143881207
"=HYPERLINK(""https://stackoverflow.com/a/60867230"", ""60867230"")",0.49357900614182015
"=HYPERLINK(""https://stackoverflow.com/a/61541899"", ""61541899"")",0.7826617826617827
"=HYPERLINK(""https://stackoverflow.com/a/61630072"", ""61630072"")",0.318456531845653
"=HYPERLINK(""https://stackoverflow.com/a/62198580"", ""62198580"")",0.598061148396719
"=HYPERLINK(""https://stackoverflow.com/a/62283776"", ""62283776"")",0.4222222222222221
"=HYPERLINK(""https://stackoverflow.com/a/62343080"", ""62343080"")",0.5169590643274857
"=HYPERLINK(""https://stackoverflow.com/a/63643096"", ""63643096"")",0.6237970253718289
"=HYPERLINK(""https://stackoverflow.com/a/63803383"", ""63803383"")",0.5762045231071785
"=HYPERLINK(""https://stackoverflow.com/a/64107327"", ""64107327"")",0.5642380772618597
"=HYPERLINK(""https://stackoverflow.com/a/65238161"", ""65238161"")",0.7028852056476367
"=HYPERLINK(""https://stackoverflow.com/a/65429977"", ""65429977"")",0.5509350935093508
"=HYPERLINK(""https://stackoverflow.com/a/65703528"", ""65703528"")",0.36015325670498066
"=HYPERLINK(""https://stackoverflow.com/a/65996531"", ""65996531"")",0.4182021217197096
"=HYPERLINK(""https://stackoverflow.com/a/66034025"", ""66034025"")",0.41589811155028517
"=HYPERLINK(""https://stackoverflow.com/a/66141735"", ""66141735"")",0.39015391102677655
"=HYPERLINK(""https://stackoverflow.com/a/67101510"", ""67101510"")",0.45647914917436305
