"link","Correlation","score","view_count"
"=HYPERLINK(""https://stackoverflow.com/q/1076040"", ""1076040"")",0.7583046964490263,"0","1533"
"=HYPERLINK(""https://stackoverflow.com/q/1910595"", ""1910595"")",0.7548855388051364,"0","319"
"=HYPERLINK(""https://stackoverflow.com/q/2118654"", ""2118654"")",0.3429118773946359,"3","828"
"=HYPERLINK(""https://stackoverflow.com/q/2255323"", ""2255323"")",0.4431524547803616,"3","1965"
"=HYPERLINK(""https://stackoverflow.com/q/2259877"", ""2259877"")",0.3115904810820065,"0","816"
"=HYPERLINK(""https://stackoverflow.com/q/2410004"", ""2410004"")",0.3461352657004828,"0","1151"
"=HYPERLINK(""https://stackoverflow.com/q/2844173"", ""2844173"")",0.6587185725871859,"0","7839"
"=HYPERLINK(""https://stackoverflow.com/q/3144949"", ""3144949"")",0.4083608360836082,"0","1129"
"=HYPERLINK(""https://stackoverflow.com/q/3166746"", ""3166746"")",0.4754569726843295,"0","494"
"=HYPERLINK(""https://stackoverflow.com/q/3294473"", ""3294473"")",0.5592387968078577,"0","71"
"=HYPERLINK(""https://stackoverflow.com/q/3552779"", ""3552779"")",0.3836055075248159,"1","1084"
"=HYPERLINK(""https://stackoverflow.com/q/3650893"", ""3650893"")",0.67269392033543,"1","11650"
"=HYPERLINK(""https://stackoverflow.com/q/4015594"", ""4015594"")",0.3775123246113006,"0","578"
"=HYPERLINK(""https://stackoverflow.com/q/4055828"", ""4055828"")",0.9082687338501286,"0","1081"
"=HYPERLINK(""https://stackoverflow.com/q/4072275"", ""4072275"")",0.4486373165618449,"0","1012"
"=HYPERLINK(""https://stackoverflow.com/q/4077945"", ""4077945"")",0.3879680785758134,"2","3804"
"=HYPERLINK(""https://stackoverflow.com/q/4081291"", ""4081291"")",0.7477904040404039,"0","839"
"=HYPERLINK(""https://stackoverflow.com/q/4188741"", ""4188741"")",0.6352241342681115,"0","1208"
"=HYPERLINK(""https://stackoverflow.com/q/4197770"", ""4197770"")",0.6102488297610246,"0","478"
"=HYPERLINK(""https://stackoverflow.com/q/4268821"", ""4268821"")",0.3655196028077384,"0","105"
"=HYPERLINK(""https://stackoverflow.com/q/4292900"", ""4292900"")",0.4076641632967457,"0","229"
"=HYPERLINK(""https://stackoverflow.com/q/5327474"", ""5327474"")",0.5044308111792772,"0","159"
"=HYPERLINK(""https://stackoverflow.com/q/5377318"", ""5377318"")",0.7636423405654178,"0","1465"
"=HYPERLINK(""https://stackoverflow.com/q/5431971"", ""5431971"")",0.9049808429118776,"0","571"
"=HYPERLINK(""https://stackoverflow.com/q/5555718"", ""5555718"")",0.3911972914742998,"1","261"
"=HYPERLINK(""https://stackoverflow.com/q/5556357"", ""5556357"")",0.9142637447135712,"0","8515"
"=HYPERLINK(""https://stackoverflow.com/q/5752539"", ""5752539"")",0.4017842660178429,"1","1398"
"=HYPERLINK(""https://stackoverflow.com/q/5901738"", ""5901738"")",0.3591373002118238,"2","1509"
"=HYPERLINK(""https://stackoverflow.com/q/5909616"", ""5909616"")",0.7040103016924212,"1","731"
"=HYPERLINK(""https://stackoverflow.com/q/6064603"", ""6064603"")",0.7375596455351052,"0","811"
"=HYPERLINK(""https://stackoverflow.com/q/6712945"", ""6712945"")",0.3874396135265698,"0","4587"
"=HYPERLINK(""https://stackoverflow.com/q/6791635"", ""6791635"")",0.948249619482496,"0","6481"
"=HYPERLINK(""https://stackoverflow.com/q/6832549"", ""6832549"")",0.8732289336316185,"0","559"
"=HYPERLINK(""https://stackoverflow.com/q/6927847"", ""6927847"")",0.4846991168617785,"0","378"
"=HYPERLINK(""https://stackoverflow.com/q/7174738"", ""7174738"")",0.8719918074756778,"0","2430"
"=HYPERLINK(""https://stackoverflow.com/q/7230897"", ""7230897"")",0.3297307546454303,"0","764"
"=HYPERLINK(""https://stackoverflow.com/q/7366094"", ""7366094"")",0.5485380116959069,"1","874"
"=HYPERLINK(""https://stackoverflow.com/q/7419035"", ""7419035"")",0.8226895119418486,"1","2157"
"=HYPERLINK(""https://stackoverflow.com/q/7521602"", ""7521602"")",0.3254967814161768,"1","1116"
"=HYPERLINK(""https://stackoverflow.com/q/7836363"", ""7836363"")",0.5335678686602171,"4","10416"
"=HYPERLINK(""https://stackoverflow.com/q/8041869"", ""8041869"")",0.1976085988679004,"2","2020"
"=HYPERLINK(""https://stackoverflow.com/q/8148247"", ""8148247"")",0.2222222222222222,"0","22635"
"=HYPERLINK(""https://stackoverflow.com/q/8153406"", ""8153406"")",0.3700483091787436,"0","1479"
"=HYPERLINK(""https://stackoverflow.com/q/8346129"", ""8346129"")",0.5542832909245125,"2","865"
"=HYPERLINK(""https://stackoverflow.com/q/8361694"", ""8361694"")",0.7570323488045005,"0","11882"
"=HYPERLINK(""https://stackoverflow.com/q/8390400"", ""8390400"")",0.6120795914773731,"1","2325"
"=HYPERLINK(""https://stackoverflow.com/q/8479920"", ""8479920"")",0.447632058287796,"2","5622"
"=HYPERLINK(""https://stackoverflow.com/q/8539786"", ""8539786"")",0.3533697632058288,"0","199"
"=HYPERLINK(""https://stackoverflow.com/q/8924118"", ""8924118"")",0.4380116959064329,"0","1201"
"=HYPERLINK(""https://stackoverflow.com/q/8971885"", ""8971885"")",0.3869418483904467,"1","6817"
"=HYPERLINK(""https://stackoverflow.com/q/9076585"", ""9076585"")",0.4397794741306196,"0","1393"
"=HYPERLINK(""https://stackoverflow.com/q/9240648"", ""9240648"")",0.4267676767676766,"0","2061"
"=HYPERLINK(""https://stackoverflow.com/q/9257823"", ""9257823"")",0.4542664211172498,"1","311"
"=HYPERLINK(""https://stackoverflow.com/q/9519722"", ""9519722"")",0.9294045426642112,"2","4946"
"=HYPERLINK(""https://stackoverflow.com/q/9523942"", ""9523942"")",0.4465465465465462,"0","274"
"=HYPERLINK(""https://stackoverflow.com/q/9588748"", ""9588748"")",0.3822222222222221,"0","354"
"=HYPERLINK(""https://stackoverflow.com/q/9592009"", ""9592009"")",0.4491129785247432,"3","10035"
"=HYPERLINK(""https://stackoverflow.com/q/9636979"", ""9636979"")",0.2633321913897454,"0","3686"
"=HYPERLINK(""https://stackoverflow.com/q/9700580"", ""9700580"")",0.6735735735735732,"0","4331"
"=HYPERLINK(""https://stackoverflow.com/q/9773192"", ""9773192"")",0.733850129198966,"0","2374"
"=HYPERLINK(""https://stackoverflow.com/q/9778320"", ""9778320"")",0.4155923879680787,"2","9338"
"=HYPERLINK(""https://stackoverflow.com/q/9785986"", ""9785986"")",0.8868928809048569,"0","1094"
"=HYPERLINK(""https://stackoverflow.com/q/9803912"", ""9803912"")",0.4283760683760685,"0","2291"
"=HYPERLINK(""https://stackoverflow.com/q/9804609"", ""9804609"")",0.757842274992671,"0","70"
"=HYPERLINK(""https://stackoverflow.com/q/9822472"", ""9822472"")",0.7687338501291985,"1","1692"
"=HYPERLINK(""https://stackoverflow.com/q/9923259"", ""9923259"")",0.8354818907305095,"0","2566"
"=HYPERLINK(""https://stackoverflow.com/q/9925184"", ""9925184"")",0.5446977922547954,"0","136"
"=HYPERLINK(""https://stackoverflow.com/q/9949078"", ""9949078"")",0.3074312254376563,"0","4102"
"=HYPERLINK(""https://stackoverflow.com/q/9978652"", ""9978652"")",0.3953739731949847,"0","1567"
"=HYPERLINK(""https://stackoverflow.com/q/9979558"", ""9979558"")",0.439243498817967,"0","674"
"=HYPERLINK(""https://stackoverflow.com/q/10213453"", ""10213453"")",0.6615079365079367,"1","1760"
"=HYPERLINK(""https://stackoverflow.com/q/10225004"", ""10225004"")",0.4151356080489938,"0","1553"
"=HYPERLINK(""https://stackoverflow.com/q/10232475"", ""10232475"")",0.4262133530426211,"0","1427"
"=HYPERLINK(""https://stackoverflow.com/q/10247749"", ""10247749"")",0.2670335429769392,"1","2617"
"=HYPERLINK(""https://stackoverflow.com/q/10332717"", ""10332717"")",0.7680937818552497,"0","2325"
"=HYPERLINK(""https://stackoverflow.com/q/10341790"", ""10341790"")",0.3707184628237258,"2","1696"
"=HYPERLINK(""https://stackoverflow.com/q/10476572"", ""10476572"")",0.4529914529914531,"0","2434"
"=HYPERLINK(""https://stackoverflow.com/q/10778531"", ""10778531"")",0.2979264475743352,"0","1048"
"=HYPERLINK(""https://stackoverflow.com/q/10812922"", ""10812922"")",0.5653956539565396,"1","318"
"=HYPERLINK(""https://stackoverflow.com/q/10907191"", ""10907191"")",0.8787107718405434,"1","4435"
"=HYPERLINK(""https://stackoverflow.com/q/10913416"", ""10913416"")",0.5445610528069301,"0","729"
"=HYPERLINK(""https://stackoverflow.com/q/10948051"", ""10948051"")",0.4526570048309175,"0","293"
"=HYPERLINK(""https://stackoverflow.com/q/11009441"", ""11009441"")",0.5628815628815629,"1","1484"
"=HYPERLINK(""https://stackoverflow.com/q/11154823"", ""11154823"")",0.67477696674777,"0","2500"
"=HYPERLINK(""https://stackoverflow.com/q/11230048"", ""11230048"")",0.3809252938945771,"1","922"
"=HYPERLINK(""https://stackoverflow.com/q/11293753"", ""11293753"")",0.6776068376068378,"1","894"
"=HYPERLINK(""https://stackoverflow.com/q/11316689"", ""11316689"")",0.3762762762762761,"1","304"
"=HYPERLINK(""https://stackoverflow.com/q/11355037"", ""11355037"")",0.4647164485501666,"0","1235"
"=HYPERLINK(""https://stackoverflow.com/q/11369730"", ""11369730"")",0.7479817995009539,"1","3296"
"=HYPERLINK(""https://stackoverflow.com/q/11495360"", ""11495360"")",0.3746471644855016,"0","297"
"=HYPERLINK(""https://stackoverflow.com/q/11564546"", ""11564546"")",0.6594081518704633,"0","7017"
"=HYPERLINK(""https://stackoverflow.com/q/11650326"", ""11650326"")",0.3745767928593413,"0","2830"
"=HYPERLINK(""https://stackoverflow.com/q/11659028"", ""11659028"")",0.3913697188392723,"0","218"
"=HYPERLINK(""https://stackoverflow.com/q/11680652"", ""11680652"")",0.3640907343329488,"1","1113"
"=HYPERLINK(""https://stackoverflow.com/q/11685535"", ""11685535"")",0.498309178743961,"0","225"
"=HYPERLINK(""https://stackoverflow.com/q/11730015"", ""11730015"")",0.4287713406101313,"0","1521"
"=HYPERLINK(""https://stackoverflow.com/q/11832554"", ""11832554"")",0.5014430014430012,"0","402"
"=HYPERLINK(""https://stackoverflow.com/q/11852673"", ""11852673"")",0.5963640986524281,"0","193"
"=HYPERLINK(""https://stackoverflow.com/q/12078858"", ""12078858"")",0.7562272600055971,"0","1243"
"=HYPERLINK(""https://stackoverflow.com/q/12107380"", ""12107380"")",0.6260350471788951,"0","470"
"=HYPERLINK(""https://stackoverflow.com/q/12324697"", ""12324697"")",0.4439964157706095,"1","393"
"=HYPERLINK(""https://stackoverflow.com/q/12377315"", ""12377315"")",0.5950032873109797,"0","305"
"=HYPERLINK(""https://stackoverflow.com/q/12462112"", ""12462112"")",0.3793650793650794,"1","478"
"=HYPERLINK(""https://stackoverflow.com/q/12561198"", ""12561198"")",0.6265156032597893,"0","412"
"=HYPERLINK(""https://stackoverflow.com/q/12586111"", ""12586111"")",0.2956167176350663,"15","17299"
"=HYPERLINK(""https://stackoverflow.com/q/12627321"", ""12627321"")",0.7720330671150346,"0","423"
"=HYPERLINK(""https://stackoverflow.com/q/12740548"", ""12740548"")",0.265491452991453,"2","3570"
"=HYPERLINK(""https://stackoverflow.com/q/12819027"", ""12819027"")",0.3379857690202516,"0","255"
"=HYPERLINK(""https://stackoverflow.com/q/13030486"", ""13030486"")",0.5543650793650794,"1","391"
"=HYPERLINK(""https://stackoverflow.com/q/13056153"", ""13056153"")",0.2806837606837608,"0","506"
"=HYPERLINK(""https://stackoverflow.com/q/13240619"", ""13240619"")",0.8283542976939204,"2","582"
"=HYPERLINK(""https://stackoverflow.com/q/13310952"", ""13310952"")",0.4995468551749141,"4","1092"
"=HYPERLINK(""https://stackoverflow.com/q/13329855"", ""13329855"")",0.288090485695276,"2","372"
"=HYPERLINK(""https://stackoverflow.com/q/13417299"", ""13417299"")",0.4686507936507936,"1","1427"
"=HYPERLINK(""https://stackoverflow.com/q/13480693"", ""13480693"")",0.4628079962807994,"0","138"
"=HYPERLINK(""https://stackoverflow.com/q/13559071"", ""13559071"")",0.5124596892406921,"0","1248"
"=HYPERLINK(""https://stackoverflow.com/q/13713138"", ""13713138"")",0.7222222222222224,"0","406"
"=HYPERLINK(""https://stackoverflow.com/q/13735837"", ""13735837"")",0.5574991901522517,"0","59"
"=HYPERLINK(""https://stackoverflow.com/q/13906100"", ""13906100"")",0.5345994324383321,"1","923"
"=HYPERLINK(""https://stackoverflow.com/q/13944961"", ""13944961"")",0.6920208799403431,"0","57"
"=HYPERLINK(""https://stackoverflow.com/q/14147083"", ""14147083"")",0.5140774258421317,"2","137"
"=HYPERLINK(""https://stackoverflow.com/q/14254597"", ""14254597"")",0.350540806293019,"6","69226"
"=HYPERLINK(""https://stackoverflow.com/q/14701877"", ""14701877"")",0.5032837421257202,"1","3193"
"=HYPERLINK(""https://stackoverflow.com/q/14944252"", ""14944252"")",0.560250391236307,"0","1479"
"=HYPERLINK(""https://stackoverflow.com/q/15006547"", ""15006547"")",0.5844976713240185,"1","649"
"=HYPERLINK(""https://stackoverflow.com/q/15291981"", ""15291981"")",0.4563771517996871,"0","267"
"=HYPERLINK(""https://stackoverflow.com/q/15305195"", ""15305195"")",0.8253150057273768,"0","381"
"=HYPERLINK(""https://stackoverflow.com/q/15371072"", ""15371072"")",0.3775123246113004,"0","415"
"=HYPERLINK(""https://stackoverflow.com/q/15444274"", ""15444274"")",0.941589811155028,"1","2998"
"=HYPERLINK(""https://stackoverflow.com/q/15454122"", ""15454122"")",0.3384384384384383,"0","1570"
"=HYPERLINK(""https://stackoverflow.com/q/15579315"", ""15579315"")",0.5207296849087897,"0","903"
"=HYPERLINK(""https://stackoverflow.com/q/15859304"", ""15859304"")",0.930709307093071,"2","6365"
"=HYPERLINK(""https://stackoverflow.com/q/15983738"", ""15983738"")",0.2849528495284954,"1","1535"
"=HYPERLINK(""https://stackoverflow.com/q/16180836"", ""16180836"")",0.4464490263459335,"2","561"
"=HYPERLINK(""https://stackoverflow.com/q/16193909"", ""16193909"")",0.7134061013154207,"0","8953"
"=HYPERLINK(""https://stackoverflow.com/q/16437979"", ""16437979"")",0.2777077203306712,"1","1012"
"=HYPERLINK(""https://stackoverflow.com/q/16539936"", ""16539936"")",0.5591787439613523,"0","46"
"=HYPERLINK(""https://stackoverflow.com/q/16625838"", ""16625838"")",0.6680705976734856,"1","1513"
"=HYPERLINK(""https://stackoverflow.com/q/16723539"", ""16723539"")",0.4236820762368209,"2","1105"
"=HYPERLINK(""https://stackoverflow.com/q/16728633"", ""16728633"")",0.9378848728246316,"0","32"
"=HYPERLINK(""https://stackoverflow.com/q/16775575"", ""16775575"")",0.4986306729264478,"1","138"
"=HYPERLINK(""https://stackoverflow.com/q/16841011"", ""16841011"")",0.4220291720291722,"0","1009"
"=HYPERLINK(""https://stackoverflow.com/q/16852240"", ""16852240"")",0.5718020541549953,"0","52"
"=HYPERLINK(""https://stackoverflow.com/q/16861746"", ""16861746"")",0.4461604461604464,"0","2144"
"=HYPERLINK(""https://stackoverflow.com/q/16987347"", ""16987347"")",0.4687537056800665,"0","406"
"=HYPERLINK(""https://stackoverflow.com/q/17285230"", ""17285230"")",0.5236928104575163,"0","1091"
"=HYPERLINK(""https://stackoverflow.com/q/17310930"", ""17310930"")",0.6051336146272852,"0","1104"
"=HYPERLINK(""https://stackoverflow.com/q/17345558"", ""17345558"")",0.8900074571215513,"0","638"
"=HYPERLINK(""https://stackoverflow.com/q/17460513"", ""17460513"")",0.6116959064327487,"0","292"
"=HYPERLINK(""https://stackoverflow.com/q/17542414"", ""17542414"")",0.3481620718462823,"0","567"
"=HYPERLINK(""https://stackoverflow.com/q/17677241"", ""17677241"")",0.4052009456264775,"0","44"
"=HYPERLINK(""https://stackoverflow.com/q/17702283"", ""17702283"")",0.5291304894928904,"0","537"
"=HYPERLINK(""https://stackoverflow.com/q/17750428"", ""17750428"")",0.4486928104575164,"1","3574"
"=HYPERLINK(""https://stackoverflow.com/q/17850450"", ""17850450"")",0.6895589056393074,"1","629"
"=HYPERLINK(""https://stackoverflow.com/q/18497762"", ""18497762"")",0.4662413609782033,"0","162"
"=HYPERLINK(""https://stackoverflow.com/q/18715397"", ""18715397"")",0.3713131313131312,"0","117"
"=HYPERLINK(""https://stackoverflow.com/q/18868665"", ""18868665"")",0.4399343993439936,"0","145"
"=HYPERLINK(""https://stackoverflow.com/q/18917791"", ""18917791"")",0.3722222222222223,"0","53"
"=HYPERLINK(""https://stackoverflow.com/q/18966213"", ""18966213"")",0.6935015955903687,"0","715"
"=HYPERLINK(""https://stackoverflow.com/q/19014354"", ""19014354"")",0.39048226046314,"0","1532"
"=HYPERLINK(""https://stackoverflow.com/q/19322704"", ""19322704"")",0.8171049514333103,"0","1524"
"=HYPERLINK(""https://stackoverflow.com/q/19473734"", ""19473734"")",0.5177367340955734,"0","4912"
"=HYPERLINK(""https://stackoverflow.com/q/19483709"", ""19483709"")",0.3601532567049808,"0","244"
"=HYPERLINK(""https://stackoverflow.com/q/19486446"", ""19486446"")",0.4531067799433619,"0","1592"
"=HYPERLINK(""https://stackoverflow.com/q/19486657"", ""19486657"")",0.6798493408662897,"0","2876"
"=HYPERLINK(""https://stackoverflow.com/q/19535008"", ""19535008"")",0.3196248196248194,"0","79"
"=HYPERLINK(""https://stackoverflow.com/q/19536878"", ""19536878"")",0.7017402945113786,"0","1552"
"=HYPERLINK(""https://stackoverflow.com/q/19556497"", ""19556497"")",0.700793650793651,"0","4703"
"=HYPERLINK(""https://stackoverflow.com/q/19562346"", ""19562346"")",0.5135608048993878,"1","175"
"=HYPERLINK(""https://stackoverflow.com/q/19636273"", ""19636273"")",0.7629198966408266,"1","1957"
"=HYPERLINK(""https://stackoverflow.com/q/19896223"", ""19896223"")",0.592300962379703,"0","3524"
"=HYPERLINK(""https://stackoverflow.com/q/20038908"", ""20038908"")",0.4062109862671662,"0","260"
"=HYPERLINK(""https://stackoverflow.com/q/20108586"", ""20108586"")",0.4533542976939203,"0","1059"
"=HYPERLINK(""https://stackoverflow.com/q/20126157"", ""20126157"")",0.5779073534175577,"0","966"
"=HYPERLINK(""https://stackoverflow.com/q/20409816"", ""20409816"")",0.4779040404040402,"0","295"
"=HYPERLINK(""https://stackoverflow.com/q/20423088"", ""20423088"")",0.6543830262423225,"1","77"
"=HYPERLINK(""https://stackoverflow.com/q/20459843"", ""20459843"")",0.4838501291989662,"0","112"
"=HYPERLINK(""https://stackoverflow.com/q/20481294"", ""20481294"")",0.3707577870757785,"0","768"
"=HYPERLINK(""https://stackoverflow.com/q/20525604"", ""20525604"")",0.5249249249249248,"0","997"
"=HYPERLINK(""https://stackoverflow.com/q/20665253"", ""20665253"")",0.9467731204258149,"0","1080"
"=HYPERLINK(""https://stackoverflow.com/q/20733262"", ""20733262"")",0.8861566484517307,"0","514"
"=HYPERLINK(""https://stackoverflow.com/q/20890006"", ""20890006"")",0.682936507936508,"0","348"
"=HYPERLINK(""https://stackoverflow.com/q/20996699"", ""20996699"")",0.3898941160702318,"0","1280"
"=HYPERLINK(""https://stackoverflow.com/q/21237316"", ""21237316"")",0.6240913811007271,"0","1731"
"=HYPERLINK(""https://stackoverflow.com/q/21404255"", ""21404255"")",0.5826873385012917,"0","377"
"=HYPERLINK(""https://stackoverflow.com/q/21485331"", ""21485331"")",0.4362443624436245,"0","428"
"=HYPERLINK(""https://stackoverflow.com/q/21574196"", ""21574196"")",0.5370910268869454,"0","1494"
"=HYPERLINK(""https://stackoverflow.com/q/21589895"", ""21589895"")",0.4142563616247828,"0","3349"
"=HYPERLINK(""https://stackoverflow.com/q/21688480"", ""21688480"")",0.3753166847629388,"0","74"
"=HYPERLINK(""https://stackoverflow.com/q/21817722"", ""21817722"")",0.4312386156648455,"0","2206"
"=HYPERLINK(""https://stackoverflow.com/q/21832878"", ""21832878"")",0.8582054858205485,"2","3000"
"=HYPERLINK(""https://stackoverflow.com/q/21836337"", ""21836337"")",0.3567676767676767,"3","571"
"=HYPERLINK(""https://stackoverflow.com/q/22385960"", ""22385960"")",0.6349881796690309,"0","51"
"=HYPERLINK(""https://stackoverflow.com/q/22477030"", ""22477030"")",0.6560743623000433,"0","2104"
"=HYPERLINK(""https://stackoverflow.com/q/22510170"", ""22510170"")",0.5967676767676767,"0","68"
"=HYPERLINK(""https://stackoverflow.com/q/22682045"", ""22682045"")",0.2636129506990434,"0","871"
"=HYPERLINK(""https://stackoverflow.com/q/22710523"", ""22710523"")",0.4851020108615881,"0","978"
"=HYPERLINK(""https://stackoverflow.com/q/22723990"", ""22723990"")",0.4337211955281769,"0","134"
"=HYPERLINK(""https://stackoverflow.com/q/22770135"", ""22770135"")",0.4200509315105213,"2","4512"
"=HYPERLINK(""https://stackoverflow.com/q/22858209"", ""22858209"")",0.8331437239287067,"0","52"
"=HYPERLINK(""https://stackoverflow.com/q/23129930"", ""23129930"")",0.3775123246113006,"0","478"
"=HYPERLINK(""https://stackoverflow.com/q/23615276"", ""23615276"")",0.3694475902856423,"1","300"
"=HYPERLINK(""https://stackoverflow.com/q/24118957"", ""24118957"")",0.4021385402138537,"0","1204"
"=HYPERLINK(""https://stackoverflow.com/q/24290012"", ""24290012"")",0.6475615887380592,"0","639"
"=HYPERLINK(""https://stackoverflow.com/q/24436237"", ""24436237"")",0.3437574034588961,"0","146"
"=HYPERLINK(""https://stackoverflow.com/q/24521375"", ""24521375"")",0.5587980977086036,"1","441"
"=HYPERLINK(""https://stackoverflow.com/q/24944116"", ""24944116"")",0.7203772037720377,"0","825"
"=HYPERLINK(""https://stackoverflow.com/q/24980316"", ""24980316"")",0.3203817314246761,"1","671"
"=HYPERLINK(""https://stackoverflow.com/q/25095441"", ""25095441"")",0.6673441734417344,"0","80"
"=HYPERLINK(""https://stackoverflow.com/q/25126022"", ""25126022"")",0.5010683760683763,"1","47"
"=HYPERLINK(""https://stackoverflow.com/q/25167773"", ""25167773"")",0.3563330093942342,"0","271"
"=HYPERLINK(""https://stackoverflow.com/q/25190244"", ""25190244"")",0.4966285546760483,"0","103"
"=HYPERLINK(""https://stackoverflow.com/q/25272895"", ""25272895"")",0.4979231568016616,"0","665"
"=HYPERLINK(""https://stackoverflow.com/q/25461166"", ""25461166"")",0.6082294598579278,"0","2176"
"=HYPERLINK(""https://stackoverflow.com/q/25471902"", ""25471902"")",0.5858585858585857,"0","721"
"=HYPERLINK(""https://stackoverflow.com/q/25773326"", ""25773326"")",0.5136359256047025,"0","214"
"=HYPERLINK(""https://stackoverflow.com/q/26069887"", ""26069887"")",0.4665404040404036,"0","618"
"=HYPERLINK(""https://stackoverflow.com/q/26316074"", ""26316074"")",0.7635756056808686,"1","436"
"=HYPERLINK(""https://stackoverflow.com/q/26340100"", ""26340100"")",0.5664845173041897,"1","1559"
"=HYPERLINK(""https://stackoverflow.com/q/26352068"", ""26352068"")",0.4333199303042485,"0","333"
"=HYPERLINK(""https://stackoverflow.com/q/26605011"", ""26605011"")",0.6594163494652892,"0","383"
"=HYPERLINK(""https://stackoverflow.com/q/26679424"", ""26679424"")",0.8726647000983286,"0","1323"
"=HYPERLINK(""https://stackoverflow.com/q/26881713"", ""26881713"")",0.568636295293941,"0","73"
"=HYPERLINK(""https://stackoverflow.com/q/26910985"", ""26910985"")",0.2696530522617478,"0","76"
"=HYPERLINK(""https://stackoverflow.com/q/26959521"", ""26959521"")",0.7448352875488551,"1","1392"
"=HYPERLINK(""https://stackoverflow.com/q/26994680"", ""26994680"")",0.8449767132401861,"0","501"
"=HYPERLINK(""https://stackoverflow.com/q/27051991"", ""27051991"")",0.8161819537658466,"0","319"
"=HYPERLINK(""https://stackoverflow.com/q/27058191"", ""27058191"")",0.7235414834359427,"0","814"
"=HYPERLINK(""https://stackoverflow.com/q/27149742"", ""27149742"")",0.7891703524996646,"1","4121"
"=HYPERLINK(""https://stackoverflow.com/q/27220364"", ""27220364"")",0.7579365079365079,"1","324"
"=HYPERLINK(""https://stackoverflow.com/q/27327645"", ""27327645"")",0.661819537658464,"0","52"
"=HYPERLINK(""https://stackoverflow.com/q/27359976"", ""27359976"")",0.4522016883413185,"1","828"
"=HYPERLINK(""https://stackoverflow.com/q/27368252"", ""27368252"")",0.9238796807857582,"0","4168"
"=HYPERLINK(""https://stackoverflow.com/q/27431959"", ""27431959"")",0.636994949494949,"0","665"
"=HYPERLINK(""https://stackoverflow.com/q/27469078"", ""27469078"")",0.6459510357815442,"0","1596"
"=HYPERLINK(""https://stackoverflow.com/q/27870805"", ""27870805"")",0.7298505162582835,"2","1195"
"=HYPERLINK(""https://stackoverflow.com/q/28114836"", ""28114836"")",0.9296085858585856,"0","527"
"=HYPERLINK(""https://stackoverflow.com/q/28160417"", ""28160417"")",0.8299570288520566,"1","1325"
"=HYPERLINK(""https://stackoverflow.com/q/28313024"", ""28313024"")",0.4949494949494949,"0","3427"
"=HYPERLINK(""https://stackoverflow.com/q/28351929"", ""28351929"")",0.5676087558880573,"0","451"
"=HYPERLINK(""https://stackoverflow.com/q/28376938"", ""28376938"")",0.423564504101417,"0","49"
"=HYPERLINK(""https://stackoverflow.com/q/28420572"", ""28420572"")",0.6986373165618451,"0","37"
"=HYPERLINK(""https://stackoverflow.com/q/28432931"", ""28432931"")",0.6174791392182692,"0","445"
"=HYPERLINK(""https://stackoverflow.com/q/28760459"", ""28760459"")",0.9646879756468796,"0","219"
"=HYPERLINK(""https://stackoverflow.com/q/28820548"", ""28820548"")",0.5513814351023655,"0","75"
"=HYPERLINK(""https://stackoverflow.com/q/28952631"", ""28952631"")",0.4194487245334704,"0","1281"
"=HYPERLINK(""https://stackoverflow.com/q/29085391"", ""29085391"")",0.5453354297693921,"0","358"
"=HYPERLINK(""https://stackoverflow.com/q/29137966"", ""29137966"")",0.4436507936507938,"1","3434"
"=HYPERLINK(""https://stackoverflow.com/q/29232613"", ""29232613"")",0.4679849340866288,"1","637"
"=HYPERLINK(""https://stackoverflow.com/q/29379037"", ""29379037"")",0.5319567354965586,"1","489"
"=HYPERLINK(""https://stackoverflow.com/q/29411546"", ""29411546"")",0.3052261747913921,"0","114"
"=HYPERLINK(""https://stackoverflow.com/q/29743964"", ""29743964"")",0.534077892325315,"2","975"
"=HYPERLINK(""https://stackoverflow.com/q/30105987"", ""30105987"")",0.3175659029317564,"0","820"
"=HYPERLINK(""https://stackoverflow.com/q/30116683"", ""30116683"")",0.6022222222222218,"1","2774"
"=HYPERLINK(""https://stackoverflow.com/q/30565349"", ""30565349"")",0.5672926447574338,"1","1477"
"=HYPERLINK(""https://stackoverflow.com/q/30623443"", ""30623443"")",0.5057353192946415,"2","899"
"=HYPERLINK(""https://stackoverflow.com/q/30652458"", ""30652458"")",0.3416912487708949,"0","139"
"=HYPERLINK(""https://stackoverflow.com/q/30654033"", ""30654033"")",0.9009552538964304,"0","143"
"=HYPERLINK(""https://stackoverflow.com/q/31091321"", ""31091321"")",0.5068569829275116,"0","674"
"=HYPERLINK(""https://stackoverflow.com/q/31200524"", ""31200524"")",0.2974434611602752,"0","362"
"=HYPERLINK(""https://stackoverflow.com/q/31309243"", ""31309243"")",0.5351056578050443,"0","446"
"=HYPERLINK(""https://stackoverflow.com/q/31450632"", ""31450632"")",0.4537658463832963,"2","253"
"=HYPERLINK(""https://stackoverflow.com/q/31713456"", ""31713456"")",0.5512544802867384,"0","2556"
"=HYPERLINK(""https://stackoverflow.com/q/31725790"", ""31725790"")",0.4567354965585052,"0","2660"
"=HYPERLINK(""https://stackoverflow.com/q/31769802"", ""31769802"")",0.9206837606837612,"0","204"
"=HYPERLINK(""https://stackoverflow.com/q/31900516"", ""31900516"")",0.4706365985435752,"0","428"
"=HYPERLINK(""https://stackoverflow.com/q/31902191"", ""31902191"")",0.3537101114955784,"0","83"
"=HYPERLINK(""https://stackoverflow.com/q/32019662"", ""32019662"")",0.6964987495534123,"0","539"
"=HYPERLINK(""https://stackoverflow.com/q/32094332"", ""32094332"")",0.6416853094705444,"1","294"
"=HYPERLINK(""https://stackoverflow.com/q/32131602"", ""32131602"")",0.2984527144191009,"1","79"
"=HYPERLINK(""https://stackoverflow.com/q/32157518"", ""32157518"")",0.5754049737622631,"0","70"
"=HYPERLINK(""https://stackoverflow.com/q/32189261"", ""32189261"")",0.3844398813597989,"1","198"
"=HYPERLINK(""https://stackoverflow.com/q/32356734"", ""32356734"")",0.6071779744346119,"0","752"
"=HYPERLINK(""https://stackoverflow.com/q/32603920"", ""32603920"")",0.5992714025500915,"0","4154"
"=HYPERLINK(""https://stackoverflow.com/q/32685412"", ""32685412"")",0.501144567705582,"2","106"
"=HYPERLINK(""https://stackoverflow.com/q/32704681"", ""32704681"")",0.5597816516992431,"1","30"
"=HYPERLINK(""https://stackoverflow.com/q/32744292"", ""32744292"")",0.900851912271162,"0","792"
"=HYPERLINK(""https://stackoverflow.com/q/32854142"", ""32854142"")",0.5566593083149375,"0","805"
"=HYPERLINK(""https://stackoverflow.com/q/33130854"", ""33130854"")",0.6654939900322488,"0","443"
"=HYPERLINK(""https://stackoverflow.com/q/33142715"", ""33142715"")",0.7883986928104575,"2","59"
"=HYPERLINK(""https://stackoverflow.com/q/33380217"", ""33380217"")",0.7324755394719206,"0","478"
"=HYPERLINK(""https://stackoverflow.com/q/33888142"", ""33888142"")",0.4269202087994035,"0","679"
"=HYPERLINK(""https://stackoverflow.com/q/33965602"", ""33965602"")",0.9041145550117818,"0","79"
"=HYPERLINK(""https://stackoverflow.com/q/34126513"", ""34126513"")",0.392434988179669,"1","203"
"=HYPERLINK(""https://stackoverflow.com/q/34263137"", ""34263137"")",0.5418424753867791,"1","535"
"=HYPERLINK(""https://stackoverflow.com/q/34497520"", ""34497520"")",0.4734393595153087,"0","395"
"=HYPERLINK(""https://stackoverflow.com/q/34686444"", ""34686444"")",0.504040404040404,"1","322"
"=HYPERLINK(""https://stackoverflow.com/q/34757462"", ""34757462"")",0.5569770196635869,"1","1162"
"=HYPERLINK(""https://stackoverflow.com/q/34803321"", ""34803321"")",0.8409397265549782,"0","192"
"=HYPERLINK(""https://stackoverflow.com/q/34977775"", ""34977775"")",0.47176011501335,"0","47"
"=HYPERLINK(""https://stackoverflow.com/q/35107098"", ""35107098"")",0.7644962747003569,"1","110"
"=HYPERLINK(""https://stackoverflow.com/q/35211804"", ""35211804"")",0.6655719759168032,"0","56"
"=HYPERLINK(""https://stackoverflow.com/q/35279158"", ""35279158"")",0.8487282463186075,"0","1546"
"=HYPERLINK(""https://stackoverflow.com/q/35437857"", ""35437857"")",0.5782989812840561,"0","58"
"=HYPERLINK(""https://stackoverflow.com/q/35444906"", ""35444906"")",0.5443698732289337,"0","3002"
"=HYPERLINK(""https://stackoverflow.com/q/35490354"", ""35490354"")",0.7948160232010152,"0","149"
"=HYPERLINK(""https://stackoverflow.com/q/35508282"", ""35508282"")",0.576601040959493,"1","438"
"=HYPERLINK(""https://stackoverflow.com/q/35633021"", ""35633021"")",0.6908414690841467,"0","58"
"=HYPERLINK(""https://stackoverflow.com/q/36013446"", ""36013446"")",0.5268376068376072,"0","78"
"=HYPERLINK(""https://stackoverflow.com/q/36063781"", ""36063781"")",0.5427963849016484,"1","888"
"=HYPERLINK(""https://stackoverflow.com/q/36152652"", ""36152652"")",0.7829158638407194,"0","1017"
"=HYPERLINK(""https://stackoverflow.com/q/36160610"", ""36160610"")",0.6044936903662667,"0","635"
"=HYPERLINK(""https://stackoverflow.com/q/36416521"", ""36416521"")",0.3274853801169591,"0","35"
"=HYPERLINK(""https://stackoverflow.com/q/36825731"", ""36825731"")",0.522222222222222,"0","26"
"=HYPERLINK(""https://stackoverflow.com/q/36848230"", ""36848230"")",0.7115314327485379,"0","59"
"=HYPERLINK(""https://stackoverflow.com/q/36960880"", ""36960880"")",0.3966903073286052,"1","333"
"=HYPERLINK(""https://stackoverflow.com/q/36999390"", ""36999390"")",0.6103125712981973,"0","44"
"=HYPERLINK(""https://stackoverflow.com/q/37112202"", ""37112202"")",0.4377910844976712,"0","220"
"=HYPERLINK(""https://stackoverflow.com/q/37287554"", ""37287554"")",0.3648906502275061,"0","679"
"=HYPERLINK(""https://stackoverflow.com/q/37570257"", ""37570257"")",0.5944289261328367,"0","778"
"=HYPERLINK(""https://stackoverflow.com/q/37674004"", ""37674004"")",0.4360950545921644,"0","433"
"=HYPERLINK(""https://stackoverflow.com/q/37876341"", ""37876341"")",0.6012745912995286,"1","105"
"=HYPERLINK(""https://stackoverflow.com/q/38112943"", ""38112943"")",0.5917372337695662,"0","232"
"=HYPERLINK(""https://stackoverflow.com/q/38128584"", ""38128584"")",0.9627763783935064,"0","316"
"=HYPERLINK(""https://stackoverflow.com/q/38152089"", ""38152089"")",0.4565008905329496,"0","45"
"=HYPERLINK(""https://stackoverflow.com/q/38174339"", ""38174339"")",0.3212788259958072,"0","54"
"=HYPERLINK(""https://stackoverflow.com/q/38206275"", ""38206275"")",0.3274853801169591,"0","56"
"=HYPERLINK(""https://stackoverflow.com/q/38319660"", ""38319660"")",0.911695906432749,"1","49"
"=HYPERLINK(""https://stackoverflow.com/q/38520537"", ""38520537"")",0.5236928104575163,"0","1521"
"=HYPERLINK(""https://stackoverflow.com/q/38556074"", ""38556074"")",0.3481668066050934,"0","415"
"=HYPERLINK(""https://stackoverflow.com/q/38646762"", ""38646762"")",0.4633289415898111,"0","27"
"=HYPERLINK(""https://stackoverflow.com/q/38688679"", ""38688679"")",0.4123965486881492,"0","1056"
"=HYPERLINK(""https://stackoverflow.com/q/38730679"", ""38730679"")",0.7522335472505346,"0","116"
"=HYPERLINK(""https://stackoverflow.com/q/39045536"", ""39045536"")",0.5083046964490262,"0","150"
"=HYPERLINK(""https://stackoverflow.com/q/39110590"", ""39110590"")",0.4000572737686139,"1","74"
"=HYPERLINK(""https://stackoverflow.com/q/39197019"", ""39197019"")",0.6600807308264292,"0","37"
"=HYPERLINK(""https://stackoverflow.com/q/39353471"", ""39353471"")",0.4339869281045751,"0","32"
"=HYPERLINK(""https://stackoverflow.com/q/39460303"", ""39460303"")",0.2696530522617479,"0","140"
"=HYPERLINK(""https://stackoverflow.com/q/39607976"", ""39607976"")",0.7378848728246317,"0","65"
"=HYPERLINK(""https://stackoverflow.com/q/39743434"", ""39743434"")",0.4286738351254481,"0","120"
"=HYPERLINK(""https://stackoverflow.com/q/39885701"", ""39885701"")",0.2682955206515415,"0","81"
"=HYPERLINK(""https://stackoverflow.com/q/40202123"", ""40202123"")",0.5815036593479704,"0","224"
"=HYPERLINK(""https://stackoverflow.com/q/40255028"", ""40255028"")",0.4757655293088363,"1","527"
"=HYPERLINK(""https://stackoverflow.com/q/40411425"", ""40411425"")",0.4452017743156983,"0","29"
"=HYPERLINK(""https://stackoverflow.com/q/40750781"", ""40750781"")",0.9363830613830608,"0","168"
"=HYPERLINK(""https://stackoverflow.com/q/40955127"", ""40955127"")",0.5873773534871386,"1","99"
"=HYPERLINK(""https://stackoverflow.com/q/40968376"", ""40968376"")",0.8346000723850887,"0","1446"
"=HYPERLINK(""https://stackoverflow.com/q/41050320"", ""41050320"")",0.720621368433535,"0","23"
"=HYPERLINK(""https://stackoverflow.com/q/41061133"", ""41061133"")",0.3050347222222223,"0","1204"
"=HYPERLINK(""https://stackoverflow.com/q/41106272"", ""41106272"")",0.3009623797025373,"1","1982"
"=HYPERLINK(""https://stackoverflow.com/q/41170964"", ""41170964"")",0.4816457255481644,"0","31"
"=HYPERLINK(""https://stackoverflow.com/q/41215375"", ""41215375"")",0.5276114437791083,"1","612"
"=HYPERLINK(""https://stackoverflow.com/q/41445941"", ""41445941"")",0.3631199778331946,"0","535"
"=HYPERLINK(""https://stackoverflow.com/q/41499679"", ""41499679"")",0.2714025500910748,"1","53"
"=HYPERLINK(""https://stackoverflow.com/q/41558402"", ""41558402"")",0.636249371543489,"3","1074"
"=HYPERLINK(""https://stackoverflow.com/q/42063049"", ""42063049"")",0.3108921729611383,"0","104"
"=HYPERLINK(""https://stackoverflow.com/q/42262038"", ""42262038"")",0.7457121551081284,"0","30"
"=HYPERLINK(""https://stackoverflow.com/q/42274839"", ""42274839"")",0.5770609318996414,"0","689"
"=HYPERLINK(""https://stackoverflow.com/q/42468972"", ""42468972"")",0.3638280616382807,"1","180"
"=HYPERLINK(""https://stackoverflow.com/q/43401120"", ""43401120"")",0.3538985839356015,"0","369"
"=HYPERLINK(""https://stackoverflow.com/q/43792775"", ""43792775"")",0.6000502765208647,"0","127"
"=HYPERLINK(""https://stackoverflow.com/q/43793152"", ""43793152"")",0.3748538011695908,"0","35"
"=HYPERLINK(""https://stackoverflow.com/q/43825792"", ""43825792"")",0.4547803617571058,"0","328"
"=HYPERLINK(""https://stackoverflow.com/q/44184789"", ""44184789"")",0.8132818248712291,"0","948"
"=HYPERLINK(""https://stackoverflow.com/q/44306732"", ""44306732"")",0.5039901780233274,"0","91"
"=HYPERLINK(""https://stackoverflow.com/q/44556429"", ""44556429"")",0.7120181405895696,"0","151"
"=HYPERLINK(""https://stackoverflow.com/q/44743767"", ""44743767"")",0.7128639334521688,"0","210"
"=HYPERLINK(""https://stackoverflow.com/q/45000370"", ""45000370"")",0.3671085858585857,"0","304"
"=HYPERLINK(""https://stackoverflow.com/q/45204347"", ""45204347"")",0.3344802867383513,"0","282"
"=HYPERLINK(""https://stackoverflow.com/q/45854944"", ""45854944"")",0.5257936507936507,"0","149"
"=HYPERLINK(""https://stackoverflow.com/q/46214745"", ""46214745"")",0.3559120617944147,"0","111"
"=HYPERLINK(""https://stackoverflow.com/q/46268802"", ""46268802"")",0.731387191672324,"1","238"
"=HYPERLINK(""https://stackoverflow.com/q/46473089"", ""46473089"")",0.3675509419454056,"0","46"
"=HYPERLINK(""https://stackoverflow.com/q/46487799"", ""46487799"")",0.3080947983995076,"0","132"
"=HYPERLINK(""https://stackoverflow.com/q/46488919"", ""46488919"")",0.6682863621639135,"0","44"
"=HYPERLINK(""https://stackoverflow.com/q/46536514"", ""46536514"")",0.4441323345817731,"0","54"
"=HYPERLINK(""https://stackoverflow.com/q/46537652"", ""46537652"")",0.7964619359968198,"3","680"
"=HYPERLINK(""https://stackoverflow.com/q/46538594"", ""46538594"")",0.4357357357357355,"1","2022"
"=HYPERLINK(""https://stackoverflow.com/q/46737367"", ""46737367"")",0.4571215510812829,"0","459"
"=HYPERLINK(""https://stackoverflow.com/q/46849494"", ""46849494"")",0.5248158821645855,"0","233"
"=HYPERLINK(""https://stackoverflow.com/q/47005543"", ""47005543"")",0.3910876575784228,"0","118"
"=HYPERLINK(""https://stackoverflow.com/q/47237613"", ""47237613"")",0.3013038548752831,"0","474"
"=HYPERLINK(""https://stackoverflow.com/q/47330548"", ""47330548"")",0.5944026733500416,"0","22"
"=HYPERLINK(""https://stackoverflow.com/q/47381323"", ""47381323"")",0.5993017046621486,"0","87"
"=HYPERLINK(""https://stackoverflow.com/q/47406175"", ""47406175"")",0.4597360956961402,"0","159"
"=HYPERLINK(""https://stackoverflow.com/q/47432384"", ""47432384"")",0.3587409935532801,"0","2288"
"=HYPERLINK(""https://stackoverflow.com/q/47472956"", ""47472956"")",0.7713406101315416,"0","64"
"=HYPERLINK(""https://stackoverflow.com/q/47542707"", ""47542707"")",0.707004830917874,"0","682"
"=HYPERLINK(""https://stackoverflow.com/q/47548341"", ""47548341"")",0.4887467424780859,"0","390"
"=HYPERLINK(""https://stackoverflow.com/q/47566698"", ""47566698"")",0.741222222222222,"0","407"
"=HYPERLINK(""https://stackoverflow.com/q/47591587"", ""47591587"")",0.5488300406333196,"0","65"
"=HYPERLINK(""https://stackoverflow.com/q/47757122"", ""47757122"")",0.4679289593424335,"0","298"
"=HYPERLINK(""https://stackoverflow.com/q/47761541"", ""47761541"")",0.71543489190548,"0","19"
"=HYPERLINK(""https://stackoverflow.com/q/48035453"", ""48035453"")",0.3424057084607542,"1","2453"
"=HYPERLINK(""https://stackoverflow.com/q/48116880"", ""48116880"")",0.3534175574991904,"0","332"
"=HYPERLINK(""https://stackoverflow.com/q/48996303"", ""48996303"")",0.5491452991452994,"0","829"
"=HYPERLINK(""https://stackoverflow.com/q/49120287"", ""49120287"")",0.4766426544422612,"0","458"
"=HYPERLINK(""https://stackoverflow.com/q/49352330"", ""49352330"")",0.5313825275657338,"0","418"
"=HYPERLINK(""https://stackoverflow.com/q/49379745"", ""49379745"")",0.8277585544021527,"1","138"
"=HYPERLINK(""https://stackoverflow.com/q/49422095"", ""49422095"")",0.4300144300144298,"0","36"
"=HYPERLINK(""https://stackoverflow.com/q/49453075"", ""49453075"")",0.2796479647964794,"2","922"
"=HYPERLINK(""https://stackoverflow.com/q/49498246"", ""49498246"")",0.5543650793650793,"0","257"
"=HYPERLINK(""https://stackoverflow.com/q/49710421"", ""49710421"")",0.2491129785247432,"0","55"
"=HYPERLINK(""https://stackoverflow.com/q/49901245"", ""49901245"")",0.4175574991901524,"3","947"
"=HYPERLINK(""https://stackoverflow.com/q/50005977"", ""50005977"")",0.8079742011140431,"0","42"
"=HYPERLINK(""https://stackoverflow.com/q/50233693"", ""50233693"")",0.5921773791728947,"0","653"
"=HYPERLINK(""https://stackoverflow.com/q/50316386"", ""50316386"")",0.464775413711584,"0","703"
"=HYPERLINK(""https://stackoverflow.com/q/50581061"", ""50581061"")",0.4665754049737621,"0","48"
"=HYPERLINK(""https://stackoverflow.com/q/50810985"", ""50810985"")",0.4971667898497164,"0","372"
"=HYPERLINK(""https://stackoverflow.com/q/51079577"", ""51079577"")",0.3615079365079366,"1","116"
"=HYPERLINK(""https://stackoverflow.com/q/51622264"", ""51622264"")",0.6133427296217994,"0","87"
"=HYPERLINK(""https://stackoverflow.com/q/51854428"", ""51854428"")",0.8140589569161003,"0","56"
"=HYPERLINK(""https://stackoverflow.com/q/51874088"", ""51874088"")",0.4301868239921339,"2","63"
"=HYPERLINK(""https://stackoverflow.com/q/52146281"", ""52146281"")",0.4046702591737233,"1","423"
"=HYPERLINK(""https://stackoverflow.com/q/52484186"", ""52484186"")",0.6895489548954895,"0","332"
"=HYPERLINK(""https://stackoverflow.com/q/52506658"", ""52506658"")",0.7222222222222222,"0","213"
"=HYPERLINK(""https://stackoverflow.com/q/52836878"", ""52836878"")",0.5359014675052411,"0","40"
"=HYPERLINK(""https://stackoverflow.com/q/53094551"", ""53094551"")",0.3732237630542714,"0","37"
"=HYPERLINK(""https://stackoverflow.com/q/53470287"", ""53470287"")",0.4807449494949493,"0","35"
"=HYPERLINK(""https://stackoverflow.com/q/53526009"", ""53526009"")",0.5306054557551562,"0","79"
"=HYPERLINK(""https://stackoverflow.com/q/53697997"", ""53697997"")",0.6286887349243006,"0","183"
"=HYPERLINK(""https://stackoverflow.com/q/53702381"", ""53702381"")",0.442222222222222,"0","79"
"=HYPERLINK(""https://stackoverflow.com/q/53715461"", ""53715461"")",0.4470544369873229,"0","52"
"=HYPERLINK(""https://stackoverflow.com/q/53722089"", ""53722089"")",0.5082532643508249,"1","83"
"=HYPERLINK(""https://stackoverflow.com/q/53822044"", ""53822044"")",0.3086883876357559,"1","1223"
"=HYPERLINK(""https://stackoverflow.com/q/54342248"", ""54342248"")",0.5866290018832391,"0","92"
"=HYPERLINK(""https://stackoverflow.com/q/54356397"", ""54356397"")",0.6698966408268732,"0","262"
"=HYPERLINK(""https://stackoverflow.com/q/54542705"", ""54542705"")",0.7184740962851912,"0","203"
"=HYPERLINK(""https://stackoverflow.com/q/54635960"", ""54635960"")",0.5102021888332406,"0","58"
"=HYPERLINK(""https://stackoverflow.com/q/54652109"", ""54652109"")",0.3986240913811008,"1","132"
"=HYPERLINK(""https://stackoverflow.com/q/54679525"", ""54679525"")",0.2661782661782662,"0","21"
"=HYPERLINK(""https://stackoverflow.com/q/54710945"", ""54710945"")",0.3065916716005527,"0","185"
"=HYPERLINK(""https://stackoverflow.com/q/54936060"", ""54936060"")",0.533599467731204,"0","51"
"=HYPERLINK(""https://stackoverflow.com/q/55012727"", ""55012727"")",0.2096998608626516,"1","223"
"=HYPERLINK(""https://stackoverflow.com/q/55168963"", ""55168963"")",0.3524161280393967,"0","32"
"=HYPERLINK(""https://stackoverflow.com/q/55173969"", ""55173969"")",0.8665370910268876,"1","322"
"=HYPERLINK(""https://stackoverflow.com/q/55313791"", ""55313791"")",0.3009811721028902,"0","149"
"=HYPERLINK(""https://stackoverflow.com/q/55616299"", ""55616299"")",0.4347970725216231,"1","817"
"=HYPERLINK(""https://stackoverflow.com/q/55799663"", ""55799663"")",0.5039295392953929,"1","431"
"=HYPERLINK(""https://stackoverflow.com/q/55896200"", ""55896200"")",0.5095525389643035,"0","55"
"=HYPERLINK(""https://stackoverflow.com/q/55934626"", ""55934626"")",0.6682056017236073,"0","34"
"=HYPERLINK(""https://stackoverflow.com/q/56171528"", ""56171528"")",0.7222222222222219,"1","30"
"=HYPERLINK(""https://stackoverflow.com/q/56528719"", ""56528719"")",0.6748538011695909,"0","56"
"=HYPERLINK(""https://stackoverflow.com/q/56711408"", ""56711408"")",0.3299524853801169,"0","3701"
"=HYPERLINK(""https://stackoverflow.com/q/57003560"", ""57003560"")",0.5891946992864424,"0","27"
"=HYPERLINK(""https://stackoverflow.com/q/57016370"", ""57016370"")",0.6320582877959928,"0","58"
"=HYPERLINK(""https://stackoverflow.com/q/57607021"", ""57607021"")",0.3513735137351375,"0","68"
"=HYPERLINK(""https://stackoverflow.com/q/57619559"", ""57619559"")",0.6722222222222223,"0","39"
"=HYPERLINK(""https://stackoverflow.com/q/57664908"", ""57664908"")",0.4084291187739464,"0","759"
"=HYPERLINK(""https://stackoverflow.com/q/57767091"", ""57767091"")",0.3427041499330653,"0","183"
"=HYPERLINK(""https://stackoverflow.com/q/57819250"", ""57819250"")",0.3811920268403396,"0","22"
"=HYPERLINK(""https://stackoverflow.com/q/57931047"", ""57931047"")",0.5635683760683762,"1","84"
"=HYPERLINK(""https://stackoverflow.com/q/57966303"", ""57966303"")",0.4281628162816279,"1","358"
"=HYPERLINK(""https://stackoverflow.com/q/58063976"", ""58063976"")",0.5766890810118477,"1","64"
"=HYPERLINK(""https://stackoverflow.com/q/58327448"", ""58327448"")",0.860017497812774,"1","79"
"=HYPERLINK(""https://stackoverflow.com/q/58384749"", ""58384749"")",0.6007433489827859,"0","75"
"=HYPERLINK(""https://stackoverflow.com/q/58668438"", ""58668438"")",0.4264475743348985,"1","45"
"=HYPERLINK(""https://stackoverflow.com/q/58765916"", ""58765916"")",0.6141820212171966,"0","113"
"=HYPERLINK(""https://stackoverflow.com/q/59054436"", ""59054436"")",0.7300347222222228,"0","174"
"=HYPERLINK(""https://stackoverflow.com/q/59581680"", ""59581680"")",0.3096857790735342,"0","28"
"=HYPERLINK(""https://stackoverflow.com/q/59649690"", ""59649690"")",0.3769183548189074,"0","362"
"=HYPERLINK(""https://stackoverflow.com/q/59711184"", ""59711184"")",0.7893363161819541,"0","227"
"=HYPERLINK(""https://stackoverflow.com/q/59833909"", ""59833909"")",0.54040404040404,"0","357"
"=HYPERLINK(""https://stackoverflow.com/q/59872660"", ""59872660"")",0.4675052410901468,"1","146"
"=HYPERLINK(""https://stackoverflow.com/q/59911833"", ""59911833"")",0.5115079365079366,"0","77"
"=HYPERLINK(""https://stackoverflow.com/q/60174060"", ""60174060"")",0.3624436244362444,"0","73"
"=HYPERLINK(""https://stackoverflow.com/q/60828747"", ""60828747"")",0.6414993306559571,"1","59"
"=HYPERLINK(""https://stackoverflow.com/q/61221088"", ""61221088"")",0.2309685779073536,"1","42"
"=HYPERLINK(""https://stackoverflow.com/q/61494118"", ""61494118"")",0.4413623054399755,"2","4817"
"=HYPERLINK(""https://stackoverflow.com/q/61531008"", ""61531008"")",0.8006837606837611,"2","53"
"=HYPERLINK(""https://stackoverflow.com/q/61624669"", ""61624669"")",0.4081518704634281,"1","230"
"=HYPERLINK(""https://stackoverflow.com/q/61894853"", ""61894853"")",0.4425347222222227,"1","159"
"=HYPERLINK(""https://stackoverflow.com/q/61902973"", ""61902973"")",0.6238615664845175,"1","87"
"=HYPERLINK(""https://stackoverflow.com/q/61945720"", ""61945720"")",0.3427041499330654,"0","230"
"=HYPERLINK(""https://stackoverflow.com/q/62256971"", ""62256971"")",0.5635191505498671,"0","145"
"=HYPERLINK(""https://stackoverflow.com/q/62311502"", ""62311502"")",0.4630797253748075,"1","342"
"=HYPERLINK(""https://stackoverflow.com/q/62339398"", ""62339398"")",0.388110072689512,"0","44"
"=HYPERLINK(""https://stackoverflow.com/q/62488649"", ""62488649"")",0.702991452991453,"0","37"
"=HYPERLINK(""https://stackoverflow.com/q/62829749"", ""62829749"")",0.5010683760683762,"0","48"
"=HYPERLINK(""https://stackoverflow.com/q/63006736"", ""63006736"")",0.4893231994209193,"0","52"
"=HYPERLINK(""https://stackoverflow.com/q/63021626"", ""63021626"")",0.3867791842475386,"0","172"
"=HYPERLINK(""https://stackoverflow.com/q/63024108"", ""63024108"")",0.4186706128992479,"1","68"
"=HYPERLINK(""https://stackoverflow.com/q/63203458"", ""63203458"")",0.563330093942339,"1","126"
"=HYPERLINK(""https://stackoverflow.com/q/63300751"", ""63300751"")",0.215146750524109,"0","30"
"=HYPERLINK(""https://stackoverflow.com/q/63675334"", ""63675334"")",0.404712974380052,"0","105"
"=HYPERLINK(""https://stackoverflow.com/q/63949161"", ""63949161"")",0.4665218964893231,"0","33"
"=HYPERLINK(""https://stackoverflow.com/q/63970748"", ""63970748"")",0.281335522714833,"0","24"
"=HYPERLINK(""https://stackoverflow.com/q/64824245"", ""64824245"")",0.2713473904590996,"1","94"
"=HYPERLINK(""https://stackoverflow.com/q/65222119"", ""65222119"")",0.5537513155916405,"1","32"
"=HYPERLINK(""https://stackoverflow.com/q/65233743"", ""65233743"")",0.4779520171558771,"1","70"
"=HYPERLINK(""https://stackoverflow.com/q/65249783"", ""65249783"")",0.3385012919896639,"0","26"
"=HYPERLINK(""https://stackoverflow.com/q/65489054"", ""65489054"")",0.3976068376068378,"0","36"
"=HYPERLINK(""https://stackoverflow.com/q/65698757"", ""65698757"")",0.7739463601532564,"0","29"
"=HYPERLINK(""https://stackoverflow.com/q/65875205"", ""65875205"")",0.3729759910664432,"0","43"
"=HYPERLINK(""https://stackoverflow.com/q/65877298"", ""65877298"")",0.3689311833641731,"1","22"
"=HYPERLINK(""https://stackoverflow.com/q/65945078"", ""65945078"")",0.4773946360153256,"0","31"
"=HYPERLINK(""https://stackoverflow.com/q/65995164"", ""65995164"")",0.7265449887928277,"0","25"
"=HYPERLINK(""https://stackoverflow.com/q/66007287"", ""66007287"")",0.4605943152454779,"0","18"
"=HYPERLINK(""https://stackoverflow.com/q/66030405"", ""66030405"")",0.3627627627627627,"0","35"
"=HYPERLINK(""https://stackoverflow.com/q/66284610"", ""66284610"")",0.3828340769067347,"0","43"
"=HYPERLINK(""https://stackoverflow.com/q/66389404"", ""66389404"")",0.4529914529914531,"0","31"
"=HYPERLINK(""https://stackoverflow.com/q/66560361"", ""66560361"")",0.3039342844790315,"0","16"
"=HYPERLINK(""https://stackoverflow.com/q/66568235"", ""66568235"")",0.4309255970001976,"0","25"
"=HYPERLINK(""https://stackoverflow.com/q/66607882"", ""66607882"")",0.436139747995418,"0","27"
"=HYPERLINK(""https://stackoverflow.com/q/66679525"", ""66679525"")",0.3905895691609976,"0","13"
"=HYPERLINK(""https://stackoverflow.com/q/66820192"", ""66820192"")",0.3856934633927571,"2","92"
"=HYPERLINK(""https://stackoverflow.com/q/66926369"", ""66926369"")",0.5856242840778922,"1","59"
"=HYPERLINK(""https://stackoverflow.com/q/67082349"", ""67082349"")",0.4171509068497975,"1","48"
"=HYPERLINK(""https://stackoverflow.com/q/67626856"", ""67626856"")",0.3113788487282462,"0","16"
"=HYPERLINK(""https://stackoverflow.com/q/67692944"", ""67692944"")",0.6909722222222221,"0","17"
"=HYPERLINK(""https://stackoverflow.com/q/67748370"", ""67748370"")",0.2369823698236983,"0","22"
