link,Correlation
"=HYPERLINK(""https://stackoverflow.com/a/1249612"", ""1249612"")",0.6167176350662591
"=HYPERLINK(""https://stackoverflow.com/a/1517819"", ""1517819"")",0.5527306967984932
"=HYPERLINK(""https://stackoverflow.com/a/4886735"", ""4886735"")",0.692222222222222
"=HYPERLINK(""https://stackoverflow.com/a/6649124"", ""6649124"")",0.7375596455351053
"=HYPERLINK(""https://stackoverflow.com/a/6649416"", ""6649416"")",0.11695906432748544
"=HYPERLINK(""https://stackoverflow.com/a/7356672"", ""7356672"")",0.8266178266178267
"=HYPERLINK(""https://stackoverflow.com/a/9466054"", ""9466054"")",0.5129198966408268
"=HYPERLINK(""https://stackoverflow.com/a/9645916"", ""9645916"")",0.4040404040404041
"=HYPERLINK(""https://stackoverflow.com/a/10304930"", ""10304930"")",0.7676767676767676
"=HYPERLINK(""https://stackoverflow.com/a/10621429"", ""10621429"")",0.3867130838410214
"=HYPERLINK(""https://stackoverflow.com/a/10851476"", ""10851476"")",0.623895862389586
"=HYPERLINK(""https://stackoverflow.com/a/11129346"", ""11129346"")",0.6247347850362925
"=HYPERLINK(""https://stackoverflow.com/a/11322123"", ""11322123"")",0.4182449494949494
"=HYPERLINK(""https://stackoverflow.com/a/11697713"", ""11697713"")",0.44705443698732306
"=HYPERLINK(""https://stackoverflow.com/a/11970666"", ""11970666"")",0.16959064327485396
"=HYPERLINK(""https://stackoverflow.com/a/16245011"", ""16245011"")",0.439203354297694
"=HYPERLINK(""https://stackoverflow.com/a/16786222"", ""16786222"")",0.6516700749829581
"=HYPERLINK(""https://stackoverflow.com/a/17072070"", ""17072070"")",0.6258919469928647
"=HYPERLINK(""https://stackoverflow.com/a/17289486"", ""17289486"")",0.7167277167277167
"=HYPERLINK(""https://stackoverflow.com/a/17425006"", ""17425006"")",0.7838660578386606
"=HYPERLINK(""https://stackoverflow.com/a/17597872"", ""17597872"")",0.6122222222222221
"=HYPERLINK(""https://stackoverflow.com/a/20196285"", ""20196285"")",0.47910295616717646
"=HYPERLINK(""https://stackoverflow.com/a/21504562"", ""21504562"")",0.2595103578154425
"=HYPERLINK(""https://stackoverflow.com/a/21818476"", ""21818476"")",0.42352092352092313
"=HYPERLINK(""https://stackoverflow.com/a/22929857"", ""22929857"")",0.22803617571059429
"=HYPERLINK(""https://stackoverflow.com/a/23752704"", ""23752704"")",0.23592085235920848
"=HYPERLINK(""https://stackoverflow.com/a/23787356"", ""23787356"")",0.39627285513361443
"=HYPERLINK(""https://stackoverflow.com/a/24414512"", ""24414512"")",0.2680937818552497
"=HYPERLINK(""https://stackoverflow.com/a/25115013"", ""25115013"")",0.48784722222222227
"=HYPERLINK(""https://stackoverflow.com/a/25908575"", ""25908575"")",0.6181953765846384
"=HYPERLINK(""https://stackoverflow.com/a/26124375"", ""26124375"")",0.41787439613526584
"=HYPERLINK(""https://stackoverflow.com/a/26593274"", ""26593274"")",0.6710411198600179
"=HYPERLINK(""https://stackoverflow.com/a/28504188"", ""28504188"")",0.4289529914529915
"=HYPERLINK(""https://stackoverflow.com/a/28966206"", ""28966206"")",0.5861462728551334
"=HYPERLINK(""https://stackoverflow.com/a/29669039"", ""29669039"")",0.5261994949494948
"=HYPERLINK(""https://stackoverflow.com/a/30078951"", ""30078951"")",0.5678104575163397
"=HYPERLINK(""https://stackoverflow.com/a/30983840"", ""30983840"")",0.5044308111792773
"=HYPERLINK(""https://stackoverflow.com/a/31149061"", ""31149061"")",0.2351612240706511
"=HYPERLINK(""https://stackoverflow.com/a/31573788"", ""31573788"")",0.48079742011140436
"=HYPERLINK(""https://stackoverflow.com/a/31577908"", ""31577908"")",0.3330819507290095
"=HYPERLINK(""https://stackoverflow.com/a/32782417"", ""32782417"")",0.6931524547803614
"=HYPERLINK(""https://stackoverflow.com/a/33444005"", ""33444005"")",0.3519932145886348
"=HYPERLINK(""https://stackoverflow.com/a/34683153"", ""34683153"")",0.5158002038735985
"=HYPERLINK(""https://stackoverflow.com/a/35156313"", ""35156313"")",0.3181126331811263
"=HYPERLINK(""https://stackoverflow.com/a/35786539"", ""35786539"")",0.8521434820647424
"=HYPERLINK(""https://stackoverflow.com/a/35967770"", ""35967770"")",0.307649357900614
"=HYPERLINK(""https://stackoverflow.com/a/36088750"", ""36088750"")",0.3023454887861667
"=HYPERLINK(""https://stackoverflow.com/a/37666234"", ""37666234"")",0.40436507936507937
"=HYPERLINK(""https://stackoverflow.com/a/38233916"", ""38233916"")",0.1411411411411411
"=HYPERLINK(""https://stackoverflow.com/a/38237331"", ""38237331"")",0.11695906432748548
"=HYPERLINK(""https://stackoverflow.com/a/38334371"", ""38334371"")",0.3780011166945838
"=HYPERLINK(""https://stackoverflow.com/a/39235066"", ""39235066"")",0.5149051490514903
"=HYPERLINK(""https://stackoverflow.com/a/39898486"", ""39898486"")",0.32748538011695916
"=HYPERLINK(""https://stackoverflow.com/a/40222775"", ""40222775"")",0.4644367550941945
"=HYPERLINK(""https://stackoverflow.com/a/40924073"", ""40924073"")",0.43632801567310353
"=HYPERLINK(""https://stackoverflow.com/a/42729877"", ""42729877"")",0.3085709064327486
"=HYPERLINK(""https://stackoverflow.com/a/42933020"", ""42933020"")",0.7091026886945258
"=HYPERLINK(""https://stackoverflow.com/a/44887147"", ""44887147"")",0.7104111986001753
"=HYPERLINK(""https://stackoverflow.com/a/45931046"", ""45931046"")",0.6693376068376069
"=HYPERLINK(""https://stackoverflow.com/a/46915457"", ""46915457"")",0.8722222222222219
"=HYPERLINK(""https://stackoverflow.com/a/47606572"", ""47606572"")",0.11695906432748542
"=HYPERLINK(""https://stackoverflow.com/a/48456096"", ""48456096"")",0.29494949494949496
"=HYPERLINK(""https://stackoverflow.com/a/49121933"", ""49121933"")",0.6025903203817311
"=HYPERLINK(""https://stackoverflow.com/a/49693077"", ""49693077"")",0.595848595848596
"=HYPERLINK(""https://stackoverflow.com/a/50386929"", ""50386929"")",0.29849340866290014
"=HYPERLINK(""https://stackoverflow.com/a/50532605"", ""50532605"")",0.5815972222222223
"=HYPERLINK(""https://stackoverflow.com/a/50595502"", ""50595502"")",0.45465465465465454
"=HYPERLINK(""https://stackoverflow.com/a/51466191"", ""51466191"")",0.48176420695504685
"=HYPERLINK(""https://stackoverflow.com/a/51639431"", ""51639431"")",0.33946360153256705
"=HYPERLINK(""https://stackoverflow.com/a/52413591"", ""52413591"")",0.2567049808429118
"=HYPERLINK(""https://stackoverflow.com/a/53071838"", ""53071838"")",0.5260896255371394
"=HYPERLINK(""https://stackoverflow.com/a/53277301"", ""53277301"")",0.6978319783197832
"=HYPERLINK(""https://stackoverflow.com/a/55123986"", ""55123986"")",0.29449112978524744
"=HYPERLINK(""https://stackoverflow.com/a/55741642"", ""55741642"")",0.7095201437002822
"=HYPERLINK(""https://stackoverflow.com/a/56289641"", ""56289641"")",0.4136579904841867
"=HYPERLINK(""https://stackoverflow.com/a/56387703"", ""56387703"")",0.36767676767676777
"=HYPERLINK(""https://stackoverflow.com/a/56584682"", ""56584682"")",0.2868873492430074
"=HYPERLINK(""https://stackoverflow.com/a/56734557"", ""56734557"")",0.1865079365079365
"=HYPERLINK(""https://stackoverflow.com/a/57034885"", ""57034885"")",0.43601532567049806
"=HYPERLINK(""https://stackoverflow.com/a/57470357"", ""57470357"")",0.2222222222222223
"=HYPERLINK(""https://stackoverflow.com/a/58014644"", ""58014644"")",0.5514905149051492
"=HYPERLINK(""https://stackoverflow.com/a/58190041"", ""58190041"")",0.7392168554959253
"=HYPERLINK(""https://stackoverflow.com/a/59276988"", ""59276988"")",0.5751633986928104
"=HYPERLINK(""https://stackoverflow.com/a/59407716"", ""59407716"")",0.4984653161448742
"=HYPERLINK(""https://stackoverflow.com/a/59733702"", ""59733702"")",0.461352657004831
"=HYPERLINK(""https://stackoverflow.com/a/59765843"", ""59765843"")",0.22222222222222227
"=HYPERLINK(""https://stackoverflow.com/a/59777014"", ""59777014"")",0.2439613526570049
"=HYPERLINK(""https://stackoverflow.com/a/60601202"", ""60601202"")",0.3797025371828524
"=HYPERLINK(""https://stackoverflow.com/a/60697503"", ""60697503"")",0.7710348871298742
"=HYPERLINK(""https://stackoverflow.com/a/60993221"", ""60993221"")",0.619482496194825
"=HYPERLINK(""https://stackoverflow.com/a/61786229"", ""61786229"")",0.5324715297014466
"=HYPERLINK(""https://stackoverflow.com/a/61961140"", ""61961140"")",0.643760683760684
"=HYPERLINK(""https://stackoverflow.com/a/62120983"", ""62120983"")",0.5441219583699797
"=HYPERLINK(""https://stackoverflow.com/a/62638303"", ""62638303"")",0.27676767676767683
"=HYPERLINK(""https://stackoverflow.com/a/63157224"", ""63157224"")",0.21719709659408132
"=HYPERLINK(""https://stackoverflow.com/a/63316564"", ""63316564"")",0.5502854633289413
"=HYPERLINK(""https://stackoverflow.com/a/63485681"", ""63485681"")",0.4249871991807474
"=HYPERLINK(""https://stackoverflow.com/a/63995789"", ""63995789"")",0.63506625891947
"=HYPERLINK(""https://stackoverflow.com/a/65426785"", ""65426785"")",0.26077643908969206
"=HYPERLINK(""https://stackoverflow.com/a/65830270"", ""65830270"")",0.640491452991453
"=HYPERLINK(""https://stackoverflow.com/a/65901465"", ""65901465"")",0.6704980842911878
"=HYPERLINK(""https://stackoverflow.com/a/66181413"", ""66181413"")",0.29914529914529914
"=HYPERLINK(""https://stackoverflow.com/a/67308513"", ""67308513"")",0.340290200755317
"=HYPERLINK(""https://stackoverflow.com/a/67602399"", ""67602399"")",0.2692020879940344
