link,Correlation
"=HYPERLINK(""https://stackoverflow.com/a/325610"", ""325610"")",0.6003167458531292
"=HYPERLINK(""https://stackoverflow.com/a/686685"", ""686685"")",0.28357992457209175
"=HYPERLINK(""https://stackoverflow.com/a/1411025"", ""1411025"")",0.5746812386156653
"=HYPERLINK(""https://stackoverflow.com/a/1616062"", ""1616062"")",0.41258366800535445
"=HYPERLINK(""https://stackoverflow.com/a/1769004"", ""1769004"")",0.7676767676767677
"=HYPERLINK(""https://stackoverflow.com/a/1862089"", ""1862089"")",0.4782775855440213
"=HYPERLINK(""https://stackoverflow.com/a/1947862"", ""1947862"")",0.3513735137351375
"=HYPERLINK(""https://stackoverflow.com/a/3102183"", ""3102183"")",0.5009107468123867
"=HYPERLINK(""https://stackoverflow.com/a/3202653"", ""3202653"")",0.38842720837180666
"=HYPERLINK(""https://stackoverflow.com/a/3363639"", ""3363639"")",0.22674710910005025
"=HYPERLINK(""https://stackoverflow.com/a/3937814"", ""3937814"")",0.5589056393076489
"=HYPERLINK(""https://stackoverflow.com/a/3962856"", ""3962856"")",0.7199180747567836
"=HYPERLINK(""https://stackoverflow.com/a/4078167"", ""4078167"")",0.3504717889466591
"=HYPERLINK(""https://stackoverflow.com/a/4125155"", ""4125155"")",0.4799861973775019
"=HYPERLINK(""https://stackoverflow.com/a/4191043"", ""4191043"")",0.46762099522835676
"=HYPERLINK(""https://stackoverflow.com/a/5554587"", ""5554587"")",0.3069679849340863
"=HYPERLINK(""https://stackoverflow.com/a/5828127"", ""5828127"")",0.22076236820762385
"=HYPERLINK(""https://stackoverflow.com/a/5976301"", ""5976301"")",0.3929539295392953
"=HYPERLINK(""https://stackoverflow.com/a/6209024"", ""6209024"")",0.3257725180802105
"=HYPERLINK(""https://stackoverflow.com/a/8954919"", ""8954919"")",0.3577458361852609
"=HYPERLINK(""https://stackoverflow.com/a/9739284"", ""9739284"")",0.6438438438438434
"=HYPERLINK(""https://stackoverflow.com/a/10142392"", ""10142392"")",0.6442405708460757
"=HYPERLINK(""https://stackoverflow.com/a/10539521"", ""10539521"")",0.2579365079365079
"=HYPERLINK(""https://stackoverflow.com/a/10648368"", ""10648368"")",0.5128626163108918
"=HYPERLINK(""https://stackoverflow.com/a/10880145"", ""10880145"")",0.4525429219306772
"=HYPERLINK(""https://stackoverflow.com/a/11277476"", ""11277476"")",0.2636015325670498
"=HYPERLINK(""https://stackoverflow.com/a/12179562"", ""12179562"")",0.49829584185412346
"=HYPERLINK(""https://stackoverflow.com/a/12184611"", ""12184611"")",0.42665571975916766
"=HYPERLINK(""https://stackoverflow.com/a/13382586"", ""13382586"")",0.29778897285194494
"=HYPERLINK(""https://stackoverflow.com/a/13716120"", ""13716120"")",0.4332774986041315
"=HYPERLINK(""https://stackoverflow.com/a/14430031"", ""14430031"")",0.27369281045751637
"=HYPERLINK(""https://stackoverflow.com/a/14654985"", ""14654985"")",0.2579365079365079
"=HYPERLINK(""https://stackoverflow.com/a/15282977"", ""15282977"")",0.41400304414003036
"=HYPERLINK(""https://stackoverflow.com/a/15502229"", ""15502229"")",0.36192810457516345
"=HYPERLINK(""https://stackoverflow.com/a/15683783"", ""15683783"")",0.48240321769733513
"=HYPERLINK(""https://stackoverflow.com/a/15796258"", ""15796258"")",0.48954895489548933
"=HYPERLINK(""https://stackoverflow.com/a/16133529"", ""16133529"")",0.356080489938758
"=HYPERLINK(""https://stackoverflow.com/a/16570139"", ""16570139"")",0.5700483091787443
"=HYPERLINK(""https://stackoverflow.com/a/16827336"", ""16827336"")",0.4824961948249619
"=HYPERLINK(""https://stackoverflow.com/a/17049882"", ""17049882"")",0.41734417344173413
"=HYPERLINK(""https://stackoverflow.com/a/17338106"", ""17338106"")",0.4417344173441732
"=HYPERLINK(""https://stackoverflow.com/a/17549140"", ""17549140"")",0.59241452991453
"=HYPERLINK(""https://stackoverflow.com/a/17804688"", ""17804688"")",0.6276276276276271
"=HYPERLINK(""https://stackoverflow.com/a/17862033"", ""17862033"")",0.45222222222222175
"=HYPERLINK(""https://stackoverflow.com/a/19113844"", ""19113844"")",0.3856837606837608
"=HYPERLINK(""https://stackoverflow.com/a/19803841"", ""19803841"")",0.37439613526570065
"=HYPERLINK(""https://stackoverflow.com/a/20427580"", ""20427580"")",0.48790487904879065
"=HYPERLINK(""https://stackoverflow.com/a/21258873"", ""21258873"")",0.4945626477541373
"=HYPERLINK(""https://stackoverflow.com/a/21450433"", ""21450433"")",0.38705738705738696
"=HYPERLINK(""https://stackoverflow.com/a/22007998"", ""22007998"")",0.3492940454266421
"=HYPERLINK(""https://stackoverflow.com/a/22107146"", ""22107146"")",0.4905149051490512
"=HYPERLINK(""https://stackoverflow.com/a/22150888"", ""22150888"")",0.39869281045751626
"=HYPERLINK(""https://stackoverflow.com/a/22813304"", ""22813304"")",0.6022222222222218
"=HYPERLINK(""https://stackoverflow.com/a/23137656"", ""23137656"")",0.4612892776158084
"=HYPERLINK(""https://stackoverflow.com/a/23251757"", ""23251757"")",0.4483528754885535
"=HYPERLINK(""https://stackoverflow.com/a/24069437"", ""24069437"")",0.5149051490514902
"=HYPERLINK(""https://stackoverflow.com/a/24076274"", ""24076274"")",0.2801567310383428
"=HYPERLINK(""https://stackoverflow.com/a/24559198"", ""24559198"")",0.4424057084607545
"=HYPERLINK(""https://stackoverflow.com/a/24573787"", ""24573787"")",0.4550466497031387
"=HYPERLINK(""https://stackoverflow.com/a/24889751"", ""24889751"")",0.3526570048309181
"=HYPERLINK(""https://stackoverflow.com/a/25185389"", ""25185389"")",0.4485380116959069
"=HYPERLINK(""https://stackoverflow.com/a/25309302"", ""25309302"")",0.2322893363161821
"=HYPERLINK(""https://stackoverflow.com/a/25445128"", ""25445128"")",0.33091787439613546
"=HYPERLINK(""https://stackoverflow.com/a/25488243"", ""25488243"")",0.6164529914529917
"=HYPERLINK(""https://stackoverflow.com/a/25988479"", ""25988479"")",0.5409035409035409
"=HYPERLINK(""https://stackoverflow.com/a/26260812"", ""26260812"")",0.34623277631193217
"=HYPERLINK(""https://stackoverflow.com/a/27126299"", ""27126299"")",0.5518925518925519
"=HYPERLINK(""https://stackoverflow.com/a/27799364"", ""27799364"")",0.40514905149051467
"=HYPERLINK(""https://stackoverflow.com/a/28300543"", ""28300543"")",0.45764823119083203
"=HYPERLINK(""https://stackoverflow.com/a/29933310"", ""29933310"")",0.3321123321123321
"=HYPERLINK(""https://stackoverflow.com/a/30332059"", ""30332059"")",0.42498719918074707
"=HYPERLINK(""https://stackoverflow.com/a/30485194"", ""30485194"")",0.27743694614860226
"=HYPERLINK(""https://stackoverflow.com/a/31292399"", ""31292399"")",0.3698732289336318
"=HYPERLINK(""https://stackoverflow.com/a/31387096"", ""31387096"")",0.3449767132401862
"=HYPERLINK(""https://stackoverflow.com/a/31540312"", ""31540312"")",0.2770525094284886
"=HYPERLINK(""https://stackoverflow.com/a/32525364"", ""32525364"")",0.25518925518925517
"=HYPERLINK(""https://stackoverflow.com/a/32649486"", ""32649486"")",0.5095525389643034
"=HYPERLINK(""https://stackoverflow.com/a/33401226"", ""33401226"")",0.2222222222222222
"=HYPERLINK(""https://stackoverflow.com/a/34821555"", ""34821555"")",0.4237308429118773
"=HYPERLINK(""https://stackoverflow.com/a/34963113"", ""34963113"")",0.476459510357815
"=HYPERLINK(""https://stackoverflow.com/a/35417420"", ""35417420"")",0.553348050036792
"=HYPERLINK(""https://stackoverflow.com/a/35625752"", ""35625752"")",0.41222222222222193
"=HYPERLINK(""https://stackoverflow.com/a/36509649"", ""36509649"")",0.26131017010495833
"=HYPERLINK(""https://stackoverflow.com/a/36984653"", ""36984653"")",0.2883986928104575
"=HYPERLINK(""https://stackoverflow.com/a/39772519"", ""39772519"")",0.38585858585858585
"=HYPERLINK(""https://stackoverflow.com/a/40183914"", ""40183914"")",0.3456399437412092
"=HYPERLINK(""https://stackoverflow.com/a/40860556"", ""40860556"")",0.24676209952283548
"=HYPERLINK(""https://stackoverflow.com/a/42011915"", ""42011915"")",0.3464869281045752
"=HYPERLINK(""https://stackoverflow.com/a/42560655"", ""42560655"")",0.553801169590644
"=HYPERLINK(""https://stackoverflow.com/a/42861562"", ""42861562"")",0.3274853801169586
"=HYPERLINK(""https://stackoverflow.com/a/42978742"", ""42978742"")",0.3808429118773946
"=HYPERLINK(""https://stackoverflow.com/a/43309720"", ""43309720"")",0.3139653414882773
"=HYPERLINK(""https://stackoverflow.com/a/43507126"", ""43507126"")",0.45509893455098926
"=HYPERLINK(""https://stackoverflow.com/a/43875715"", ""43875715"")",0.3455098934550989
"=HYPERLINK(""https://stackoverflow.com/a/44094558"", ""44094558"")",0.13526570048309183
"=HYPERLINK(""https://stackoverflow.com/a/44975792"", ""44975792"")",0.5341755749919023
"=HYPERLINK(""https://stackoverflow.com/a/45773236"", ""45773236"")",0.7291474299784548
"=HYPERLINK(""https://stackoverflow.com/a/46168232"", ""46168232"")",0.3357357357357356
"=HYPERLINK(""https://stackoverflow.com/a/46789854"", ""46789854"")",0.9211841599384842
"=HYPERLINK(""https://stackoverflow.com/a/46805487"", ""46805487"")",0.3622222222222219
"=HYPERLINK(""https://stackoverflow.com/a/46968175"", ""46968175"")",0.39590643274853843
"=HYPERLINK(""https://stackoverflow.com/a/48084773"", ""48084773"")",0.4575163398692806
"=HYPERLINK(""https://stackoverflow.com/a/48867162"", ""48867162"")",0.34497671324018614
"=HYPERLINK(""https://stackoverflow.com/a/49370670"", ""49370670"")",0.5465465465465461
"=HYPERLINK(""https://stackoverflow.com/a/49787634"", ""49787634"")",0.46047725577926946
"=HYPERLINK(""https://stackoverflow.com/a/50202551"", ""50202551"")",0.29071537290715377
"=HYPERLINK(""https://stackoverflow.com/a/50699255"", ""50699255"")",0.06432748538011704
"=HYPERLINK(""https://stackoverflow.com/a/50882654"", ""50882654"")",0.409035409035409
"=HYPERLINK(""https://stackoverflow.com/a/52605229"", ""52605229"")",0.47419072615923075
"=HYPERLINK(""https://stackoverflow.com/a/52923310"", ""52923310"")",0.36767676767676766
"=HYPERLINK(""https://stackoverflow.com/a/54419002"", ""54419002"")",0.7087087087087082
"=HYPERLINK(""https://stackoverflow.com/a/55837217"", ""55837217"")",0.6803060545575512
"=HYPERLINK(""https://stackoverflow.com/a/57756832"", ""57756832"")",0.4031267448352872
"=HYPERLINK(""https://stackoverflow.com/a/58941690"", ""58941690"")",0.3051715309779822
"=HYPERLINK(""https://stackoverflow.com/a/59284503"", ""59284503"")",0.2900188323917135
"=HYPERLINK(""https://stackoverflow.com/a/59564821"", ""59564821"")",0.5496781416176876
"=HYPERLINK(""https://stackoverflow.com/a/60538793"", ""60538793"")",0.49963305445471884
"=HYPERLINK(""https://stackoverflow.com/a/61919771"", ""61919771"")",0.37627627627627613
"=HYPERLINK(""https://stackoverflow.com/a/61955398"", ""61955398"")",0.32010150444081936
"=HYPERLINK(""https://stackoverflow.com/a/62433515"", ""62433515"")",0.3664685755447503
"=HYPERLINK(""https://stackoverflow.com/a/62632086"", ""62632086"")",0.28026971562591635
"=HYPERLINK(""https://stackoverflow.com/a/62760474"", ""62760474"")",0.6570048309178735
"=HYPERLINK(""https://stackoverflow.com/a/64351093"", ""64351093"")",0.23260284505959242
"=HYPERLINK(""https://stackoverflow.com/a/66090709"", ""66090709"")",0.3832391713747643
