"link","Correlation","score","view_count"
"=HYPERLINK(""https://stackoverflow.com/q/56722"", ""56722"")",0.3422222222222226,"4","6214"
"=HYPERLINK(""https://stackoverflow.com/q/81362"", ""81362"")",0.3186952512678654,"0","6342"
"=HYPERLINK(""https://stackoverflow.com/q/85403"", ""85403"")",0.4914529914529917,"1","11342"
"=HYPERLINK(""https://stackoverflow.com/q/306462"", ""306462"")",0.5113526570048301,"0","3948"
"=HYPERLINK(""https://stackoverflow.com/q/324488"", ""324488"")",0.5276409414340446,"1","6034"
"=HYPERLINK(""https://stackoverflow.com/q/368587"", ""368587"")",0.4405766526019688,"1","5151"
"=HYPERLINK(""https://stackoverflow.com/q/497659"", ""497659"")",0.4233500417710941,"0","1235"
"=HYPERLINK(""https://stackoverflow.com/q/547916"", ""547916"")",0.6207462074620747,"1","1157"
"=HYPERLINK(""https://stackoverflow.com/q/585033"", ""585033"")",0.69281045751634,"0","522"
"=HYPERLINK(""https://stackoverflow.com/q/686384"", ""686384"")",0.5085054080629303,"10","48541"
"=HYPERLINK(""https://stackoverflow.com/q/829191"", ""829191"")",0.6894353369763212,"0","859"
"=HYPERLINK(""https://stackoverflow.com/q/871105"", ""871105"")",0.3532045899804085,"6","5207"
"=HYPERLINK(""https://stackoverflow.com/q/891598"", ""891598"")",0.4138389886892879,"2","3343"
"=HYPERLINK(""https://stackoverflow.com/q/1306637"", ""1306637"")",0.2376305427152885,"1","2126"
"=HYPERLINK(""https://stackoverflow.com/q/1341095"", ""1341095"")",0.47790404040404,"1","7412"
"=HYPERLINK(""https://stackoverflow.com/q/1377011"", ""1377011"")",0.3743961352656999,"3","110721"
"=HYPERLINK(""https://stackoverflow.com/q/1426054"", ""1426054"")",0.2930186823992135,"0","2529"
"=HYPERLINK(""https://stackoverflow.com/q/1446633"", ""1446633"")",0.4238032498902062,"2","9186"
"=HYPERLINK(""https://stackoverflow.com/q/1460256"", ""1460256"")",0.6282624906785983,"0","1097"
"=HYPERLINK(""https://stackoverflow.com/q/1757994"", ""1757994"")",0.4419802867383515,"0","1186"
"=HYPERLINK(""https://stackoverflow.com/q/1947586"", ""1947586"")",0.5039901780233274,"1","6141"
"=HYPERLINK(""https://stackoverflow.com/q/2291073"", ""2291073"")",0.3143723928706862,"2","15146"
"=HYPERLINK(""https://stackoverflow.com/q/2341028"", ""2341028"")",0.5163398692810458,"0","1101"
"=HYPERLINK(""https://stackoverflow.com/q/2355684"", ""2355684"")",0.6019690576652597,"0","2690"
"=HYPERLINK(""https://stackoverflow.com/q/2373782"", ""2373782"")",0.3189964157706091,"1","3722"
"=HYPERLINK(""https://stackoverflow.com/q/2405122"", ""2405122"")",0.4687596183441058,"0","6849"
"=HYPERLINK(""https://stackoverflow.com/q/2423762"", ""2423762"")",0.4722222222222222,"0","551"
"=HYPERLINK(""https://stackoverflow.com/q/2526228"", ""2526228"")",0.52476263792661,"1","813"
"=HYPERLINK(""https://stackoverflow.com/q/2605562"", ""2605562"")",0.665521191294387,"4","3277"
"=HYPERLINK(""https://stackoverflow.com/q/3101822"", ""3101822"")",0.4793650793650795,"1","591"
"=HYPERLINK(""https://stackoverflow.com/q/3189622"", ""3189622"")",0.3983585858585855,"1","4076"
"=HYPERLINK(""https://stackoverflow.com/q/3263343"", ""3263343"")",0.3851338340073178,"0","8029"
"=HYPERLINK(""https://stackoverflow.com/q/3279094"", ""3279094"")",0.5065595716198122,"2","7412"
"=HYPERLINK(""https://stackoverflow.com/q/3315570"", ""3315570"")",0.5064509917196229,"1","2030"
"=HYPERLINK(""https://stackoverflow.com/q/3362497"", ""3362497"")",0.560545575515635,"3","3815"
"=HYPERLINK(""https://stackoverflow.com/q/3409518"", ""3409518"")",0.5740345889599625,"3","3121"
"=HYPERLINK(""https://stackoverflow.com/q/3410575"", ""3410575"")",0.5819060166886247,"0","2025"
"=HYPERLINK(""https://stackoverflow.com/q/3451187"", ""3451187"")",0.372975991066443,"0","3811"
"=HYPERLINK(""https://stackoverflow.com/q/3650718"", ""3650718"")",0.5621431708388225,"1","324"
"=HYPERLINK(""https://stackoverflow.com/q/3719014"", ""3719014"")",0.3650793650793648,"0","2486"
"=HYPERLINK(""https://stackoverflow.com/q/3785792"", ""3785792"")",0.4097222222222221,"0","469"
"=HYPERLINK(""https://stackoverflow.com/q/3868513"", ""3868513"")",0.4584426946631678,"0","2071"
"=HYPERLINK(""https://stackoverflow.com/q/3962663"", ""3962663"")",0.8061148396718872,"2","7086"
"=HYPERLINK(""https://stackoverflow.com/q/4121891"", ""4121891"")",0.4071712018140586,"0","3784"
"=HYPERLINK(""https://stackoverflow.com/q/4143163"", ""4143163"")",0.2776311931984757,"1","673"
"=HYPERLINK(""https://stackoverflow.com/q/4190746"", ""4190746"")",0.3525967021112653,"1","5633"
"=HYPERLINK(""https://stackoverflow.com/q/4222387"", ""4222387"")",0.5057273768613973,"0","209"
"=HYPERLINK(""https://stackoverflow.com/q/4329884"", ""4329884"")",0.5645729684908786,"7","2514"
"=HYPERLINK(""https://stackoverflow.com/q/4464599"", ""4464599"")",0.3944994499449943,"0","742"
"=HYPERLINK(""https://stackoverflow.com/q/4717334"", ""4717334"")",0.8366588419405327,"0","556"
"=HYPERLINK(""https://stackoverflow.com/q/4886239"", ""4886239"")",0.5027652086475615,"0","414"
"=HYPERLINK(""https://stackoverflow.com/q/4993390"", ""4993390"")",0.3979157493028032,"1","486"
"=HYPERLINK(""https://stackoverflow.com/q/5323952"", ""5323952"")",0.3251245968924071,"2","1917"
"=HYPERLINK(""https://stackoverflow.com/q/5426737"", ""5426737"")",0.4537397319498485,"0","2290"
"=HYPERLINK(""https://stackoverflow.com/q/5554222"", ""5554222"")",0.5073286052009458,"0","706"
"=HYPERLINK(""https://stackoverflow.com/q/5632678"", ""5632678"")",0.3683179401063527,"1","3518"
"=HYPERLINK(""https://stackoverflow.com/q/5792629"", ""5792629"")",0.6659197012138187,"0","1517"
"=HYPERLINK(""https://stackoverflow.com/q/5806004"", ""5806004"")",0.621260683760684,"1","1953"
"=HYPERLINK(""https://stackoverflow.com/q/6207549"", ""6207549"")",0.6186507936507938,"0","670"
"=HYPERLINK(""https://stackoverflow.com/q/6461045"", ""6461045"")",0.767049808429119,"1","2413"
"=HYPERLINK(""https://stackoverflow.com/q/6627283"", ""6627283"")",0.4222222222222223,"0","333"
"=HYPERLINK(""https://stackoverflow.com/q/6719125"", ""6719125"")",0.2701194184839044,"0","1197"
"=HYPERLINK(""https://stackoverflow.com/q/6722560"", ""6722560"")",0.3385956998947527,"0","1249"
"=HYPERLINK(""https://stackoverflow.com/q/6726442"", ""6726442"")",0.631234353937994,"1","941"
"=HYPERLINK(""https://stackoverflow.com/q/6743318"", ""6743318"")",0.6995977878330818,"1","502"
"=HYPERLINK(""https://stackoverflow.com/q/6844773"", ""6844773"")",0.3806380638063804,"0","449"
"=HYPERLINK(""https://stackoverflow.com/q/6958028"", ""6958028"")",0.4332774986041314,"1","910"
"=HYPERLINK(""https://stackoverflow.com/q/7198936"", ""7198936"")",0.4601784266017845,"0","2003"
"=HYPERLINK(""https://stackoverflow.com/q/7539347"", ""7539347"")",0.4069512862616306,"1","451"
"=HYPERLINK(""https://stackoverflow.com/q/7656842"", ""7656842"")",0.557936507936508,"3","2370"
"=HYPERLINK(""https://stackoverflow.com/q/7764358"", ""7764358"")",0.3966903073286053,"0","157"
"=HYPERLINK(""https://stackoverflow.com/q/7933195"", ""7933195"")",0.4715924993003073,"0","2895"
"=HYPERLINK(""https://stackoverflow.com/q/8557163"", ""8557163"")",0.4768347683476835,"3","746"
"=HYPERLINK(""https://stackoverflow.com/q/8666401"", ""8666401"")",0.5695025569502554,"0","714"
"=HYPERLINK(""https://stackoverflow.com/q/8714339"", ""8714339"")",0.2803617571059428,"0","1874"
"=HYPERLINK(""https://stackoverflow.com/q/8785585"", ""8785585"")",0.4170127091984395,"2","606"
"=HYPERLINK(""https://stackoverflow.com/q/8800191"", ""8800191"")",0.6233602023075713,"0","3472"
"=HYPERLINK(""https://stackoverflow.com/q/8997094"", ""8997094"")",0.3141141141141139,"0","1972"
"=HYPERLINK(""https://stackoverflow.com/q/9109349"", ""9109349"")",0.7351088201603665,"1","1447"
"=HYPERLINK(""https://stackoverflow.com/q/9209244"", ""9209244"")",0.474299784549092,"1","1169"
"=HYPERLINK(""https://stackoverflow.com/q/9224608"", ""9224608"")",0.615079365079365,"0","955"
"=HYPERLINK(""https://stackoverflow.com/q/9268662"", ""9268662"")",0.490079365079365,"2","1604"
"=HYPERLINK(""https://stackoverflow.com/q/9537546"", ""9537546"")",0.4680053547523422,"2","1813"
"=HYPERLINK(""https://stackoverflow.com/q/9719656"", ""9719656"")",0.5018832391713743,"2","2198"
"=HYPERLINK(""https://stackoverflow.com/q/9733023"", ""9733023"")",0.5033282130056318,"0","1689"
"=HYPERLINK(""https://stackoverflow.com/q/9771716"", ""9771716"")",0.217467864060574,"1","929"
"=HYPERLINK(""https://stackoverflow.com/q/9772573"", ""9772573"")",0.5275913497390011,"3","2787"
"=HYPERLINK(""https://stackoverflow.com/q/10123297"", ""10123297"")",0.529527008116428,"0","155"
"=HYPERLINK(""https://stackoverflow.com/q/10229706"", ""10229706"")",0.7366452991452992,"0","489"
"=HYPERLINK(""https://stackoverflow.com/q/10231362"", ""10231362"")",0.4274853801169596,"1","1261"
"=HYPERLINK(""https://stackoverflow.com/q/10255125"", ""10255125"")",0.5664611980401459,"0","910"
"=HYPERLINK(""https://stackoverflow.com/q/10402297"", ""10402297"")",0.4681899641577063,"0","1076"
"=HYPERLINK(""https://stackoverflow.com/q/10403781"", ""10403781"")",0.2732785602503915,"0","591"
"=HYPERLINK(""https://stackoverflow.com/q/10411638"", ""10411638"")",0.3310931899641578,"1","2424"
"=HYPERLINK(""https://stackoverflow.com/q/10417752"", ""10417752"")",0.3103681188787571,"0","2128"
"=HYPERLINK(""https://stackoverflow.com/q/10422540"", ""10422540"")",0.3432596861991676,"1","1264"
"=HYPERLINK(""https://stackoverflow.com/q/10425629"", ""10425629"")",0.620995228357191,"0","1726"
"=HYPERLINK(""https://stackoverflow.com/q/10506359"", ""10506359"")",0.3949838867871657,"1","700"
"=HYPERLINK(""https://stackoverflow.com/q/10527650"", ""10527650"")",0.3797025371828523,"0","2344"
"=HYPERLINK(""https://stackoverflow.com/q/10533242"", ""10533242"")",0.3830262423227245,"0","1014"
"=HYPERLINK(""https://stackoverflow.com/q/10643313"", ""10643313"")",0.706955046649704,"0","325"
"=HYPERLINK(""https://stackoverflow.com/q/10676368"", ""10676368"")",0.5622726000559747,"5","22590"
"=HYPERLINK(""https://stackoverflow.com/q/10722038"", ""10722038"")",0.3374427058637587,"0","890"
"=HYPERLINK(""https://stackoverflow.com/q/10723823"", ""10723823"")",0.5831093189964162,"1","1403"
"=HYPERLINK(""https://stackoverflow.com/q/10734881"", ""10734881"")",0.2805312601230971,"0","424"
"=HYPERLINK(""https://stackoverflow.com/q/10766693"", ""10766693"")",0.4350825326435078,"1","4447"
"=HYPERLINK(""https://stackoverflow.com/q/10937537"", ""10937537"")",0.5201437002822683,"0","1054"
"=HYPERLINK(""https://stackoverflow.com/q/11015319"", ""11015319"")",0.7086475615887381,"0","1369"
"=HYPERLINK(""https://stackoverflow.com/q/11028801"", ""11028801"")",0.3763724198506805,"0","338"
"=HYPERLINK(""https://stackoverflow.com/q/11098319"", ""11098319"")",0.3911972914742998,"0","969"
"=HYPERLINK(""https://stackoverflow.com/q/11126334"", ""11126334"")",0.3712606837606838,"0","1475"
"=HYPERLINK(""https://stackoverflow.com/q/11129553"", ""11129553"")",0.9108035371011142,"2","942"
"=HYPERLINK(""https://stackoverflow.com/q/11390367"", ""11390367"")",0.23062558356676,"0","1332"
"=HYPERLINK(""https://stackoverflow.com/q/11408580"", ""11408580"")",0.3302222222222221,"0","1634"
"=HYPERLINK(""https://stackoverflow.com/q/11458490"", ""11458490"")",0.4782706093189967,"0","278"
"=HYPERLINK(""https://stackoverflow.com/q/11580363"", ""11580363"")",0.3655748233782915,"0","7543"
"=HYPERLINK(""https://stackoverflow.com/q/11599749"", ""11599749"")",0.3542976939203355,"1","393"
"=HYPERLINK(""https://stackoverflow.com/q/11651114"", ""11651114"")",0.7070048309178734,"0","877"
"=HYPERLINK(""https://stackoverflow.com/q/11718660"", ""11718660"")",0.3364090734332949,"0","1258"
"=HYPERLINK(""https://stackoverflow.com/q/11721931"", ""11721931"")",0.2967456191026383,"1","297"
"=HYPERLINK(""https://stackoverflow.com/q/11753811"", ""11753811"")",0.3905390539053904,"0","1360"
"=HYPERLINK(""https://stackoverflow.com/q/11866015"", ""11866015"")",0.4416792357968828,"0","3999"
"=HYPERLINK(""https://stackoverflow.com/q/12049509"", ""12049509"")",0.5758133824432169,"0","1645"
"=HYPERLINK(""https://stackoverflow.com/q/12051252"", ""12051252"")",0.4686287930641107,"0","1734"
"=HYPERLINK(""https://stackoverflow.com/q/12091153"", ""12091153"")",0.3331208837901,"0","206"
"=HYPERLINK(""https://stackoverflow.com/q/12144041"", ""12144041"")",0.3769566333076724,"3","4566"
"=HYPERLINK(""https://stackoverflow.com/q/12209030"", ""12209030"")",0.4042802697156262,"0","843"
"=HYPERLINK(""https://stackoverflow.com/q/12295837"", ""12295837"")",0.4887986768906933,"0","1163"
"=HYPERLINK(""https://stackoverflow.com/q/12360869"", ""12360869"")",0.4776439089692098,"1","9235"
"=HYPERLINK(""https://stackoverflow.com/q/12497385"", ""12497385"")",0.4076906734650525,"1","314"
"=HYPERLINK(""https://stackoverflow.com/q/12502587"", ""12502587"")",0.2692147034252297,"1","1936"
"=HYPERLINK(""https://stackoverflow.com/q/12777334"", ""12777334"")",0.5032929679201196,"2","3369"
"=HYPERLINK(""https://stackoverflow.com/q/12795496"", ""12795496"")",0.5018832391713745,"0","457"
"=HYPERLINK(""https://stackoverflow.com/q/12969210"", ""12969210"")",0.3708368317940101,"0","58"
"=HYPERLINK(""https://stackoverflow.com/q/13135563"", ""13135563"")",0.551452991452992,"1","313"
"=HYPERLINK(""https://stackoverflow.com/q/13138061"", ""13138061"")",0.3967676767676766,"0","1411"
"=HYPERLINK(""https://stackoverflow.com/q/13375447"", ""13375447"")",0.4263744713571701,"1","2021"
"=HYPERLINK(""https://stackoverflow.com/q/13604002"", ""13604002"")",0.3510236533492348,"1","1035"
"=HYPERLINK(""https://stackoverflow.com/q/13939680"", ""13939680"")",0.794010635320458,"2","6910"
"=HYPERLINK(""https://stackoverflow.com/q/13950883"", ""13950883"")",0.4909202831640505,"2","6617"
"=HYPERLINK(""https://stackoverflow.com/q/14038819"", ""14038819"")",0.4044004400440041,"3","2670"
"=HYPERLINK(""https://stackoverflow.com/q/14215943"", ""14215943"")",0.5186649099692572,"1","2810"
"=HYPERLINK(""https://stackoverflow.com/q/14280180"", ""14280180"")",0.4702060931899646,"1","3103"
"=HYPERLINK(""https://stackoverflow.com/q/14333753"", ""14333753"")",0.3249890206411943,"0","133"
"=HYPERLINK(""https://stackoverflow.com/q/14654413"", ""14654413"")",0.503867791842475,"1","1175"
"=HYPERLINK(""https://stackoverflow.com/q/14655961"", ""14655961"")",0.4369873228933634,"2","1690"
"=HYPERLINK(""https://stackoverflow.com/q/14660025"", ""14660025"")",0.3664529914529916,"1","485"
"=HYPERLINK(""https://stackoverflow.com/q/14726336"", ""14726336"")",0.6741172659540017,"2","1962"
"=HYPERLINK(""https://stackoverflow.com/q/14732983"", ""14732983"")",0.4959583504589668,"1","8584"
"=HYPERLINK(""https://stackoverflow.com/q/14744648"", ""14744648"")",0.6293883460007237,"0","1334"
"=HYPERLINK(""https://stackoverflow.com/q/14777615"", ""14777615"")",0.8489503328212994,"1","4819"
"=HYPERLINK(""https://stackoverflow.com/q/14859745"", ""14859745"")",0.4604493690366267,"2","412"
"=HYPERLINK(""https://stackoverflow.com/q/14882444"", ""14882444"")",0.3615079365079365,"0","5812"
"=HYPERLINK(""https://stackoverflow.com/q/15208888"", ""15208888"")",0.4057838660578385,"0","2937"
"=HYPERLINK(""https://stackoverflow.com/q/15218556"", ""15218556"")",0.4906432748538017,"2","627"
"=HYPERLINK(""https://stackoverflow.com/q/15276766"", ""15276766"")",0.6082981715893102,"2","10037"
"=HYPERLINK(""https://stackoverflow.com/q/15341719"", ""15341719"")",0.5138033310517903,"0","249"
"=HYPERLINK(""https://stackoverflow.com/q/15351633"", ""15351633"")",0.3862255863937953,"1","1936"
"=HYPERLINK(""https://stackoverflow.com/q/15500348"", ""15500348"")",0.4987199180747562,"0","127"
"=HYPERLINK(""https://stackoverflow.com/q/15551612"", ""15551612"")",0.3566561844863732,"2","1204"
"=HYPERLINK(""https://stackoverflow.com/q/15602826"", ""15602826"")",0.6102488297610242,"0","1019"
"=HYPERLINK(""https://stackoverflow.com/q/15641079"", ""15641079"")",0.2942411124229303,"0","633"
"=HYPERLINK(""https://stackoverflow.com/q/15947642"", ""15947642"")",0.617571059431524,"0","1531"
"=HYPERLINK(""https://stackoverflow.com/q/16001298"", ""16001298"")",0.4972755271262739,"0","8628"
"=HYPERLINK(""https://stackoverflow.com/q/16082023"", ""16082023"")",0.548376068376069,"0","914"
"=HYPERLINK(""https://stackoverflow.com/q/16331784"", ""16331784"")",0.6374471357170312,"0","136"
"=HYPERLINK(""https://stackoverflow.com/q/16344710"", ""16344710"")",0.5463219452139119,"1","2537"
"=HYPERLINK(""https://stackoverflow.com/q/16563253"", ""16563253"")",0.5011695906432755,"0","504"
"=HYPERLINK(""https://stackoverflow.com/q/16634599"", ""16634599"")",0.4383026242322721,"0","7466"
"=HYPERLINK(""https://stackoverflow.com/q/16653447"", ""16653447"")",0.2260053243659802,"0","1253"
"=HYPERLINK(""https://stackoverflow.com/q/16728783"", ""16728783"")",0.6033297140788996,"0","556"
"=HYPERLINK(""https://stackoverflow.com/q/16772014"", ""16772014"")",0.4740962851907384,"0","5669"
"=HYPERLINK(""https://stackoverflow.com/q/16774392"", ""16774392"")",0.2534722222222222,"0","298"
"=HYPERLINK(""https://stackoverflow.com/q/16956677"", ""16956677"")",0.4896135265700476,"0","804"
"=HYPERLINK(""https://stackoverflow.com/q/16984344"", ""16984344"")",0.3087087087087085,"0","1372"
"=HYPERLINK(""https://stackoverflow.com/q/17030233"", ""17030233"")",0.4705665930831496,"0","2639"
"=HYPERLINK(""https://stackoverflow.com/q/17047778"", ""17047778"")",0.469928644240571,"9","14942"
"=HYPERLINK(""https://stackoverflow.com/q/17084146"", ""17084146"")",0.4049737622632895,"1","674"
"=HYPERLINK(""https://stackoverflow.com/q/17114788"", ""17114788"")",0.3501112823146722,"0","9951"
"=HYPERLINK(""https://stackoverflow.com/q/17267608"", ""17267608"")",0.5655748233782916,"0","1083"
"=HYPERLINK(""https://stackoverflow.com/q/17273865"", ""17273865"")",0.4989020641194548,"0","778"
"=HYPERLINK(""https://stackoverflow.com/q/17548695"", ""17548695"")",0.868631062001228,"0","2321"
"=HYPERLINK(""https://stackoverflow.com/q/17804554"", ""17804554"")",0.5964553510565773,"4","4875"
"=HYPERLINK(""https://stackoverflow.com/q/17820205"", ""17820205"")",0.3731656184486375,"0","1208"
"=HYPERLINK(""https://stackoverflow.com/q/17826330"", ""17826330"")",0.5686386044747819,"0","636"
"=HYPERLINK(""https://stackoverflow.com/q/17826676"", ""17826676"")",0.3971493359248467,"0","888"
"=HYPERLINK(""https://stackoverflow.com/q/17948725"", ""17948725"")",0.7702991452991457,"0","1270"
"=HYPERLINK(""https://stackoverflow.com/q/17970456"", ""17970456"")",0.5954941116231431,"0","1261"
"=HYPERLINK(""https://stackoverflow.com/q/18066856"", ""18066856"")",0.2755009107468126,"0","1186"
"=HYPERLINK(""https://stackoverflow.com/q/18234790"", ""18234790"")",0.8557988645579897,"0","1354"
"=HYPERLINK(""https://stackoverflow.com/q/18335697"", ""18335697"")",0.411695906432749,"10","13107"
"=HYPERLINK(""https://stackoverflow.com/q/18350871"", ""18350871"")",0.6683760683760683,"0","2055"
"=HYPERLINK(""https://stackoverflow.com/q/18393800"", ""18393800"")",0.3374442095372326,"0","596"
"=HYPERLINK(""https://stackoverflow.com/q/18464702"", ""18464702"")",0.8023327194597913,"0","1370"
"=HYPERLINK(""https://stackoverflow.com/q/18571931"", ""18571931"")",0.433892702771421,"1","2710"
"=HYPERLINK(""https://stackoverflow.com/q/18582740"", ""18582740"")",0.3754137115839244,"0","256"
"=HYPERLINK(""https://stackoverflow.com/q/18848444"", ""18848444"")",0.4525429219306776,"2","5128"
"=HYPERLINK(""https://stackoverflow.com/q/19004261"", ""19004261"")",0.4659197012138187,"0","261"
"=HYPERLINK(""https://stackoverflow.com/q/19057049"", ""19057049"")",0.6525500910746819,"1","1599"
"=HYPERLINK(""https://stackoverflow.com/q/19075158"", ""19075158"")",0.6607468123861574,"0","607"
"=HYPERLINK(""https://stackoverflow.com/q/19266831"", ""19266831"")",0.4895033282130049,"0","781"
"=HYPERLINK(""https://stackoverflow.com/q/19497644"", ""19497644"")",0.6225220722971854,"0","571"
"=HYPERLINK(""https://stackoverflow.com/q/19594534"", ""19594534"")",0.3547523427041497,"0","1197"
"=HYPERLINK(""https://stackoverflow.com/q/19664499"", ""19664499"")",0.3789142788054648,"0","1084"
"=HYPERLINK(""https://stackoverflow.com/q/19706556"", ""19706556"")",0.4035602503912364,"1","4761"
"=HYPERLINK(""https://stackoverflow.com/q/19723974"", ""19723974"")",0.8793650793650793,"1","2021"
"=HYPERLINK(""https://stackoverflow.com/q/19724266"", ""19724266"")",0.3766339869281045,"1","3290"
"=HYPERLINK(""https://stackoverflow.com/q/19750961"", ""19750961"")",0.627882599580713,"0","2948"
"=HYPERLINK(""https://stackoverflow.com/q/19774789"", ""19774789"")",0.2998253656406898,"0","287"
"=HYPERLINK(""https://stackoverflow.com/q/20076529"", ""20076529"")",0.412563131313131,"2","64"
"=HYPERLINK(""https://stackoverflow.com/q/20183529"", ""20183529"")",0.5840312674483524,"4","1493"
"=HYPERLINK(""https://stackoverflow.com/q/20299190"", ""20299190"")",0.4886156648451736,"1","276"
"=HYPERLINK(""https://stackoverflow.com/q/20403250"", ""20403250"")",0.5041014168530948,"1","370"
"=HYPERLINK(""https://stackoverflow.com/q/20419962"", ""20419962"")",0.6892406918792148,"0","325"
"=HYPERLINK(""https://stackoverflow.com/q/20885782"", ""20885782"")",0.5925151092515105,"0","303"
"=HYPERLINK(""https://stackoverflow.com/q/21096162"", ""21096162"")",0.2624906785980613,"2","1215"
"=HYPERLINK(""https://stackoverflow.com/q/21146161"", ""21146161"")",0.5876068376068377,"0","736"
"=HYPERLINK(""https://stackoverflow.com/q/21209016"", ""21209016"")",0.4898278560250395,"1","1983"
"=HYPERLINK(""https://stackoverflow.com/q/21251353"", ""21251353"")",0.6517524235645045,"0","848"
"=HYPERLINK(""https://stackoverflow.com/q/21256285"", ""21256285"")",0.433304016417473,"0","903"
"=HYPERLINK(""https://stackoverflow.com/q/21274132"", ""21274132"")",0.3791749528325939,"3","1659"
"=HYPERLINK(""https://stackoverflow.com/q/21280172"", ""21280172"")",0.4958378574013752,"2","1573"
"=HYPERLINK(""https://stackoverflow.com/q/21403447"", ""21403447"")",0.3294886582083813,"0","758"
"=HYPERLINK(""https://stackoverflow.com/q/21448948"", ""21448948"")",0.7877394636015326,"1","2221"
"=HYPERLINK(""https://stackoverflow.com/q/21531342"", ""21531342"")",0.5077251808021044,"0","1402"
"=HYPERLINK(""https://stackoverflow.com/q/21630493"", ""21630493"")",0.6242024202420239,"0","448"
"=HYPERLINK(""https://stackoverflow.com/q/21729475"", ""21729475"")",0.3084291187739461,"1","2038"
"=HYPERLINK(""https://stackoverflow.com/q/21828948"", ""21828948"")",0.3991337664501087,"0","3302"
"=HYPERLINK(""https://stackoverflow.com/q/21835300"", ""21835300"")",0.7685931899641582,"0","679"
"=HYPERLINK(""https://stackoverflow.com/q/21876232"", ""21876232"")",0.5412406271301972,"2","127"
"=HYPERLINK(""https://stackoverflow.com/q/21882299"", ""21882299"")",0.7912895185622448,"0","743"
"=HYPERLINK(""https://stackoverflow.com/q/21900451"", ""21900451"")",0.5313825275657343,"1","8533"
"=HYPERLINK(""https://stackoverflow.com/q/21945758"", ""21945758"")",0.4395171224439512,"1","2162"
"=HYPERLINK(""https://stackoverflow.com/q/22099234"", ""22099234"")",0.2932449494949494,"0","189"
"=HYPERLINK(""https://stackoverflow.com/q/22144133"", ""22144133"")",0.2845059592464436,"1","726"
"=HYPERLINK(""https://stackoverflow.com/q/22145828"", ""22145828"")",0.9245122985581012,"0","514"
"=HYPERLINK(""https://stackoverflow.com/q/22150317"", ""22150317"")",0.5046490004648997,"0","165"
"=HYPERLINK(""https://stackoverflow.com/q/22293595"", ""22293595"")",0.5160366552119129,"1","2991"
"=HYPERLINK(""https://stackoverflow.com/q/22393988"", ""22393988"")",0.552961521833117,"2","758"
"=HYPERLINK(""https://stackoverflow.com/q/22467221"", ""22467221"")",0.4222222222222222,"2","274"
"=HYPERLINK(""https://stackoverflow.com/q/22715221"", ""22715221"")",0.3845933562428407,"1","690"
"=HYPERLINK(""https://stackoverflow.com/q/22986371"", ""22986371"")",0.4179669030732862,"0","547"
"=HYPERLINK(""https://stackoverflow.com/q/22995704"", ""22995704"")",0.2952559300873908,"1","532"
"=HYPERLINK(""https://stackoverflow.com/q/23134296"", ""23134296"")",0.4879966008073088,"3","14324"
"=HYPERLINK(""https://stackoverflow.com/q/23145564"", ""23145564"")",0.4316678074378276,"0","534"
"=HYPERLINK(""https://stackoverflow.com/q/23234021"", ""23234021"")",0.473478503629257,"7","21407"
"=HYPERLINK(""https://stackoverflow.com/q/23502050"", ""23502050"")",0.6004040404040402,"0","2498"
"=HYPERLINK(""https://stackoverflow.com/q/23665466"", ""23665466"")",0.4072442486539406,"5","3545"
"=HYPERLINK(""https://stackoverflow.com/q/23696426"", ""23696426"")",0.6899883391637522,"0","5891"
"=HYPERLINK(""https://stackoverflow.com/q/23749483"", ""23749483"")",0.4722222222222219,"0","1843"
"=HYPERLINK(""https://stackoverflow.com/q/23752421"", ""23752421"")",0.6894353369763212,"1","399"
"=HYPERLINK(""https://stackoverflow.com/q/23824634"", ""23824634"")",0.380904856952761,"4","1081"
"=HYPERLINK(""https://stackoverflow.com/q/23893424"", ""23893424"")",0.3382631778536213,"2","5751"
"=HYPERLINK(""https://stackoverflow.com/q/23910155"", ""23910155"")",0.9198966408268724,"0","7174"
"=HYPERLINK(""https://stackoverflow.com/q/23974370"", ""23974370"")",0.4483091787439606,"0","54"
"=HYPERLINK(""https://stackoverflow.com/q/24027183"", ""24027183"")",0.4541424217234684,"0","2169"
"=HYPERLINK(""https://stackoverflow.com/q/24075506"", ""24075506"")",0.4865079365079365,"3","984"
"=HYPERLINK(""https://stackoverflow.com/q/24207700"", ""24207700"")",0.4575163398692807,"1","95"
"=HYPERLINK(""https://stackoverflow.com/q/24253238"", ""24253238"")",0.5215770609318997,"0","3224"
"=HYPERLINK(""https://stackoverflow.com/q/24269770"", ""24269770"")",0.7329174093879979,"1","476"
"=HYPERLINK(""https://stackoverflow.com/q/24395297"", ""24395297"")",0.7622222222222219,"0","1756"
"=HYPERLINK(""https://stackoverflow.com/q/24411211"", ""24411211"")",0.4914529914529916,"0","926"
"=HYPERLINK(""https://stackoverflow.com/q/24559072"", ""24559072"")",0.3522413426811133,"0","629"
"=HYPERLINK(""https://stackoverflow.com/q/24571633"", ""24571633"")",0.3953739731949847,"0","141"
"=HYPERLINK(""https://stackoverflow.com/q/24820116"", ""24820116"")",0.7608360836083605,"0","1395"
"=HYPERLINK(""https://stackoverflow.com/q/25174287"", ""25174287"")",0.3243498817966903,"0","1303"
"=HYPERLINK(""https://stackoverflow.com/q/25308970"", ""25308970"")",0.607177974434612,"0","713"
"=HYPERLINK(""https://stackoverflow.com/q/25324335"", ""25324335"")",0.3227421528981323,"0","263"
"=HYPERLINK(""https://stackoverflow.com/q/25455524"", ""25455524"")",0.6730272311667663,"1","4171"
"=HYPERLINK(""https://stackoverflow.com/q/25479687"", ""25479687"")",0.4637365825355384,"0","1192"
"=HYPERLINK(""https://stackoverflow.com/q/25497739"", ""25497739"")",0.6041464204729518,"2","2246"
"=HYPERLINK(""https://stackoverflow.com/q/25574941"", ""25574941"")",0.5330655957161976,"0","53"
"=HYPERLINK(""https://stackoverflow.com/q/25627117"", ""25627117"")",0.6737457679285936,"1","1023"
"=HYPERLINK(""https://stackoverflow.com/q/25638339"", ""25638339"")",0.5337800111669455,"0","134"
"=HYPERLINK(""https://stackoverflow.com/q/25680553"", ""25680553"")",0.6249249249249245,"0","177"
"=HYPERLINK(""https://stackoverflow.com/q/25849836"", ""25849836"")",0.5976068376068384,"0","425"
"=HYPERLINK(""https://stackoverflow.com/q/25934183"", ""25934183"")",0.8487847222222237,"1","6864"
"=HYPERLINK(""https://stackoverflow.com/q/25970111"", ""25970111"")",0.7874396135265693,"1","263"
"=HYPERLINK(""https://stackoverflow.com/q/26056507"", ""26056507"")",0.5663780663780661,"0","941"
"=HYPERLINK(""https://stackoverflow.com/q/26128542"", ""26128542"")",0.3693437574034593,"0","343"
"=HYPERLINK(""https://stackoverflow.com/q/26133535"", ""26133535"")",0.5947054436987327,"0","9182"
"=HYPERLINK(""https://stackoverflow.com/q/26169952"", ""26169952"")",0.5193920335429771,"0","1468"
"=HYPERLINK(""https://stackoverflow.com/q/26260487"", ""26260487"")",0.3760683760683765,"0","158"
"=HYPERLINK(""https://stackoverflow.com/q/26285161"", ""26285161"")",0.4722222222222227,"0","3759"
"=HYPERLINK(""https://stackoverflow.com/q/26316111"", ""26316111"")",0.2099271402550092,"0","194"
"=HYPERLINK(""https://stackoverflow.com/q/26378337"", ""26378337"")",0.4973645372127351,"1","3172"
"=HYPERLINK(""https://stackoverflow.com/q/26603070"", ""26603070"")",0.5222222222222228,"0","1709"
"=HYPERLINK(""https://stackoverflow.com/q/26712480"", ""26712480"")",0.5274170274170272,"0","369"
"=HYPERLINK(""https://stackoverflow.com/q/26848897"", ""26848897"")",0.341371158392435,"3","2753"
"=HYPERLINK(""https://stackoverflow.com/q/26951609"", ""26951609"")",0.4772111357477206,"1","835"
"=HYPERLINK(""https://stackoverflow.com/q/27001231"", ""27001231"")",0.6069484470060842,"1","247"
"=HYPERLINK(""https://stackoverflow.com/q/27124953"", ""27124953"")",0.5912259122591228,"1","1432"
"=HYPERLINK(""https://stackoverflow.com/q/27296204"", ""27296204"")",0.5371011149557857,"1","70"
"=HYPERLINK(""https://stackoverflow.com/q/27856237"", ""27856237"")",0.5047178894665899,"0","66"
"=HYPERLINK(""https://stackoverflow.com/q/27942546"", ""27942546"")",0.609435732475539,"0","166"
"=HYPERLINK(""https://stackoverflow.com/q/27947256"", ""27947256"")",0.6379026955950038,"1","572"
"=HYPERLINK(""https://stackoverflow.com/q/27980183"", ""27980183"")",0.384883959745328,"1","321"
"=HYPERLINK(""https://stackoverflow.com/q/28069569"", ""28069569"")",0.5692101740294505,"0","449"
"=HYPERLINK(""https://stackoverflow.com/q/28083664"", ""28083664"")",0.3064327485380118,"0","207"
"=HYPERLINK(""https://stackoverflow.com/q/28115227"", ""28115227"")",0.5652454780361752,"0","138"
"=HYPERLINK(""https://stackoverflow.com/q/28274849"", ""28274849"")",0.4522016883413182,"1","93"
"=HYPERLINK(""https://stackoverflow.com/q/28308742"", ""28308742"")",0.6891096394407658,"0","808"
"=HYPERLINK(""https://stackoverflow.com/q/28418502"", ""28418502"")",0.2945113788487282,"1","1693"
"=HYPERLINK(""https://stackoverflow.com/q/28544173"", ""28544173"")",0.3773468759618344,"0","97"
"=HYPERLINK(""https://stackoverflow.com/q/28729493"", ""28729493"")",0.2624906785980612,"0","33"
"=HYPERLINK(""https://stackoverflow.com/q/28826237"", ""28826237"")",0.4869281045751634,"0","376"
"=HYPERLINK(""https://stackoverflow.com/q/29028708"", ""29028708"")",0.4792976939203355,"0","112"
"=HYPERLINK(""https://stackoverflow.com/q/29073614"", ""29073614"")",0.3707577870757784,"0","627"
"=HYPERLINK(""https://stackoverflow.com/q/29081065"", ""29081065"")",0.4605943152454775,"0","1111"
"=HYPERLINK(""https://stackoverflow.com/q/29536347"", ""29536347"")",0.4817158931082977,"0","53"
"=HYPERLINK(""https://stackoverflow.com/q/29816765"", ""29816765"")",0.4713571703191077,"0","803"
"=HYPERLINK(""https://stackoverflow.com/q/29856603"", ""29856603"")",0.5088671733622873,"0","1567"
"=HYPERLINK(""https://stackoverflow.com/q/30000504"", ""30000504"")",0.4925347222222226,"0","268"
"=HYPERLINK(""https://stackoverflow.com/q/30114097"", ""30114097"")",0.492492492492492,"0","67"
"=HYPERLINK(""https://stackoverflow.com/q/30117178"", ""30117178"")",0.3014077425842131,"0","67"
"=HYPERLINK(""https://stackoverflow.com/q/30123225"", ""30123225"")",0.6371706758304696,"0","642"
"=HYPERLINK(""https://stackoverflow.com/q/30166434"", ""30166434"")",0.4912160620579506,"1","65"
"=HYPERLINK(""https://stackoverflow.com/q/30335994"", ""30335994"")",0.3220373793386734,"0","3002"
"=HYPERLINK(""https://stackoverflow.com/q/30354042"", ""30354042"")",0.4133986928104574,"0","340"
"=HYPERLINK(""https://stackoverflow.com/q/30460291"", ""30460291"")",0.2667882894622533,"2","237"
"=HYPERLINK(""https://stackoverflow.com/q/30501260"", ""30501260"")",0.5318813131313127,"0","1227"
"=HYPERLINK(""https://stackoverflow.com/q/30518978"", ""30518978"")",0.2499518582707492,"0","498"
"=HYPERLINK(""https://stackoverflow.com/q/30573573"", ""30573573"")",0.6636448163644811,"0","591"
"=HYPERLINK(""https://stackoverflow.com/q/30641901"", ""30641901"")",0.4206955046649707,"0","1594"
"=HYPERLINK(""https://stackoverflow.com/q/30703526"", ""30703526"")",0.3856837606837608,"0","1610"
"=HYPERLINK(""https://stackoverflow.com/q/30810118"", ""30810118"")",0.3266267899220592,"0","1253"
"=HYPERLINK(""https://stackoverflow.com/q/30942872"", ""30942872"")",0.4597912829957029,"0","803"
"=HYPERLINK(""https://stackoverflow.com/q/31146307"", ""31146307"")",0.5924846128927769,"1","211"
"=HYPERLINK(""https://stackoverflow.com/q/31385561"", ""31385561"")",0.570507182644386,"0","6157"
"=HYPERLINK(""https://stackoverflow.com/q/31501424"", ""31501424"")",0.4827726809378183,"1","1445"
"=HYPERLINK(""https://stackoverflow.com/q/31538431"", ""31538431"")",0.481697440881115,"1","973"
"=HYPERLINK(""https://stackoverflow.com/q/31650223"", ""31650223"")",0.5504664970313831,"0","138"
"=HYPERLINK(""https://stackoverflow.com/q/31707550"", ""31707550"")",0.3550689375506898,"0","838"
"=HYPERLINK(""https://stackoverflow.com/q/31725721"", ""31725721"")",0.7292644757433497,"0","216"
"=HYPERLINK(""https://stackoverflow.com/q/31781903"", ""31781903"")",0.4518061975689095,"1","798"
"=HYPERLINK(""https://stackoverflow.com/q/31831180"", ""31831180"")",0.4230418943533702,"0","40"
"=HYPERLINK(""https://stackoverflow.com/q/31852298"", ""31852298"")",0.6271517996870116,"0","126"
"=HYPERLINK(""https://stackoverflow.com/q/31969570"", ""31969570"")",0.5429219306770334,"0","162"
"=HYPERLINK(""https://stackoverflow.com/q/32247398"", ""32247398"")",0.5846779483143113,"1","821"
"=HYPERLINK(""https://stackoverflow.com/q/32466898"", ""32466898"")",0.7374576792859342,"0","344"
"=HYPERLINK(""https://stackoverflow.com/q/32540747"", ""32540747"")",0.4514712340799294,"3","1174"
"=HYPERLINK(""https://stackoverflow.com/q/32738016"", ""32738016"")",0.4538011695906437,"0","138"
"=HYPERLINK(""https://stackoverflow.com/q/33105054"", ""33105054"")",0.639400136332651,"0","402"
"=HYPERLINK(""https://stackoverflow.com/q/33181072"", ""33181072"")",0.3215293815755709,"2","708"
"=HYPERLINK(""https://stackoverflow.com/q/33212640"", ""33212640"")",0.5621237000547342,"1","1202"
"=HYPERLINK(""https://stackoverflow.com/q/33267894"", ""33267894"")",0.3886000385133836,"0","1950"
"=HYPERLINK(""https://stackoverflow.com/q/33299276"", ""33299276"")",0.6586863106200124,"0","58"
"=HYPERLINK(""https://stackoverflow.com/q/34085695"", ""34085695"")",0.4330917874396128,"1","1923"
"=HYPERLINK(""https://stackoverflow.com/q/34133930"", ""34133930"")",0.3923253150057273,"0","678"
"=HYPERLINK(""https://stackoverflow.com/q/34265256"", ""34265256"")",0.4754569726843299,"0","176"
"=HYPERLINK(""https://stackoverflow.com/q/34458359"", ""34458359"")",0.4917436328015667,"0","688"
"=HYPERLINK(""https://stackoverflow.com/q/34616408"", ""34616408"")",0.7107718405428337,"0","35"
"=HYPERLINK(""https://stackoverflow.com/q/34656482"", ""34656482"")",0.5011695906432753,"0","633"
"=HYPERLINK(""https://stackoverflow.com/q/34659861"", ""34659861"")",0.4558287795992718,"3","8219"
"=HYPERLINK(""https://stackoverflow.com/q/34800582"", ""34800582"")",0.6732388580817424,"3","1241"
"=HYPERLINK(""https://stackoverflow.com/q/34880856"", ""34880856"")",0.4304414003044138,"0","73"
"=HYPERLINK(""https://stackoverflow.com/q/34963112"", ""34963112"")",0.4626802374893984,"4","2013"
"=HYPERLINK(""https://stackoverflow.com/q/35288006"", ""35288006"")",0.3564504101416856,"0","2072"
"=HYPERLINK(""https://stackoverflow.com/q/35409881"", ""35409881"")",0.7083882301273599,"1","551"
"=HYPERLINK(""https://stackoverflow.com/q/35884775"", ""35884775"")",0.3683179401063528,"0","1725"
"=HYPERLINK(""https://stackoverflow.com/q/36341976"", ""36341976"")",0.7753195673549661,"1","445"
"=HYPERLINK(""https://stackoverflow.com/q/36463912"", ""36463912"")",0.3579006141820209,"0","1742"
"=HYPERLINK(""https://stackoverflow.com/q/36504097"", ""36504097"")",0.3408992650237786,"1","528"
"=HYPERLINK(""https://stackoverflow.com/q/36646523"", ""36646523"")",0.3977189109639443,"1","2104"
"=HYPERLINK(""https://stackoverflow.com/q/36687575"", ""36687575"")",0.8988179669030733,"0","901"
"=HYPERLINK(""https://stackoverflow.com/q/36981576"", ""36981576"")",0.6751097602161436,"2","166"
"=HYPERLINK(""https://stackoverflow.com/q/37025508"", ""37025508"")",0.3958749168330004,"1","178"
"=HYPERLINK(""https://stackoverflow.com/q/37258124"", ""37258124"")",0.3316447146234381,"1","222"
"=HYPERLINK(""https://stackoverflow.com/q/37267347"", ""37267347"")",0.2519251925192518,"1","1564"
"=HYPERLINK(""https://stackoverflow.com/q/37294102"", ""37294102"")",0.3383172090296102,"2","210"
"=HYPERLINK(""https://stackoverflow.com/q/37313969"", ""37313969"")",0.4093189964157707,"0","1129"
"=HYPERLINK(""https://stackoverflow.com/q/37450610"", ""37450610"")",0.2961252245316911,"0","552"
"=HYPERLINK(""https://stackoverflow.com/q/37622555"", ""37622555"")",0.5542832909245129,"1","68"
"=HYPERLINK(""https://stackoverflow.com/q/37698599"", ""37698599"")",0.8067097568482612,"0","39"
"=HYPERLINK(""https://stackoverflow.com/q/37792101"", ""37792101"")",0.3514305934688102,"0","1050"
"=HYPERLINK(""https://stackoverflow.com/q/37973949"", ""37973949"")",0.4095573145705072,"0","709"
"=HYPERLINK(""https://stackoverflow.com/q/38052894"", ""38052894"")",0.3570345089116419,"6","12711"
"=HYPERLINK(""https://stackoverflow.com/q/38056699"", ""38056699"")",0.4120956399437409,"0","694"
"=HYPERLINK(""https://stackoverflow.com/q/38068292"", ""38068292"")",0.6847629388345999,"0","39"
"=HYPERLINK(""https://stackoverflow.com/q/38079253"", ""38079253"")",0.4580712788259959,"0","662"
"=HYPERLINK(""https://stackoverflow.com/q/38253239"", ""38253239"")",0.5265700483091783,"0","753"
"=HYPERLINK(""https://stackoverflow.com/q/38285224"", ""38285224"")",0.2794145965723089,"1","1887"
"=HYPERLINK(""https://stackoverflow.com/q/38359490"", ""38359490"")",0.2620452310717799,"1","126"
"=HYPERLINK(""https://stackoverflow.com/q/38454604"", ""38454604"")",0.4258585858585856,"1","428"
"=HYPERLINK(""https://stackoverflow.com/q/38769647"", ""38769647"")",0.4845173041894356,"0","1176"
"=HYPERLINK(""https://stackoverflow.com/q/38827408"", ""38827408"")",0.5879940343027595,"0","442"
"=HYPERLINK(""https://stackoverflow.com/q/38840590"", ""38840590"")",0.814058956916101,"0","582"
"=HYPERLINK(""https://stackoverflow.com/q/38900026"", ""38900026"")",0.6191294387170675,"1","1117"
"=HYPERLINK(""https://stackoverflow.com/q/39020455"", ""39020455"")",0.2718405428329094,"0","131"
"=HYPERLINK(""https://stackoverflow.com/q/39146120"", ""39146120"")",0.426364234056542,"0","141"
"=HYPERLINK(""https://stackoverflow.com/q/39244545"", ""39244545"")",0.4257042679240721,"2","2455"
"=HYPERLINK(""https://stackoverflow.com/q/39510609"", ""39510609"")",0.4947395432383884,"1","421"
"=HYPERLINK(""https://stackoverflow.com/q/39571454"", ""39571454"")",0.4045530492898911,"1","107"
"=HYPERLINK(""https://stackoverflow.com/q/39772241"", ""39772241"")",0.9335924846128942,"0","353"
"=HYPERLINK(""https://stackoverflow.com/q/40418247"", ""40418247"")",0.5426642111724986,"0","547"
"=HYPERLINK(""https://stackoverflow.com/q/40461949"", ""40461949"")",0.5109251510925147,"0","642"
"=HYPERLINK(""https://stackoverflow.com/q/40718454"", ""40718454"")",0.8787107718405439,"0","900"
"=HYPERLINK(""https://stackoverflow.com/q/40798465"", ""40798465"")",0.3908268733850125,"0","32"
"=HYPERLINK(""https://stackoverflow.com/q/40871998"", ""40871998"")",0.4245122985581004,"0","282"
"=HYPERLINK(""https://stackoverflow.com/q/40985110"", ""40985110"")",0.4749494949494948,"2","375"
"=HYPERLINK(""https://stackoverflow.com/q/41184056"", ""41184056"")",0.4105339105339102,"0","46"
"=HYPERLINK(""https://stackoverflow.com/q/41199510"", ""41199510"")",0.3700965290614093,"0","341"
"=HYPERLINK(""https://stackoverflow.com/q/41312812"", ""41312812"")",0.3897099069512859,"0","72"
"=HYPERLINK(""https://stackoverflow.com/q/41546887"", ""41546887"")",0.8569829275118938,"2","1634"
"=HYPERLINK(""https://stackoverflow.com/q/41554420"", ""41554420"")",0.7400087834870436,"0","326"
"=HYPERLINK(""https://stackoverflow.com/q/41618642"", ""41618642"")",0.3787439613526565,"0","154"
"=HYPERLINK(""https://stackoverflow.com/q/41770768"", ""41770768"")",0.275039123630673,"0","72"
"=HYPERLINK(""https://stackoverflow.com/q/41817706"", ""41817706"")",0.6862879306411127,"0","818"
"=HYPERLINK(""https://stackoverflow.com/q/42123741"", ""42123741"")",0.6391963919639199,"0","518"
"=HYPERLINK(""https://stackoverflow.com/q/42250174"", ""42250174"")",0.3634964604493691,"0","127"
"=HYPERLINK(""https://stackoverflow.com/q/42254602"", ""42254602"")",0.3084291187739463,"0","63"
"=HYPERLINK(""https://stackoverflow.com/q/42504385"", ""42504385"")",0.7477211135747712,"1","1543"
"=HYPERLINK(""https://stackoverflow.com/q/42509819"", ""42509819"")",0.5503818674550376,"1","592"
"=HYPERLINK(""https://stackoverflow.com/q/42515562"", ""42515562"")",0.5086460632818252,"2","1437"
"=HYPERLINK(""https://stackoverflow.com/q/42523900"", ""42523900"")",0.5005473453749311,"0","252"
"=HYPERLINK(""https://stackoverflow.com/q/42529895"", ""42529895"")",0.3826564803645622,"0","49"
"=HYPERLINK(""https://stackoverflow.com/q/42560474"", ""42560474"")",0.6897546897546892,"0","931"
"=HYPERLINK(""https://stackoverflow.com/q/43170471"", ""43170471"")",0.321024617431803,"1","108"
"=HYPERLINK(""https://stackoverflow.com/q/43198669"", ""43198669"")",0.4892953929539295,"0","562"
"=HYPERLINK(""https://stackoverflow.com/q/43207903"", ""43207903"")",0.5657125269313635,"1","370"
"=HYPERLINK(""https://stackoverflow.com/q/43308434"", ""43308434"")",0.5674990951863915,"1","3729"
"=HYPERLINK(""https://stackoverflow.com/q/43368508"", ""43368508"")",0.6982369823698237,"0","655"
"=HYPERLINK(""https://stackoverflow.com/q/43495542"", ""43495542"")",0.8765757842274998,"0","210"
"=HYPERLINK(""https://stackoverflow.com/q/43512177"", ""43512177"")",0.700098328416913,"0","734"
"=HYPERLINK(""https://stackoverflow.com/q/43560062"", ""43560062"")",0.5123246113007204,"0","671"
"=HYPERLINK(""https://stackoverflow.com/q/43636432"", ""43636432"")",0.4214842148421486,"1","39"
"=HYPERLINK(""https://stackoverflow.com/q/43718106"", ""43718106"")",0.4140826873385008,"0","416"
"=HYPERLINK(""https://stackoverflow.com/q/43752772"", ""43752772"")",0.3629257398101617,"2","2975"
"=HYPERLINK(""https://stackoverflow.com/q/44132735"", ""44132735"")",0.6382527565733679,"1","270"
"=HYPERLINK(""https://stackoverflow.com/q/44174604"", ""44174604"")",0.5549070471249459,"0","456"
"=HYPERLINK(""https://stackoverflow.com/q/44259496"", ""44259496"")",0.7344173441734413,"0","251"
"=HYPERLINK(""https://stackoverflow.com/q/44449656"", ""44449656"")",0.4665404040404037,"0","371"
"=HYPERLINK(""https://stackoverflow.com/q/44472293"", ""44472293"")",0.6486928104575164,"0","51"
"=HYPERLINK(""https://stackoverflow.com/q/44504891"", ""44504891"")",0.3855286738351255,"0","276"
"=HYPERLINK(""https://stackoverflow.com/q/44528038"", ""44528038"")",0.5115079365079366,"0","60"
"=HYPERLINK(""https://stackoverflow.com/q/44551967"", ""44551967"")",0.4756875687568754,"0","24"
"=HYPERLINK(""https://stackoverflow.com/q/44586842"", ""44586842"")",0.4808827303053629,"0","82"
"=HYPERLINK(""https://stackoverflow.com/q/44645710"", ""44645710"")",0.3831720902961011,"0","152"
"=HYPERLINK(""https://stackoverflow.com/q/44708936"", ""44708936"")",0.4785036292573978,"0","65"
"=HYPERLINK(""https://stackoverflow.com/q/44973926"", ""44973926"")",0.5441463665330452,"1","948"
"=HYPERLINK(""https://stackoverflow.com/q/45296660"", ""45296660"")",0.4475274386484156,"1","3066"
"=HYPERLINK(""https://stackoverflow.com/q/45430584"", ""45430584"")",0.6846143307302369,"0","61"
"=HYPERLINK(""https://stackoverflow.com/q/45458885"", ""45458885"")",0.7337429595494103,"0","721"
"=HYPERLINK(""https://stackoverflow.com/q/45477233"", ""45477233"")",0.3323917137476458,"0","74"
"=HYPERLINK(""https://stackoverflow.com/q/45535094"", ""45535094"")",0.5898692810457518,"1","251"
"=HYPERLINK(""https://stackoverflow.com/q/45772221"", ""45772221"")",0.8480882730305364,"5","6263"
"=HYPERLINK(""https://stackoverflow.com/q/45846521"", ""45846521"")",0.4349881796690308,"1","666"
"=HYPERLINK(""https://stackoverflow.com/q/46047154"", ""46047154"")",0.3856571252693136,"0","112"
"=HYPERLINK(""https://stackoverflow.com/q/46333948"", ""46333948"")",0.4179828207259625,"1","294"
"=HYPERLINK(""https://stackoverflow.com/q/46406831"", ""46406831"")",0.2164082687338501,"0","270"
"=HYPERLINK(""https://stackoverflow.com/q/46511482"", ""46511482"")",0.2009002606017533,"0","75"
"=HYPERLINK(""https://stackoverflow.com/q/46582618"", ""46582618"")",0.3017676767676767,"0","102"
"=HYPERLINK(""https://stackoverflow.com/q/46609156"", ""46609156"")",0.4023607903515523,"0","128"
"=HYPERLINK(""https://stackoverflow.com/q/46664326"", ""46664326"")",0.3852657004830911,"1","48"
"=HYPERLINK(""https://stackoverflow.com/q/46784716"", ""46784716"")",0.4034302759134976,"0","193"
"=HYPERLINK(""https://stackoverflow.com/q/46784726"", ""46784726"")",0.710111495578623,"0","544"
"=HYPERLINK(""https://stackoverflow.com/q/46798556"", ""46798556"")",0.6093189964157699,"0","84"
"=HYPERLINK(""https://stackoverflow.com/q/46824833"", ""46824833"")",0.7022222222222231,"0","912"
"=HYPERLINK(""https://stackoverflow.com/q/46903906"", ""46903906"")",0.6001024065540186,"1","406"
"=HYPERLINK(""https://stackoverflow.com/q/47390707"", ""47390707"")",0.5690856908569087,"0","87"
"=HYPERLINK(""https://stackoverflow.com/q/47393775"", ""47393775"")",0.35594315245478,"3","855"
"=HYPERLINK(""https://stackoverflow.com/q/47683191"", ""47683191"")",0.3396135265700477,"0","49"
"=HYPERLINK(""https://stackoverflow.com/q/47815242"", ""47815242"")",0.3432814908224748,"0","677"
"=HYPERLINK(""https://stackoverflow.com/q/48083094"", ""48083094"")",0.4321198331437237,"3","1713"
"=HYPERLINK(""https://stackoverflow.com/q/48151586"", ""48151586"")",0.8239921337266476,"0","45"
"=HYPERLINK(""https://stackoverflow.com/q/48162535"", ""48162535"")",0.29726300525648,"0","401"
"=HYPERLINK(""https://stackoverflow.com/q/48201983"", ""48201983"")",0.5463079725374815,"1","283"
"=HYPERLINK(""https://stackoverflow.com/q/48392236"", ""48392236"")",0.4638329604772561,"0","803"
"=HYPERLINK(""https://stackoverflow.com/q/48641569"", ""48641569"")",0.3541371158392435,"0","394"
"=HYPERLINK(""https://stackoverflow.com/q/48664748"", ""48664748"")",0.5715093912649921,"0","605"
"=HYPERLINK(""https://stackoverflow.com/q/49036992"", ""49036992"")",0.3710111495578622,"0","3407"
"=HYPERLINK(""https://stackoverflow.com/q/49047243"", ""49047243"")",0.4405766526019689,"0","81"
"=HYPERLINK(""https://stackoverflow.com/q/49112615"", ""49112615"")",0.5436507936507937,"1","282"
"=HYPERLINK(""https://stackoverflow.com/q/49135617"", ""49135617"")",0.4729426833173233,"0","73"
"=HYPERLINK(""https://stackoverflow.com/q/49162879"", ""49162879"")",0.357606837606838,"1","495"
"=HYPERLINK(""https://stackoverflow.com/q/49166251"", ""49166251"")",0.3456264775413711,"0","1008"
"=HYPERLINK(""https://stackoverflow.com/q/49195671"", ""49195671"")",0.3882301273605619,"0","59"
"=HYPERLINK(""https://stackoverflow.com/q/49270160"", ""49270160"")",0.3476505978219478,"0","493"
"=HYPERLINK(""https://stackoverflow.com/q/49278150"", ""49278150"")",0.42869371682931,"0","38"
"=HYPERLINK(""https://stackoverflow.com/q/49361893"", ""49361893"")",0.6156648451730423,"0","18"
"=HYPERLINK(""https://stackoverflow.com/q/49529041"", ""49529041"")",0.8528290823805341,"0","643"
"=HYPERLINK(""https://stackoverflow.com/q/49660802"", ""49660802"")",0.2754372998275436,"0","37"
"=HYPERLINK(""https://stackoverflow.com/q/49779358"", ""49779358"")",0.5196905766526014,"0","185"
"=HYPERLINK(""https://stackoverflow.com/q/49861830"", ""49861830"")",0.6432748538011704,"0","1520"
"=HYPERLINK(""https://stackoverflow.com/q/49976439"", ""49976439"")",0.5206837606837613,"0","93"
"=HYPERLINK(""https://stackoverflow.com/q/49988037"", ""49988037"")",0.5578623606305262,"0","48"
"=HYPERLINK(""https://stackoverflow.com/q/50214346"", ""50214346"")",0.6266543551862112,"0","57"
"=HYPERLINK(""https://stackoverflow.com/q/50290402"", ""50290402"")",0.4219448297118203,"1","315"
"=HYPERLINK(""https://stackoverflow.com/q/50358497"", ""50358497"")",0.7635066258919473,"0","83"
"=HYPERLINK(""https://stackoverflow.com/q/50360884"", ""50360884"")",0.4609765474817374,"0","813"
"=HYPERLINK(""https://stackoverflow.com/q/50491544"", ""50491544"")",0.6962481962481958,"0","630"
"=HYPERLINK(""https://stackoverflow.com/q/50609648"", ""50609648"")",0.3377237419790612,"0","1410"
"=HYPERLINK(""https://stackoverflow.com/q/50684185"", ""50684185"")",0.4095573145705074,"0","32"
"=HYPERLINK(""https://stackoverflow.com/q/50804791"", ""50804791"")",0.3041187739463599,"0","141"
"=HYPERLINK(""https://stackoverflow.com/q/50876881"", ""50876881"")",0.4091787439613521,"1","80"
"=HYPERLINK(""https://stackoverflow.com/q/51000955"", ""51000955"")",0.4580176767676765,"1","515"
"=HYPERLINK(""https://stackoverflow.com/q/51189257"", ""51189257"")",0.590079365079365,"0","21"
"=HYPERLINK(""https://stackoverflow.com/q/51262766"", ""51262766"")",0.7268376068376077,"0","878"
"=HYPERLINK(""https://stackoverflow.com/q/51312073"", ""51312073"")",0.4657646576465767,"0","767"
"=HYPERLINK(""https://stackoverflow.com/q/51385698"", ""51385698"")",0.6148602590320376,"0","116"
"=HYPERLINK(""https://stackoverflow.com/q/51389551"", ""51389551"")",0.4169590643274858,"1","312"
"=HYPERLINK(""https://stackoverflow.com/q/51391705"", ""51391705"")",0.5522222222222218,"0","241"
"=HYPERLINK(""https://stackoverflow.com/q/51621731"", ""51621731"")",0.3908969210174027,"0","122"
"=HYPERLINK(""https://stackoverflow.com/q/51949608"", ""51949608"")",0.4153388570214577,"0","446"
"=HYPERLINK(""https://stackoverflow.com/q/52011280"", ""52011280"")",0.424987199180747,"2","451"
"=HYPERLINK(""https://stackoverflow.com/q/52109649"", ""52109649"")",0.3196248196248194,"0","18"
"=HYPERLINK(""https://stackoverflow.com/q/52144934"", ""52144934"")",0.2702991452991453,"3","1779"
"=HYPERLINK(""https://stackoverflow.com/q/52145113"", ""52145113"")",0.5231071779744351,"1","1790"
"=HYPERLINK(""https://stackoverflow.com/q/52258422"", ""52258422"")",0.5303303303303298,"0","79"
"=HYPERLINK(""https://stackoverflow.com/q/52270940"", ""52270940"")",0.4655850540806297,"0","43"
"=HYPERLINK(""https://stackoverflow.com/q/52604281"", ""52604281"")",0.4884559884559882,"2","71"
"=HYPERLINK(""https://stackoverflow.com/q/52671940"", ""52671940"")",0.4312386156648456,"0","98"
"=HYPERLINK(""https://stackoverflow.com/q/52789190"", ""52789190"")",0.5607436230004322,"0","451"
"=HYPERLINK(""https://stackoverflow.com/q/52835480"", ""52835480"")",0.6553208137715189,"0","44"
"=HYPERLINK(""https://stackoverflow.com/q/52991543"", ""52991543"")",0.4206758304696449,"1","165"
"=HYPERLINK(""https://stackoverflow.com/q/53014808"", ""53014808"")",0.5336409073433291,"0","215"
"=HYPERLINK(""https://stackoverflow.com/q/53041979"", ""53041979"")",0.9225479551212448,"1","1289"
"=HYPERLINK(""https://stackoverflow.com/q/53102662"", ""53102662"")",0.3214588634435966,"1","618"
"=HYPERLINK(""https://stackoverflow.com/q/53109130"", ""53109130"")",0.4576307825335061,"0","100"
"=HYPERLINK(""https://stackoverflow.com/q/53303435"", ""53303435"")",0.3099025773831546,"0","1032"
"=HYPERLINK(""https://stackoverflow.com/q/53368194"", ""53368194"")",0.4414993306559568,"2","45"
"=HYPERLINK(""https://stackoverflow.com/q/53590585"", ""53590585"")",0.6016688625384271,"0","21"
"=HYPERLINK(""https://stackoverflow.com/q/53665992"", ""53665992"")",0.2693136349646046,"1","133"
"=HYPERLINK(""https://stackoverflow.com/q/53909512"", ""53909512"")",0.4269077955884366,"0","172"
"=HYPERLINK(""https://stackoverflow.com/q/54079576"", ""54079576"")",0.2960229602296024,"4","2052"
"=HYPERLINK(""https://stackoverflow.com/q/54112578"", ""54112578"")",0.5272482187560182,"0","98"
"=HYPERLINK(""https://stackoverflow.com/q/54276151"", ""54276151"")",0.4782775855440209,"0","460"
"=HYPERLINK(""https://stackoverflow.com/q/54418263"", ""54418263"")",0.6000848176420701,"0","44"
"=HYPERLINK(""https://stackoverflow.com/q/54438675"", ""54438675"")",0.4052009456264776,"2","83"
"=HYPERLINK(""https://stackoverflow.com/q/54676453"", ""54676453"")",0.3886518097044417,"0","58"
"=HYPERLINK(""https://stackoverflow.com/q/54703379"", ""54703379"")",0.6255371393492941,"0","132"
"=HYPERLINK(""https://stackoverflow.com/q/55078883"", ""55078883"")",0.4979954180985107,"1","387"
"=HYPERLINK(""https://stackoverflow.com/q/55514820"", ""55514820"")",0.4572452636968759,"0","401"
"=HYPERLINK(""https://stackoverflow.com/q/55726611"", ""55726611"")",0.5411411411411406,"0","3602"
"=HYPERLINK(""https://stackoverflow.com/q/55835640"", ""55835640"")",0.4815972222222228,"1","1310"
"=HYPERLINK(""https://stackoverflow.com/q/56114990"", ""56114990"")",0.4289529914529916,"0","217"
"=HYPERLINK(""https://stackoverflow.com/q/56181537"", ""56181537"")",0.6505205013809228,"0","152"
"=HYPERLINK(""https://stackoverflow.com/q/56273639"", ""56273639"")",0.3091787439613522,"0","38"
"=HYPERLINK(""https://stackoverflow.com/q/56558243"", ""56558243"")",0.3943533697632063,"0","1429"
"=HYPERLINK(""https://stackoverflow.com/q/56633307"", ""56633307"")",0.3577458361852609,"3","1123"
"=HYPERLINK(""https://stackoverflow.com/q/56638053"", ""56638053"")",0.4994499449944991,"0","518"
"=HYPERLINK(""https://stackoverflow.com/q/56679178"", ""56679178"")",0.6920208799403433,"0","348"
"=HYPERLINK(""https://stackoverflow.com/q/56741525"", ""56741525"")",0.6097654748173773,"2","630"
"=HYPERLINK(""https://stackoverflow.com/q/57073362"", ""57073362"")",0.4052119129438716,"1","144"
"=HYPERLINK(""https://stackoverflow.com/q/57088208"", ""57088208"")",0.4154040404040402,"3","51"
"=HYPERLINK(""https://stackoverflow.com/q/57506954"", ""57506954"")",0.4883860153256702,"0","781"
"=HYPERLINK(""https://stackoverflow.com/q/57604239"", ""57604239"")",0.617479139218269,"0","44"
"=HYPERLINK(""https://stackoverflow.com/q/57752197"", ""57752197"")",0.3392653433721191,"0","433"
"=HYPERLINK(""https://stackoverflow.com/q/57869621"", ""57869621"")",0.3363701321900679,"0","102"
"=HYPERLINK(""https://stackoverflow.com/q/58214574"", ""58214574"")",0.3002509696554868,"0","487"
"=HYPERLINK(""https://stackoverflow.com/q/58346580"", ""58346580"")",0.4805003679175866,"1","147"
"=HYPERLINK(""https://stackoverflow.com/q/58447117"", ""58447117"")",0.3407992973210363,"1","139"
"=HYPERLINK(""https://stackoverflow.com/q/58738924"", ""58738924"")",0.5275913497390009,"9","1303"
"=HYPERLINK(""https://stackoverflow.com/q/58861032"", ""58861032"")",0.4004040404040402,"0","58"
"=HYPERLINK(""https://stackoverflow.com/q/58881255"", ""58881255"")",0.3927291346646182,"0","89"
"=HYPERLINK(""https://stackoverflow.com/q/59196925"", ""59196925"")",0.2338052338052338,"2","120"
"=HYPERLINK(""https://stackoverflow.com/q/59517868"", ""59517868"")",0.4742997845490921,"0","109"
"=HYPERLINK(""https://stackoverflow.com/q/59559795"", ""59559795"")",0.463832960477256,"0","153"
"=HYPERLINK(""https://stackoverflow.com/q/59947141"", ""59947141"")",0.2670771034887133,"0","172"
"=HYPERLINK(""https://stackoverflow.com/q/60105332"", ""60105332"")",0.3298171589310829,"0","336"
"=HYPERLINK(""https://stackoverflow.com/q/60117186"", ""60117186"")",0.3098510882016037,"0","37"
"=HYPERLINK(""https://stackoverflow.com/q/60338974"", ""60338974"")",0.508654383026242,"0","53"
"=HYPERLINK(""https://stackoverflow.com/q/60510016"", ""60510016"")",0.4439706230751011,"0","779"
"=HYPERLINK(""https://stackoverflow.com/q/60524707"", ""60524707"")",0.5494111623143874,"0","21"
"=HYPERLINK(""https://stackoverflow.com/q/60559277"", ""60559277"")",0.4785036292573977,"2","40"
"=HYPERLINK(""https://stackoverflow.com/q/61519697"", ""61519697"")",0.4941116231438806,"1","352"
"=HYPERLINK(""https://stackoverflow.com/q/61547421"", ""61547421"")",0.244895253248475,"1","41"
"=HYPERLINK(""https://stackoverflow.com/q/61611811"", ""61611811"")",0.6260683760683762,"1","114"
"=HYPERLINK(""https://stackoverflow.com/q/61668920"", ""61668920"")",0.320381731424676,"0","55"
"=HYPERLINK(""https://stackoverflow.com/q/61847483"", ""61847483"")",0.3232074438970989,"0","63"
"=HYPERLINK(""https://stackoverflow.com/q/61918064"", ""61918064"")",0.5894582470669429,"1","158"
"=HYPERLINK(""https://stackoverflow.com/q/61919391"", ""61919391"")",0.4618535586277517,"1","64"
"=HYPERLINK(""https://stackoverflow.com/q/61927654"", ""61927654"")",0.4295392953929536,"1","103"
"=HYPERLINK(""https://stackoverflow.com/q/61932031"", ""61932031"")",0.4748173779315644,"0","425"
"=HYPERLINK(""https://stackoverflow.com/q/62108145"", ""62108145"")",0.9470544369873236,"0","358"
"=HYPERLINK(""https://stackoverflow.com/q/62170090"", ""62170090"")",0.3307127882599581,"0","27"
"=HYPERLINK(""https://stackoverflow.com/q/62210321"", ""62210321"")",0.4734785036292571,"0","52"
"=HYPERLINK(""https://stackoverflow.com/q/62343745"", ""62343745"")",0.2775581906016686,"1","194"
"=HYPERLINK(""https://stackoverflow.com/q/62422424"", ""62422424"")",0.7649357900614177,"0","1185"
"=HYPERLINK(""https://stackoverflow.com/q/62625248"", ""62625248"")",0.3675509419454054,"0","21"
"=HYPERLINK(""https://stackoverflow.com/q/62631784"", ""62631784"")",0.3498817966903074,"0","588"
"=HYPERLINK(""https://stackoverflow.com/q/62681505"", ""62681505"")",0.3742125720412811,"0","118"
"=HYPERLINK(""https://stackoverflow.com/q/62686696"", ""62686696"")",0.5211152111521117,"0","206"
"=HYPERLINK(""https://stackoverflow.com/q/62702198"", ""62702198"")",0.3897479954180984,"0","97"
"=HYPERLINK(""https://stackoverflow.com/q/62706853"", ""62706853"")",0.5407817790089259,"0","233"
"=HYPERLINK(""https://stackoverflow.com/q/62760267"", ""62760267"")",0.6933760683760685,"0","34"
"=HYPERLINK(""https://stackoverflow.com/q/63063730"", ""63063730"")",0.3462431099506818,"1","212"
"=HYPERLINK(""https://stackoverflow.com/q/63111234"", ""63111234"")",0.3875448028673836,"0","66"
"=HYPERLINK(""https://stackoverflow.com/q/63285708"", ""63285708"")",0.4095573145705073,"0","31"
"=HYPERLINK(""https://stackoverflow.com/q/63301896"", ""63301896"")",0.5846383296047727,"2","33"
"=HYPERLINK(""https://stackoverflow.com/q/63485167"", ""63485167"")",0.4043693874815706,"1","142"
"=HYPERLINK(""https://stackoverflow.com/q/63489889"", ""63489889"")",0.4516036655211912,"1","1124"
"=HYPERLINK(""https://stackoverflow.com/q/63568508"", ""63568508"")",0.657805044308111,"0","80"
"=HYPERLINK(""https://stackoverflow.com/q/63629739"", ""63629739"")",0.3146246862879303,"0","14"
"=HYPERLINK(""https://stackoverflow.com/q/63747506"", ""63747506"")",0.2664700098328418,"0","49"
"=HYPERLINK(""https://stackoverflow.com/q/63821791"", ""63821791"")",0.5481715893108293,"0","183"
"=HYPERLINK(""https://stackoverflow.com/q/63868278"", ""63868278"")",0.3302913864873519,"0","149"
"=HYPERLINK(""https://stackoverflow.com/q/63902920"", ""63902920"")",0.5617056170561706,"2","35"
"=HYPERLINK(""https://stackoverflow.com/q/63939539"", ""63939539"")",0.5395299145299148,"0","24"
"=HYPERLINK(""https://stackoverflow.com/q/64089071"", ""64089071"")",0.8629407850964732,"0","24"
"=HYPERLINK(""https://stackoverflow.com/q/64093293"", ""64093293"")",0.6227904040404039,"0","24"
"=HYPERLINK(""https://stackoverflow.com/q/64109898"", ""64109898"")",0.4491548905513988,"0","99"
"=HYPERLINK(""https://stackoverflow.com/q/64250749"", ""64250749"")",0.4581597222222226,"0","41"
"=HYPERLINK(""https://stackoverflow.com/q/64281579"", ""64281579"")",0.3294949494949494,"0","47"
"=HYPERLINK(""https://stackoverflow.com/q/64326310"", ""64326310"")",0.4192665571975912,"0","34"
"=HYPERLINK(""https://stackoverflow.com/q/64367579"", ""64367579"")",0.5153818313427432,"1","373"
"=HYPERLINK(""https://stackoverflow.com/q/64541125"", ""64541125"")",0.6619927767155309,"0","16"
"=HYPERLINK(""https://stackoverflow.com/q/64736701"", ""64736701"")",0.3970990695128623,"0","83"
"=HYPERLINK(""https://stackoverflow.com/q/64864845"", ""64864845"")",0.345656927052276,"0","30"
"=HYPERLINK(""https://stackoverflow.com/q/64901717"", ""64901717"")",0.3917723952326026,"0","24"
"=HYPERLINK(""https://stackoverflow.com/q/64943157"", ""64943157"")",0.5622222222222217,"0","37"
"=HYPERLINK(""https://stackoverflow.com/q/65069614"", ""65069614"")",0.4284077892325314,"0","9"
"=HYPERLINK(""https://stackoverflow.com/q/65086002"", ""65086002"")",0.4185412406271297,"0","25"
"=HYPERLINK(""https://stackoverflow.com/q/65113565"", ""65113565"")",0.3065894678797908,"1","72"
"=HYPERLINK(""https://stackoverflow.com/q/65335956"", ""65335956"")",0.7099271402550099,"0","45"
"=HYPERLINK(""https://stackoverflow.com/q/65453599"", ""65453599"")",0.3842775581906013,"0","96"
"=HYPERLINK(""https://stackoverflow.com/q/65454654"", ""65454654"")",0.6954895489548952,"0","19"
"=HYPERLINK(""https://stackoverflow.com/q/65489566"", ""65489566"")",0.3236047107014844,"1","30"
"=HYPERLINK(""https://stackoverflow.com/q/65526936"", ""65526936"")",0.2710027100271,"1","100"
"=HYPERLINK(""https://stackoverflow.com/q/65626477"", ""65626477"")",0.9442532032893468,"2","48"
"=HYPERLINK(""https://stackoverflow.com/q/65660154"", ""65660154"")",0.4942625244892241,"0","44"
"=HYPERLINK(""https://stackoverflow.com/q/65668385"", ""65668385"")",0.3550635506355064,"0","51"
"=HYPERLINK(""https://stackoverflow.com/q/65669052"", ""65669052"")",0.3161448741559239,"0","21"
"=HYPERLINK(""https://stackoverflow.com/q/65676347"", ""65676347"")",0.4441642146560184,"0","32"
"=HYPERLINK(""https://stackoverflow.com/q/65788425"", ""65788425"")",0.3472222222222223,"0","10"
"=HYPERLINK(""https://stackoverflow.com/q/65837820"", ""65837820"")",0.3820582877959931,"0","325"
"=HYPERLINK(""https://stackoverflow.com/q/65850806"", ""65850806"")",0.670498084291188,"0","27"
"=HYPERLINK(""https://stackoverflow.com/q/65922369"", ""65922369"")",0.4959064327485386,"0","14"
"=HYPERLINK(""https://stackoverflow.com/q/65997690"", ""65997690"")",0.3146591970121381,"0","43"
"=HYPERLINK(""https://stackoverflow.com/q/66025568"", ""66025568"")",0.3451730418943536,"0","24"
"=HYPERLINK(""https://stackoverflow.com/q/66087856"", ""66087856"")",0.7127285513361457,"2","48"
"=HYPERLINK(""https://stackoverflow.com/q/66117590"", ""66117590"")",0.605339105339105,"0","17"
"=HYPERLINK(""https://stackoverflow.com/q/66179859"", ""66179859"")",0.2565230137789506,"0","26"
"=HYPERLINK(""https://stackoverflow.com/q/66329774"", ""66329774"")",0.4307328605200946,"1","43"
"=HYPERLINK(""https://stackoverflow.com/q/66454414"", ""66454414"")",0.4876861397479954,"4","54"
"=HYPERLINK(""https://stackoverflow.com/q/66553634"", ""66553634"")",0.2745478036175707,"0","11"
"=HYPERLINK(""https://stackoverflow.com/q/66681100"", ""66681100"")",0.7734033245844281,"1","57"
"=HYPERLINK(""https://stackoverflow.com/q/66744013"", ""66744013"")",0.6476254480286744,"0","42"
"=HYPERLINK(""https://stackoverflow.com/q/66771931"", ""66771931"")",0.3526186979931476,"1","34"
"=HYPERLINK(""https://stackoverflow.com/q/67128046"", ""67128046"")",0.3011467668883105,"0","29"
"=HYPERLINK(""https://stackoverflow.com/q/67207555"", ""67207555"")",0.2143170838823012,"0","20"
"=HYPERLINK(""https://stackoverflow.com/q/67252218"", ""67252218"")",0.3216486084554921,"0","9"
"=HYPERLINK(""https://stackoverflow.com/q/67305483"", ""67305483"")",0.3568376068376069,"0","18"
"=HYPERLINK(""https://stackoverflow.com/q/67493849"", ""67493849"")",0.3266526019690575,"0","21"
"=HYPERLINK(""https://stackoverflow.com/q/67564430"", ""67564430"")",0.4974515800203875,"0","7"
"=HYPERLINK(""https://stackoverflow.com/q/67591901"", ""67591901"")",0.5487847222222227,"0","34"
"=HYPERLINK(""https://stackoverflow.com/q/67674919"", ""67674919"")",0.4830917874396128,"0","13"
