link,Correlation
"=HYPERLINK(""https://stackoverflow.com/a/1873478"", ""1873478"")",0.28429118773946366
"=HYPERLINK(""https://stackoverflow.com/a/3100051"", ""3100051"")",0.4363713618015725
"=HYPERLINK(""https://stackoverflow.com/a/3300537"", ""3300537"")",0.34435962680237514
"=HYPERLINK(""https://stackoverflow.com/a/4521520"", ""4521520"")",0.4089310829817158
"=HYPERLINK(""https://stackoverflow.com/a/4683671"", ""4683671"")",0.1865079365079364
"=HYPERLINK(""https://stackoverflow.com/a/6905671"", ""6905671"")",0.3879680785758135
"=HYPERLINK(""https://stackoverflow.com/a/7715204"", ""7715204"")",0.3729071537290714
"=HYPERLINK(""https://stackoverflow.com/a/9269702"", ""9269702"")",0.25341806277681506
"=HYPERLINK(""https://stackoverflow.com/a/9607127"", ""9607127"")",0.5432449494949492
"=HYPERLINK(""https://stackoverflow.com/a/9947568"", ""9947568"")",0.348176420695505
"=HYPERLINK(""https://stackoverflow.com/a/10427497"", ""10427497"")",0.560153256704981
"=HYPERLINK(""https://stackoverflow.com/a/10430282"", ""10430282"")",0.243961352657005
"=HYPERLINK(""https://stackoverflow.com/a/10441175"", ""10441175"")",0.41440463264567495
"=HYPERLINK(""https://stackoverflow.com/a/10657082"", ""10657082"")",0.35019504215427194
"=HYPERLINK(""https://stackoverflow.com/a/11987162"", ""11987162"")",0.5371393492940455
"=HYPERLINK(""https://stackoverflow.com/a/12078793"", ""12078793"")",0.18650793650793646
"=HYPERLINK(""https://stackoverflow.com/a/12388537"", ""12388537"")",0.5758807588075877
"=HYPERLINK(""https://stackoverflow.com/a/13608248"", ""13608248"")",0.1915473755964552
"=HYPERLINK(""https://stackoverflow.com/a/16453847"", ""16453847"")",0.3604710701484892
"=HYPERLINK(""https://stackoverflow.com/a/21636228"", ""21636228"")",0.7467549325025963
"=HYPERLINK(""https://stackoverflow.com/a/22186704"", ""22186704"")",0.3222222222222219
"=HYPERLINK(""https://stackoverflow.com/a/22253381"", ""22253381"")",0.4970313825275662
"=HYPERLINK(""https://stackoverflow.com/a/22352416"", ""22352416"")",0.1169590643274853
"=HYPERLINK(""https://stackoverflow.com/a/23352304"", ""23352304"")",0.4361397479954179
"=HYPERLINK(""https://stackoverflow.com/a/23397482"", ""23397482"")",0.3613731656184486
"=HYPERLINK(""https://stackoverflow.com/a/25586648"", ""25586648"")",0.4424057084607545
"=HYPERLINK(""https://stackoverflow.com/a/25840194"", ""25840194"")",0.4426946631671046
"=HYPERLINK(""https://stackoverflow.com/a/27515104"", ""27515104"")",0.37083683179401034
"=HYPERLINK(""https://stackoverflow.com/a/27747519"", ""27747519"")",0.3840404040404039
"=HYPERLINK(""https://stackoverflow.com/a/27748060"", ""27748060"")",0.5217505241090148
"=HYPERLINK(""https://stackoverflow.com/a/30925152"", ""30925152"")",0.3629257398101618
"=HYPERLINK(""https://stackoverflow.com/a/33012454"", ""33012454"")",0.5098328416912492
"=HYPERLINK(""https://stackoverflow.com/a/33550441"", ""33550441"")",0.21222222222222212
"=HYPERLINK(""https://stackoverflow.com/a/35124622"", ""35124622"")",0.6917874396135257
"=HYPERLINK(""https://stackoverflow.com/a/35853257"", ""35853257"")",0.6379955759741365
"=HYPERLINK(""https://stackoverflow.com/a/36111415"", ""36111415"")",0.22222222222222215
"=HYPERLINK(""https://stackoverflow.com/a/36477625"", ""36477625"")",0.32273768613974796
"=HYPERLINK(""https://stackoverflow.com/a/37214284"", ""37214284"")",0.328945808134709
"=HYPERLINK(""https://stackoverflow.com/a/39709426"", ""39709426"")",0.2624906785980613
"=HYPERLINK(""https://stackoverflow.com/a/42666995"", ""42666995"")",0.8391053391053387
"=HYPERLINK(""https://stackoverflow.com/a/43856466"", ""43856466"")",0.3791989664082684
"=HYPERLINK(""https://stackoverflow.com/a/44764791"", ""44764791"")",0.6617826617826618
"=HYPERLINK(""https://stackoverflow.com/a/44805838"", ""44805838"")",0.4905149051490512
"=HYPERLINK(""https://stackoverflow.com/a/44983719"", ""44983719"")",0.6767676767676765
"=HYPERLINK(""https://stackoverflow.com/a/45015139"", ""45015139"")",0.7247347850362922
"=HYPERLINK(""https://stackoverflow.com/a/45045254"", ""45045254"")",0.23520923520923503
"=HYPERLINK(""https://stackoverflow.com/a/45199103"", ""45199103"")",0.5717797443461164
"=HYPERLINK(""https://stackoverflow.com/a/45220059"", ""45220059"")",0.4008296894270659
"=HYPERLINK(""https://stackoverflow.com/a/45509896"", ""45509896"")",0.8139381985535835
"=HYPERLINK(""https://stackoverflow.com/a/45626256"", ""45626256"")",0.26570048309178756
"=HYPERLINK(""https://stackoverflow.com/a/45849807"", ""45849807"")",0.3946360153256705
"=HYPERLINK(""https://stackoverflow.com/a/46352224"", ""46352224"")",0.3196248196248195
"=HYPERLINK(""https://stackoverflow.com/a/46857665"", ""46857665"")",0.3690112130479104
"=HYPERLINK(""https://stackoverflow.com/a/48446406"", ""48446406"")",0.38805136795086514
"=HYPERLINK(""https://stackoverflow.com/a/49056597"", ""49056597"")",0.513459335624284
"=HYPERLINK(""https://stackoverflow.com/a/49989135"", ""49989135"")",0.518925518925519
"=HYPERLINK(""https://stackoverflow.com/a/50547870"", ""50547870"")",0.3815142576204526
"=HYPERLINK(""https://stackoverflow.com/a/50878342"", ""50878342"")",0.31695906432748566
"=HYPERLINK(""https://stackoverflow.com/a/51352778"", ""51352778"")",0.40972222222222204
"=HYPERLINK(""https://stackoverflow.com/a/52101304"", ""52101304"")",0.32909245122985614
"=HYPERLINK(""https://stackoverflow.com/a/54793009"", ""54793009"")",0.49703138252756607
"=HYPERLINK(""https://stackoverflow.com/a/55459261"", ""55459261"")",0.6087252897068844
"=HYPERLINK(""https://stackoverflow.com/a/55928230"", ""55928230"")",0.44315245478036147
"=HYPERLINK(""https://stackoverflow.com/a/56760943"", ""56760943"")",0.2736928104575163
"=HYPERLINK(""https://stackoverflow.com/a/58227649"", ""58227649"")",0.2855674179517599
"=HYPERLINK(""https://stackoverflow.com/a/58444767"", ""58444767"")",0.2797443461160276
"=HYPERLINK(""https://stackoverflow.com/a/58718456"", ""58718456"")",0.6694584031267444
"=HYPERLINK(""https://stackoverflow.com/a/59049664"", ""59049664"")",0.36507936507936517
"=HYPERLINK(""https://stackoverflow.com/a/62277462"", ""62277462"")",0.3822222222222219
"=HYPERLINK(""https://stackoverflow.com/a/62398363"", ""62398363"")",0.7572775727757278
"=HYPERLINK(""https://stackoverflow.com/a/62522138"", ""62522138"")",0.5325670498084287
"=HYPERLINK(""https://stackoverflow.com/a/64756794"", ""64756794"")",0.8251633986928104
"=HYPERLINK(""https://stackoverflow.com/a/64837844"", ""64837844"")",0.4477541371158394
"=HYPERLINK(""https://stackoverflow.com/a/65634608"", ""65634608"")",0.7293650793650794
"=HYPERLINK(""https://stackoverflow.com/a/66752783"", ""66752783"")",0.5598845598845597
"=HYPERLINK(""https://stackoverflow.com/a/67018485"", ""67018485"")",0.15372907153729073
