"link","Correlation","score","view_count"
"=HYPERLINK(""https://stackoverflow.com/q/1703444"", ""1703444"")",0.3743961352656998,"3","6262"
"=HYPERLINK(""https://stackoverflow.com/q/1953615"", ""1953615"")",0.8787107718405439,"5","12094"
"=HYPERLINK(""https://stackoverflow.com/q/3532131"", ""3532131"")",0.3075100687040985,"4","648"
"=HYPERLINK(""https://stackoverflow.com/q/4098115"", ""4098115"")",0.3558627752176134,"0","472"
"=HYPERLINK(""https://stackoverflow.com/q/4473207"", ""4473207"")",0.5374396135265693,"2","6596"
"=HYPERLINK(""https://stackoverflow.com/q/4598926"", ""4598926"")",0.4025500910746816,"1","1108"
"=HYPERLINK(""https://stackoverflow.com/q/5323676"", ""5323676"")",0.4435962680237494,"0","1286"
"=HYPERLINK(""https://stackoverflow.com/q/6902928"", ""6902928"")",0.5358753587535876,"3","645"
"=HYPERLINK(""https://stackoverflow.com/q/7582159"", ""7582159"")",0.3508253264350822,"0","793"
"=HYPERLINK(""https://stackoverflow.com/q/7639384"", ""7639384"")",0.574000878348704,"2","11365"
"=HYPERLINK(""https://stackoverflow.com/q/7687239"", ""7687239"")",0.5208799403430278,"0","149"
"=HYPERLINK(""https://stackoverflow.com/q/8177429"", ""8177429"")",0.4141198768064442,"2","4217"
"=HYPERLINK(""https://stackoverflow.com/q/8726524"", ""8726524"")",0.5490588039313681,"1","1111"
"=HYPERLINK(""https://stackoverflow.com/q/9289439"", ""9289439"")",0.7481962481962477,"2","2338"
"=HYPERLINK(""https://stackoverflow.com/q/9530964"", ""9530964"")",0.5054080629301873,"1","615"
"=HYPERLINK(""https://stackoverflow.com/q/9688985"", ""9688985"")",0.5301806997308725,"0","875"
"=HYPERLINK(""https://stackoverflow.com/q/10079095"", ""10079095"")",0.5249940772328837,"4","3481"
"=HYPERLINK(""https://stackoverflow.com/q/10195652"", ""10195652"")",0.2864245568525723,"0","1817"
"=HYPERLINK(""https://stackoverflow.com/q/10432558"", ""10432558"")",0.3044401954535801,"0","1427"
"=HYPERLINK(""https://stackoverflow.com/q/10643675"", ""10643675"")",0.5475758674888164,"4","5344"
"=HYPERLINK(""https://stackoverflow.com/q/10668214"", ""10668214"")",0.4055910921582565,"1","2117"
"=HYPERLINK(""https://stackoverflow.com/q/10690115"", ""10690115"")",0.4491026167968214,"0","1215"
"=HYPERLINK(""https://stackoverflow.com/q/10779714"", ""10779714"")",0.4678969627066509,"1","3691"
"=HYPERLINK(""https://stackoverflow.com/q/11104580"", ""11104580"")",0.4742383512544804,"0","104"
"=HYPERLINK(""https://stackoverflow.com/q/11105818"", ""11105818"")",0.3850129198966405,"0","1098"
"=HYPERLINK(""https://stackoverflow.com/q/11178825"", ""11178825"")",0.4558287795992717,"0","935"
"=HYPERLINK(""https://stackoverflow.com/q/11306027"", ""11306027"")",0.915839243498818,"0","382"
"=HYPERLINK(""https://stackoverflow.com/q/12058582"", ""12058582"")",0.2055863627028138,"0","106"
"=HYPERLINK(""https://stackoverflow.com/q/12184078"", ""12184078"")",0.3350935093509349,"0","1680"
"=HYPERLINK(""https://stackoverflow.com/q/13396318"", ""13396318"")",0.5488553880513676,"1","101"
"=HYPERLINK(""https://stackoverflow.com/q/14103249"", ""14103249"")",0.3289984029203739,"1","567"
"=HYPERLINK(""https://stackoverflow.com/q/14144115"", ""14144115"")",0.2940908053844396,"0","677"
"=HYPERLINK(""https://stackoverflow.com/q/14513328"", ""14513328"")",0.5770609318996409,"0","198"
"=HYPERLINK(""https://stackoverflow.com/q/15345063"", ""15345063"")",0.536029753602975,"1","2594"
"=HYPERLINK(""https://stackoverflow.com/q/15550536"", ""15550536"")",0.3413711583924351,"0","1187"
"=HYPERLINK(""https://stackoverflow.com/q/15696117"", ""15696117"")",0.3187314624686287,"0","8824"
"=HYPERLINK(""https://stackoverflow.com/q/16010139"", ""16010139"")",0.6170561705617057,"0","549"
"=HYPERLINK(""https://stackoverflow.com/q/16096695"", ""16096695"")",0.3727172717271725,"1","283"
"=HYPERLINK(""https://stackoverflow.com/q/16452453"", ""16452453"")",0.3498817966903074,"0","105"
"=HYPERLINK(""https://stackoverflow.com/q/16738341"", ""16738341"")",0.3331133113311329,"0","125"
"=HYPERLINK(""https://stackoverflow.com/q/16754531"", ""16754531"")",0.4482971182000311,"2","924"
"=HYPERLINK(""https://stackoverflow.com/q/17202758"", ""17202758"")",0.5843843843843839,"1","175"
"=HYPERLINK(""https://stackoverflow.com/q/17452275"", ""17452275"")",0.4277558190601667,"0","322"
"=HYPERLINK(""https://stackoverflow.com/q/17579799"", ""17579799"")",0.3614267676767675,"2","925"
"=HYPERLINK(""https://stackoverflow.com/q/17645947"", ""17645947"")",0.59958071278826,"2","3110"
"=HYPERLINK(""https://stackoverflow.com/q/17882643"", ""17882643"")",0.5868631062001229,"0","164"
"=HYPERLINK(""https://stackoverflow.com/q/17942285"", ""17942285"")",0.480286738351254,"0","1172"
"=HYPERLINK(""https://stackoverflow.com/q/18010524"", ""18010524"")",0.5670498084291185,"0","310"
"=HYPERLINK(""https://stackoverflow.com/q/18078942"", ""18078942"")",0.3199420919290626,"0","1081"
"=HYPERLINK(""https://stackoverflow.com/q/18134754"", ""18134754"")",0.5196905766526015,"0","116"
"=HYPERLINK(""https://stackoverflow.com/q/18308844"", ""18308844"")",0.5900793650793651,"1","448"
"=HYPERLINK(""https://stackoverflow.com/q/18624062"", ""18624062"")",0.2937785728483403,"0","644"
"=HYPERLINK(""https://stackoverflow.com/q/18930312"", ""18930312"")",0.4563084645220165,"0","396"
"=HYPERLINK(""https://stackoverflow.com/q/19223588"", ""19223588"")",0.2084697664265442,"0","867"
"=HYPERLINK(""https://stackoverflow.com/q/19409341"", ""19409341"")",0.5575515635395873,"0","302"
"=HYPERLINK(""https://stackoverflow.com/q/19834815"", ""19834815"")",0.3184701830705094,"0","1717"
"=HYPERLINK(""https://stackoverflow.com/q/20202886"", ""20202886"")",0.6735496558505412,"0","225"
"=HYPERLINK(""https://stackoverflow.com/q/20548277"", ""20548277"")",0.283697632058288,"0","495"
"=HYPERLINK(""https://stackoverflow.com/q/20640489"", ""20640489"")",0.7379338673238865,"0","336"
"=HYPERLINK(""https://stackoverflow.com/q/21005574"", ""21005574"")",0.670584942625244,"0","1438"
"=HYPERLINK(""https://stackoverflow.com/q/21128029"", ""21128029"")",0.530605455755156,"0","747"
"=HYPERLINK(""https://stackoverflow.com/q/21190303"", ""21190303"")",0.4658931082981712,"0","781"
"=HYPERLINK(""https://stackoverflow.com/q/21257004"", ""21257004"")",0.3219006788138622,"0","154"
"=HYPERLINK(""https://stackoverflow.com/q/21436336"", ""21436336"")",0.4514413657990479,"1","69"
"=HYPERLINK(""https://stackoverflow.com/q/21527599"", ""21527599"")",0.512544802867383,"2","166"
"=HYPERLINK(""https://stackoverflow.com/q/21630161"", ""21630161"")",0.8185282908238058,"0","1475"
"=HYPERLINK(""https://stackoverflow.com/q/21637935"", ""21637935"")",0.7263205828779606,"0","127"
"=HYPERLINK(""https://stackoverflow.com/q/21839498"", ""21839498"")",0.4301868239921341,"0","890"
"=HYPERLINK(""https://stackoverflow.com/q/21903820"", ""21903820"")",0.551136886679554,"0","382"
"=HYPERLINK(""https://stackoverflow.com/q/22243839"", ""22243839"")",0.7431803060545573,"0","306"
"=HYPERLINK(""https://stackoverflow.com/q/22700029"", ""22700029"")",0.8563685636856362,"0","1009"
"=HYPERLINK(""https://stackoverflow.com/q/23113909"", ""23113909"")",0.2407065105771207,"0","1653"
"=HYPERLINK(""https://stackoverflow.com/q/23183510"", ""23183510"")",0.6026570048309171,"0","523"
"=HYPERLINK(""https://stackoverflow.com/q/23216620"", ""23216620"")",0.4090734332948864,"0","131"
"=HYPERLINK(""https://stackoverflow.com/q/23229700"", ""23229700"")",0.3899437412095637,"0","188"
"=HYPERLINK(""https://stackoverflow.com/q/23265831"", ""23265831"")",0.3182487122884473,"1","563"
"=HYPERLINK(""https://stackoverflow.com/q/23346568"", ""23346568"")",0.7468123861566489,"0","2220"
"=HYPERLINK(""https://stackoverflow.com/q/23358280"", ""23358280"")",0.7904879048790487,"0","820"
"=HYPERLINK(""https://stackoverflow.com/q/23897711"", ""23897711"")",0.747567844342037,"1","367"
"=HYPERLINK(""https://stackoverflow.com/q/23929713"", ""23929713"")",0.4431524547803614,"1","1196"
"=HYPERLINK(""https://stackoverflow.com/q/24059700"", ""24059700"")",0.2879306411133924,"0","526"
"=HYPERLINK(""https://stackoverflow.com/q/24085955"", ""24085955"")",0.6179669030732861,"0","71"
"=HYPERLINK(""https://stackoverflow.com/q/24166796"", ""24166796"")",0.3796840318579451,"2","97"
"=HYPERLINK(""https://stackoverflow.com/q/24247841"", ""24247841"")",0.2921017402945111,"0","217"
"=HYPERLINK(""https://stackoverflow.com/q/24743141"", ""24743141"")",0.7491280518186346,"0","767"
"=HYPERLINK(""https://stackoverflow.com/q/24912088"", ""24912088"")",0.619281045751634,"0","365"
"=HYPERLINK(""https://stackoverflow.com/q/25002920"", ""25002920"")",0.4696449026345932,"2","2108"
"=HYPERLINK(""https://stackoverflow.com/q/25025304"", ""25025304"")",0.2744245060721407,"0","980"
"=HYPERLINK(""https://stackoverflow.com/q/25138253"", ""25138253"")",0.4438438438438435,"0","396"
"=HYPERLINK(""https://stackoverflow.com/q/25161532"", ""25161532"")",0.1816085038106697,"0","256"
"=HYPERLINK(""https://stackoverflow.com/q/25174001"", ""25174001"")",0.514712340799297,"2","356"
"=HYPERLINK(""https://stackoverflow.com/q/25344394"", ""25344394"")",0.5779534475186644,"0","34"
"=HYPERLINK(""https://stackoverflow.com/q/25363460"", ""25363460"")",0.4694132334581778,"1","825"
"=HYPERLINK(""https://stackoverflow.com/q/25365398"", ""25365398"")",0.5949159491594918,"0","138"
"=HYPERLINK(""https://stackoverflow.com/q/25414897"", ""25414897"")",0.5893108298171583,"2","629"
"=HYPERLINK(""https://stackoverflow.com/q/25483502"", ""25483502"")",0.336316181953766,"0","60"
"=HYPERLINK(""https://stackoverflow.com/q/26043809"", ""26043809"")",0.4168035030103996,"0","1325"
"=HYPERLINK(""https://stackoverflow.com/q/26045503"", ""26045503"")",0.5472222222222222,"0","216"
"=HYPERLINK(""https://stackoverflow.com/q/26165140"", ""26165140"")",0.4799541809851086,"1","339"
"=HYPERLINK(""https://stackoverflow.com/q/26426725"", ""26426725"")",0.2972222222222224,"0","807"
"=HYPERLINK(""https://stackoverflow.com/q/27138026"", ""27138026"")",0.6382468755350112,"0","217"
"=HYPERLINK(""https://stackoverflow.com/q/27208188"", ""27208188"")",0.3352286188107087,"1","903"
"=HYPERLINK(""https://stackoverflow.com/q/27368175"", ""27368175"")",0.2930186823992135,"1","809"
"=HYPERLINK(""https://stackoverflow.com/q/27512874"", ""27512874"")",0.9404542664211174,"1","69"
"=HYPERLINK(""https://stackoverflow.com/q/27532893"", ""27532893"")",0.5754137115839245,"0","326"
"=HYPERLINK(""https://stackoverflow.com/q/27697149"", ""27697149"")",0.475542905334177,"3","1969"
"=HYPERLINK(""https://stackoverflow.com/q/28246315"", ""28246315"")",0.4124877089478863,"0","295"
"=HYPERLINK(""https://stackoverflow.com/q/28590604"", ""28590604"")",0.2591787439613524,"0","294"
"=HYPERLINK(""https://stackoverflow.com/q/28725771"", ""28725771"")",0.2657004830917871,"1","2474"
"=HYPERLINK(""https://stackoverflow.com/q/28764064"", ""28764064"")",0.4966285546760483,"0","113"
"=HYPERLINK(""https://stackoverflow.com/q/28983017"", ""28983017"")",0.8582981715893101,"0","79"
"=HYPERLINK(""https://stackoverflow.com/q/29106015"", ""29106015"")",0.6618195376584641,"0","857"
"=HYPERLINK(""https://stackoverflow.com/q/29219908"", ""29219908"")",0.9206955046649712,"0","679"
"=HYPERLINK(""https://stackoverflow.com/q/29393943"", ""29393943"")",0.8185282908238056,"1","100"
"=HYPERLINK(""https://stackoverflow.com/q/29451819"", ""29451819"")",0.4807974201114045,"0","271"
"=HYPERLINK(""https://stackoverflow.com/q/29645191"", ""29645191"")",0.2785858585858585,"0","143"
"=HYPERLINK(""https://stackoverflow.com/q/29660271"", ""29660271"")",0.4750770346202648,"0","471"
"=HYPERLINK(""https://stackoverflow.com/q/30026417"", ""30026417"")",0.3729982754372995,"2","131"
"=HYPERLINK(""https://stackoverflow.com/q/30054567"", ""30054567"")",0.607214065615371,"0","656"
"=HYPERLINK(""https://stackoverflow.com/q/30361238"", ""30361238"")",0.5363906000456304,"1","1282"
"=HYPERLINK(""https://stackoverflow.com/q/30361318"", ""30361318"")",0.4266421117249848,"0","2501"
"=HYPERLINK(""https://stackoverflow.com/q/30604271"", ""30604271"")",0.6326456749909518,"0","769"
"=HYPERLINK(""https://stackoverflow.com/q/30791440"", ""30791440"")",0.4752222222222221,"0","1037"
"=HYPERLINK(""https://stackoverflow.com/q/30872063"", ""30872063"")",0.3520923520923518,"0","180"
"=HYPERLINK(""https://stackoverflow.com/q/31479299"", ""31479299"")",0.4162520729684912,"1","980"
"=HYPERLINK(""https://stackoverflow.com/q/31580531"", ""31580531"")",0.5542832909245128,"0","102"
"=HYPERLINK(""https://stackoverflow.com/q/31596429"", ""31596429"")",0.5388449135150986,"0","279"
"=HYPERLINK(""https://stackoverflow.com/q/31749452"", ""31749452"")",0.3964303670186022,"1","1975"
"=HYPERLINK(""https://stackoverflow.com/q/31945014"", ""31945014"")",0.2919896640826871,"0","60"
"=HYPERLINK(""https://stackoverflow.com/q/32221084"", ""32221084"")",0.589345509893455,"0","874"
"=HYPERLINK(""https://stackoverflow.com/q/32324724"", ""32324724"")",0.6938131313131309,"2","107"
"=HYPERLINK(""https://stackoverflow.com/q/32981925"", ""32981925"")",0.3430275913497392,"1","91"
"=HYPERLINK(""https://stackoverflow.com/q/33147665"", ""33147665"")",0.4602000274010137,"0","997"
"=HYPERLINK(""https://stackoverflow.com/q/33498843"", ""33498843"")",0.4274853801169594,"1","51"
"=HYPERLINK(""https://stackoverflow.com/q/34152220"", ""34152220"")",0.3719228210246173,"0","164"
"=HYPERLINK(""https://stackoverflow.com/q/34268143"", ""34268143"")",0.5825163398692811,"0","403"
"=HYPERLINK(""https://stackoverflow.com/q/34305838"", ""34305838"")",0.7931564782775848,"0","536"
"=HYPERLINK(""https://stackoverflow.com/q/34400638"", ""34400638"")",0.4792976939203355,"0","230"
"=HYPERLINK(""https://stackoverflow.com/q/34510911"", ""34510911"")",0.2413061916878711,"3","1509"
"=HYPERLINK(""https://stackoverflow.com/q/34624745"", ""34624745"")",0.3723928706863858,"0","83"
"=HYPERLINK(""https://stackoverflow.com/q/34732570"", ""34732570"")",0.4842801000357273,"0","217"
"=HYPERLINK(""https://stackoverflow.com/q/34804072"", ""34804072"")",0.8960683760683771,"0","541"
"=HYPERLINK(""https://stackoverflow.com/q/35116843"", ""35116843"")",0.5498672734167614,"0","952"
"=HYPERLINK(""https://stackoverflow.com/q/35146309"", ""35146309"")",0.5309293462327765,"1","232"
"=HYPERLINK(""https://stackoverflow.com/q/35226608"", ""35226608"")",0.4899567759979658,"0","333"
"=HYPERLINK(""https://stackoverflow.com/q/35446046"", ""35446046"")",0.3150365934797071,"2","317"
"=HYPERLINK(""https://stackoverflow.com/q/35831169"", ""35831169"")",0.5286738351254483,"0","37"
"=HYPERLINK(""https://stackoverflow.com/q/35849997"", ""35849997"")",0.8966408268733843,"0","321"
"=HYPERLINK(""https://stackoverflow.com/q/35875334"", ""35875334"")",0.3261941848390446,"1","347"
"=HYPERLINK(""https://stackoverflow.com/q/35941453"", ""35941453"")",0.7531668476293882,"0","71"
"=HYPERLINK(""https://stackoverflow.com/q/35951728"", ""35951728"")",0.4400440044004398,"0","790"
"=HYPERLINK(""https://stackoverflow.com/q/36080136"", ""36080136"")",0.5964737192282099,"0","53"
"=HYPERLINK(""https://stackoverflow.com/q/36560062"", ""36560062"")",0.3917723952326026,"0","47"
"=HYPERLINK(""https://stackoverflow.com/q/36850859"", ""36850859"")",0.5848088273030535,"0","98"
"=HYPERLINK(""https://stackoverflow.com/q/37013716"", ""37013716"")",0.3735735735735732,"0","280"
"=HYPERLINK(""https://stackoverflow.com/q/37173622"", ""37173622"")",0.5496781416176877,"0","662"
"=HYPERLINK(""https://stackoverflow.com/q/37187247"", ""37187247"")",0.348176420695505,"1","82"
"=HYPERLINK(""https://stackoverflow.com/q/37258681"", ""37258681"")",0.6981837606837606,"1","35"
"=HYPERLINK(""https://stackoverflow.com/q/37438739"", ""37438739"")",0.4241926655719755,"1","186"
"=HYPERLINK(""https://stackoverflow.com/q/37793476"", ""37793476"")",0.2591349739000746,"0","83"
"=HYPERLINK(""https://stackoverflow.com/q/37892343"", ""37892343"")",0.5047666009204473,"4","711"
"=HYPERLINK(""https://stackoverflow.com/q/38255933"", ""38255933"")",0.3409557314570509,"0","180"
"=HYPERLINK(""https://stackoverflow.com/q/38320665"", ""38320665"")",0.4677312042581502,"1","1710"
"=HYPERLINK(""https://stackoverflow.com/q/38667404"", ""38667404"")",0.393076493579006,"0","43"
"=HYPERLINK(""https://stackoverflow.com/q/39153156"", ""39153156"")",0.5091540404040402,"0","61"
"=HYPERLINK(""https://stackoverflow.com/q/39272640"", ""39272640"")",0.8439613526570037,"0","527"
"=HYPERLINK(""https://stackoverflow.com/q/39628395"", ""39628395"")",0.7739463601532568,"0","135"
"=HYPERLINK(""https://stackoverflow.com/q/39796019"", ""39796019"")",0.4886156648451735,"0","109"
"=HYPERLINK(""https://stackoverflow.com/q/39859320"", ""39859320"")",0.8169590643274861,"1","1738"
"=HYPERLINK(""https://stackoverflow.com/q/40037213"", ""40037213"")",0.3260284505959244,"1","1020"
"=HYPERLINK(""https://stackoverflow.com/q/40266664"", ""40266664"")",0.4546316038853355,"2","786"
"=HYPERLINK(""https://stackoverflow.com/q/40364792"", ""40364792"")",0.4244382887042167,"2","231"
"=HYPERLINK(""https://stackoverflow.com/q/40417781"", ""40417781"")",0.8751996349532277,"1","54"
"=HYPERLINK(""https://stackoverflow.com/q/40455995"", ""40455995"")",0.7484318996415776,"0","421"
"=HYPERLINK(""https://stackoverflow.com/q/40654798"", ""40654798"")",0.5084817642069557,"1","410"
"=HYPERLINK(""https://stackoverflow.com/q/40714682"", ""40714682"")",0.5074571215510815,"0","30"
"=HYPERLINK(""https://stackoverflow.com/q/40771512"", ""40771512"")",0.4741113909879648,"0","922"
"=HYPERLINK(""https://stackoverflow.com/q/40892433"", ""40892433"")",0.7681681681681676,"0","237"
"=HYPERLINK(""https://stackoverflow.com/q/40918361"", ""40918361"")",0.5362063910876577,"0","409"
"=HYPERLINK(""https://stackoverflow.com/q/41003969"", ""41003969"")",0.3693996415770611,"1","44"
"=HYPERLINK(""https://stackoverflow.com/q/41259008"", ""41259008"")",0.4303303303303298,"0","276"
"=HYPERLINK(""https://stackoverflow.com/q/41400635"", ""41400635"")",0.4611384783798573,"1","975"
"=HYPERLINK(""https://stackoverflow.com/q/41598401"", ""41598401"")",0.2665571975916803,"1","8738"
"=HYPERLINK(""https://stackoverflow.com/q/41770785"", ""41770785"")",0.3417557499190153,"0","45"
"=HYPERLINK(""https://stackoverflow.com/q/41994493"", ""41994493"")",0.4022222222222221,"0","150"
"=HYPERLINK(""https://stackoverflow.com/q/42076488"", ""42076488"")",0.3251245968924071,"1","177"
"=HYPERLINK(""https://stackoverflow.com/q/42159579"", ""42159579"")",0.5739463601532567,"0","20"
"=HYPERLINK(""https://stackoverflow.com/q/42359290"", ""42359290"")",0.5650057273768613,"1","132"
"=HYPERLINK(""https://stackoverflow.com/q/42572307"", ""42572307"")",0.4222222222222222,"0","20"
"=HYPERLINK(""https://stackoverflow.com/q/42605713"", ""42605713"")",0.6696930393428447,"0","357"
"=HYPERLINK(""https://stackoverflow.com/q/42624771"", ""42624771"")",0.5146448476224358,"0","91"
"=HYPERLINK(""https://stackoverflow.com/q/42679245"", ""42679245"")",0.5580155801558015,"0","268"
"=HYPERLINK(""https://stackoverflow.com/q/42820268"", ""42820268"")",0.5410341034103409,"0","113"
"=HYPERLINK(""https://stackoverflow.com/q/42908053"", ""42908053"")",0.5508512544802872,"0","219"
"=HYPERLINK(""https://stackoverflow.com/q/42963769"", ""42963769"")",0.4494949494949496,"0","137"
"=HYPERLINK(""https://stackoverflow.com/q/43086980"", ""43086980"")",0.4751866490996924,"0","1504"
"=HYPERLINK(""https://stackoverflow.com/q/43091654"", ""43091654"")",0.7957829898128413,"0","734"
"=HYPERLINK(""https://stackoverflow.com/q/43146252"", ""43146252"")",0.2947684526631897,"0","296"
"=HYPERLINK(""https://stackoverflow.com/q/43173024"", ""43173024"")",0.433231396534149,"0","618"
"=HYPERLINK(""https://stackoverflow.com/q/44057588"", ""44057588"")",0.5331711273317119,"0","72"
"=HYPERLINK(""https://stackoverflow.com/q/44289701"", ""44289701"")",0.6502665026650268,"0","602"
"=HYPERLINK(""https://stackoverflow.com/q/44395163"", ""44395163"")",0.4052009456264777,"0","36"
"=HYPERLINK(""https://stackoverflow.com/q/44499539"", ""44499539"")",0.5853801169590649,"0","1949"
"=HYPERLINK(""https://stackoverflow.com/q/44721385"", ""44721385"")",0.5065454938872657,"0","85"
"=HYPERLINK(""https://stackoverflow.com/q/44801298"", ""44801298"")",0.7906797612170234,"0","222"
"=HYPERLINK(""https://stackoverflow.com/q/44850785"", ""44850785"")",0.4933489827856028,"0","297"
"=HYPERLINK(""https://stackoverflow.com/q/44887911"", ""44887911"")",0.492492492492492,"1","118"
"=HYPERLINK(""https://stackoverflow.com/q/44894120"", ""44894120"")",0.4977904040404037,"0","103"
"=HYPERLINK(""https://stackoverflow.com/q/44911578"", ""44911578"")",0.3127834467120182,"0","67"
"=HYPERLINK(""https://stackoverflow.com/q/44981348"", ""44981348"")",0.8472222222222223,"1","44"
"=HYPERLINK(""https://stackoverflow.com/q/45003756"", ""45003756"")",0.6169007144616895,"0","108"
"=HYPERLINK(""https://stackoverflow.com/q/45037637"", ""45037637"")",0.746207462074621,"0","636"
"=HYPERLINK(""https://stackoverflow.com/q/45190785"", ""45190785"")",0.5472700233694503,"0","19"
"=HYPERLINK(""https://stackoverflow.com/q/45197600"", ""45197600"")",0.5479551212450234,"0","32"
"=HYPERLINK(""https://stackoverflow.com/q/45200509"", ""45200509"")",0.6336935439179823,"0","861"
"=HYPERLINK(""https://stackoverflow.com/q/45221519"", ""45221519"")",0.3016742770167427,"1","116"
"=HYPERLINK(""https://stackoverflow.com/q/45483455"", ""45483455"")",0.3331711273317115,"1","110"
"=HYPERLINK(""https://stackoverflow.com/q/45491813"", ""45491813"")",0.8755241090146753,"0","232"
"=HYPERLINK(""https://stackoverflow.com/q/45599727"", ""45599727"")",0.7317158931082977,"0","58"
"=HYPERLINK(""https://stackoverflow.com/q/45641194"", ""45641194"")",0.3402902007553172,"2","305"
"=HYPERLINK(""https://stackoverflow.com/q/46277360"", ""46277360"")",0.8264775413711585,"0","715"
"=HYPERLINK(""https://stackoverflow.com/q/46283466"", ""46283466"")",0.4289686857695563,"0","649"
"=HYPERLINK(""https://stackoverflow.com/q/46702127"", ""46702127"")",0.4564791491743626,"0","87"
"=HYPERLINK(""https://stackoverflow.com/q/46713348"", ""46713348"")",0.407889974665219,"0","118"
"=HYPERLINK(""https://stackoverflow.com/q/46901463"", ""46901463"")",0.534175574991902,"0","166"
"=HYPERLINK(""https://stackoverflow.com/q/47061454"", ""47061454"")",0.6242840778923252,"0","323"
"=HYPERLINK(""https://stackoverflow.com/q/47080450"", ""47080450"")",0.4019457245263692,"0","219"
"=HYPERLINK(""https://stackoverflow.com/q/47127511"", ""47127511"")",0.465316144874156,"1","41"
"=HYPERLINK(""https://stackoverflow.com/q/47170969"", ""47170969"")",0.3592550648043286,"0","336"
"=HYPERLINK(""https://stackoverflow.com/q/47213805"", ""47213805"")",0.4485380116959069,"0","491"
"=HYPERLINK(""https://stackoverflow.com/q/47239987"", ""47239987"")",0.5569502556950251,"0","134"
"=HYPERLINK(""https://stackoverflow.com/q/47401372"", ""47401372"")",0.2816392625809666,"0","238"
"=HYPERLINK(""https://stackoverflow.com/q/47431724"", ""47431724"")",0.7282102461743176,"0","56"
"=HYPERLINK(""https://stackoverflow.com/q/47555460"", ""47555460"")",0.4567049808429119,"0","431"
"=HYPERLINK(""https://stackoverflow.com/q/47849615"", ""47849615"")",0.5309470544369874,"0","304"
"=HYPERLINK(""https://stackoverflow.com/q/48111546"", ""48111546"")",0.5489267676767673,"0","165"
"=HYPERLINK(""https://stackoverflow.com/q/48282509"", ""48282509"")",0.318456531845653,"0","700"
"=HYPERLINK(""https://stackoverflow.com/q/48411067"", ""48411067"")",0.5924924924924919,"1","71"
"=HYPERLINK(""https://stackoverflow.com/q/48500457"", ""48500457"")",0.439243498817967,"0","106"
"=HYPERLINK(""https://stackoverflow.com/q/48545811"", ""48545811"")",0.7296113847837981,"0","441"
"=HYPERLINK(""https://stackoverflow.com/q/48563427"", ""48563427"")",0.6392434988179669,"0","56"
"=HYPERLINK(""https://stackoverflow.com/q/48869897"", ""48869897"")",0.3690366266543553,"0","431"
"=HYPERLINK(""https://stackoverflow.com/q/49015809"", ""49015809"")",0.6969210174029447,"0","114"
"=HYPERLINK(""https://stackoverflow.com/q/49357788"", ""49357788"")",0.5866537091026894,"0","58"
"=HYPERLINK(""https://stackoverflow.com/q/49836047"", ""49836047"")",0.814203354297694,"0","331"
"=HYPERLINK(""https://stackoverflow.com/q/50004314"", ""50004314"")",0.7188962798718891,"0","175"
"=HYPERLINK(""https://stackoverflow.com/q/50214943"", ""50214943"")",0.3616452991452993,"0","176"
"=HYPERLINK(""https://stackoverflow.com/q/50643933"", ""50643933"")",0.5208799403430278,"0","196"
"=HYPERLINK(""https://stackoverflow.com/q/50724587"", ""50724587"")",0.3770894788593906,"0","30"
"=HYPERLINK(""https://stackoverflow.com/q/50853020"", ""50853020"")",0.2835429769392034,"0","87"
"=HYPERLINK(""https://stackoverflow.com/q/50877553"", ""50877553"")",0.6929539295392951,"0","315"
"=HYPERLINK(""https://stackoverflow.com/q/51051527"", ""51051527"")",0.543547870637208,"0","67"
"=HYPERLINK(""https://stackoverflow.com/q/51344071"", ""51344071"")",0.5768140589569156,"7","843"
"=HYPERLINK(""https://stackoverflow.com/q/51352700"", ""51352700"")",0.4771891096394409,"0","301"
"=HYPERLINK(""https://stackoverflow.com/q/51431880"", ""51431880"")",0.5198875918720276,"0","1241"
"=HYPERLINK(""https://stackoverflow.com/q/51612458"", ""51612458"")",0.3379857690202515,"1","436"
"=HYPERLINK(""https://stackoverflow.com/q/51689447"", ""51689447"")",0.2985910983029138,"1","42"
"=HYPERLINK(""https://stackoverflow.com/q/51850600"", ""51850600"")",0.7461743180306053,"0","590"
"=HYPERLINK(""https://stackoverflow.com/q/51954505"", ""51954505"")",0.5122222222222219,"1","123"
"=HYPERLINK(""https://stackoverflow.com/q/52078776"", ""52078776"")",0.4993306559571615,"2","691"
"=HYPERLINK(""https://stackoverflow.com/q/52263312"", ""52263312"")",0.3836146272855131,"0","38"
"=HYPERLINK(""https://stackoverflow.com/q/52384058"", ""52384058"")",0.4633927570355422,"0","220"
"=HYPERLINK(""https://stackoverflow.com/q/52557619"", ""52557619"")",0.6767676767676764,"0","1170"
"=HYPERLINK(""https://stackoverflow.com/q/52654819"", ""52654819"")",0.6112897463379782,"1","353"
"=HYPERLINK(""https://stackoverflow.com/q/52958536"", ""52958536"")",0.3396135265700477,"0","221"
"=HYPERLINK(""https://stackoverflow.com/q/53015958"", ""53015958"")",0.3244949494949494,"0","62"
"=HYPERLINK(""https://stackoverflow.com/q/53073444"", ""53073444"")",0.3919639196391966,"1","68"
"=HYPERLINK(""https://stackoverflow.com/q/53074054"", ""53074054"")",0.2942443828870422,"0","161"
"=HYPERLINK(""https://stackoverflow.com/q/53108026"", ""53108026"")",0.3581445523193097,"2","2071"
"=HYPERLINK(""https://stackoverflow.com/q/53159265"", ""53159265"")",0.3519392033542977,"0","42"
"=HYPERLINK(""https://stackoverflow.com/q/53175567"", ""53175567"")",0.4973900074571217,"1","4605"
"=HYPERLINK(""https://stackoverflow.com/q/53375474"", ""53375474"")",0.4795751633986927,"1","106"
"=HYPERLINK(""https://stackoverflow.com/q/53615626"", ""53615626"")",0.4816023201015045,"0","47"
"=HYPERLINK(""https://stackoverflow.com/q/53634136"", ""53634136"")",0.5274749476929854,"1","18"
"=HYPERLINK(""https://stackoverflow.com/q/53935707"", ""53935707"")",0.3429717017503275,"1","321"
"=HYPERLINK(""https://stackoverflow.com/q/54049205"", ""54049205"")",0.4316678074378277,"0","256"
"=HYPERLINK(""https://stackoverflow.com/q/54132988"", ""54132988"")",0.5940972222222228,"0","801"
"=HYPERLINK(""https://stackoverflow.com/q/54180306"", ""54180306"")",0.5498084291187738,"1","194"
"=HYPERLINK(""https://stackoverflow.com/q/54461796"", ""54461796"")",0.3670186023127199,"0","140"
"=HYPERLINK(""https://stackoverflow.com/q/54737967"", ""54737967"")",0.5003572704537338,"0","190"
"=HYPERLINK(""https://stackoverflow.com/q/55126397"", ""55126397"")",0.6359030039811798,"0","46"
"=HYPERLINK(""https://stackoverflow.com/q/55126688"", ""55126688"")",0.5543255432554327,"0","27"
"=HYPERLINK(""https://stackoverflow.com/q/55146384"", ""55146384"")",0.6003472222222229,"0","172"
"=HYPERLINK(""https://stackoverflow.com/q/55229550"", ""55229550"")",0.7170319108035368,"0","237"
"=HYPERLINK(""https://stackoverflow.com/q/55283124"", ""55283124"")",0.5479551212450233,"0","97"
"=HYPERLINK(""https://stackoverflow.com/q/55350422"", ""55350422"")",0.4078681552365765,"0","1398"
"=HYPERLINK(""https://stackoverflow.com/q/55745397"", ""55745397"")",0.3189203354297695,"0","1317"
"=HYPERLINK(""https://stackoverflow.com/q/55926842"", ""55926842"")",0.4376563058235085,"0","228"
"=HYPERLINK(""https://stackoverflow.com/q/55927246"", ""55927246"")",0.5586277521761387,"0","42"
"=HYPERLINK(""https://stackoverflow.com/q/55972596"", ""55972596"")",0.6303854875283451,"0","271"
"=HYPERLINK(""https://stackoverflow.com/q/56126310"", ""56126310"")",0.4194487245334704,"0","203"
"=HYPERLINK(""https://stackoverflow.com/q/56218129"", ""56218129"")",0.2535037560264603,"0","116"
"=HYPERLINK(""https://stackoverflow.com/q/56321800"", ""56321800"")",0.6084497671324015,"0","146"
"=HYPERLINK(""https://stackoverflow.com/q/56362211"", ""56362211"")",0.8318607764390891,"0","490"
"=HYPERLINK(""https://stackoverflow.com/q/56366496"", ""56366496"")",0.4222222222222226,"0","130"
"=HYPERLINK(""https://stackoverflow.com/q/56396969"", ""56396969"")",0.4580176767676766,"0","186"
"=HYPERLINK(""https://stackoverflow.com/q/56584189"", ""56584189"")",0.268447183701421,"0","42"
"=HYPERLINK(""https://stackoverflow.com/q/56675025"", ""56675025"")",0.5931061043712694,"0","51"
"=HYPERLINK(""https://stackoverflow.com/q/56810662"", ""56810662"")",0.329817158931083,"0","1056"
"=HYPERLINK(""https://stackoverflow.com/q/56913063"", ""56913063"")",0.5231271995977878,"0","61"
"=HYPERLINK(""https://stackoverflow.com/q/57006123"", ""57006123"")",0.5142576204523112,"1","708"
"=HYPERLINK(""https://stackoverflow.com/q/57036911"", ""57036911"")",0.5690856908569087,"1","871"
"=HYPERLINK(""https://stackoverflow.com/q/57085696"", ""57085696"")",0.4129438717067581,"0","368"
"=HYPERLINK(""https://stackoverflow.com/q/57772074"", ""57772074"")",0.2617479139218268,"1","281"
"=HYPERLINK(""https://stackoverflow.com/q/57916211"", ""57916211"")",0.3658686310620013,"0","86"
"=HYPERLINK(""https://stackoverflow.com/q/58059184"", ""58059184"")",0.2633614627285511,"0","128"
"=HYPERLINK(""https://stackoverflow.com/q/58088827"", ""58088827"")",0.6097654748173774,"1","81"
"=HYPERLINK(""https://stackoverflow.com/q/58138707"", ""58138707"")",0.4013666072489603,"1","832"
"=HYPERLINK(""https://stackoverflow.com/q/58198952"", ""58198952"")",0.6633307672568642,"1","89"
"=HYPERLINK(""https://stackoverflow.com/q/58311210"", ""58311210"")",0.8499145299145305,"0","252"
"=HYPERLINK(""https://stackoverflow.com/q/58317046"", ""58317046"")",0.3195376584638331,"1","183"
"=HYPERLINK(""https://stackoverflow.com/q/58337894"", ""58337894"")",0.5163398692810452,"0","462"
"=HYPERLINK(""https://stackoverflow.com/q/58440784"", ""58440784"")",0.4711761971176194,"0","167"
"=HYPERLINK(""https://stackoverflow.com/q/58592695"", ""58592695"")",0.415521191294387,"0","78"
"=HYPERLINK(""https://stackoverflow.com/q/58718189"", ""58718189"")",0.4222222222222227,"0","17"
"=HYPERLINK(""https://stackoverflow.com/q/58797386"", ""58797386"")",0.5964553510565775,"0","1189"
"=HYPERLINK(""https://stackoverflow.com/q/59392737"", ""59392737"")",0.3582981715893106,"0","565"
"=HYPERLINK(""https://stackoverflow.com/q/59419559"", ""59419559"")",0.2421778763242175,"1","168"
"=HYPERLINK(""https://stackoverflow.com/q/59432978"", ""59432978"")",0.2653433721195526,"1","122"
"=HYPERLINK(""https://stackoverflow.com/q/59567277"", ""59567277"")",0.4316678074378276,"0","171"
"=HYPERLINK(""https://stackoverflow.com/q/59652149"", ""59652149"")",0.4917874396135259,"0","155"
"=HYPERLINK(""https://stackoverflow.com/q/59771214"", ""59771214"")",0.4349881796690308,"0","309"
"=HYPERLINK(""https://stackoverflow.com/q/60410564"", ""60410564"")",0.6119281045751633,"1","2018"
"=HYPERLINK(""https://stackoverflow.com/q/60594954"", ""60594954"")",0.4577991452991454,"0","137"
"=HYPERLINK(""https://stackoverflow.com/q/60695185"", ""60695185"")",0.3507936507936509,"0","339"
"=HYPERLINK(""https://stackoverflow.com/q/61251675"", ""61251675"")",0.6803503010399555,"0","115"
"=HYPERLINK(""https://stackoverflow.com/q/61501493"", ""61501493"")",0.4347970725216232,"1","201"
"=HYPERLINK(""https://stackoverflow.com/q/61502097"", ""61502097"")",0.3653027538875855,"0","87"
"=HYPERLINK(""https://stackoverflow.com/q/61507689"", ""61507689"")",0.5206597222222228,"0","20"
"=HYPERLINK(""https://stackoverflow.com/q/61686901"", ""61686901"")",0.2940785096473718,"1","126"
"=HYPERLINK(""https://stackoverflow.com/q/62152944"", ""62152944"")",0.6087252897068842,"0","54"
"=HYPERLINK(""https://stackoverflow.com/q/62183424"", ""62183424"")",0.3994374120956398,"0","43"
"=HYPERLINK(""https://stackoverflow.com/q/62259708"", ""62259708"")",0.7147034252297405,"0","185"
"=HYPERLINK(""https://stackoverflow.com/q/62397290"", ""62397290"")",0.5257936507936508,"0","57"
"=HYPERLINK(""https://stackoverflow.com/q/62417381"", ""62417381"")",0.5567878414458826,"1","151"
"=HYPERLINK(""https://stackoverflow.com/q/62670244"", ""62670244"")",0.3261183261183262,"0","39"
"=HYPERLINK(""https://stackoverflow.com/q/62683579"", ""62683579"")",0.3970990695128621,"1","147"
"=HYPERLINK(""https://stackoverflow.com/q/62691866"", ""62691866"")",0.3332169866201278,"1","10"
"=HYPERLINK(""https://stackoverflow.com/q/62885227"", ""62885227"")",0.386194508596356,"0","152"
"=HYPERLINK(""https://stackoverflow.com/q/63064768"", ""63064768"")",0.5251538183134273,"0","37"
"=HYPERLINK(""https://stackoverflow.com/q/63126861"", ""63126861"")",0.6206597222222227,"0","44"
"=HYPERLINK(""https://stackoverflow.com/q/63396176"", ""63396176"")",0.5299145299145304,"0","53"
"=HYPERLINK(""https://stackoverflow.com/q/63610843"", ""63610843"")",0.6291187739463603,"0","32"
"=HYPERLINK(""https://stackoverflow.com/q/63712948"", ""63712948"")",0.6196941323345825,"0","86"
"=HYPERLINK(""https://stackoverflow.com/q/63794871"", ""63794871"")",0.388179669030733,"0","24"
"=HYPERLINK(""https://stackoverflow.com/q/63962811"", ""63962811"")",0.6704980842911877,"1","72"
"=HYPERLINK(""https://stackoverflow.com/q/64017331"", ""64017331"")",0.7401375316684762,"0","62"
"=HYPERLINK(""https://stackoverflow.com/q/64099995"", ""64099995"")",0.3645623911003885,"0","14"
"=HYPERLINK(""https://stackoverflow.com/q/64131129"", ""64131129"")",0.70418098510882,"0","41"
"=HYPERLINK(""https://stackoverflow.com/q/64136658"", ""64136658"")",0.4435962680237494,"0","157"
"=HYPERLINK(""https://stackoverflow.com/q/64178123"", ""64178123"")",0.4792976939203355,"1","50"
"=HYPERLINK(""https://stackoverflow.com/q/64259849"", ""64259849"")",0.3595716198125834,"0","142"
"=HYPERLINK(""https://stackoverflow.com/q/64305169"", ""64305169"")",0.2538011695906435,"0","34"
"=HYPERLINK(""https://stackoverflow.com/q/64655501"", ""64655501"")",0.8640761548064929,"0","170"
"=HYPERLINK(""https://stackoverflow.com/q/64669971"", ""64669971"")",0.8304696449026345,"0","180"
"=HYPERLINK(""https://stackoverflow.com/q/64796461"", ""64796461"")",0.3778725420516468,"1","58"
"=HYPERLINK(""https://stackoverflow.com/q/64827406"", ""64827406"")",0.3924349881796691,"0","63"
"=HYPERLINK(""https://stackoverflow.com/q/65022585"", ""65022585"")",0.4192665571975913,"0","18"
"=HYPERLINK(""https://stackoverflow.com/q/65322731"", ""65322731"")",0.6945469454694547,"0","57"
"=HYPERLINK(""https://stackoverflow.com/q/65332768"", ""65332768"")",0.4000572737686139,"0","113"
"=HYPERLINK(""https://stackoverflow.com/q/65335231"", ""65335231"")",0.4124062713019764,"0","38"
"=HYPERLINK(""https://stackoverflow.com/q/65362457"", ""65362457"")",0.4202087994034305,"0","38"
"=HYPERLINK(""https://stackoverflow.com/q/65590866"", ""65590866"")",0.3763724198506804,"0","31"
"=HYPERLINK(""https://stackoverflow.com/q/65593125"", ""65593125"")",0.4567583046964489,"1","26"
"=HYPERLINK(""https://stackoverflow.com/q/65618710"", ""65618710"")",0.415499533146592,"0","128"
"=HYPERLINK(""https://stackoverflow.com/q/65634100"", ""65634100"")",0.6227772638503439,"0","27"
"=HYPERLINK(""https://stackoverflow.com/q/65672219"", ""65672219"")",0.4753602975360293,"0","73"
"=HYPERLINK(""https://stackoverflow.com/q/66014948"", ""66014948"")",0.4649662855467606,"0","28"
"=HYPERLINK(""https://stackoverflow.com/q/66068008"", ""66068008"")",0.6139272913466454,"0","79"
"=HYPERLINK(""https://stackoverflow.com/q/66230955"", ""66230955"")",0.3620936048588782,"0","77"
"=HYPERLINK(""https://stackoverflow.com/q/66405792"", ""66405792"")",0.5785811634746434,"0","10"
"=HYPERLINK(""https://stackoverflow.com/q/66426416"", ""66426416"")",0.4782775855440213,"0","25"
"=HYPERLINK(""https://stackoverflow.com/q/66452558"", ""66452558"")",0.4229264475743349,"0","15"
"=HYPERLINK(""https://stackoverflow.com/q/66455318"", ""66455318"")",0.2480524805248053,"0","68"
"=HYPERLINK(""https://stackoverflow.com/q/66463384"", ""66463384"")",0.6001291989664079,"0","28"
"=HYPERLINK(""https://stackoverflow.com/q/66469858"", ""66469858"")",0.624782677414257,"0","120"
"=HYPERLINK(""https://stackoverflow.com/q/66490745"", ""66490745"")",0.5341488277268095,"0","9"
"=HYPERLINK(""https://stackoverflow.com/q/66528266"", ""66528266"")",0.3584581772784025,"0","36"
"=HYPERLINK(""https://stackoverflow.com/q/66573395"", ""66573395"")",0.79040404040404,"1","26"
"=HYPERLINK(""https://stackoverflow.com/q/66590868"", ""66590868"")",0.2634795896092554,"0","28"
"=HYPERLINK(""https://stackoverflow.com/q/66592551"", ""66592551"")",0.472577840998894,"0","32"
"=HYPERLINK(""https://stackoverflow.com/q/66636787"", ""66636787"")",0.4204470742932283,"0","160"
"=HYPERLINK(""https://stackoverflow.com/q/66639806"", ""66639806"")",0.5933562428407788,"0","38"
"=HYPERLINK(""https://stackoverflow.com/q/66700076"", ""66700076"")",0.3115839243498819,"3","27"
"=HYPERLINK(""https://stackoverflow.com/q/66751669"", ""66751669"")",0.2567676767676767,"0","23"
"=HYPERLINK(""https://stackoverflow.com/q/66756033"", ""66756033"")",0.5187338501291985,"0","7"
"=HYPERLINK(""https://stackoverflow.com/q/66818365"", ""66818365"")",0.3627894232086586,"1","75"
"=HYPERLINK(""https://stackoverflow.com/q/66819003"", ""66819003"")",0.8189073050951504,"0","6"
"=HYPERLINK(""https://stackoverflow.com/q/66861961"", ""66861961"")",0.2714833059660644,"0","24"
"=HYPERLINK(""https://stackoverflow.com/q/66992572"", ""66992572"")",0.3188232955674817,"0","56"
"=HYPERLINK(""https://stackoverflow.com/q/67059332"", ""67059332"")",0.3552271483305964,"0","20"
"=HYPERLINK(""https://stackoverflow.com/q/67128879"", ""67128879"")",0.5730468099283695,"0","18"
"=HYPERLINK(""https://stackoverflow.com/q/67146724"", ""67146724"")",0.3882738827388275,"2","53"
"=HYPERLINK(""https://stackoverflow.com/q/67219094"", ""67219094"")",0.5224134268111326,"0","70"
"=HYPERLINK(""https://stackoverflow.com/q/67231485"", ""67231485"")",0.3303561935140884,"0","16"
"=HYPERLINK(""https://stackoverflow.com/q/67405558"", ""67405558"")",0.4005354752342701,"0","13"
"=HYPERLINK(""https://stackoverflow.com/q/67412184"", ""67412184"")",0.2791842475386777,"1","16"
"=HYPERLINK(""https://stackoverflow.com/q/67421646"", ""67421646"")",0.3513131313131311,"0","9"
"=HYPERLINK(""https://stackoverflow.com/q/67498135"", ""67498135"")",0.8497390007457126,"0","23"
"=HYPERLINK(""https://stackoverflow.com/q/67583719"", ""67583719"")",0.4328652377432861,"0","8"
"=HYPERLINK(""https://stackoverflow.com/q/67591579"", ""67591579"")",0.3567676767676766,"0","8"
"=HYPERLINK(""https://stackoverflow.com/q/67639573"", ""67639573"")",0.3240404040404038,"1","19"
"=HYPERLINK(""https://stackoverflow.com/q/67697341"", ""67697341"")",0.6007936507936509,"0","54"
"=HYPERLINK(""https://stackoverflow.com/q/67706675"", ""67706675"")",0.8039396737457682,"0","3"
"=HYPERLINK(""https://stackoverflow.com/q/67707015"", ""67707015"")",0.7512919896640821,"0","4"
"=HYPERLINK(""https://stackoverflow.com/q/67727837"", ""67727837"")",0.330917874396135,"0","14"
"=HYPERLINK(""https://stackoverflow.com/q/67730550"", ""67730550"")",0.4791491743632796,"0","11"
