link,Correlation
"=HYPERLINK(""https://stackoverflow.com/a/818872"", ""818872"")",0.4369873228933634
"=HYPERLINK(""https://stackoverflow.com/a/1330591"", ""1330591"")",0.3881796690307329
"=HYPERLINK(""https://stackoverflow.com/a/2801047"", ""2801047"")",0.5920852359208525
"=HYPERLINK(""https://stackoverflow.com/a/3242585"", ""3242585"")",0.2866552119129439
"=HYPERLINK(""https://stackoverflow.com/a/4081715"", ""4081715"")",0.2748538011695906
"=HYPERLINK(""https://stackoverflow.com/a/4381941"", ""4381941"")",0.5740522104158466
"=HYPERLINK(""https://stackoverflow.com/a/4890831"", ""4890831"")",0.33914529914529934
"=HYPERLINK(""https://stackoverflow.com/a/5283924"", ""5283924"")",0.33831720902961027
"=HYPERLINK(""https://stackoverflow.com/a/5419567"", ""5419567"")",0.7004830917874395
"=HYPERLINK(""https://stackoverflow.com/a/5881056"", ""5881056"")",0.4765325670498087
"=HYPERLINK(""https://stackoverflow.com/a/6863648"", ""6863648"")",0.48253516674569313
"=HYPERLINK(""https://stackoverflow.com/a/7356332"", ""7356332"")",0.8322222222222222
"=HYPERLINK(""https://stackoverflow.com/a/7408360"", ""7408360"")",0.29933065595716174
"=HYPERLINK(""https://stackoverflow.com/a/7636854"", ""7636854"")",0.35202991452991456
"=HYPERLINK(""https://stackoverflow.com/a/7693106"", ""7693106"")",0.5422222222222219
"=HYPERLINK(""https://stackoverflow.com/a/8220968"", ""8220968"")",0.1755749919015226
"=HYPERLINK(""https://stackoverflow.com/a/8509137"", ""8509137"")",0.46959064327485384
"=HYPERLINK(""https://stackoverflow.com/a/8820192"", ""8820192"")",0.4722222222222223
"=HYPERLINK(""https://stackoverflow.com/a/8967945"", ""8967945"")",0.8327485380116961
"=HYPERLINK(""https://stackoverflow.com/a/9011874"", ""9011874"")",0.3546546546546544
"=HYPERLINK(""https://stackoverflow.com/a/9023665"", ""9023665"")",0.5052991452991453
"=HYPERLINK(""https://stackoverflow.com/a/9295554"", ""9295554"")",0.33131313131313134
"=HYPERLINK(""https://stackoverflow.com/a/9410265"", ""9410265"")",0.6284722222222222
"=HYPERLINK(""https://stackoverflow.com/a/9417670"", ""9417670"")",0.5116959064327485
"=HYPERLINK(""https://stackoverflow.com/a/9495089"", ""9495089"")",0.26039016115352004
"=HYPERLINK(""https://stackoverflow.com/a/9524529"", ""9524529"")",0.2938945771710276
"=HYPERLINK(""https://stackoverflow.com/a/9532179"", ""9532179"")",0.3676767676767677
"=HYPERLINK(""https://stackoverflow.com/a/9537739"", ""9537739"")",0.2661782661782662
"=HYPERLINK(""https://stackoverflow.com/a/9552122"", ""9552122"")",0.6268023748939779
"=HYPERLINK(""https://stackoverflow.com/a/9648002"", ""9648002"")",0.24040404040404043
"=HYPERLINK(""https://stackoverflow.com/a/9682969"", ""9682969"")",0.5415126878541514
"=HYPERLINK(""https://stackoverflow.com/a/9800477"", ""9800477"")",0.5143330964226486
"=HYPERLINK(""https://stackoverflow.com/a/9886635"", ""9886635"")",0.7170675830469644
"=HYPERLINK(""https://stackoverflow.com/a/10044237"", ""10044237"")",0.47222222222222215
"=HYPERLINK(""https://stackoverflow.com/a/10047801"", ""10047801"")",0.374295954941116
"=HYPERLINK(""https://stackoverflow.com/a/10050382"", ""10050382"")",0.49578968987471755
"=HYPERLINK(""https://stackoverflow.com/a/10079834"", ""10079834"")",0.8563685636856366
"=HYPERLINK(""https://stackoverflow.com/a/10302065"", ""10302065"")",0.4749938408474992
"=HYPERLINK(""https://stackoverflow.com/a/10735960"", ""10735960"")",0.673441734417344
"=HYPERLINK(""https://stackoverflow.com/a/10809898"", ""10809898"")",0.39653414882772686
"=HYPERLINK(""https://stackoverflow.com/a/10842630"", ""10842630"")",0.3579006141820209
"=HYPERLINK(""https://stackoverflow.com/a/10863247"", ""10863247"")",0.5628815628815629
"=HYPERLINK(""https://stackoverflow.com/a/10932631"", ""10932631"")",0.5958485958485958
"=HYPERLINK(""https://stackoverflow.com/a/11033736"", ""11033736"")",0.8947663028267558
"=HYPERLINK(""https://stackoverflow.com/a/11641118"", ""11641118"")",0.390209543933791
"=HYPERLINK(""https://stackoverflow.com/a/11764157"", ""11764157"")",0.7807996280799627
"=HYPERLINK(""https://stackoverflow.com/a/11786433"", ""11786433"")",0.32602845059592445
"=HYPERLINK(""https://stackoverflow.com/a/11787065"", ""11787065"")",0.37338501291989645
"=HYPERLINK(""https://stackoverflow.com/a/12011598"", ""12011598"")",0.5004040404040403
"=HYPERLINK(""https://stackoverflow.com/a/12140060"", ""12140060"")",0.8234492160872526
"=HYPERLINK(""https://stackoverflow.com/a/12154270"", ""12154270"")",0.3692810457516339
"=HYPERLINK(""https://stackoverflow.com/a/12216612"", ""12216612"")",0.414404632645675
"=HYPERLINK(""https://stackoverflow.com/a/12293735"", ""12293735"")",0.23028673835125446
"=HYPERLINK(""https://stackoverflow.com/a/12714578"", ""12714578"")",0.44731447314473155
"=HYPERLINK(""https://stackoverflow.com/a/12748436"", ""12748436"")",0.36047107014848945
"=HYPERLINK(""https://stackoverflow.com/a/12790724"", ""12790724"")",0.24961948249619476
"=HYPERLINK(""https://stackoverflow.com/a/12796018"", ""12796018"")",0.2874396135265702
"=HYPERLINK(""https://stackoverflow.com/a/13129681"", ""13129681"")",0.44714623438027695
"=HYPERLINK(""https://stackoverflow.com/a/13139917"", ""13139917"")",0.5347222222222223
"=HYPERLINK(""https://stackoverflow.com/a/13273213"", ""13273213"")",0.2559189516573065
"=HYPERLINK(""https://stackoverflow.com/a/13592631"", ""13592631"")",0.5793650793650792
"=HYPERLINK(""https://stackoverflow.com/a/13689907"", ""13689907"")",0.7100271002710025
"=HYPERLINK(""https://stackoverflow.com/a/13948209"", ""13948209"")",0.49871991807475674
"=HYPERLINK(""https://stackoverflow.com/a/14234777"", ""14234777"")",0.25476660092044706
"=HYPERLINK(""https://stackoverflow.com/a/14244970"", ""14244970"")",0.7222222222222221
"=HYPERLINK(""https://stackoverflow.com/a/14868016"", ""14868016"")",0.14409722222222224
"=HYPERLINK(""https://stackoverflow.com/a/14971052"", ""14971052"")",0.6474190726159231
"=HYPERLINK(""https://stackoverflow.com/a/14971401"", ""14971401"")",0.5717797443461163
"=HYPERLINK(""https://stackoverflow.com/a/15072387"", ""15072387"")",0.31437239287068613
"=HYPERLINK(""https://stackoverflow.com/a/15257246"", ""15257246"")",0.2534722222222222
"=HYPERLINK(""https://stackoverflow.com/a/15273848"", ""15273848"")",0.8251633986928104
"=HYPERLINK(""https://stackoverflow.com/a/15589604"", ""15589604"")",0.3274084895706517
"=HYPERLINK(""https://stackoverflow.com/a/16279401"", ""16279401"")",0.39160332971407885
"=HYPERLINK(""https://stackoverflow.com/a/16405247"", ""16405247"")",0.4125336409073431
"=HYPERLINK(""https://stackoverflow.com/a/16803493"", ""16803493"")",0.6462728551336147
"=HYPERLINK(""https://stackoverflow.com/a/16867029"", ""16867029"")",0.5898111550285464
"=HYPERLINK(""https://stackoverflow.com/a/16985508"", ""16985508"")",0.6276276276276274
"=HYPERLINK(""https://stackoverflow.com/a/16991294"", ""16991294"")",0.5739810161920712
"=HYPERLINK(""https://stackoverflow.com/a/17033707"", ""17033707"")",0.4015325670498085
"=HYPERLINK(""https://stackoverflow.com/a/17524632"", ""17524632"")",0.3596945060359694
"=HYPERLINK(""https://stackoverflow.com/a/17587869"", ""17587869"")",0.7157287157287157
"=HYPERLINK(""https://stackoverflow.com/a/17937655"", ""17937655"")",0.6440972222222223
"=HYPERLINK(""https://stackoverflow.com/a/18371801"", ""18371801"")",0.7701674277016745
"=HYPERLINK(""https://stackoverflow.com/a/18373812"", ""18373812"")",0.4222222222222223
"=HYPERLINK(""https://stackoverflow.com/a/18586242"", ""18586242"")",0.5890563930764934
"=HYPERLINK(""https://stackoverflow.com/a/18877295"", ""18877295"")",0.5436507936507934
"=HYPERLINK(""https://stackoverflow.com/a/18933453"", ""18933453"")",0.7164082687338502
"=HYPERLINK(""https://stackoverflow.com/a/19174334"", ""19174334"")",0.5496870109546168
"=HYPERLINK(""https://stackoverflow.com/a/19328408"", ""19328408"")",0.7679285934133581
"=HYPERLINK(""https://stackoverflow.com/a/19819107"", ""19819107"")",0.5844269466316712
"=HYPERLINK(""https://stackoverflow.com/a/20240623"", ""20240623"")",0.6117571059431526
"=HYPERLINK(""https://stackoverflow.com/a/20269632"", ""20269632"")",0.24232272473478494
"=HYPERLINK(""https://stackoverflow.com/a/21136706"", ""21136706"")",0.45858585858585854
"=HYPERLINK(""https://stackoverflow.com/a/21249938"", ""21249938"")",0.46649703138252774
"=HYPERLINK(""https://stackoverflow.com/a/21361413"", ""21361413"")",0.39064327485380124
"=HYPERLINK(""https://stackoverflow.com/a/21370983"", ""21370983"")",0.31363496460449364
"=HYPERLINK(""https://stackoverflow.com/a/21466367"", ""21466367"")",0.6546546546546546
"=HYPERLINK(""https://stackoverflow.com/a/22101565"", ""22101565"")",0.4522016883413186
"=HYPERLINK(""https://stackoverflow.com/a/22300733"", ""22300733"")",0.4425612052730698
"=HYPERLINK(""https://stackoverflow.com/a/22351159"", ""22351159"")",0.7874396135265701
"=HYPERLINK(""https://stackoverflow.com/a/22564021"", ""22564021"")",0.5071059431524549
"=HYPERLINK(""https://stackoverflow.com/a/22644489"", ""22644489"")",0.412222222222222
"=HYPERLINK(""https://stackoverflow.com/a/22956989"", ""22956989"")",0.5095150399017803
"=HYPERLINK(""https://stackoverflow.com/a/23680813"", ""23680813"")",0.1150793650793651
"=HYPERLINK(""https://stackoverflow.com/a/23777258"", ""23777258"")",0.5115839243498819
"=HYPERLINK(""https://stackoverflow.com/a/23999047"", ""23999047"")",0.49216087252897067
"=HYPERLINK(""https://stackoverflow.com/a/24324104"", ""24324104"")",0.5793650793650792
"=HYPERLINK(""https://stackoverflow.com/a/24370888"", ""24370888"")",0.3091787439613527
"=HYPERLINK(""https://stackoverflow.com/a/24951430"", ""24951430"")",0.5920852359208524
"=HYPERLINK(""https://stackoverflow.com/a/25068056"", ""25068056"")",0.44200244200244193
"=HYPERLINK(""https://stackoverflow.com/a/25489269"", ""25489269"")",0.414882772680938
"=HYPERLINK(""https://stackoverflow.com/a/25709143"", ""25709143"")",0.6144874155923881
"=HYPERLINK(""https://stackoverflow.com/a/26903605"", ""26903605"")",0.4238032498902064
"=HYPERLINK(""https://stackoverflow.com/a/27002262"", ""27002262"")",0.4340866290018832
"=HYPERLINK(""https://stackoverflow.com/a/27496206"", ""27496206"")",0.6045751633986928
"=HYPERLINK(""https://stackoverflow.com/a/31473778"", ""31473778"")",0.5158002038735985
"=HYPERLINK(""https://stackoverflow.com/a/31603509"", ""31603509"")",0.22222222222222232
"=HYPERLINK(""https://stackoverflow.com/a/32449205"", ""32449205"")",0.5422222222222222
"=HYPERLINK(""https://stackoverflow.com/a/33377897"", ""33377897"")",0.3801169590643274
"=HYPERLINK(""https://stackoverflow.com/a/33379663"", ""33379663"")",0.43274853801169577
"=HYPERLINK(""https://stackoverflow.com/a/34189668"", ""34189668"")",0.5796690307328606
"=HYPERLINK(""https://stackoverflow.com/a/34686715"", ""34686715"")",0.4417344173441733
"=HYPERLINK(""https://stackoverflow.com/a/34787364"", ""34787364"")",0.4791029561671763
"=HYPERLINK(""https://stackoverflow.com/a/34934952"", ""34934952"")",0.7690972222222223
"=HYPERLINK(""https://stackoverflow.com/a/35408186"", ""35408186"")",0.3925192519251923
"=HYPERLINK(""https://stackoverflow.com/a/35566779"", ""35566779"")",0.4757936507936509
"=HYPERLINK(""https://stackoverflow.com/a/36301175"", ""36301175"")",0.5426642111724985
"=HYPERLINK(""https://stackoverflow.com/a/36580130"", ""36580130"")",0.5786236063052671
"=HYPERLINK(""https://stackoverflow.com/a/36799117"", ""36799117"")",0.7655293088363957
"=HYPERLINK(""https://stackoverflow.com/a/36839879"", ""36839879"")",0.7222222222222224
"=HYPERLINK(""https://stackoverflow.com/a/37523483"", ""37523483"")",0.3676767676767677
"=HYPERLINK(""https://stackoverflow.com/a/38762236"", ""38762236"")",0.40404040404040403
"=HYPERLINK(""https://stackoverflow.com/a/39251136"", ""39251136"")",0.603437691835482
"=HYPERLINK(""https://stackoverflow.com/a/39374036"", ""39374036"")",0.44315245478036164
"=HYPERLINK(""https://stackoverflow.com/a/39597833"", ""39597833"")",0.6067207024653837
"=HYPERLINK(""https://stackoverflow.com/a/39833686"", ""39833686"")",0.4040404040404041
"=HYPERLINK(""https://stackoverflow.com/a/40874277"", ""40874277"")",0.391713747645951
"=HYPERLINK(""https://stackoverflow.com/a/41851889"", ""41851889"")",0.8000910746812389
"=HYPERLINK(""https://stackoverflow.com/a/43352991"", ""43352991"")",0.2769334684228301
"=HYPERLINK(""https://stackoverflow.com/a/43645725"", ""43645725"")",0.7306967984934085
"=HYPERLINK(""https://stackoverflow.com/a/43919398"", ""43919398"")",0.5798171589310829
"=HYPERLINK(""https://stackoverflow.com/a/43924933"", ""43924933"")",0.3690112130479104
"=HYPERLINK(""https://stackoverflow.com/a/44052016"", ""44052016"")",0.6000216379963215
"=HYPERLINK(""https://stackoverflow.com/a/44083373"", ""44083373"")",0.3851338340073178
"=HYPERLINK(""https://stackoverflow.com/a/44666594"", ""44666594"")",0.6497031382527566
"=HYPERLINK(""https://stackoverflow.com/a/44705495"", ""44705495"")",0.8639160332971407
"=HYPERLINK(""https://stackoverflow.com/a/44848594"", ""44848594"")",0.29365079365079355
"=HYPERLINK(""https://stackoverflow.com/a/45315771"", ""45315771"")",0.4480949121606205
"=HYPERLINK(""https://stackoverflow.com/a/48194816"", ""48194816"")",0.5098934550989346
"=HYPERLINK(""https://stackoverflow.com/a/48879519"", ""48879519"")",0.6404040404040405
"=HYPERLINK(""https://stackoverflow.com/a/49021617"", ""49021617"")",0.46222222222222203
"=HYPERLINK(""https://stackoverflow.com/a/50104885"", ""50104885"")",0.496921017402945
"=HYPERLINK(""https://stackoverflow.com/a/50261410"", ""50261410"")",0.7222222222222223
"=HYPERLINK(""https://stackoverflow.com/a/50781299"", ""50781299"")",0.5619812583668002
"=HYPERLINK(""https://stackoverflow.com/a/51062270"", ""51062270"")",0.8582981715893108
"=HYPERLINK(""https://stackoverflow.com/a/51090176"", ""51090176"")",0.3181126331811263
"=HYPERLINK(""https://stackoverflow.com/a/51103921"", ""51103921"")",0.5789789789789789
"=HYPERLINK(""https://stackoverflow.com/a/51264572"", ""51264572"")",0.24828085414404633
"=HYPERLINK(""https://stackoverflow.com/a/51535673"", ""51535673"")",0.43545751633986923
"=HYPERLINK(""https://stackoverflow.com/a/52820186"", ""52820186"")",0.3828340769067349
"=HYPERLINK(""https://stackoverflow.com/a/52968416"", ""52968416"")",0.7622222222222221
"=HYPERLINK(""https://stackoverflow.com/a/54906440"", ""54906440"")",0.7299541809851088
"=HYPERLINK(""https://stackoverflow.com/a/54916595"", ""54916595"")",0.6113435611343557
"=HYPERLINK(""https://stackoverflow.com/a/55781832"", ""55781832"")",0.49860413176996066
"=HYPERLINK(""https://stackoverflow.com/a/56175290"", ""56175290"")",0.6440972222222222
"=HYPERLINK(""https://stackoverflow.com/a/56267948"", ""56267948"")",0.3153837683074553
"=HYPERLINK(""https://stackoverflow.com/a/56268051"", ""56268051"")",0.6567049808429117
"=HYPERLINK(""https://stackoverflow.com/a/56483042"", ""56483042"")",0.4480286738351254
"=HYPERLINK(""https://stackoverflow.com/a/56499313"", ""56499313"")",0.43216697360343787
"=HYPERLINK(""https://stackoverflow.com/a/56822092"", ""56822092"")",0.4098047849699104
"=HYPERLINK(""https://stackoverflow.com/a/56897187"", ""56897187"")",0.06432748538011693
"=HYPERLINK(""https://stackoverflow.com/a/57127077"", ""57127077"")",0.3050951503990178
"=HYPERLINK(""https://stackoverflow.com/a/57596399"", ""57596399"")",0.41488277268093793
"=HYPERLINK(""https://stackoverflow.com/a/57892873"", ""57892873"")",0.26837606837606837
"=HYPERLINK(""https://stackoverflow.com/a/58284778"", ""58284778"")",0.37788259958071296
"=HYPERLINK(""https://stackoverflow.com/a/58308719"", ""58308719"")",0.5573573573573574
"=HYPERLINK(""https://stackoverflow.com/a/59183057"", ""59183057"")",0.7874396135265701
"=HYPERLINK(""https://stackoverflow.com/a/59184955"", ""59184955"")",0.41400304414003036
"=HYPERLINK(""https://stackoverflow.com/a/59366668"", ""59366668"")",0.6597222222222223
"=HYPERLINK(""https://stackoverflow.com/a/59652344"", ""59652344"")",0.33946360153256705
"=HYPERLINK(""https://stackoverflow.com/a/59779246"", ""59779246"")",0.48550166794970484
"=HYPERLINK(""https://stackoverflow.com/a/60470082"", ""60470082"")",0.3465052050138093
"=HYPERLINK(""https://stackoverflow.com/a/60536361"", ""60536361"")",0.5151092515109249
"=HYPERLINK(""https://stackoverflow.com/a/60815602"", ""60815602"")",0.41242395132885074
"=HYPERLINK(""https://stackoverflow.com/a/61223750"", ""61223750"")",0.3845984598459844
"=HYPERLINK(""https://stackoverflow.com/a/61244060"", ""61244060"")",0.35265700483091783
"=HYPERLINK(""https://stackoverflow.com/a/61947347"", ""61947347"")",0.31614487415592396
"=HYPERLINK(""https://stackoverflow.com/a/62096961"", ""62096961"")",0.7274853801169591
"=HYPERLINK(""https://stackoverflow.com/a/62427155"", ""62427155"")",0.5800203873598371
"=HYPERLINK(""https://stackoverflow.com/a/62481342"", ""62481342"")",0.3676767676767677
"=HYPERLINK(""https://stackoverflow.com/a/63090761"", ""63090761"")",0.48196248196248176
"=HYPERLINK(""https://stackoverflow.com/a/63221615"", ""63221615"")",0.7157287157287157
"=HYPERLINK(""https://stackoverflow.com/a/63343072"", ""63343072"")",0.3064327485380119
"=HYPERLINK(""https://stackoverflow.com/a/63580249"", ""63580249"")",0.3139653414882773
"=HYPERLINK(""https://stackoverflow.com/a/63756424"", ""63756424"")",0.571059431524548
"=HYPERLINK(""https://stackoverflow.com/a/63853080"", ""63853080"")",0.455988455988456
"=HYPERLINK(""https://stackoverflow.com/a/63888433"", ""63888433"")",0.4697792254795511
"=HYPERLINK(""https://stackoverflow.com/a/63992621"", ""63992621"")",0.404040404040404
"=HYPERLINK(""https://stackoverflow.com/a/64756572"", ""64756572"")",0.44713571703191085
"=HYPERLINK(""https://stackoverflow.com/a/64824669"", ""64824669"")",0.4188981224992305
"=HYPERLINK(""https://stackoverflow.com/a/65146294"", ""65146294"")",0.3713618015721266
"=HYPERLINK(""https://stackoverflow.com/a/66232565"", ""66232565"")",0.7702991452991451
"=HYPERLINK(""https://stackoverflow.com/a/66314884"", ""66314884"")",0.22222222222222215
"=HYPERLINK(""https://stackoverflow.com/a/66584536"", ""66584536"")",0.572871572871573
"=HYPERLINK(""https://stackoverflow.com/a/67427313"", ""67427313"")",0.28715728715728717
