"link","Correlation","score","view_count"
"=HYPERLINK(""https://stackoverflow.com/q/334429"", ""334429"")",0.4009552538964302,"1","1062"
"=HYPERLINK(""https://stackoverflow.com/q/378346"", ""378346"")",0.2234492160872528,"2","8098"
"=HYPERLINK(""https://stackoverflow.com/q/553003"", ""553003"")",0.4699286442405708,"4","19476"
"=HYPERLINK(""https://stackoverflow.com/q/555277"", ""555277"")",0.3385012919896639,"2","1920"
"=HYPERLINK(""https://stackoverflow.com/q/599845"", ""599845"")",0.5355862775217612,"2","738"
"=HYPERLINK(""https://stackoverflow.com/q/856786"", ""856786"")",0.2724821875601773,"1","1463"
"=HYPERLINK(""https://stackoverflow.com/q/963501"", ""963501"")",0.4308111792774366,"2","538"
"=HYPERLINK(""https://stackoverflow.com/q/977362"", ""977362"")",0.380772618598213,"1","1589"
"=HYPERLINK(""https://stackoverflow.com/q/1201045"", ""1201045"")",0.5685257241677475,"0","3425"
"=HYPERLINK(""https://stackoverflow.com/q/1624925"", ""1624925"")",0.3204040404040403,"0","1455"
"=HYPERLINK(""https://stackoverflow.com/q/2055286"", ""2055286"")",0.4034588959962095,"0","340"
"=HYPERLINK(""https://stackoverflow.com/q/2243788"", ""2243788"")",0.3018069973087274,"2","5092"
"=HYPERLINK(""https://stackoverflow.com/q/2479555"", ""2479555"")",0.451667728914383,"1","7613"
"=HYPERLINK(""https://stackoverflow.com/q/2508058"", ""2508058"")",0.7256704980842914,"1","3297"
"=HYPERLINK(""https://stackoverflow.com/q/2906916"", ""2906916"")",0.4089926502377862,"0","3276"
"=HYPERLINK(""https://stackoverflow.com/q/3100109"", ""3100109"")",0.723178245166773,"1","3398"
"=HYPERLINK(""https://stackoverflow.com/q/3581134"", ""3581134"")",0.5699410878202492,"0","1742"
"=HYPERLINK(""https://stackoverflow.com/q/3754056"", ""3754056"")",0.4018629407850964,"4","1514"
"=HYPERLINK(""https://stackoverflow.com/q/3967378"", ""3967378"")",0.4353937993452725,"0","5384"
"=HYPERLINK(""https://stackoverflow.com/q/3977102"", ""3977102"")",0.4671886651752424,"0","242"
"=HYPERLINK(""https://stackoverflow.com/q/4032811"", ""4032811"")",0.6099773242630386,"1","2189"
"=HYPERLINK(""https://stackoverflow.com/q/4042613"", ""4042613"")",0.91084497671324,"1","1545"
"=HYPERLINK(""https://stackoverflow.com/q/4436786"", ""4436786"")",0.4838501291989663,"0","2497"
"=HYPERLINK(""https://stackoverflow.com/q/4663369"", ""4663369"")",0.8369011213047911,"1","1573"
"=HYPERLINK(""https://stackoverflow.com/q/4683406"", ""4683406"")",0.9066484517304192,"1","2138"
"=HYPERLINK(""https://stackoverflow.com/q/4705116"", ""4705116"")",0.3492580528411147,"0","5803"
"=HYPERLINK(""https://stackoverflow.com/q/4732080"", ""4732080"")",0.6566245545837386,"1","6773"
"=HYPERLINK(""https://stackoverflow.com/q/5003346"", ""5003346"")",0.3962728551336142,"0","468"
"=HYPERLINK(""https://stackoverflow.com/q/5025578"", ""5025578"")",0.3167104111986004,"0","1355"
"=HYPERLINK(""https://stackoverflow.com/q/5029414"", ""5029414"")",0.722222222222222,"2","5918"
"=HYPERLINK(""https://stackoverflow.com/q/5321127"", ""5321127"")",0.6691248770894792,"1","3598"
"=HYPERLINK(""https://stackoverflow.com/q/5322424"", ""5322424"")",0.3981016192071466,"0","436"
"=HYPERLINK(""https://stackoverflow.com/q/5346762"", ""5346762"")",0.6544256120527305,"0","1651"
"=HYPERLINK(""https://stackoverflow.com/q/5384953"", ""5384953"")",0.4501633986928104,"1","1397"
"=HYPERLINK(""https://stackoverflow.com/q/5720157"", ""5720157"")",0.3394860658704307,"0","412"
"=HYPERLINK(""https://stackoverflow.com/q/5947324"", ""5947324"")",0.681505609844372,"2","2916"
"=HYPERLINK(""https://stackoverflow.com/q/5989295"", ""5989295"")",0.365079365079365,"3","2915"
"=HYPERLINK(""https://stackoverflow.com/q/6293760"", ""6293760"")",0.3622873688020269,"2","3300"
"=HYPERLINK(""https://stackoverflow.com/q/6628380"", ""6628380"")",0.3754480286738351,"0","1548"
"=HYPERLINK(""https://stackoverflow.com/q/6863611"", ""6863611"")",0.2222222222222222,"0","1289"
"=HYPERLINK(""https://stackoverflow.com/q/6899038"", ""6899038"")",0.5007936507936509,"0","143"
"=HYPERLINK(""https://stackoverflow.com/q/7121977"", ""7121977"")",0.6153620639108767,"1","1825"
"=HYPERLINK(""https://stackoverflow.com/q/7126939"", ""7126939"")",0.5161224070651058,"2","2022"
"=HYPERLINK(""https://stackoverflow.com/q/7142681"", ""7142681"")",0.4745299145299147,"0","593"
"=HYPERLINK(""https://stackoverflow.com/q/7157493"", ""7157493"")",0.6237000547345374,"0","315"
"=HYPERLINK(""https://stackoverflow.com/q/7342094"", ""7342094"")",0.452542921930677,"1","1531"
"=HYPERLINK(""https://stackoverflow.com/q/7460752"", ""7460752"")",0.4633289415898109,"0","2890"
"=HYPERLINK(""https://stackoverflow.com/q/7513616"", ""7513616"")",0.6432748538011697,"1","382"
"=HYPERLINK(""https://stackoverflow.com/q/7545603"", ""7545603"")",0.3364606328182487,"1","877"
"=HYPERLINK(""https://stackoverflow.com/q/7660665"", ""7660665"")",0.5722222222222219,"1","3371"
"=HYPERLINK(""https://stackoverflow.com/q/7710791"", ""7710791"")",0.5405613225682427,"2","5216"
"=HYPERLINK(""https://stackoverflow.com/q/7848773"", ""7848773"")",0.4770299145299145,"2","3756"
"=HYPERLINK(""https://stackoverflow.com/q/7912968"", ""7912968"")",0.324924924924925,"0","154"
"=HYPERLINK(""https://stackoverflow.com/q/7914628"", ""7914628"")",0.3984517304189436,"0","445"
"=HYPERLINK(""https://stackoverflow.com/q/7980011"", ""7980011"")",0.6349739000745714,"0","287"
"=HYPERLINK(""https://stackoverflow.com/q/8004055"", ""8004055"")",0.6282624906785983,"0","537"
"=HYPERLINK(""https://stackoverflow.com/q/8045212"", ""8045212"")",0.6977922547955121,"1","509"
"=HYPERLINK(""https://stackoverflow.com/q/8145817"", ""8145817"")",0.469381313131313,"0","343"
"=HYPERLINK(""https://stackoverflow.com/q/8444738"", ""8444738"")",0.671733622873688,"0","873"
"=HYPERLINK(""https://stackoverflow.com/q/8503859"", ""8503859"")",0.3916033297140789,"0","1896"
"=HYPERLINK(""https://stackoverflow.com/q/8532296"", ""8532296"")",0.566837606837607,"2","4529"
"=HYPERLINK(""https://stackoverflow.com/q/8568810"", ""8568810"")",0.4140826873385012,"0","185"
"=HYPERLINK(""https://stackoverflow.com/q/8586274"", ""8586274"")",0.2823488045007032,"2","3752"
"=HYPERLINK(""https://stackoverflow.com/q/8942508"", ""8942508"")",0.6229855810008483,"1","1505"
"=HYPERLINK(""https://stackoverflow.com/q/8973198"", ""8973198"")",0.7985581000848176,"1","1466"
"=HYPERLINK(""https://stackoverflow.com/q/8975565"", ""8975565"")",0.6185355862775216,"0","1280"
"=HYPERLINK(""https://stackoverflow.com/q/9070749"", ""9070749"")",0.5446403582423731,"0","4102"
"=HYPERLINK(""https://stackoverflow.com/q/9144268"", ""9144268"")",0.3286052009456265,"1","331"
"=HYPERLINK(""https://stackoverflow.com/q/9151448"", ""9151448"")",0.4242136873715821,"4","2766"
"=HYPERLINK(""https://stackoverflow.com/q/9188964"", ""9188964"")",0.4951035781544255,"1","2066"
"=HYPERLINK(""https://stackoverflow.com/q/9272226"", ""9272226"")",0.540269559500329,"1","1072"
"=HYPERLINK(""https://stackoverflow.com/q/9291779"", ""9291779"")",0.5012919896640828,"2","7131"
"=HYPERLINK(""https://stackoverflow.com/q/9530603"", ""9530603"")",0.5384473877851361,"3","2215"
"=HYPERLINK(""https://stackoverflow.com/q/9582812"", ""9582812"")",0.4414373778379192,"1","6304"
"=HYPERLINK(""https://stackoverflow.com/q/9634013"", ""9634013"")",0.4971667898497166,"0","682"
"=HYPERLINK(""https://stackoverflow.com/q/9769453"", ""9769453"")",0.2820813771517996,"0","2643"
"=HYPERLINK(""https://stackoverflow.com/q/9802996"", ""9802996"")",0.6906432748538014,"0","6057"
"=HYPERLINK(""https://stackoverflow.com/q/9805356"", ""9805356"")",0.6259879125987908,"1","1472"
"=HYPERLINK(""https://stackoverflow.com/q/9840638"", ""9840638"")",0.4289891395154551,"0","8481"
"=HYPERLINK(""https://stackoverflow.com/q/9891511"", ""9891511"")",0.560290404040404,"2","450"
"=HYPERLINK(""https://stackoverflow.com/q/9909047"", ""9909047"")",0.4830025096965548,"1","1447"
"=HYPERLINK(""https://stackoverflow.com/q/9942608"", ""9942608"")",0.5174251742517427,"0","2879"
"=HYPERLINK(""https://stackoverflow.com/q/9956133"", ""9956133"")",0.5766374966852292,"1","910"
"=HYPERLINK(""https://stackoverflow.com/q/10140909"", ""10140909"")",0.7763783935068568,"2","187"
"=HYPERLINK(""https://stackoverflow.com/q/10198047"", ""10198047"")",0.2537954394241819,"0","5740"
"=HYPERLINK(""https://stackoverflow.com/q/10221356"", ""10221356"")",0.3628472222222226,"1","1163"
"=HYPERLINK(""https://stackoverflow.com/q/10372811"", ""10372811"")",0.3302554632194522,"3","3526"
"=HYPERLINK(""https://stackoverflow.com/q/10451311"", ""10451311"")",0.3715728715728713,"1","449"
"=HYPERLINK(""https://stackoverflow.com/q/10464664"", ""10464664"")",0.7084922451055172,"1","1415"
"=HYPERLINK(""https://stackoverflow.com/q/10466281"", ""10466281"")",0.8381162619573218,"1","1077"
"=HYPERLINK(""https://stackoverflow.com/q/10672956"", ""10672956"")",0.3914529914529915,"0","3079"
"=HYPERLINK(""https://stackoverflow.com/q/10735458"", ""10735458"")",0.8391053391053389,"0","151"
"=HYPERLINK(""https://stackoverflow.com/q/10780070"", ""10780070"")",0.5541371158392435,"1","1606"
"=HYPERLINK(""https://stackoverflow.com/q/10786057"", ""10786057"")",0.3962728551336147,"0","697"
"=HYPERLINK(""https://stackoverflow.com/q/10998495"", ""10998495"")",0.4733171127331712,"1","382"
"=HYPERLINK(""https://stackoverflow.com/q/11008254"", ""11008254"")",0.4194540561322568,"1","103"
"=HYPERLINK(""https://stackoverflow.com/q/11038450"", ""11038450"")",0.6357357357357358,"0","842"
"=HYPERLINK(""https://stackoverflow.com/q/11106004"", ""11106004"")",0.3443596268023751,"0","498"
"=HYPERLINK(""https://stackoverflow.com/q/11259678"", ""11259678"")",0.6863106200122775,"0","916"
"=HYPERLINK(""https://stackoverflow.com/q/11267590"", ""11267590"")",0.5336409073433297,"0","5790"
"=HYPERLINK(""https://stackoverflow.com/q/11315289"", ""11315289"")",0.4246762099522836,"1","283"
"=HYPERLINK(""https://stackoverflow.com/q/11456428"", ""11456428"")",0.4786957117413343,"0","5705"
"=HYPERLINK(""https://stackoverflow.com/q/11555486"", ""11555486"")",0.6853801169590646,"0","190"
"=HYPERLINK(""https://stackoverflow.com/q/11664834"", ""11664834"")",0.6035781544256118,"0","113"
"=HYPERLINK(""https://stackoverflow.com/q/11829063"", ""11829063"")",0.4705592510470556,"0","2736"
"=HYPERLINK(""https://stackoverflow.com/q/11829910"", ""11829910"")",0.890118901189012,"1","1078"
"=HYPERLINK(""https://stackoverflow.com/q/11933282"", ""11933282"")",0.397479954180985,"0","974"
"=HYPERLINK(""https://stackoverflow.com/q/12033628"", ""12033628"")",0.6573367260390163,"0","337"
"=HYPERLINK(""https://stackoverflow.com/q/12068256"", ""12068256"")",0.6113351254480288,"0","2356"
"=HYPERLINK(""https://stackoverflow.com/q/12068619"", ""12068619"")",0.4837606837606839,"2","4513"
"=HYPERLINK(""https://stackoverflow.com/q/12069591"", ""12069591"")",0.5256704980842913,"0","642"
"=HYPERLINK(""https://stackoverflow.com/q/12087702"", ""12087702"")",0.631618195376585,"0","65"
"=HYPERLINK(""https://stackoverflow.com/q/12104177"", ""12104177"")",0.3947885939036382,"0","2435"
"=HYPERLINK(""https://stackoverflow.com/q/12275513"", ""12275513"")",0.6845337800111666,"0","92"
"=HYPERLINK(""https://stackoverflow.com/q/12346467"", ""12346467"")",0.9588634435962684,"0","8672"
"=HYPERLINK(""https://stackoverflow.com/q/12451226"", ""12451226"")",0.9399003224860746,"0","1480"
"=HYPERLINK(""https://stackoverflow.com/q/12473465"", ""12473465"")",0.5766526019690575,"0","2341"
"=HYPERLINK(""https://stackoverflow.com/q/12476647"", ""12476647"")",0.7436328015673102,"0","3676"
"=HYPERLINK(""https://stackoverflow.com/q/12560125"", ""12560125"")",0.4251510925151091,"0","1548"
"=HYPERLINK(""https://stackoverflow.com/q/12583953"", ""12583953"")",0.5344751866490994,"2","5687"
"=HYPERLINK(""https://stackoverflow.com/q/12632956"", ""12632956"")",0.6191687871077185,"1","785"
"=HYPERLINK(""https://stackoverflow.com/q/12634866"", ""12634866"")",0.4606328182487124,"1","3479"
"=HYPERLINK(""https://stackoverflow.com/q/12673595"", ""12673595"")",0.3839243498817967,"2","1350"
"=HYPERLINK(""https://stackoverflow.com/q/12708167"", ""12708167"")",0.7936507936507934,"1","1844"
"=HYPERLINK(""https://stackoverflow.com/q/12720895"", ""12720895"")",0.4111390987965292,"2","196"
"=HYPERLINK(""https://stackoverflow.com/q/12724715"", ""12724715"")",0.6507936507936509,"1","4159"
"=HYPERLINK(""https://stackoverflow.com/q/12749527"", ""12749527"")",0.4647371922821023,"1","230"
"=HYPERLINK(""https://stackoverflow.com/q/12867478"", ""12867478"")",0.318030605455755,"0","215"
"=HYPERLINK(""https://stackoverflow.com/q/12946128"", ""12946128"")",0.5979128299570289,"0","165"
"=HYPERLINK(""https://stackoverflow.com/q/12983605"", ""12983605"")",0.3820582877959929,"0","1294"
"=HYPERLINK(""https://stackoverflow.com/q/13181196"", ""13181196"")",0.5788487282463184,"0","6065"
"=HYPERLINK(""https://stackoverflow.com/q/13280280"", ""13280280"")",0.6537091026886946,"0","513"
"=HYPERLINK(""https://stackoverflow.com/q/13290155"", ""13290155"")",0.5234270414993304,"0","2547"
"=HYPERLINK(""https://stackoverflow.com/q/13387594"", ""13387594"")",0.4969210174029449,"0","5603"
"=HYPERLINK(""https://stackoverflow.com/q/13457114"", ""13457114"")",0.4416217603284577,"1","5426"
"=HYPERLINK(""https://stackoverflow.com/q/13504623"", ""13504623"")",0.6404914529914532,"1","464"
"=HYPERLINK(""https://stackoverflow.com/q/13528947"", ""13528947"")",0.3028944911297852,"2","1745"
"=HYPERLINK(""https://stackoverflow.com/q/13608001"", ""13608001"")",0.6333009394233886,"1","367"
"=HYPERLINK(""https://stackoverflow.com/q/13615576"", ""13615576"")",0.3027591349739003,"2","388"
"=HYPERLINK(""https://stackoverflow.com/q/13686810"", ""13686810"")",0.4515415939499708,"1","1409"
"=HYPERLINK(""https://stackoverflow.com/q/13967764"", ""13967764"")",0.6778872468527638,"0","1445"
"=HYPERLINK(""https://stackoverflow.com/q/14042922"", ""14042922"")",0.7536791758646066,"1","3957"
"=HYPERLINK(""https://stackoverflow.com/q/14151113"", ""14151113"")",0.4136354601470882,"3","1938"
"=HYPERLINK(""https://stackoverflow.com/q/14493509"", ""14493509"")",0.4026570048309176,"1","1501"
"=HYPERLINK(""https://stackoverflow.com/q/14523655"", ""14523655"")",0.3227421528981323,"1","1077"
"=HYPERLINK(""https://stackoverflow.com/q/14630534"", ""14630534"")",0.5313131313131313,"2","3809"
"=HYPERLINK(""https://stackoverflow.com/q/14642875"", ""14642875"")",0.3552599162355259,"1","153"
"=HYPERLINK(""https://stackoverflow.com/q/14757667"", ""14757667"")",0.3976068376068378,"3","1838"
"=HYPERLINK(""https://stackoverflow.com/q/14847590"", ""14847590"")",0.1588738059326294,"0","790"
"=HYPERLINK(""https://stackoverflow.com/q/14878100"", ""14878100"")",0.4400793650793652,"1","783"
"=HYPERLINK(""https://stackoverflow.com/q/14931792"", ""14931792"")",0.4751405101599653,"0","518"
"=HYPERLINK(""https://stackoverflow.com/q/15063336"", ""15063336"")",0.3947068218115442,"1","3381"
"=HYPERLINK(""https://stackoverflow.com/q/15089246"", ""15089246"")",0.7767155300616106,"0","177"
"=HYPERLINK(""https://stackoverflow.com/q/15233628"", ""15233628"")",0.439613526570048,"1","667"
"=HYPERLINK(""https://stackoverflow.com/q/15243413"", ""15243413"")",0.5867230146152492,"0","1767"
"=HYPERLINK(""https://stackoverflow.com/q/15255608"", ""15255608"")",0.3235606543445932,"0","586"
"=HYPERLINK(""https://stackoverflow.com/q/15255705"", ""15255705"")",0.5115839243498818,"2","437"
"=HYPERLINK(""https://stackoverflow.com/q/15345910"", ""15345910"")",0.4504980842911876,"1","1450"
"=HYPERLINK(""https://stackoverflow.com/q/15364018"", ""15364018"")",0.3637390322300408,"3","3263"
"=HYPERLINK(""https://stackoverflow.com/q/15497368"", ""15497368"")",0.6710858585858581,"0","1655"
"=HYPERLINK(""https://stackoverflow.com/q/15633678"", ""15633678"")",0.4695569770196637,"0","312"
"=HYPERLINK(""https://stackoverflow.com/q/15634946"", ""15634946"")",0.5708137715179972,"0","224"
"=HYPERLINK(""https://stackoverflow.com/q/15650353"", ""15650353"")",0.7660010240655398,"0","568"
"=HYPERLINK(""https://stackoverflow.com/q/15681581"", ""15681581"")",0.6603665521191294,"0","2231"
"=HYPERLINK(""https://stackoverflow.com/q/15715645"", ""15715645"")",0.935024990388312,"0","7537"
"=HYPERLINK(""https://stackoverflow.com/q/15747439"", ""15747439"")",0.3835125448028675,"2","185"
"=HYPERLINK(""https://stackoverflow.com/q/15944202"", ""15944202"")",0.4817642069550468,"0","5553"
"=HYPERLINK(""https://stackoverflow.com/q/16108676"", ""16108676"")",0.671763506625892,"1","1190"
"=HYPERLINK(""https://stackoverflow.com/q/16141024"", ""16141024"")",0.4654128837008213,"0","1252"
"=HYPERLINK(""https://stackoverflow.com/q/16243464"", ""16243464"")",0.563526570048309,"0","3476"
"=HYPERLINK(""https://stackoverflow.com/q/16329683"", ""16329683"")",0.6573367260390163,"1","2732"
"=HYPERLINK(""https://stackoverflow.com/q/16353221"", ""16353221"")",0.5173041894353371,"1","561"
"=HYPERLINK(""https://stackoverflow.com/q/16458642"", ""16458642"")",0.5290404040404038,"0","481"
"=HYPERLINK(""https://stackoverflow.com/q/16461143"", ""16461143"")",0.6463467358408993,"0","570"
"=HYPERLINK(""https://stackoverflow.com/q/16678449"", ""16678449"")",0.5690856908569086,"2","320"
"=HYPERLINK(""https://stackoverflow.com/q/16688864"", ""16688864"")",0.4338091239854461,"0","2548"
"=HYPERLINK(""https://stackoverflow.com/q/16694009"", ""16694009"")",0.2270492535979263,"1","2023"
"=HYPERLINK(""https://stackoverflow.com/q/16806157"", ""16806157"")",0.708647561588738,"1","1796"
"=HYPERLINK(""https://stackoverflow.com/q/16817141"", ""16817141"")",0.6205273069679847,"0","575"
"=HYPERLINK(""https://stackoverflow.com/q/16825118"", ""16825118"")",0.4799541809851087,"0","194"
"=HYPERLINK(""https://stackoverflow.com/q/16854597"", ""16854597"")",0.5839665235106267,"0","1722"
"=HYPERLINK(""https://stackoverflow.com/q/16923668"", ""16923668"")",0.3671238322401113,"0","4823"
"=HYPERLINK(""https://stackoverflow.com/q/16967973"", ""16967973"")",0.8913398692810457,"1","1114"
"=HYPERLINK(""https://stackoverflow.com/q/16984804"", ""16984804"")",0.4730365544697791,"0","686"
"=HYPERLINK(""https://stackoverflow.com/q/17031114"", ""17031114"")",0.4376918354818907,"0","5460"
"=HYPERLINK(""https://stackoverflow.com/q/17043245"", ""17043245"")",0.7164082687338499,"1","990"
"=HYPERLINK(""https://stackoverflow.com/q/17084324"", ""17084324"")",0.3514529914529916,"4","109"
"=HYPERLINK(""https://stackoverflow.com/q/17087281"", ""17087281"")",0.3958485958485958,"0","2714"
"=HYPERLINK(""https://stackoverflow.com/q/17229105"", ""17229105"")",0.7851220090026063,"3","5106"
"=HYPERLINK(""https://stackoverflow.com/q/17288378"", ""17288378"")",0.4130619168787108,"0","239"
"=HYPERLINK(""https://stackoverflow.com/q/17306168"", ""17306168"")",0.6009456264775414,"0","885"
"=HYPERLINK(""https://stackoverflow.com/q/17342354"", ""17342354"")",0.5931313131313131,"0","1656"
"=HYPERLINK(""https://stackoverflow.com/q/17345406"", ""17345406"")",0.4644018387711627,"0","1981"
"=HYPERLINK(""https://stackoverflow.com/q/17392222"", ""17392222"")",0.4249871991807474,"0","1306"
"=HYPERLINK(""https://stackoverflow.com/q/17482597"", ""17482597"")",0.3928809048569525,"2","1421"
"=HYPERLINK(""https://stackoverflow.com/q/17492706"", ""17492706"")",0.6526345933562427,"2","1265"
"=HYPERLINK(""https://stackoverflow.com/q/17572845"", ""17572845"")",0.4751866490996924,"0","2696"
"=HYPERLINK(""https://stackoverflow.com/q/17588249"", ""17588249"")",0.4876107186904362,"0","503"
"=HYPERLINK(""https://stackoverflow.com/q/17608812"", ""17608812"")",0.3672603901611536,"0","1163"
"=HYPERLINK(""https://stackoverflow.com/q/17657315"", ""17657315"")",0.5673549655850543,"0","669"
"=HYPERLINK(""https://stackoverflow.com/q/17729162"", ""17729162"")",0.5877253023043577,"2","376"
"=HYPERLINK(""https://stackoverflow.com/q/17807017"", ""17807017"")",0.6123824052885838,"0","484"
"=HYPERLINK(""https://stackoverflow.com/q/17828293"", ""17828293"")",0.936321438932405,"0","953"
"=HYPERLINK(""https://stackoverflow.com/q/17830154"", ""17830154"")",0.7222222222222225,"0","542"
"=HYPERLINK(""https://stackoverflow.com/q/17926187"", ""17926187"")",0.5419896640826871,"0","672"
"=HYPERLINK(""https://stackoverflow.com/q/17944339"", ""17944339"")",0.5050318340521668,"0","4918"
"=HYPERLINK(""https://stackoverflow.com/q/18089166"", ""18089166"")",0.665521191294387,"0","1229"
"=HYPERLINK(""https://stackoverflow.com/q/18100786"", ""18100786"")",0.197752401667573,"2","222"
"=HYPERLINK(""https://stackoverflow.com/q/18116557"", ""18116557"")",0.3424753867791841,"0","1700"
"=HYPERLINK(""https://stackoverflow.com/q/18216519"", ""18216519"")",0.5604040404040403,"1","658"
"=HYPERLINK(""https://stackoverflow.com/q/18273024"", ""18273024"")",0.5082532643508252,"0","83"
"=HYPERLINK(""https://stackoverflow.com/q/18354067"", ""18354067"")",0.3712606837606839,"0","562"
"=HYPERLINK(""https://stackoverflow.com/q/18395980"", ""18395980"")",0.5448028673835125,"3","811"
"=HYPERLINK(""https://stackoverflow.com/q/18410938"", ""18410938"")",0.7370005473453747,"1","2463"
"=HYPERLINK(""https://stackoverflow.com/q/18434741"", ""18434741"")",0.4977854804544582,"1","788"
"=HYPERLINK(""https://stackoverflow.com/q/18450199"", ""18450199"")",0.3347998619737751,"0","1071"
"=HYPERLINK(""https://stackoverflow.com/q/18483858"", ""18483858"")",0.6403109594235873,"0","473"
"=HYPERLINK(""https://stackoverflow.com/q/18497521"", ""18497521"")",0.5722222222222222,"1","738"
"=HYPERLINK(""https://stackoverflow.com/q/18600262"", ""18600262"")",0.4606030318174247,"1","2657"
"=HYPERLINK(""https://stackoverflow.com/q/18664911"", ""18664911"")",0.4535797748034842,"1","1578"
"=HYPERLINK(""https://stackoverflow.com/q/18712881"", ""18712881"")",0.3948840927258194,"0","1230"
"=HYPERLINK(""https://stackoverflow.com/q/18765910"", ""18765910"")",0.902961008501906,"1","2669"
"=HYPERLINK(""https://stackoverflow.com/q/18800024"", ""18800024"")",0.2237630542715288,"1","692"
"=HYPERLINK(""https://stackoverflow.com/q/18827398"", ""18827398"")",0.644855016679497,"1","810"
"=HYPERLINK(""https://stackoverflow.com/q/18849153"", ""18849153"")",0.3768613974799541,"2","149"
"=HYPERLINK(""https://stackoverflow.com/q/18868050"", ""18868050"")",0.5176068376068378,"0","852"
"=HYPERLINK(""https://stackoverflow.com/q/18877211"", ""18877211"")",0.1890589569160997,"0","386"
"=HYPERLINK(""https://stackoverflow.com/q/19009532"", ""19009532"")",0.9534475186649096,"0","884"
"=HYPERLINK(""https://stackoverflow.com/q/19029379"", ""19029379"")",0.3107831078310783,"0","499"
"=HYPERLINK(""https://stackoverflow.com/q/19111421"", ""19111421"")",0.8865079365079364,"0","345"
"=HYPERLINK(""https://stackoverflow.com/q/19218516"", ""19218516"")",0.7448352875488552,"0","1661"
"=HYPERLINK(""https://stackoverflow.com/q/19253189"", ""19253189"")",0.5571619812583666,"0","1755"
"=HYPERLINK(""https://stackoverflow.com/q/19263184"", ""19263184"")",0.4775413711583925,"0","958"
"=HYPERLINK(""https://stackoverflow.com/q/19303438"", ""19303438"")",0.4086446360153259,"0","196"
"=HYPERLINK(""https://stackoverflow.com/q/19325346"", ""19325346"")",0.4160683760683762,"0","100"
"=HYPERLINK(""https://stackoverflow.com/q/19361845"", ""19361845"")",0.4749938408474993,"0","2964"
"=HYPERLINK(""https://stackoverflow.com/q/19512391"", ""19512391"")",0.4601470880540648,"0","168"
"=HYPERLINK(""https://stackoverflow.com/q/19544373"", ""19544373"")",0.290307328605201,"0","146"
"=HYPERLINK(""https://stackoverflow.com/q/19547226"", ""19547226"")",0.3981258366800534,"0","161"
"=HYPERLINK(""https://stackoverflow.com/q/19766009"", ""19766009"")",0.9384851980007688,"0","919"
"=HYPERLINK(""https://stackoverflow.com/q/19982371"", ""19982371"")",0.7705176767676768,"1","2215"
"=HYPERLINK(""https://stackoverflow.com/q/20093052"", ""20093052"")",0.3671085858585858,"0","121"
"=HYPERLINK(""https://stackoverflow.com/q/20093140"", ""20093140"")",0.4583845838458387,"0","84"
"=HYPERLINK(""https://stackoverflow.com/q/20117981"", ""20117981"")",0.3248916267396759,"0","881"
"=HYPERLINK(""https://stackoverflow.com/q/20122021"", ""20122021"")",0.4955786236063053,"0","190"
"=HYPERLINK(""https://stackoverflow.com/q/20188990"", ""20188990"")",0.3939489774404387,"0","260"
"=HYPERLINK(""https://stackoverflow.com/q/20222821"", ""20222821"")",0.4680632573423701,"0","307"
"=HYPERLINK(""https://stackoverflow.com/q/20260020"", ""20260020"")",0.4524994077232884,"1","702"
"=HYPERLINK(""https://stackoverflow.com/q/20345951"", ""20345951"")",0.5820838139177238,"0","670"
"=HYPERLINK(""https://stackoverflow.com/q/20384677"", ""20384677"")",0.4111303678028117,"1","221"
"=HYPERLINK(""https://stackoverflow.com/q/20395708"", ""20395708"")",0.589310829817159,"1","177"
"=HYPERLINK(""https://stackoverflow.com/q/20490663"", ""20490663"")",0.4945113788487285,"0","147"
"=HYPERLINK(""https://stackoverflow.com/q/20565661"", ""20565661"")",0.3696674776966752,"3","5056"
"=HYPERLINK(""https://stackoverflow.com/q/20630651"", ""20630651"")",0.5901467505241093,"0","401"
"=HYPERLINK(""https://stackoverflow.com/q/20693110"", ""20693110"")",0.2409387997623292,"0","2003"
"=HYPERLINK(""https://stackoverflow.com/q/20707015"", ""20707015"")",0.4620746207462075,"0","1430"
"=HYPERLINK(""https://stackoverflow.com/q/20761123"", ""20761123"")",0.8623606305267203,"3","4107"
"=HYPERLINK(""https://stackoverflow.com/q/20967128"", ""20967128"")",0.5050091074681241,"0","1091"
"=HYPERLINK(""https://stackoverflow.com/q/20992130"", ""20992130"")",0.8679786797867979,"2","2253"
"=HYPERLINK(""https://stackoverflow.com/q/21113166"", ""21113166"")",0.6153620639108769,"0","1352"
"=HYPERLINK(""https://stackoverflow.com/q/21259039"", ""21259039"")",0.820323488045007,"1","2183"
"=HYPERLINK(""https://stackoverflow.com/q/21366412"", ""21366412"")",0.5662843753853746,"0","1513"
"=HYPERLINK(""https://stackoverflow.com/q/21411419"", ""21411419"")",0.3576068376068376,"0","1633"
"=HYPERLINK(""https://stackoverflow.com/q/21441050"", ""21441050"")",0.4263642340565419,"0","602"
"=HYPERLINK(""https://stackoverflow.com/q/21460435"", ""21460435"")",0.2932794145965725,"0","896"
"=HYPERLINK(""https://stackoverflow.com/q/21522630"", ""21522630"")",0.6308464522016881,"1","1053"
"=HYPERLINK(""https://stackoverflow.com/q/21527406"", ""21527406"")",0.4537397319498486,"1","776"
"=HYPERLINK(""https://stackoverflow.com/q/21568599"", ""21568599"")",0.2860877684407095,"0","142"
"=HYPERLINK(""https://stackoverflow.com/q/21580255"", ""21580255"")",0.5909722222222223,"0","898"
"=HYPERLINK(""https://stackoverflow.com/q/21597724"", ""21597724"")",0.5115775445610529,"0","1306"
"=HYPERLINK(""https://stackoverflow.com/q/21646642"", ""21646642"")",0.766903073286052,"0","1317"
"=HYPERLINK(""https://stackoverflow.com/q/21679830"", ""21679830"")",0.321024617431803,"0","68"
"=HYPERLINK(""https://stackoverflow.com/q/21696941"", ""21696941"")",0.8722222222222221,"0","1135"
"=HYPERLINK(""https://stackoverflow.com/q/21697106"", ""21697106"")",0.5271262733949302,"0","191"
"=HYPERLINK(""https://stackoverflow.com/q/21705858"", ""21705858"")",0.721156124141199,"1","919"
"=HYPERLINK(""https://stackoverflow.com/q/21822746"", ""21822746"")",0.4984653161448742,"0","108"
"=HYPERLINK(""https://stackoverflow.com/q/21832250"", ""21832250"")",0.6115079365079364,"0","167"
"=HYPERLINK(""https://stackoverflow.com/q/21832936"", ""21832936"")",0.5301692420897721,"1","372"
"=HYPERLINK(""https://stackoverflow.com/q/21879911"", ""21879911"")",0.7421085858585859,"0","2254"
"=HYPERLINK(""https://stackoverflow.com/q/21932146"", ""21932146"")",0.3600986089100193,"1","1754"
"=HYPERLINK(""https://stackoverflow.com/q/22142690"", ""22142690"")",0.2283874503356623,"1","172"
"=HYPERLINK(""https://stackoverflow.com/q/22151931"", ""22151931"")",0.4432166973603438,"1","133"
"=HYPERLINK(""https://stackoverflow.com/q/22155319"", ""22155319"")",0.3724198506807201,"1","246"
"=HYPERLINK(""https://stackoverflow.com/q/22158196"", ""22158196"")",0.4576307825335061,"1","637"
"=HYPERLINK(""https://stackoverflow.com/q/22242840"", ""22242840"")",0.5178743961352654,"0","439"
"=HYPERLINK(""https://stackoverflow.com/q/22255056"", ""22255056"")",0.3784722222222223,"3","2020"
"=HYPERLINK(""https://stackoverflow.com/q/22297524"", ""22297524"")",0.6077184054283292,"1","125"
"=HYPERLINK(""https://stackoverflow.com/q/22400092"", ""22400092"")",0.464775413711584,"2","714"
"=HYPERLINK(""https://stackoverflow.com/q/22423795"", ""22423795"")",0.618149824032177,"2","2514"
"=HYPERLINK(""https://stackoverflow.com/q/22474548"", ""22474548"")",0.4894491129785247,"0","456"
"=HYPERLINK(""https://stackoverflow.com/q/22614562"", ""22614562"")",0.4356609574000878,"2","2358"
"=HYPERLINK(""https://stackoverflow.com/q/22631392"", ""22631392"")",0.5505804311774462,"2","1339"
"=HYPERLINK(""https://stackoverflow.com/q/22640156"", ""22640156"")",0.500631313131313,"0","919"
"=HYPERLINK(""https://stackoverflow.com/q/22762763"", ""22762763"")",0.3026702873953382,"0","1733"
"=HYPERLINK(""https://stackoverflow.com/q/22903174"", ""22903174"")",0.2464042990358779,"1","805"
"=HYPERLINK(""https://stackoverflow.com/q/22906948"", ""22906948"")",0.7236072637734687,"0","565"
"=HYPERLINK(""https://stackoverflow.com/q/22930733"", ""22930733"")",0.7821024617431802,"2","1033"
"=HYPERLINK(""https://stackoverflow.com/q/22953644"", ""22953644"")",0.384958071278826,"6","4541"
"=HYPERLINK(""https://stackoverflow.com/q/22958053"", ""22958053"")",0.4437205935577271,"0","287"
"=HYPERLINK(""https://stackoverflow.com/q/23009817"", ""23009817"")",0.2985581000848178,"0","907"
"=HYPERLINK(""https://stackoverflow.com/q/23122306"", ""23122306"")",0.7521761392729132,"0","949"
"=HYPERLINK(""https://stackoverflow.com/q/23138776"", ""23138776"")",0.4203354297693921,"1","1732"
"=HYPERLINK(""https://stackoverflow.com/q/23288598"", ""23288598"")",0.8327485380116961,"1","1074"
"=HYPERLINK(""https://stackoverflow.com/q/23296133"", ""23296133"")",0.7079365079365081,"0","174"
"=HYPERLINK(""https://stackoverflow.com/q/23308988"", ""23308988"")",0.731715893108298,"0","621"
"=HYPERLINK(""https://stackoverflow.com/q/23460736"", ""23460736"")",0.5255009107468125,"2","89"
"=HYPERLINK(""https://stackoverflow.com/q/23493132"", ""23493132"")",0.5780895691609976,"0","123"
"=HYPERLINK(""https://stackoverflow.com/q/23563164"", ""23563164"")",0.287087087087087,"0","514"
"=HYPERLINK(""https://stackoverflow.com/q/23648511"", ""23648511"")",0.7885939036381514,"1","6152"
"=HYPERLINK(""https://stackoverflow.com/q/23670971"", ""23670971"")",0.2785602503912364,"0","1122"
"=HYPERLINK(""https://stackoverflow.com/q/23737786"", ""23737786"")",0.8741559238796808,"0","170"
"=HYPERLINK(""https://stackoverflow.com/q/23778740"", ""23778740"")",0.722222222222222,"1","1021"
"=HYPERLINK(""https://stackoverflow.com/q/23780431"", ""23780431"")",0.8166922683051712,"1","827"
"=HYPERLINK(""https://stackoverflow.com/q/23816862"", ""23816862"")",0.5540806293018683,"2","2391"
"=HYPERLINK(""https://stackoverflow.com/q/23832578"", ""23832578"")",0.3323917137476458,"0","580"
"=HYPERLINK(""https://stackoverflow.com/q/23849774"", ""23849774"")",0.3916033297140789,"1","119"
"=HYPERLINK(""https://stackoverflow.com/q/23895168"", ""23895168"")",0.3115593980147295,"1","306"
"=HYPERLINK(""https://stackoverflow.com/q/23918027"", ""23918027"")",0.6197632058287796,"2","856"
"=HYPERLINK(""https://stackoverflow.com/q/23942642"", ""23942642"")",0.6496415770609321,"1","3129"
"=HYPERLINK(""https://stackoverflow.com/q/23949465"", ""23949465"")",0.5436507936507938,"0","771"
"=HYPERLINK(""https://stackoverflow.com/q/23955442"", ""23955442"")",0.5321004360246581,"1","454"
"=HYPERLINK(""https://stackoverflow.com/q/23973328"", ""23973328"")",0.3526570048309176,"1","321"
"=HYPERLINK(""https://stackoverflow.com/q/24041906"", ""24041906"")",0.5134394795411744,"2","862"
"=HYPERLINK(""https://stackoverflow.com/q/24152606"", ""24152606"")",0.3251161128974635,"2","1275"
"=HYPERLINK(""https://stackoverflow.com/q/24157084"", ""24157084"")",0.5373973194984868,"0","385"
"=HYPERLINK(""https://stackoverflow.com/q/24164995"", ""24164995"")",0.3423146009751091,"0","217"
"=HYPERLINK(""https://stackoverflow.com/q/24178939"", ""24178939"")",0.5052991452991454,"0","924"
"=HYPERLINK(""https://stackoverflow.com/q/24186881"", ""24186881"")",0.4542664211172499,"1","116"
"=HYPERLINK(""https://stackoverflow.com/q/24285245"", ""24285245"")",0.3917874396135263,"0","69"
"=HYPERLINK(""https://stackoverflow.com/q/24329560"", ""24329560"")",0.8279914529914529,"1","1293"
"=HYPERLINK(""https://stackoverflow.com/q/24390737"", ""24390737"")",0.6796479647964796,"0","713"
"=HYPERLINK(""https://stackoverflow.com/q/24401308"", ""24401308"")",0.7032717849044383,"0","691"
"=HYPERLINK(""https://stackoverflow.com/q/24605030"", ""24605030"")",0.7322000492732196,"1","759"
"=HYPERLINK(""https://stackoverflow.com/q/24658526"", ""24658526"")",0.5107597716293366,"1","81"
"=HYPERLINK(""https://stackoverflow.com/q/24677715"", ""24677715"")",0.379438717067583,"0","741"
"=HYPERLINK(""https://stackoverflow.com/q/24720820"", ""24720820"")",0.6873095040177332,"0","725"
"=HYPERLINK(""https://stackoverflow.com/q/24740170"", ""24740170"")",0.5668005354752341,"0","818"
"=HYPERLINK(""https://stackoverflow.com/q/24750613"", ""24750613"")",0.4655138143510235,"2","1001"
"=HYPERLINK(""https://stackoverflow.com/q/24752709"", ""24752709"")",0.5146750524109015,"0","393"
"=HYPERLINK(""https://stackoverflow.com/q/24761446"", ""24761446"")",0.6416853094705447,"1","566"
"=HYPERLINK(""https://stackoverflow.com/q/24774393"", ""24774393"")",0.5546085858585857,"0","114"
"=HYPERLINK(""https://stackoverflow.com/q/24817597"", ""24817597"")",0.5246174318030602,"0","1141"
"=HYPERLINK(""https://stackoverflow.com/q/24889469"", ""24889469"")",0.5995807127882601,"1","712"
"=HYPERLINK(""https://stackoverflow.com/q/24894215"", ""24894215"")",0.4823028673835123,"0","77"
"=HYPERLINK(""https://stackoverflow.com/q/24919586"", ""24919586"")",0.3425347222222223,"1","2478"
"=HYPERLINK(""https://stackoverflow.com/q/24927710"", ""24927710"")",0.4493038033828616,"1","295"
"=HYPERLINK(""https://stackoverflow.com/q/24951343"", ""24951343"")",0.3885193397388518,"3","298"
"=HYPERLINK(""https://stackoverflow.com/q/25083839"", ""25083839"")",0.8161819537658466,"0","117"
"=HYPERLINK(""https://stackoverflow.com/q/25164440"", ""25164440"")",0.4269466316710412,"0","200"
"=HYPERLINK(""https://stackoverflow.com/q/25361780"", ""25361780"")",0.5374931581828131,"1","329"
"=HYPERLINK(""https://stackoverflow.com/q/25384148"", ""25384148"")",0.5690856908569087,"1","630"
"=HYPERLINK(""https://stackoverflow.com/q/25420873"", ""25420873"")",0.744389709906951,"2","6131"
"=HYPERLINK(""https://stackoverflow.com/q/25445897"", ""25445897"")",0.3421317244846656,"0","1076"
"=HYPERLINK(""https://stackoverflow.com/q/25464185"", ""25464185"")",0.401050588100948,"1","180"
"=HYPERLINK(""https://stackoverflow.com/q/25492827"", ""25492827"")",0.2848340290200756,"1","572"
"=HYPERLINK(""https://stackoverflow.com/q/25502230"", ""25502230"")",0.6024202420242023,"0","1244"
"=HYPERLINK(""https://stackoverflow.com/q/25622500"", ""25622500"")",0.5809178743961351,"1","445"
"=HYPERLINK(""https://stackoverflow.com/q/25641227"", ""25641227"")",0.9462788259958074,"0","499"
"=HYPERLINK(""https://stackoverflow.com/q/25643934"", ""25643934"")",0.6686507936507937,"0","1200"
"=HYPERLINK(""https://stackoverflow.com/q/25797134"", ""25797134"")",0.4395474501857481,"1","1833"
"=HYPERLINK(""https://stackoverflow.com/q/25802648"", ""25802648"")",0.6079035155247625,"0","2256"
"=HYPERLINK(""https://stackoverflow.com/q/25845795"", ""25845795"")",0.3842660178426602,"0","288"
"=HYPERLINK(""https://stackoverflow.com/q/26162180"", ""26162180"")",0.739676020990189,"0","644"
"=HYPERLINK(""https://stackoverflow.com/q/26202919"", ""26202919"")",0.6637806637806636,"0","1524"
"=HYPERLINK(""https://stackoverflow.com/q/26340637"", ""26340637"")",0.6494374120956399,"1","327"
"=HYPERLINK(""https://stackoverflow.com/q/26377279"", ""26377279"")",0.3798576902025176,"2","61"
"=HYPERLINK(""https://stackoverflow.com/q/26386661"", ""26386661"")",0.4985858585858584,"1","4747"
"=HYPERLINK(""https://stackoverflow.com/q/26407014"", ""26407014"")",0.9571846282372596,"2","4125"
"=HYPERLINK(""https://stackoverflow.com/q/26501178"", ""26501178"")",0.6342704149933064,"2","244"
"=HYPERLINK(""https://stackoverflow.com/q/26544562"", ""26544562"")",0.7411726595400068,"0","2047"
"=HYPERLINK(""https://stackoverflow.com/q/26550538"", ""26550538"")",0.6291989664082687,"0","1558"
"=HYPERLINK(""https://stackoverflow.com/q/26604670"", ""26604670"")",0.6478277585544021,"0","288"
"=HYPERLINK(""https://stackoverflow.com/q/26606783"", ""26606783"")",0.613526570048309,"0","168"
"=HYPERLINK(""https://stackoverflow.com/q/26804201"", ""26804201"")",0.4979954180985108,"1","258"
"=HYPERLINK(""https://stackoverflow.com/q/26805564"", ""26805564"")",0.3101803374054681,"2","351"
"=HYPERLINK(""https://stackoverflow.com/q/26839045"", ""26839045"")",0.398117987694535,"2","366"
"=HYPERLINK(""https://stackoverflow.com/q/26839593"", ""26839593"")",0.7069550466497034,"0","970"
"=HYPERLINK(""https://stackoverflow.com/q/26864592"", ""26864592"")",0.2893363161819539,"0","102"
"=HYPERLINK(""https://stackoverflow.com/q/26885604"", ""26885604"")",0.2705605908022827,"1","362"
"=HYPERLINK(""https://stackoverflow.com/q/26908255"", ""26908255"")",0.5824237335572345,"0","374"
"=HYPERLINK(""https://stackoverflow.com/q/26939574"", ""26939574"")",0.3268181017784821,"1","716"
"=HYPERLINK(""https://stackoverflow.com/q/27057682"", ""27057682"")",0.370780980537078,"0","947"
"=HYPERLINK(""https://stackoverflow.com/q/27061482"", ""27061482"")",0.5326435082532642,"0","503"
"=HYPERLINK(""https://stackoverflow.com/q/27136886"", ""27136886"")",0.8410067526089626,"0","276"
"=HYPERLINK(""https://stackoverflow.com/q/27206758"", ""27206758"")",0.6755094194540561,"0","1647"
"=HYPERLINK(""https://stackoverflow.com/q/27355539"", ""27355539"")",0.8343129023229776,"0","357"
"=HYPERLINK(""https://stackoverflow.com/q/27382264"", ""27382264"")",0.3291529152915289,"0","275"
"=HYPERLINK(""https://stackoverflow.com/q/27418845"", ""27418845"")",0.464025500910747,"0","144"
"=HYPERLINK(""https://stackoverflow.com/q/27441869"", ""27441869"")",0.6010882016036654,"0","313"
"=HYPERLINK(""https://stackoverflow.com/q/27467146"", ""27467146"")",0.5384277558190602,"0","918"
"=HYPERLINK(""https://stackoverflow.com/q/27487618"", ""27487618"")",0.3314937454010301,"0","691"
"=HYPERLINK(""https://stackoverflow.com/q/27541545"", ""27541545"")",0.5073286052009457,"1","195"
"=HYPERLINK(""https://stackoverflow.com/q/27831748"", ""27831748"")",0.3922222222222219,"1","520"
"=HYPERLINK(""https://stackoverflow.com/q/27986778"", ""27986778"")",0.477861319966583,"0","305"
"=HYPERLINK(""https://stackoverflow.com/q/28049080"", ""28049080"")",0.391794329987674,"1","142"
"=HYPERLINK(""https://stackoverflow.com/q/28049357"", ""28049357"")",0.2148239484860938,"0","130"
"=HYPERLINK(""https://stackoverflow.com/q/28064521"", ""28064521"")",0.471418363701322,"1","1493"
"=HYPERLINK(""https://stackoverflow.com/q/28065196"", ""28065196"")",0.3959745327582666,"1","247"
"=HYPERLINK(""https://stackoverflow.com/q/28085560"", ""28085560"")",0.8376068376068375,"0","64"
"=HYPERLINK(""https://stackoverflow.com/q/28105800"", ""28105800"")",0.6490996925779532,"1","2746"
"=HYPERLINK(""https://stackoverflow.com/q/28147828"", ""28147828"")",0.2647533425541724,"3","850"
"=HYPERLINK(""https://stackoverflow.com/q/28200160"", ""28200160"")",0.2567049808429117,"1","535"
"=HYPERLINK(""https://stackoverflow.com/q/28213885"", ""28213885"")",0.572991452991453,"0","608"
"=HYPERLINK(""https://stackoverflow.com/q/28267065"", ""28267065"")",0.3384384384384383,"0","107"
"=HYPERLINK(""https://stackoverflow.com/q/28317221"", ""28317221"")",0.6472222222222223,"1","520"
"=HYPERLINK(""https://stackoverflow.com/q/28367217"", ""28367217"")",0.3524161280393967,"0","328"
"=HYPERLINK(""https://stackoverflow.com/q/28416929"", ""28416929"")",0.3106200122774707,"0","219"
"=HYPERLINK(""https://stackoverflow.com/q/28497135"", ""28497135"")",0.5106837606837609,"0","1884"
"=HYPERLINK(""https://stackoverflow.com/q/28503585"", ""28503585"")",0.7158392434988179,"1","107"
"=HYPERLINK(""https://stackoverflow.com/q/28737706"", ""28737706"")",0.3217328258111293,"1","503"
"=HYPERLINK(""https://stackoverflow.com/q/28881903"", ""28881903"")",0.7857326148319219,"1","1162"
"=HYPERLINK(""https://stackoverflow.com/q/28934718"", ""28934718"")",0.4230418943533703,"0","166"
"=HYPERLINK(""https://stackoverflow.com/q/28990848"", ""28990848"")",0.6806837606837609,"0","316"
"=HYPERLINK(""https://stackoverflow.com/q/28998667"", ""28998667"")",0.6284722222222224,"2","589"
"=HYPERLINK(""https://stackoverflow.com/q/29016963"", ""29016963"")",0.6570491061326091,"2","1484"
"=HYPERLINK(""https://stackoverflow.com/q/29139488"", ""29139488"")",0.9088581669226824,"2","203"
"=HYPERLINK(""https://stackoverflow.com/q/29162597"", ""29162597"")",0.7105943152454778,"0","394"
"=HYPERLINK(""https://stackoverflow.com/q/29186484"", ""29186484"")",0.4553510565780503,"0","222"
"=HYPERLINK(""https://stackoverflow.com/q/29197078"", ""29197078"")",0.2938834600072385,"0","437"
"=HYPERLINK(""https://stackoverflow.com/q/29351516"", ""29351516"")",0.5762732766062402,"0","133"
"=HYPERLINK(""https://stackoverflow.com/q/29449327"", ""29449327"")",0.6928104575163397,"0","388"
"=HYPERLINK(""https://stackoverflow.com/q/29508244"", ""29508244"")",0.6000723850886717,"0","903"
"=HYPERLINK(""https://stackoverflow.com/q/29514021"", ""29514021"")",0.2924625179708358,"0","266"
"=HYPERLINK(""https://stackoverflow.com/q/29539396"", ""29539396"")",0.4437606837606839,"0","98"
"=HYPERLINK(""https://stackoverflow.com/q/29612760"", ""29612760"")",0.4507936507936508,"1","342"
"=HYPERLINK(""https://stackoverflow.com/q/29695841"", ""29695841"")",0.5312601230968579,"0","52"
"=HYPERLINK(""https://stackoverflow.com/q/29722157"", ""29722157"")",0.3001443001442999,"1","291"
"=HYPERLINK(""https://stackoverflow.com/q/29732609"", ""29732609"")",0.4754689754689753,"0","477"
"=HYPERLINK(""https://stackoverflow.com/q/29747945"", ""29747945"")",0.5851031086488151,"0","1095"
"=HYPERLINK(""https://stackoverflow.com/q/29758182"", ""29758182"")",0.6142676767676766,"0","554"
"=HYPERLINK(""https://stackoverflow.com/q/29764000"", ""29764000"")",0.7448466566113624,"1","1046"
"=HYPERLINK(""https://stackoverflow.com/q/29795133"", ""29795133"")",0.7031910803537098,"0","668"
"=HYPERLINK(""https://stackoverflow.com/q/29807525"", ""29807525"")",0.5473377846259203,"0","325"
"=HYPERLINK(""https://stackoverflow.com/q/29816114"", ""29816114"")",0.5771205586362705,"0","51"
"=HYPERLINK(""https://stackoverflow.com/q/29917984"", ""29917984"")",0.6903947068218113,"0","324"
"=HYPERLINK(""https://stackoverflow.com/q/29940212"", ""29940212"")",0.4170274170274166,"1","112"
"=HYPERLINK(""https://stackoverflow.com/q/29947712"", ""29947712"")",0.4345299145299146,"1","5298"
"=HYPERLINK(""https://stackoverflow.com/q/30081064"", ""30081064"")",0.6266543551862112,"0","81"
"=HYPERLINK(""https://stackoverflow.com/q/30099550"", ""30099550"")",0.270860354517942,"0","416"
"=HYPERLINK(""https://stackoverflow.com/q/30120109"", ""30120109"")",0.4034302759134976,"0","116"
"=HYPERLINK(""https://stackoverflow.com/q/30197200"", ""30197200"")",0.6507936507936504,"0","633"
"=HYPERLINK(""https://stackoverflow.com/q/30235291"", ""30235291"")",0.4687063080845466,"0","213"
"=HYPERLINK(""https://stackoverflow.com/q/30390237"", ""30390237"")",0.3427433948606587,"0","211"
"=HYPERLINK(""https://stackoverflow.com/q/30453620"", ""30453620"")",0.9312291506286886,"2","758"
"=HYPERLINK(""https://stackoverflow.com/q/30497350"", ""30497350"")",0.4292193067703274,"0","499"
"=HYPERLINK(""https://stackoverflow.com/q/30569163"", ""30569163"")",0.3259789306300935,"2","2151"
"=HYPERLINK(""https://stackoverflow.com/q/30601306"", ""30601306"")",0.4026345933562427,"1","95"
"=HYPERLINK(""https://stackoverflow.com/q/30842236"", ""30842236"")",0.2881852829082382,"0","97"
"=HYPERLINK(""https://stackoverflow.com/q/30863299"", ""30863299"")",0.6526019690576652,"0","125"
"=HYPERLINK(""https://stackoverflow.com/q/30935190"", ""30935190"")",0.5804696449026345,"0","46"
"=HYPERLINK(""https://stackoverflow.com/q/30970377"", ""30970377"")",0.4610281923714761,"1","916"
"=HYPERLINK(""https://stackoverflow.com/q/31032443"", ""31032443"")",0.4420665801988758,"0","1434"
"=HYPERLINK(""https://stackoverflow.com/q/31201034"", ""31201034"")",0.5834906253932303,"1","107"
"=HYPERLINK(""https://stackoverflow.com/q/31271198"", ""31271198"")",0.6485380116959067,"1","671"
"=HYPERLINK(""https://stackoverflow.com/q/31273275"", ""31273275"")",0.5629301868239921,"0","1561"
"=HYPERLINK(""https://stackoverflow.com/q/31292611"", ""31292611"")",0.483222222222222,"0","154"
"=HYPERLINK(""https://stackoverflow.com/q/31393770"", ""31393770"")",0.5007287812535038,"0","148"
"=HYPERLINK(""https://stackoverflow.com/q/31428030"", ""31428030"")",0.8938089380893809,"0","30"
"=HYPERLINK(""https://stackoverflow.com/q/31428101"", ""31428101"")",0.3852657004830916,"0","425"
"=HYPERLINK(""https://stackoverflow.com/q/31511164"", ""31511164"")",0.5201437002822683,"0","743"
"=HYPERLINK(""https://stackoverflow.com/q/31557623"", ""31557623"")",0.8580685949107004,"1","63"
"=HYPERLINK(""https://stackoverflow.com/q/31560000"", ""31560000"")",0.4376918354818908,"1","1988"
"=HYPERLINK(""https://stackoverflow.com/q/31717328"", ""31717328"")",0.5942538844913515,"0","360"
"=HYPERLINK(""https://stackoverflow.com/q/31842710"", ""31842710"")",0.507276151343948,"1","327"
"=HYPERLINK(""https://stackoverflow.com/q/31947070"", ""31947070"")",0.5161981258366798,"0","143"
"=HYPERLINK(""https://stackoverflow.com/q/32003583"", ""32003583"")",0.8704098554844827,"0","764"
"=HYPERLINK(""https://stackoverflow.com/q/32057349"", ""32057349"")",0.941371158392435,"0","1906"
"=HYPERLINK(""https://stackoverflow.com/q/32190322"", ""32190322"")",0.3674406401679128,"1","82"
"=HYPERLINK(""https://stackoverflow.com/q/32210284"", ""32210284"")",0.5007457121551082,"0","935"
"=HYPERLINK(""https://stackoverflow.com/q/32450454"", ""32450454"")",0.9068813131313128,"1","1127"
"=HYPERLINK(""https://stackoverflow.com/q/32710421"", ""32710421"")",0.7507936507936508,"0","854"
"=HYPERLINK(""https://stackoverflow.com/q/32741204"", ""32741204"")",0.656881313131313,"0","810"
"=HYPERLINK(""https://stackoverflow.com/q/32863477"", ""32863477"")",0.3545179420665801,"2","316"
"=HYPERLINK(""https://stackoverflow.com/q/32891513"", ""32891513"")",0.6847629388346,"0","439"
"=HYPERLINK(""https://stackoverflow.com/q/33070232"", ""33070232"")",0.2471372845098778,"0","1373"
"=HYPERLINK(""https://stackoverflow.com/q/33190050"", ""33190050"")",0.4628079962807991,"0","1265"
"=HYPERLINK(""https://stackoverflow.com/q/33211667"", ""33211667"")",0.9073663463907364,"0","104"
"=HYPERLINK(""https://stackoverflow.com/q/33306358"", ""33306358"")",0.6894353369763206,"0","890"
"=HYPERLINK(""https://stackoverflow.com/q/33385609"", ""33385609"")",0.4567583046964489,"1","382"
"=HYPERLINK(""https://stackoverflow.com/q/33394176"", ""33394176"")",0.3274853801169591,"1","357"
"=HYPERLINK(""https://stackoverflow.com/q/33410654"", ""33410654"")",0.2981715893108299,"2","347"
"=HYPERLINK(""https://stackoverflow.com/q/33430221"", ""33430221"")",0.4659895352416128,"0","265"
"=HYPERLINK(""https://stackoverflow.com/q/33432527"", ""33432527"")",0.6524547803617569,"0","994"
"=HYPERLINK(""https://stackoverflow.com/q/33636498"", ""33636498"")",0.480781844418208,"0","56"
"=HYPERLINK(""https://stackoverflow.com/q/33671067"", ""33671067"")",0.3130003202049311,"1","692"
"=HYPERLINK(""https://stackoverflow.com/q/33868634"", ""33868634"")",0.778950454412196,"0","155"
"=HYPERLINK(""https://stackoverflow.com/q/33913917"", ""33913917"")",0.6293883460007238,"2","1457"
"=HYPERLINK(""https://stackoverflow.com/q/33919003"", ""33919003"")",0.5589056393076491,"1","266"
"=HYPERLINK(""https://stackoverflow.com/q/33921198"", ""33921198"")",0.5211436397877076,"1","1442"
"=HYPERLINK(""https://stackoverflow.com/q/33940991"", ""33940991"")",0.43694614860259,"0","48"
"=HYPERLINK(""https://stackoverflow.com/q/33960185"", ""33960185"")",0.419002186444047,"0","85"
"=HYPERLINK(""https://stackoverflow.com/q/34019188"", ""34019188"")",0.911452991452992,"0","272"
"=HYPERLINK(""https://stackoverflow.com/q/34042827"", ""34042827"")",0.478503629257398,"1","577"
"=HYPERLINK(""https://stackoverflow.com/q/34172505"", ""34172505"")",0.4303303303303301,"0","102"
"=HYPERLINK(""https://stackoverflow.com/q/34199343"", ""34199343"")",0.6424556852572417,"0","60"
"=HYPERLINK(""https://stackoverflow.com/q/34295526"", ""34295526"")",0.6878710771840546,"0","147"
"=HYPERLINK(""https://stackoverflow.com/q/34354361"", ""34354361"")",0.4907186422699549,"0","373"
"=HYPERLINK(""https://stackoverflow.com/q/34433516"", ""34433516"")",0.4886582083813916,"0","67"
"=HYPERLINK(""https://stackoverflow.com/q/34448932"", ""34448932"")",0.4195195195195192,"0","640"
"=HYPERLINK(""https://stackoverflow.com/q/34614452"", ""34614452"")",0.2732860520094562,"3","1435"
"=HYPERLINK(""https://stackoverflow.com/q/34950136"", ""34950136"")",0.4432166973603438,"1","40"
"=HYPERLINK(""https://stackoverflow.com/q/34986556"", ""34986556"")",0.925710594315245,"2","422"
"=HYPERLINK(""https://stackoverflow.com/q/34995192"", ""34995192"")",0.7609676096760967,"1","386"
"=HYPERLINK(""https://stackoverflow.com/q/35057375"", ""35057375"")",0.5012138188608777,"1","544"
"=HYPERLINK(""https://stackoverflow.com/q/35287813"", ""35287813"")",0.7708947885939038,"2","4150"
"=HYPERLINK(""https://stackoverflow.com/q/35340269"", ""35340269"")",0.4794284306479428,"0","854"
"=HYPERLINK(""https://stackoverflow.com/q/35475431"", ""35475431"")",0.7084100675260897,"1","34"
"=HYPERLINK(""https://stackoverflow.com/q/35547588"", ""35547588"")",0.3830701025214741,"0","337"
"=HYPERLINK(""https://stackoverflow.com/q/35569887"", ""35569887"")",0.3268376068376071,"0","145"
"=HYPERLINK(""https://stackoverflow.com/q/35575333"", ""35575333"")",0.3485108820160366,"1","67"
"=HYPERLINK(""https://stackoverflow.com/q/35599186"", ""35599186"")",0.3710771840542833,"0","202"
"=HYPERLINK(""https://stackoverflow.com/q/36185677"", ""36185677"")",0.5147652432547272,"1","99"
"=HYPERLINK(""https://stackoverflow.com/q/36445562"", ""36445562"")",0.7054436987322894,"0","165"
"=HYPERLINK(""https://stackoverflow.com/q/36541447"", ""36541447"")",0.3146831041567883,"1","136"
"=HYPERLINK(""https://stackoverflow.com/q/36740044"", ""36740044"")",0.9198966408268736,"2","1002"
"=HYPERLINK(""https://stackoverflow.com/q/36742958"", ""36742958"")",0.8591787439613523,"1","778"
"=HYPERLINK(""https://stackoverflow.com/q/36850786"", ""36850786"")",0.2722222222222221,"1","252"
"=HYPERLINK(""https://stackoverflow.com/q/36864222"", ""36864222"")",0.7904040404040403,"2","209"
"=HYPERLINK(""https://stackoverflow.com/q/36894464"", ""36894464"")",0.7425347222222226,"0","737"
"=HYPERLINK(""https://stackoverflow.com/q/36936046"", ""36936046"")",0.512298558100085,"0","452"
"=HYPERLINK(""https://stackoverflow.com/q/36941117"", ""36941117"")",0.4905149051490513,"0","125"
"=HYPERLINK(""https://stackoverflow.com/q/36976932"", ""36976932"")",0.6990263459335624,"1","268"
"=HYPERLINK(""https://stackoverflow.com/q/37173014"", ""37173014"")",0.4559884559884556,"0","776"
"=HYPERLINK(""https://stackoverflow.com/q/37713018"", ""37713018"")",0.7795992714025505,"0","103"
"=HYPERLINK(""https://stackoverflow.com/q/37862924"", ""37862924"")",0.5417137476459509,"2","122"
"=HYPERLINK(""https://stackoverflow.com/q/37937201"", ""37937201"")",0.6513803331051788,"0","112"
"=HYPERLINK(""https://stackoverflow.com/q/38055680"", ""38055680"")",0.506286887349243,"0","183"
"=HYPERLINK(""https://stackoverflow.com/q/38117850"", ""38117850"")",0.4258304696449026,"0","101"
"=HYPERLINK(""https://stackoverflow.com/q/38322368"", ""38322368"")",0.3839243498817968,"5","8182"
"=HYPERLINK(""https://stackoverflow.com/q/38430619"", ""38430619"")",0.389345509893455,"0","660"
"=HYPERLINK(""https://stackoverflow.com/q/38631364"", ""38631364"")",0.5204040404040404,"0","827"
"=HYPERLINK(""https://stackoverflow.com/q/38953536"", ""38953536"")",0.2958349062539322,"1","740"
"=HYPERLINK(""https://stackoverflow.com/q/39040247"", ""39040247"")",0.4086202071088718,"1","234"
"=HYPERLINK(""https://stackoverflow.com/q/39146485"", ""39146485"")",0.5495453844968409,"2","67"
"=HYPERLINK(""https://stackoverflow.com/q/39204312"", ""39204312"")",0.5186507936507937,"1","405"
"=HYPERLINK(""https://stackoverflow.com/q/39360521"", ""39360521"")",0.6424057084607542,"0","188"
"=HYPERLINK(""https://stackoverflow.com/q/39388769"", ""39388769"")",0.6795086543830257,"0","48"
"=HYPERLINK(""https://stackoverflow.com/q/39448815"", ""39448815"")",0.6526733500417709,"0","166"
"=HYPERLINK(""https://stackoverflow.com/q/39468264"", ""39468264"")",0.4690841469084144,"1","440"
"=HYPERLINK(""https://stackoverflow.com/q/39486430"", ""39486430"")",0.3919054801407742,"0","27"
"=HYPERLINK(""https://stackoverflow.com/q/39686509"", ""39686509"")",0.4816816816816817,"0","256"
"=HYPERLINK(""https://stackoverflow.com/q/39718540"", ""39718540"")",0.9226830517153094,"1","124"
"=HYPERLINK(""https://stackoverflow.com/q/39782584"", ""39782584"")",0.7343802769334685,"1","725"
"=HYPERLINK(""https://stackoverflow.com/q/39853788"", ""39853788"")",0.4200483091787438,"0","37"
"=HYPERLINK(""https://stackoverflow.com/q/39933476"", ""39933476"")",0.3866517524235646,"1","47"
"=HYPERLINK(""https://stackoverflow.com/q/40055315"", ""40055315"")",0.5096473719228207,"1","150"
"=HYPERLINK(""https://stackoverflow.com/q/40136253"", ""40136253"")",0.6823449216087252,"0","31"
"=HYPERLINK(""https://stackoverflow.com/q/40236507"", ""40236507"")",0.5669030732860522,"1","61"
"=HYPERLINK(""https://stackoverflow.com/q/40262777"", ""40262777"")",0.4079929732103642,"0","47"
"=HYPERLINK(""https://stackoverflow.com/q/40263048"", ""40263048"")",0.5885323826500298,"0","550"
"=HYPERLINK(""https://stackoverflow.com/q/40286063"", ""40286063"")",0.6015325670498085,"0","69"
"=HYPERLINK(""https://stackoverflow.com/q/40356755"", ""40356755"")",0.7839243498817967,"0","640"
"=HYPERLINK(""https://stackoverflow.com/q/40482495"", ""40482495"")",0.4372998275437298,"0","58"
"=HYPERLINK(""https://stackoverflow.com/q/40544899"", ""40544899"")",0.6754241926655717,"1","169"
"=HYPERLINK(""https://stackoverflow.com/q/40716298"", ""40716298"")",0.4097222222222223,"0","303"
"=HYPERLINK(""https://stackoverflow.com/q/40758710"", ""40758710"")",0.5038677918424752,"0","67"
"=HYPERLINK(""https://stackoverflow.com/q/40797009"", ""40797009"")",0.7931564782775853,"0","110"
"=HYPERLINK(""https://stackoverflow.com/q/40864828"", ""40864828"")",0.8709563994374119,"1","845"
"=HYPERLINK(""https://stackoverflow.com/q/40904413"", ""40904413"")",0.6102488297610245,"3","1330"
"=HYPERLINK(""https://stackoverflow.com/q/40905030"", ""40905030"")",0.6905058043117744,"2","532"
"=HYPERLINK(""https://stackoverflow.com/q/40994367"", ""40994367"")",0.3245844269466318,"0","1063"
"=HYPERLINK(""https://stackoverflow.com/q/41022640"", ""41022640"")",0.4339010543390107,"1","107"
"=HYPERLINK(""https://stackoverflow.com/q/41036109"", ""41036109"")",0.4469779225479551,"1","150"
"=HYPERLINK(""https://stackoverflow.com/q/41180927"", ""41180927"")",0.3228382386493268,"2","91"
"=HYPERLINK(""https://stackoverflow.com/q/41186680"", ""41186680"")",0.5039774185270721,"0","127"
"=HYPERLINK(""https://stackoverflow.com/q/41266883"", ""41266883"")",0.5374396135265698,"0","48"
"=HYPERLINK(""https://stackoverflow.com/q/41445042"", ""41445042"")",0.6313131313131312,"0","1141"
"=HYPERLINK(""https://stackoverflow.com/q/41513146"", ""41513146"")",0.3222222222222221,"0","85"
"=HYPERLINK(""https://stackoverflow.com/q/41567845"", ""41567845"")",0.3650793650793652,"1","63"
"=HYPERLINK(""https://stackoverflow.com/q/41572101"", ""41572101"")",0.5125448028673834,"0","132"
"=HYPERLINK(""https://stackoverflow.com/q/41632637"", ""41632637"")",0.4519251925192518,"0","201"
"=HYPERLINK(""https://stackoverflow.com/q/41891316"", ""41891316"")",0.58062930186824,"3","1030"
"=HYPERLINK(""https://stackoverflow.com/q/41943021"", ""41943021"")",0.4538011695906433,"0","868"
"=HYPERLINK(""https://stackoverflow.com/q/42138980"", ""42138980"")",0.3011134802179578,"0","32"
"=HYPERLINK(""https://stackoverflow.com/q/42199556"", ""42199556"")",0.326824732682473,"0","103"
"=HYPERLINK(""https://stackoverflow.com/q/42254546"", ""42254546"")",0.3234880450070322,"0","569"
"=HYPERLINK(""https://stackoverflow.com/q/42256597"", ""42256597"")",0.583191609977324,"2","333"
"=HYPERLINK(""https://stackoverflow.com/q/42279473"", ""42279473"")",0.4640255009107469,"1","117"
"=HYPERLINK(""https://stackoverflow.com/q/42412844"", ""42412844"")",0.3601532567049806,"1","247"
"=HYPERLINK(""https://stackoverflow.com/q/42620897"", ""42620897"")",0.4507290095525388,"0","44"
"=HYPERLINK(""https://stackoverflow.com/q/42700017"", ""42700017"")",0.7528825995807127,"0","248"
"=HYPERLINK(""https://stackoverflow.com/q/42920289"", ""42920289"")",0.5038186745503817,"0","109"
"=HYPERLINK(""https://stackoverflow.com/q/43193949"", ""43193949"")",0.5164344408717402,"0","25"
"=HYPERLINK(""https://stackoverflow.com/q/43314558"", ""43314558"")",0.3043577458361852,"0","89"
"=HYPERLINK(""https://stackoverflow.com/q/43331158"", ""43331158"")",0.2380593262946204,"0","79"
"=HYPERLINK(""https://stackoverflow.com/q/43632052"", ""43632052"")",0.5167007498295841,"0","693"
"=HYPERLINK(""https://stackoverflow.com/q/43869340"", ""43869340"")",0.2864424057084608,"0","1399"
"=HYPERLINK(""https://stackoverflow.com/q/43934274"", ""43934274"")",0.5754137115839243,"1","51"
"=HYPERLINK(""https://stackoverflow.com/q/43942596"", ""43942596"")",0.3840847499384085,"1","289"
"=HYPERLINK(""https://stackoverflow.com/q/44016933"", ""44016933"")",0.554907047124946,"1","501"
"=HYPERLINK(""https://stackoverflow.com/q/44162649"", ""44162649"")",0.4564286937168294,"1","1107"
"=HYPERLINK(""https://stackoverflow.com/q/44276745"", ""44276745"")",0.6868239921337267,"1","177"
"=HYPERLINK(""https://stackoverflow.com/q/44376163"", ""44376163"")",0.423405654174885,"0","78"
"=HYPERLINK(""https://stackoverflow.com/q/44408445"", ""44408445"")",0.2962018140589565,"0","71"
"=HYPERLINK(""https://stackoverflow.com/q/44492230"", ""44492230"")",0.529152915291529,"0","172"
"=HYPERLINK(""https://stackoverflow.com/q/44526124"", ""44526124"")",0.2961593756418156,"0","264"
"=HYPERLINK(""https://stackoverflow.com/q/45006304"", ""45006304"")",0.496781416176882,"1","92"
"=HYPERLINK(""https://stackoverflow.com/q/45323385"", ""45323385"")",0.5115079365079366,"1","306"
"=HYPERLINK(""https://stackoverflow.com/q/45430163"", ""45430163"")",0.2542588354945334,"0","422"
"=HYPERLINK(""https://stackoverflow.com/q/45714965"", ""45714965"")",0.4605943152454779,"2","632"
"=HYPERLINK(""https://stackoverflow.com/q/45859833"", ""45859833"")",0.6718866517524236,"2","717"
"=HYPERLINK(""https://stackoverflow.com/q/45867443"", ""45867443"")",0.8947663028267557,"0","227"
"=HYPERLINK(""https://stackoverflow.com/q/45938376"", ""45938376"")",0.369399641577061,"1","955"
"=HYPERLINK(""https://stackoverflow.com/q/45962017"", ""45962017"")",0.4432748538011699,"0","254"
"=HYPERLINK(""https://stackoverflow.com/q/45993299"", ""45993299"")",0.678248280854144,"0","329"
"=HYPERLINK(""https://stackoverflow.com/q/46070748"", ""46070748"")",0.4475186649099693,"1","1249"
"=HYPERLINK(""https://stackoverflow.com/q/46110705"", ""46110705"")",0.5199321458863445,"0","107"
"=HYPERLINK(""https://stackoverflow.com/q/46169247"", ""46169247"")",0.5185893350329298,"0","402"
"=HYPERLINK(""https://stackoverflow.com/q/46198507"", ""46198507"")",0.4865079365079366,"0","98"
"=HYPERLINK(""https://stackoverflow.com/q/46306039"", ""46306039"")",0.3985446403582422,"2","32"
"=HYPERLINK(""https://stackoverflow.com/q/46438694"", ""46438694"")",0.422756981580511,"0","76"
"=HYPERLINK(""https://stackoverflow.com/q/46541178"", ""46541178"")",0.3692101740294508,"0","127"
"=HYPERLINK(""https://stackoverflow.com/q/46555991"", ""46555991"")",0.5361757105943151,"0","206"
"=HYPERLINK(""https://stackoverflow.com/q/46603111"", ""46603111"")",0.6047725577926923,"0","158"
"=HYPERLINK(""https://stackoverflow.com/q/46654892"", ""46654892"")",0.4270414993306557,"0","139"
"=HYPERLINK(""https://stackoverflow.com/q/46658856"", ""46658856"")",0.2498084291187739,"1","146"
"=HYPERLINK(""https://stackoverflow.com/q/46676032"", ""46676032"")",0.5671589310829818,"0","102"
"=HYPERLINK(""https://stackoverflow.com/q/46702109"", ""46702109"")",0.5924349881796691,"0","108"
"=HYPERLINK(""https://stackoverflow.com/q/46781650"", ""46781650"")",0.5478036175710594,"1","1338"
"=HYPERLINK(""https://stackoverflow.com/q/46782713"", ""46782713"")",0.4868376068376069,"0","72"
"=HYPERLINK(""https://stackoverflow.com/q/46799170"", ""46799170"")",0.3058585858585857,"0","94"
"=HYPERLINK(""https://stackoverflow.com/q/46802071"", ""46802071"")",0.5635683760683762,"2","115"
"=HYPERLINK(""https://stackoverflow.com/q/46816050"", ""46816050"")",0.3081950729009552,"0","625"
"=HYPERLINK(""https://stackoverflow.com/q/46822607"", ""46822607"")",0.4932896379525595,"0","63"
"=HYPERLINK(""https://stackoverflow.com/q/47159448"", ""47159448"")",0.5382599580712789,"1","46"
"=HYPERLINK(""https://stackoverflow.com/q/47315962"", ""47315962"")",0.5415126878541511,"0","687"
"=HYPERLINK(""https://stackoverflow.com/q/47883692"", ""47883692"")",0.4258775747026401,"0","103"
"=HYPERLINK(""https://stackoverflow.com/q/48001449"", ""48001449"")",0.8593903638151428,"1","61"
"=HYPERLINK(""https://stackoverflow.com/q/48146029"", ""48146029"")",0.8304696449026345,"0","792"
"=HYPERLINK(""https://stackoverflow.com/q/48326304"", ""48326304"")",0.6307249948654756,"0","910"
"=HYPERLINK(""https://stackoverflow.com/q/48340141"", ""48340141"")",0.6647000983284165,"0","530"
"=HYPERLINK(""https://stackoverflow.com/q/48383202"", ""48383202"")",0.5414404632645674,"1","229"
"=HYPERLINK(""https://stackoverflow.com/q/48622706"", ""48622706"")",0.2664433277498603,"1","1064"
"=HYPERLINK(""https://stackoverflow.com/q/48828890"", ""48828890"")",0.9354752342704148,"1","99"
"=HYPERLINK(""https://stackoverflow.com/q/48895318"", ""48895318"")",0.5945299145299148,"0","291"
"=HYPERLINK(""https://stackoverflow.com/q/49066543"", ""49066543"")",0.5091074681238615,"1","524"
"=HYPERLINK(""https://stackoverflow.com/q/49423067"", ""49423067"")",0.5222222222222221,"0","62"
"=HYPERLINK(""https://stackoverflow.com/q/49560264"", ""49560264"")",0.6964046662841842,"1","698"
"=HYPERLINK(""https://stackoverflow.com/q/49878450"", ""49878450"")",0.4704149933065596,"0","466"
"=HYPERLINK(""https://stackoverflow.com/q/50333949"", ""50333949"")",0.460147088054065,"0","133"
"=HYPERLINK(""https://stackoverflow.com/q/50364752"", ""50364752"")",0.8810708362947173,"0","760"
"=HYPERLINK(""https://stackoverflow.com/q/50538163"", ""50538163"")",0.4489224741113908,"1","116"
"=HYPERLINK(""https://stackoverflow.com/q/50655315"", ""50655315"")",0.2741090146750525,"1","94"
"=HYPERLINK(""https://stackoverflow.com/q/50907639"", ""50907639"")",0.919896640826873,"1","143"
"=HYPERLINK(""https://stackoverflow.com/q/50989049"", ""50989049"")",0.5545299145299146,"0","132"
"=HYPERLINK(""https://stackoverflow.com/q/51028832"", ""51028832"")",0.5601771615636436,"1","81"
"=HYPERLINK(""https://stackoverflow.com/q/51317764"", ""51317764"")",0.5402695595003287,"0","253"
"=HYPERLINK(""https://stackoverflow.com/q/51379124"", ""51379124"")",0.3665175242356451,"1","154"
"=HYPERLINK(""https://stackoverflow.com/q/51769053"", ""51769053"")",0.6862940785096469,"0","836"
"=HYPERLINK(""https://stackoverflow.com/q/51822285"", ""51822285"")",0.3134274339486066,"0","404"
"=HYPERLINK(""https://stackoverflow.com/q/51888264"", ""51888264"")",0.5943152454780362,"1","112"
"=HYPERLINK(""https://stackoverflow.com/q/51964249"", ""51964249"")",0.2465794617350773,"1","446"
"=HYPERLINK(""https://stackoverflow.com/q/52290270"", ""52290270"")",0.6274853801169593,"0","28"
"=HYPERLINK(""https://stackoverflow.com/q/52326312"", ""52326312"")",0.5843717549325027,"0","496"
"=HYPERLINK(""https://stackoverflow.com/q/52409720"", ""52409720"")",0.4132599580712788,"7","881"
"=HYPERLINK(""https://stackoverflow.com/q/52702513"", ""52702513"")",0.4124062713019767,"1","56"
"=HYPERLINK(""https://stackoverflow.com/q/52725263"", ""52725263"")",0.4349881796690308,"0","49"
"=HYPERLINK(""https://stackoverflow.com/q/52732631"", ""52732631"")",0.3061916878710773,"1","106"
"=HYPERLINK(""https://stackoverflow.com/q/52886625"", ""52886625"")",0.3588558855885586,"1","245"
"=HYPERLINK(""https://stackoverflow.com/q/53700905"", ""53700905"")",0.4101740294511377,"0","96"
"=HYPERLINK(""https://stackoverflow.com/q/54015694"", ""54015694"")",0.4272083718067097,"0","41"
"=HYPERLINK(""https://stackoverflow.com/q/54077296"", ""54077296"")",0.3432596861991674,"0","71"
"=HYPERLINK(""https://stackoverflow.com/q/54135735"", ""54135735"")",0.3813131313131312,"2","52"
"=HYPERLINK(""https://stackoverflow.com/q/54212135"", ""54212135"")",0.3684672815107597,"0","218"
"=HYPERLINK(""https://stackoverflow.com/q/54416141"", ""54416141"")",0.303854875283447,"0","63"
"=HYPERLINK(""https://stackoverflow.com/q/54436318"", ""54436318"")",0.8164845173041896,"1","273"
"=HYPERLINK(""https://stackoverflow.com/q/54550983"", ""54550983"")",0.5937564181556789,"0","85"
"=HYPERLINK(""https://stackoverflow.com/q/54809657"", ""54809657"")",0.6227260005597537,"0","55"
"=HYPERLINK(""https://stackoverflow.com/q/54825425"", ""54825425"")",0.4539602574867056,"1","1839"
"=HYPERLINK(""https://stackoverflow.com/q/55019965"", ""55019965"")",0.4554918206925855,"0","352"
"=HYPERLINK(""https://stackoverflow.com/q/55102128"", ""55102128"")",0.5124596892406921,"1","136"
"=HYPERLINK(""https://stackoverflow.com/q/55144667"", ""55144667"")",0.6496628554676048,"1","585"
"=HYPERLINK(""https://stackoverflow.com/q/55150463"", ""55150463"")",0.4583530899320374,"0","99"
"=HYPERLINK(""https://stackoverflow.com/q/55234224"", ""55234224"")",0.3536090835360909,"0","137"
"=HYPERLINK(""https://stackoverflow.com/q/55253619"", ""55253619"")",0.6005354752342704,"0","97"
"=HYPERLINK(""https://stackoverflow.com/q/55275688"", ""55275688"")",0.3500417710944025,"1","216"
"=HYPERLINK(""https://stackoverflow.com/q/55301096"", ""55301096"")",0.4558287795992716,"0","40"
"=HYPERLINK(""https://stackoverflow.com/q/55333698"", ""55333698"")",0.5121245023525154,"0","63"
"=HYPERLINK(""https://stackoverflow.com/q/55348711"", ""55348711"")",0.7747514051015997,"0","65"
"=HYPERLINK(""https://stackoverflow.com/q/55368895"", ""55368895"")",0.4869281045751633,"1","128"
"=HYPERLINK(""https://stackoverflow.com/q/55373918"", ""55373918"")",0.6346230873988624,"0","90"
"=HYPERLINK(""https://stackoverflow.com/q/55413560"", ""55413560"")",0.3585138228561365,"0","53"
"=HYPERLINK(""https://stackoverflow.com/q/55527334"", ""55527334"")",0.6294949494949494,"0","94"
"=HYPERLINK(""https://stackoverflow.com/q/55567412"", ""55567412"")",0.8696386355960825,"0","76"
"=HYPERLINK(""https://stackoverflow.com/q/55740301"", ""55740301"")",0.6992096699209668,"0","59"
"=HYPERLINK(""https://stackoverflow.com/q/55759486"", ""55759486"")",0.9675991781254942,"0","217"
"=HYPERLINK(""https://stackoverflow.com/q/55915771"", ""55915771"")",0.7189894636015326,"0","134"
"=HYPERLINK(""https://stackoverflow.com/q/55944477"", ""55944477"")",0.5783542976939203,"0","74"
"=HYPERLINK(""https://stackoverflow.com/q/55997095"", ""55997095"")",0.3152454780361757,"0","1238"
"=HYPERLINK(""https://stackoverflow.com/q/55997788"", ""55997788"")",0.5498084291187738,"0","47"
"=HYPERLINK(""https://stackoverflow.com/q/56067206"", ""56067206"")",0.6414993306559574,"2","199"
"=HYPERLINK(""https://stackoverflow.com/q/56318865"", ""56318865"")",0.6519975031210989,"0","198"
"=HYPERLINK(""https://stackoverflow.com/q/56387555"", ""56387555"")",0.7946785428799817,"1","216"
"=HYPERLINK(""https://stackoverflow.com/q/56403063"", ""56403063"")",0.4287439613526568,"0","574"
"=HYPERLINK(""https://stackoverflow.com/q/56421258"", ""56421258"")",0.6244625480878025,"0","251"
"=HYPERLINK(""https://stackoverflow.com/q/56541061"", ""56541061"")",0.4100920447074292,"0","53"
"=HYPERLINK(""https://stackoverflow.com/q/56593781"", ""56593781"")",0.3877512324611299,"0","58"
"=HYPERLINK(""https://stackoverflow.com/q/56644159"", ""56644159"")",0.7143482064741906,"0","287"
"=HYPERLINK(""https://stackoverflow.com/q/56748717"", ""56748717"")",0.6837606837606837,"0","52"
"=HYPERLINK(""https://stackoverflow.com/q/56768293"", ""56768293"")",0.5836680053547522,"1","49"
"=HYPERLINK(""https://stackoverflow.com/q/56829062"", ""56829062"")",0.5408062930186827,"0","49"
"=HYPERLINK(""https://stackoverflow.com/q/56829458"", ""56829458"")",0.3119083208769307,"0","42"
"=HYPERLINK(""https://stackoverflow.com/q/56830712"", ""56830712"")",0.5401519819264738,"1","100"
"=HYPERLINK(""https://stackoverflow.com/q/56930379"", ""56930379"")",0.4674890036335818,"0","73"
"=HYPERLINK(""https://stackoverflow.com/q/56932373"", ""56932373"")",0.4051015996541288,"1","33"
"=HYPERLINK(""https://stackoverflow.com/q/56954406"", ""56954406"")",0.3327749860413175,"0","63"
"=HYPERLINK(""https://stackoverflow.com/q/57034675"", ""57034675"")",0.2856368563685636,"1","54"
"=HYPERLINK(""https://stackoverflow.com/q/57068568"", ""57068568"")",0.5011445677055821,"0","77"
"=HYPERLINK(""https://stackoverflow.com/q/57138673"", ""57138673"")",0.6320582877959929,"0","172"
"=HYPERLINK(""https://stackoverflow.com/q/57209091"", ""57209091"")",0.206758304696449,"1","163"
"=HYPERLINK(""https://stackoverflow.com/q/57254495"", ""57254495"")",0.3570048309178741,"0","77"
"=HYPERLINK(""https://stackoverflow.com/q/57405795"", ""57405795"")",0.5730286738351253,"0","73"
"=HYPERLINK(""https://stackoverflow.com/q/57480939"", ""57480939"")",0.5793650793650794,"1","197"
"=HYPERLINK(""https://stackoverflow.com/q/57487473"", ""57487473"")",0.6830917874396132,"0","126"
"=HYPERLINK(""https://stackoverflow.com/q/57505390"", ""57505390"")",0.4226939203354298,"0","104"
"=HYPERLINK(""https://stackoverflow.com/q/57531342"", ""57531342"")",0.5622726000559752,"0","90"
"=HYPERLINK(""https://stackoverflow.com/q/57537373"", ""57537373"")",0.3492714025500911,"0","84"
"=HYPERLINK(""https://stackoverflow.com/q/57601092"", ""57601092"")",0.4337104728749638,"0","400"
"=HYPERLINK(""https://stackoverflow.com/q/57755941"", ""57755941"")",0.9396737457679286,"0","55"
"=HYPERLINK(""https://stackoverflow.com/q/57757502"", ""57757502"")",0.5868631062001228,"0","29"
"=HYPERLINK(""https://stackoverflow.com/q/57890065"", ""57890065"")",0.4852657004830916,"1","75"
"=HYPERLINK(""https://stackoverflow.com/q/58015991"", ""58015991"")",0.4218525364551244,"1","498"
"=HYPERLINK(""https://stackoverflow.com/q/58073168"", ""58073168"")",0.5587606837606837,"0","138"
"=HYPERLINK(""https://stackoverflow.com/q/58282532"", ""58282532"")",0.6929914529914533,"0","300"
"=HYPERLINK(""https://stackoverflow.com/q/58350197"", ""58350197"")",0.378978978978979,"1","38"
"=HYPERLINK(""https://stackoverflow.com/q/58371311"", ""58371311"")",0.4714529914529916,"0","45"
"=HYPERLINK(""https://stackoverflow.com/q/58622991"", ""58622991"")",0.4428854875283445,"1","37"
"=HYPERLINK(""https://stackoverflow.com/q/59027833"", ""59027833"")",0.8296047725577929,"1","93"
"=HYPERLINK(""https://stackoverflow.com/q/59030977"", ""59030977"")",0.5195983155166828,"0","31"
"=HYPERLINK(""https://stackoverflow.com/q/59043819"", ""59043819"")",0.4241926655719756,"0","44"
"=HYPERLINK(""https://stackoverflow.com/q/59346283"", ""59346283"")",0.2722222222222221,"0","104"
"=HYPERLINK(""https://stackoverflow.com/q/59655613"", ""59655613"")",0.5004830917874393,"1","127"
"=HYPERLINK(""https://stackoverflow.com/q/59684130"", ""59684130"")",0.5841854124062713,"0","894"
"=HYPERLINK(""https://stackoverflow.com/q/59900469"", ""59900469"")",0.876276276276276,"0","28"
"=HYPERLINK(""https://stackoverflow.com/q/59920094"", ""59920094"")",0.4533780011166942,"1","70"
"=HYPERLINK(""https://stackoverflow.com/q/59972321"", ""59972321"")",0.3939511941848391,"0","105"
"=HYPERLINK(""https://stackoverflow.com/q/60387352"", ""60387352"")",0.6801828662293782,"0","74"
"=HYPERLINK(""https://stackoverflow.com/q/60810754"", ""60810754"")",0.4269202087994037,"0","44"
"=HYPERLINK(""https://stackoverflow.com/q/60829144"", ""60829144"")",0.3150057273768614,"0","78"
"=HYPERLINK(""https://stackoverflow.com/q/61351392"", ""61351392"")",0.7073215599705668,"2","135"
"=HYPERLINK(""https://stackoverflow.com/q/61386112"", ""61386112"")",0.3981016192071467,"1","227"
"=HYPERLINK(""https://stackoverflow.com/q/61470698"", ""61470698"")",0.3613526570048304,"1","90"
"=HYPERLINK(""https://stackoverflow.com/q/61673158"", ""61673158"")",0.4984653161448742,"1","44"
"=HYPERLINK(""https://stackoverflow.com/q/61733184"", ""61733184"")",0.8144097222222226,"1","55"
"=HYPERLINK(""https://stackoverflow.com/q/61777390"", ""61777390"")",0.3453749315818279,"1","77"
"=HYPERLINK(""https://stackoverflow.com/q/62046603"", ""62046603"")",0.5176767676767678,"1","38"
"=HYPERLINK(""https://stackoverflow.com/q/62057936"", ""62057936"")",0.4001363326516695,"0","360"
"=HYPERLINK(""https://stackoverflow.com/q/62078404"", ""62078404"")",0.3155387417682501,"1","35"
"=HYPERLINK(""https://stackoverflow.com/q/62134020"", ""62134020"")",0.6706758304696447,"0","84"
"=HYPERLINK(""https://stackoverflow.com/q/62147353"", ""62147353"")",0.8724685276409411,"0","63"
"=HYPERLINK(""https://stackoverflow.com/q/62580409"", ""62580409"")",0.4942586963863562,"0","79"
"=HYPERLINK(""https://stackoverflow.com/q/62683532"", ""62683532"")",0.5014830025096964,"1","109"
"=HYPERLINK(""https://stackoverflow.com/q/62830153"", ""62830153"")",0.3330469644902634,"1","46"
"=HYPERLINK(""https://stackoverflow.com/q/62938309"", ""62938309"")",0.5360683760683762,"1","61"
"=HYPERLINK(""https://stackoverflow.com/q/62996171"", ""62996171"")",0.3642676767676767,"1","135"
"=HYPERLINK(""https://stackoverflow.com/q/63738061"", ""63738061"")",0.7487708947885942,"2","41"
"=HYPERLINK(""https://stackoverflow.com/q/63794839"", ""63794839"")",0.481229038191063,"0","45"
"=HYPERLINK(""https://stackoverflow.com/q/63826762"", ""63826762"")",0.6534722222222225,"0","31"
"=HYPERLINK(""https://stackoverflow.com/q/63840166"", ""63840166"")",0.5079365079365078,"0","59"
"=HYPERLINK(""https://stackoverflow.com/q/64151256"", ""64151256"")",0.2938834600072385,"0","42"
"=HYPERLINK(""https://stackoverflow.com/q/64306808"", ""64306808"")",0.516700749829584,"0","87"
"=HYPERLINK(""https://stackoverflow.com/q/64368937"", ""64368937"")",0.5007032348804501,"0","31"
"=HYPERLINK(""https://stackoverflow.com/q/64480434"", ""64480434"")",0.7748538011695908,"0","81"
"=HYPERLINK(""https://stackoverflow.com/q/64572167"", ""64572167"")",0.8094315245478032,"1","44"
"=HYPERLINK(""https://stackoverflow.com/q/64968500"", ""64968500"")",0.5070323488045008,"0","41"
"=HYPERLINK(""https://stackoverflow.com/q/65011303"", ""65011303"")",0.2590320381731423,"0","9"
"=HYPERLINK(""https://stackoverflow.com/q/65358106"", ""65358106"")",0.6025214740925463,"0","31"
"=HYPERLINK(""https://stackoverflow.com/q/65426315"", ""65426315"")",0.2515109251510925,"0","69"
"=HYPERLINK(""https://stackoverflow.com/q/65732719"", ""65732719"")",0.3782014249951859,"0","124"
"=HYPERLINK(""https://stackoverflow.com/q/65837105"", ""65837105"")",0.3447006083893693,"0","31"
"=HYPERLINK(""https://stackoverflow.com/q/65991817"", ""65991817"")",0.6266339869281047,"0","15"
"=HYPERLINK(""https://stackoverflow.com/q/66154704"", ""66154704"")",0.4084749938408472,"1","81"
"=HYPERLINK(""https://stackoverflow.com/q/66263459"", ""66263459"")",0.741209563994374,"0","39"
"=HYPERLINK(""https://stackoverflow.com/q/66580278"", ""66580278"")",0.3268733850129199,"0","39"
"=HYPERLINK(""https://stackoverflow.com/q/66853752"", ""66853752"")",0.3910533910533909,"0","39"
"=HYPERLINK(""https://stackoverflow.com/q/66941823"", ""66941823"")",0.4333096422648662,"1","38"
"=HYPERLINK(""https://stackoverflow.com/q/67021359"", ""67021359"")",0.3066378066378065,"1","32"
"=HYPERLINK(""https://stackoverflow.com/q/67064149"", ""67064149"")",0.2853801169590645,"0","13"
"=HYPERLINK(""https://stackoverflow.com/q/67367817"", ""67367817"")",0.3300939423388403,"0","83"
"=HYPERLINK(""https://stackoverflow.com/q/67380581"", ""67380581"")",0.2970725216234197,"0","26"
"=HYPERLINK(""https://stackoverflow.com/q/67413756"", ""67413756"")",0.6560457516339868,"0","57"
