"link","Correlation","score","view_count"
"=HYPERLINK(""https://stackoverflow.com/q/28668"", ""28668"")",0.6931675821528375,"10","10457"
"=HYPERLINK(""https://stackoverflow.com/q/783625"", ""783625"")",0.6443533697632065,"2","1421"
"=HYPERLINK(""https://stackoverflow.com/q/865386"", ""865386"")",0.2400793650793651,"0","280"
"=HYPERLINK(""https://stackoverflow.com/q/1009168"", ""1009168"")",0.422222222222222,"0","3295"
"=HYPERLINK(""https://stackoverflow.com/q/1066363"", ""1066363"")",0.7297599106644325,"1","292"
"=HYPERLINK(""https://stackoverflow.com/q/1101214"", ""1101214"")",0.538964303670186,"1","2047"
"=HYPERLINK(""https://stackoverflow.com/q/1471207"", ""1471207"")",0.435611343561134,"0","286"
"=HYPERLINK(""https://stackoverflow.com/q/1609943"", ""1609943"")",0.5426642111724987,"1","952"
"=HYPERLINK(""https://stackoverflow.com/q/1610781"", ""1610781"")",0.4546546546546546,"0","1965"
"=HYPERLINK(""https://stackoverflow.com/q/1683211"", ""1683211"")",0.4604152407027145,"3","2629"
"=HYPERLINK(""https://stackoverflow.com/q/1720485"", ""1720485"")",0.4519519519519516,"0","429"
"=HYPERLINK(""https://stackoverflow.com/q/1832274"", ""1832274"")",0.2515589569160996,"0","2230"
"=HYPERLINK(""https://stackoverflow.com/q/1940094"", ""1940094"")",0.4648692810457516,"3","282"
"=HYPERLINK(""https://stackoverflow.com/q/2105147"", ""2105147"")",0.7436168339496393,"1","4526"
"=HYPERLINK(""https://stackoverflow.com/q/2124136"", ""2124136"")",0.4111986001749786,"0","2245"
"=HYPERLINK(""https://stackoverflow.com/q/2183679"", ""2183679"")",0.3270126413838987,"0","2108"
"=HYPERLINK(""https://stackoverflow.com/q/2187651"", ""2187651"")",0.4365856607423528,"0","1884"
"=HYPERLINK(""https://stackoverflow.com/q/2441169"", ""2441169"")",0.6969303934284479,"2","2330"
"=HYPERLINK(""https://stackoverflow.com/q/2876407"", ""2876407"")",0.3774902444033686,"0","506"
"=HYPERLINK(""https://stackoverflow.com/q/3562701"", ""3562701"")",0.558235083958557,"0","3155"
"=HYPERLINK(""https://stackoverflow.com/q/3857494"", ""3857494"")",0.2304866850321392,"0","2269"
"=HYPERLINK(""https://stackoverflow.com/q/3912975"", ""3912975"")",0.2980842911877395,"0","1131"
"=HYPERLINK(""https://stackoverflow.com/q/3943171"", ""3943171"")",0.4321458863443599,"0","85"
"=HYPERLINK(""https://stackoverflow.com/q/3969948"", ""3969948"")",0.4772557792692025,"0","939"
"=HYPERLINK(""https://stackoverflow.com/q/4089671"", ""4089671"")",0.3772037720377206,"0","514"
"=HYPERLINK(""https://stackoverflow.com/q/4284197"", ""4284197"")",0.4043650793650793,"1","2328"
"=HYPERLINK(""https://stackoverflow.com/q/4319460"", ""4319460"")",0.5868631062001232,"0","472"
"=HYPERLINK(""https://stackoverflow.com/q/4320146"", ""4320146"")",0.3150717419660858,"0","1941"
"=HYPERLINK(""https://stackoverflow.com/q/4784686"", ""4784686"")",0.6007936507936509,"3","2074"
"=HYPERLINK(""https://stackoverflow.com/q/5148114"", ""5148114"")",0.3275844047245739,"0","499"
"=HYPERLINK(""https://stackoverflow.com/q/5220952"", ""5220952"")",0.8161819537658469,"2","2990"
"=HYPERLINK(""https://stackoverflow.com/q/5237171"", ""5237171"")",0.2603901611535202,"1","1715"
"=HYPERLINK(""https://stackoverflow.com/q/5346425"", ""5346425"")",0.3875448028673838,"0","2718"
"=HYPERLINK(""https://stackoverflow.com/q/5353508"", ""5353508"")",0.7107718405428336,"3","995"
"=HYPERLINK(""https://stackoverflow.com/q/5379273"", ""5379273"")",0.5389643036701859,"1","1892"
"=HYPERLINK(""https://stackoverflow.com/q/5406074"", ""5406074"")",0.2481656184486374,"0","859"
"=HYPERLINK(""https://stackoverflow.com/q/5502567"", ""5502567"")",0.22671997334666,"0","781"
"=HYPERLINK(""https://stackoverflow.com/q/5606178"", ""5606178"")",0.7054858205485814,"2","3269"
"=HYPERLINK(""https://stackoverflow.com/q/5635427"", ""5635427"")",0.3183760683760685,"0","997"
"=HYPERLINK(""https://stackoverflow.com/q/5640244"", ""5640244"")",0.4960523782014255,"5","3059"
"=HYPERLINK(""https://stackoverflow.com/q/5764809"", ""5764809"")",0.441400304414003,"0","680"
"=HYPERLINK(""https://stackoverflow.com/q/6074717"", ""6074717"")",0.3646272855133612,"0","1943"
"=HYPERLINK(""https://stackoverflow.com/q/6225737"", ""6225737"")",0.6294511378848722,"0","1168"
"=HYPERLINK(""https://stackoverflow.com/q/6249166"", ""6249166"")",0.2026570048309177,"0","820"
"=HYPERLINK(""https://stackoverflow.com/q/6301691"", ""6301691"")",0.311931984755204,"2","727"
"=HYPERLINK(""https://stackoverflow.com/q/6330371"", ""6330371"")",0.624232272473478,"2","4457"
"=HYPERLINK(""https://stackoverflow.com/q/6343414"", ""6343414"")",0.5898692810457516,"2","2799"
"=HYPERLINK(""https://stackoverflow.com/q/6346604"", ""6346604"")",0.3792993223372976,"2","1590"
"=HYPERLINK(""https://stackoverflow.com/q/6368990"", ""6368990"")",0.4131769960915686,"2","4644"
"=HYPERLINK(""https://stackoverflow.com/q/6484790"", ""6484790"")",0.6705849426252438,"0","1253"
"=HYPERLINK(""https://stackoverflow.com/q/6569775"", ""6569775"")",0.448741559238797,"1","1572"
"=HYPERLINK(""https://stackoverflow.com/q/6599014"", ""6599014"")",0.4227569815805111,"1","4938"
"=HYPERLINK(""https://stackoverflow.com/q/6606875"", ""6606875"")",0.4219052650114459,"0","5081"
"=HYPERLINK(""https://stackoverflow.com/q/6628158"", ""6628158"")",0.359440267335004,"0","1063"
"=HYPERLINK(""https://stackoverflow.com/q/6687999"", ""6687999"")",0.5866537091026895,"0","1450"
"=HYPERLINK(""https://stackoverflow.com/q/6839354"", ""6839354"")",0.4434203789042493,"1","2154"
"=HYPERLINK(""https://stackoverflow.com/q/7049359"", ""7049359"")",0.3144952904892886,"0","1528"
"=HYPERLINK(""https://stackoverflow.com/q/7095062"", ""7095062"")",0.3758058399696623,"1","319"
"=HYPERLINK(""https://stackoverflow.com/q/7481646"", ""7481646"")",0.639131843213477,"2","577"
"=HYPERLINK(""https://stackoverflow.com/q/7491456"", ""7491456"")",0.3914829226113272,"2","1959"
"=HYPERLINK(""https://stackoverflow.com/q/7655668"", ""7655668"")",0.204040404040404,"1","196"
"=HYPERLINK(""https://stackoverflow.com/q/7751451"", ""7751451"")",0.5710594315245471,"1","3038"
"=HYPERLINK(""https://stackoverflow.com/q/7818643"", ""7818643"")",0.5220722971847416,"2","1798"
"=HYPERLINK(""https://stackoverflow.com/q/7885078"", ""7885078"")",0.407936507936508,"0","2836"
"=HYPERLINK(""https://stackoverflow.com/q/7921818"", ""7921818"")",0.2966124661246611,"0","563"
"=HYPERLINK(""https://stackoverflow.com/q/8175700"", ""8175700"")",0.3348502085703448,"0","870"
"=HYPERLINK(""https://stackoverflow.com/q/8199765"", ""8199765"")",0.6969367409824182,"0","1180"
"=HYPERLINK(""https://stackoverflow.com/q/8206185"", ""8206185"")",0.5879940343027595,"1","3234"
"=HYPERLINK(""https://stackoverflow.com/q/8339773"", ""8339773"")",0.29817158931083,"1","683"
"=HYPERLINK(""https://stackoverflow.com/q/8418799"", ""8418799"")",0.5207296849087898,"1","867"
"=HYPERLINK(""https://stackoverflow.com/q/8907986"", ""8907986"")",0.5303135085292762,"1","983"
"=HYPERLINK(""https://stackoverflow.com/q/8998220"", ""8998220"")",0.3083249412554548,"1","402"
"=HYPERLINK(""https://stackoverflow.com/q/9272809"", ""9272809"")",0.474799541809851,"0","277"
"=HYPERLINK(""https://stackoverflow.com/q/9299193"", ""9299193"")",0.7645951035781545,"0","436"
"=HYPERLINK(""https://stackoverflow.com/q/9361545"", ""9361545"")",0.4120718462823724,"2","496"
"=HYPERLINK(""https://stackoverflow.com/q/9457260"", ""9457260"")",0.4362443624436246,"1","3685"
"=HYPERLINK(""https://stackoverflow.com/q/9499490"", ""9499490"")",0.73433294886582,"1","4696"
"=HYPERLINK(""https://stackoverflow.com/q/9500403"", ""9500403"")",0.3438438438438436,"0","1954"
"=HYPERLINK(""https://stackoverflow.com/q/9505688"", ""9505688"")",0.3531313131313129,"1","358"
"=HYPERLINK(""https://stackoverflow.com/q/9809962"", ""9809962"")",0.3903796461935997,"2","374"
"=HYPERLINK(""https://stackoverflow.com/q/9979248"", ""9979248"")",0.4677312042581502,"0","2427"
"=HYPERLINK(""https://stackoverflow.com/q/10145581"", ""10145581"")",0.3601532567049806,"1","6144"
"=HYPERLINK(""https://stackoverflow.com/q/10385927"", ""10385927"")",0.6365079365079365,"1","1104"
"=HYPERLINK(""https://stackoverflow.com/q/10631503"", ""10631503"")",0.5751633986928097,"2","855"
"=HYPERLINK(""https://stackoverflow.com/q/10661738"", ""10661738"")",0.2961441934747886,"0","1374"
"=HYPERLINK(""https://stackoverflow.com/q/10880715"", ""10880715"")",0.7260390161153516,"0","1408"
"=HYPERLINK(""https://stackoverflow.com/q/11148046"", ""11148046"")",0.7420111404280277,"0","312"
"=HYPERLINK(""https://stackoverflow.com/q/11171081"", ""11171081"")",0.3543650793650795,"1","304"
"=HYPERLINK(""https://stackoverflow.com/q/11249653"", ""11249653"")",0.432748538011696,"1","1920"
"=HYPERLINK(""https://stackoverflow.com/q/11251856"", ""11251856"")",0.6068376068376078,"0","442"
"=HYPERLINK(""https://stackoverflow.com/q/11327704"", ""11327704"")",0.5812583668005349,"0","678"
"=HYPERLINK(""https://stackoverflow.com/q/11330951"", ""11330951"")",0.4272642390289448,"0","517"
"=HYPERLINK(""https://stackoverflow.com/q/11469510"", ""11469510"")",0.279193736465101,"0","2154"
"=HYPERLINK(""https://stackoverflow.com/q/11476859"", ""11476859"")",0.3061193805442792,"0","1009"
"=HYPERLINK(""https://stackoverflow.com/q/11648190"", ""11648190"")",0.4593159124707883,"4","10311"
"=HYPERLINK(""https://stackoverflow.com/q/12352772"", ""12352772"")",0.312601230968578,"0","218"
"=HYPERLINK(""https://stackoverflow.com/q/12421314"", ""12421314"")",0.464775413711584,"0","327"
"=HYPERLINK(""https://stackoverflow.com/q/12592792"", ""12592792"")",0.3625158600688781,"1","1432"
"=HYPERLINK(""https://stackoverflow.com/q/12628810"", ""12628810"")",0.3726647000983283,"0","182"
"=HYPERLINK(""https://stackoverflow.com/q/12717143"", ""12717143"")",0.8153344671201807,"3","3508"
"=HYPERLINK(""https://stackoverflow.com/q/12759411"", ""12759411"")",0.5075995807127884,"0","1536"
"=HYPERLINK(""https://stackoverflow.com/q/12790412"", ""12790412"")",0.646185355862774,"0","173"
"=HYPERLINK(""https://stackoverflow.com/q/12818288"", ""12818288"")",0.3357956294244384,"0","458"
"=HYPERLINK(""https://stackoverflow.com/q/13021767"", ""13021767"")",0.4819336539647308,"1","458"
"=HYPERLINK(""https://stackoverflow.com/q/13144964"", ""13144964"")",0.3977189109639443,"1","480"
"=HYPERLINK(""https://stackoverflow.com/q/13198577"", ""13198577"")",0.419337606837607,"0","264"
"=HYPERLINK(""https://stackoverflow.com/q/13457984"", ""13457984"")",0.5475234270414988,"1","231"
"=HYPERLINK(""https://stackoverflow.com/q/13513224"", ""13513224"")",0.456058429118774,"0","1426"
"=HYPERLINK(""https://stackoverflow.com/q/13847373"", ""13847373"")",0.554189435336977,"0","1904"
"=HYPERLINK(""https://stackoverflow.com/q/13871400"", ""13871400"")",0.5720764496274708,"0","233"
"=HYPERLINK(""https://stackoverflow.com/q/14376492"", ""14376492"")",0.5207136015325668,"3","7169"
"=HYPERLINK(""https://stackoverflow.com/q/14502098"", ""14502098"")",0.3913184321347588,"0","77"
"=HYPERLINK(""https://stackoverflow.com/q/14713705"", ""14713705"")",0.3809252938945769,"0","131"
"=HYPERLINK(""https://stackoverflow.com/q/15325206"", ""15325206"")",0.5012138188608778,"0","528"
"=HYPERLINK(""https://stackoverflow.com/q/15464293"", ""15464293"")",0.437205935577271,"0","1039"
"=HYPERLINK(""https://stackoverflow.com/q/15549490"", ""15549490"")",0.3892702771421308,"2","1462"
"=HYPERLINK(""https://stackoverflow.com/q/15557979"", ""15557979"")",0.3392653433721191,"0","3508"
"=HYPERLINK(""https://stackoverflow.com/q/15721868"", ""15721868"")",0.4776068376068381,"0","854"
"=HYPERLINK(""https://stackoverflow.com/q/15772345"", ""15772345"")",0.4546945469454696,"2","2478"
"=HYPERLINK(""https://stackoverflow.com/q/15783347"", ""15783347"")",0.5105657805044301,"0","1434"
"=HYPERLINK(""https://stackoverflow.com/q/15887318"", ""15887318"")",0.817874396135264,"1","151"
"=HYPERLINK(""https://stackoverflow.com/q/15891056"", ""15891056"")",0.2665571975916802,"0","310"
"=HYPERLINK(""https://stackoverflow.com/q/16151892"", ""16151892"")",0.592434988179669,"0","175"
"=HYPERLINK(""https://stackoverflow.com/q/16436175"", ""16436175"")",0.4908789386401331,"0","328"
"=HYPERLINK(""https://stackoverflow.com/q/16617804"", ""16617804"")",0.5437299827543723,"1","515"
"=HYPERLINK(""https://stackoverflow.com/q/16867153"", ""16867153"")",0.690673465052051,"1","270"
"=HYPERLINK(""https://stackoverflow.com/q/17070699"", ""17070699"")",0.6810829817158922,"1","1135"
"=HYPERLINK(""https://stackoverflow.com/q/17354715"", ""17354715"")",0.7153097798259076,"0","324"
"=HYPERLINK(""https://stackoverflow.com/q/17882738"", ""17882738"")",0.4757936507936509,"0","6789"
"=HYPERLINK(""https://stackoverflow.com/q/17946859"", ""17946859"")",0.2846912356084395,"0","513"
"=HYPERLINK(""https://stackoverflow.com/q/18409535"", ""18409535"")",0.4915291529152912,"0","245"
"=HYPERLINK(""https://stackoverflow.com/q/18521407"", ""18521407"")",0.239463601532567,"0","1249"
"=HYPERLINK(""https://stackoverflow.com/q/18731522"", ""18731522"")",0.3805335678686603,"0","3704"
"=HYPERLINK(""https://stackoverflow.com/q/18803727"", ""18803727"")",0.2927867383512546,"0","429"
"=HYPERLINK(""https://stackoverflow.com/q/19036088"", ""19036088"")",0.7101114955786229,"0","125"
"=HYPERLINK(""https://stackoverflow.com/q/19089789"", ""19089789"")",0.2573981016192069,"1","3055"
"=HYPERLINK(""https://stackoverflow.com/q/19113738"", ""19113738"")",0.3482064741907267,"1","2960"
"=HYPERLINK(""https://stackoverflow.com/q/19122665"", ""19122665"")",0.3492430074416217,"1","365"
"=HYPERLINK(""https://stackoverflow.com/q/19132944"", ""19132944"")",0.6862847222222233,"1","766"
"=HYPERLINK(""https://stackoverflow.com/q/19163261"", ""19163261"")",0.4604040404040401,"0","937"
"=HYPERLINK(""https://stackoverflow.com/q/19221808"", ""19221808"")",0.5140774258421316,"0","1864"
"=HYPERLINK(""https://stackoverflow.com/q/19242395"", ""19242395"")",0.4000572737686138,"2","1617"
"=HYPERLINK(""https://stackoverflow.com/q/19338797"", ""19338797"")",0.3270126413838987,"0","610"
"=HYPERLINK(""https://stackoverflow.com/q/19424633"", ""19424633"")",0.7083683179401052,"1","1395"
"=HYPERLINK(""https://stackoverflow.com/q/19699104"", ""19699104"")",0.4878111367718757,"0","801"
"=HYPERLINK(""https://stackoverflow.com/q/19896892"", ""19896892"")",0.4243961352657001,"1","827"
"=HYPERLINK(""https://stackoverflow.com/q/19969673"", ""19969673"")",0.3175659029317563,"0","228"
"=HYPERLINK(""https://stackoverflow.com/q/19984499"", ""19984499"")",0.5098211668132517,"0","89"
"=HYPERLINK(""https://stackoverflow.com/q/20333077"", ""20333077"")",0.4644367550941942,"0","1674"
"=HYPERLINK(""https://stackoverflow.com/q/20691900"", ""20691900"")",0.4958071278825995,"2","745"
"=HYPERLINK(""https://stackoverflow.com/q/20976526"", ""20976526"")",0.7315972222222235,"0","707"
"=HYPERLINK(""https://stackoverflow.com/q/21235164"", ""21235164"")",0.6868239921337271,"0","268"
"=HYPERLINK(""https://stackoverflow.com/q/21235267"", ""21235267"")",0.5635683760683763,"0","238"
"=HYPERLINK(""https://stackoverflow.com/q/21295797"", ""21295797"")",0.360726377346876,"0","4508"
"=HYPERLINK(""https://stackoverflow.com/q/21362945"", ""21362945"")",0.5384945544288858,"3","1558"
"=HYPERLINK(""https://stackoverflow.com/q/21418792"", ""21418792"")",0.3907366346390732,"0","223"
"=HYPERLINK(""https://stackoverflow.com/q/21457810"", ""21457810"")",0.9405766526019682,"0","526"
"=HYPERLINK(""https://stackoverflow.com/q/21466276"", ""21466276"")",0.8101619207146838,"0","186"
"=HYPERLINK(""https://stackoverflow.com/q/21466871"", ""21466871"")",0.8741559238796811,"0","26"
"=HYPERLINK(""https://stackoverflow.com/q/21564195"", ""21564195"")",0.6304500703234873,"2","1778"
"=HYPERLINK(""https://stackoverflow.com/q/21607073"", ""21607073"")",0.5385640513076803,"1","3023"
"=HYPERLINK(""https://stackoverflow.com/q/21676045"", ""21676045"")",0.3671085858585856,"0","593"
"=HYPERLINK(""https://stackoverflow.com/q/21816971"", ""21816971"")",0.4053547523427039,"0","2183"
"=HYPERLINK(""https://stackoverflow.com/q/22099155"", ""22099155"")",0.3238187389130783,"4","2885"
"=HYPERLINK(""https://stackoverflow.com/q/22255980"", ""22255980"")",0.4514712340799295,"1","127"
"=HYPERLINK(""https://stackoverflow.com/q/22256626"", ""22256626"")",0.3585858585858583,"0","856"
"=HYPERLINK(""https://stackoverflow.com/q/22270894"", ""22270894"")",0.3645198723527706,"3","801"
"=HYPERLINK(""https://stackoverflow.com/q/22851197"", ""22851197"")",0.5678598061148402,"1","72"
"=HYPERLINK(""https://stackoverflow.com/q/22890059"", ""22890059"")",0.4168330006653358,"0","1163"
"=HYPERLINK(""https://stackoverflow.com/q/23116103"", ""23116103"")",0.8686310620012281,"0","2117"
"=HYPERLINK(""https://stackoverflow.com/q/23296594"", ""23296594"")",0.2124977489645235,"1","649"
"=HYPERLINK(""https://stackoverflow.com/q/23650932"", ""23650932"")",0.5882936507936498,"1","1206"
"=HYPERLINK(""https://stackoverflow.com/q/23907071"", ""23907071"")",0.4494949494949491,"0","291"
"=HYPERLINK(""https://stackoverflow.com/q/23939667"", ""23939667"")",0.5056446821152705,"1","291"
"=HYPERLINK(""https://stackoverflow.com/q/24077293"", ""24077293"")",0.3274245343609506,"1","2117"
"=HYPERLINK(""https://stackoverflow.com/q/24151130"", ""24151130"")",0.3170838823012732,"0","945"
"=HYPERLINK(""https://stackoverflow.com/q/24397191"", ""24397191"")",0.40925464117484,"0","703"
"=HYPERLINK(""https://stackoverflow.com/q/24412428"", ""24412428"")",0.3407992973210361,"0","890"
"=HYPERLINK(""https://stackoverflow.com/q/24415065"", ""24415065"")",0.3315724599401305,"0","300"
"=HYPERLINK(""https://stackoverflow.com/q/24420876"", ""24420876"")",0.3372664700098332,"0","481"
"=HYPERLINK(""https://stackoverflow.com/q/24449146"", ""24449146"")",0.4855016679497048,"1","2144"
"=HYPERLINK(""https://stackoverflow.com/q/24675974"", ""24675974"")",0.2786371448791833,"0","2017"
"=HYPERLINK(""https://stackoverflow.com/q/24730657"", ""24730657"")",0.4722222222222223,"3","1085"
"=HYPERLINK(""https://stackoverflow.com/q/24877599"", ""24877599"")",0.7200945626477543,"0","123"
"=HYPERLINK(""https://stackoverflow.com/q/25063399"", ""25063399"")",0.4978127734033256,"0","202"
"=HYPERLINK(""https://stackoverflow.com/q/25075496"", ""25075496"")",0.5355862775217605,"0","641"
"=HYPERLINK(""https://stackoverflow.com/q/25105911"", ""25105911"")",0.5164652925846961,"1","688"
"=HYPERLINK(""https://stackoverflow.com/q/25242504"", ""25242504"")",0.2945694891032512,"0","1039"
"=HYPERLINK(""https://stackoverflow.com/q/25576109"", ""25576109"")",0.4214842148421485,"0","412"
"=HYPERLINK(""https://stackoverflow.com/q/25721783"", ""25721783"")",0.5126413838988686,"1","54"
"=HYPERLINK(""https://stackoverflow.com/q/25835407"", ""25835407"")",0.6258919469928638,"0","1829"
"=HYPERLINK(""https://stackoverflow.com/q/25865404"", ""25865404"")",0.4081597222222226,"0","304"
"=HYPERLINK(""https://stackoverflow.com/q/26118789"", ""26118789"")",0.4601643444087177,"0","49"
"=HYPERLINK(""https://stackoverflow.com/q/26490583"", ""26490583"")",0.4474781949184678,"0","445"
"=HYPERLINK(""https://stackoverflow.com/q/26571096"", ""26571096"")",0.615362063910877,"0","2586"
"=HYPERLINK(""https://stackoverflow.com/q/27036273"", ""27036273"")",0.7172717271727167,"0","2451"
"=HYPERLINK(""https://stackoverflow.com/q/27057780"", ""27057780"")",0.4744583581792884,"0","366"
"=HYPERLINK(""https://stackoverflow.com/q/27403565"", ""27403565"")",0.916198125836679,"0","78"
"=HYPERLINK(""https://stackoverflow.com/q/27611907"", ""27611907"")",0.7351373513735139,"0","2314"
"=HYPERLINK(""https://stackoverflow.com/q/27663157"", ""27663157"")",0.2952700811642874,"0","219"
"=HYPERLINK(""https://stackoverflow.com/q/27748865"", ""27748865"")",0.3898358585858584,"0","200"
"=HYPERLINK(""https://stackoverflow.com/q/27923143"", ""27923143"")",0.2714529914529916,"0","859"
"=HYPERLINK(""https://stackoverflow.com/q/27973881"", ""27973881"")",0.3525153818313427,"0","576"
"=HYPERLINK(""https://stackoverflow.com/q/27975578"", ""27975578"")",0.4024547803617569,"0","244"
"=HYPERLINK(""https://stackoverflow.com/q/28251836"", ""28251836"")",0.8836146272855124,"0","370"
"=HYPERLINK(""https://stackoverflow.com/q/28291812"", ""28291812"")",0.6242840778923253,"0","492"
"=HYPERLINK(""https://stackoverflow.com/q/28480141"", ""28480141"")",0.7870686386044744,"1","361"
"=HYPERLINK(""https://stackoverflow.com/q/28589781"", ""28589781"")",0.5293088363954513,"0","82"
"=HYPERLINK(""https://stackoverflow.com/q/28692435"", ""28692435"")",0.5437299827543722,"0","93"
"=HYPERLINK(""https://stackoverflow.com/q/29114766"", ""29114766"")",0.4081928584375567,"1","60"
"=HYPERLINK(""https://stackoverflow.com/q/29402803"", ""29402803"")",0.3612113918973122,"0","1232"
"=HYPERLINK(""https://stackoverflow.com/q/29952645"", ""29952645"")",0.7823488045007024,"0","1403"
"=HYPERLINK(""https://stackoverflow.com/q/30229894"", ""30229894"")",0.2357540219515863,"0","476"
"=HYPERLINK(""https://stackoverflow.com/q/30256468"", ""30256468"")",0.3047910295616718,"1","154"
"=HYPERLINK(""https://stackoverflow.com/q/30298437"", ""30298437"")",0.3886087768440709,"0","165"
"=HYPERLINK(""https://stackoverflow.com/q/30378155"", ""30378155"")",0.4261826182618258,"1","279"
"=HYPERLINK(""https://stackoverflow.com/q/30509717"", ""30509717"")",0.5635395874916829,"1","565"
"=HYPERLINK(""https://stackoverflow.com/q/30578315"", ""30578315"")",0.6170561705617057,"1","2283"
"=HYPERLINK(""https://stackoverflow.com/q/30621050"", ""30621050"")",0.3749315818281331,"0","387"
"=HYPERLINK(""https://stackoverflow.com/q/30671097"", ""30671097"")",0.2641070389761488,"1","78"
"=HYPERLINK(""https://stackoverflow.com/q/30706922"", ""30706922"")",0.4053208137715182,"0","1235"
"=HYPERLINK(""https://stackoverflow.com/q/30769802"", ""30769802"")",0.7966903073286054,"1","1532"
"=HYPERLINK(""https://stackoverflow.com/q/30918688"", ""30918688"")",0.2591615362063913,"0","352"
"=HYPERLINK(""https://stackoverflow.com/q/30969092"", ""30969092"")",0.2957092539225104,"0","1072"
"=HYPERLINK(""https://stackoverflow.com/q/31053962"", ""31053962"")",0.5704712494595761,"0","189"
"=HYPERLINK(""https://stackoverflow.com/q/31060360"", ""31060360"")",0.6253842775581895,"1","212"
"=HYPERLINK(""https://stackoverflow.com/q/31148756"", ""31148756"")",0.4554238032498898,"0","49"
"=HYPERLINK(""https://stackoverflow.com/q/31151975"", ""31151975"")",0.5084817642069558,"0","108"
"=HYPERLINK(""https://stackoverflow.com/q/31171276"", ""31171276"")",0.5114529914529921,"0","244"
"=HYPERLINK(""https://stackoverflow.com/q/31286301"", ""31286301"")",0.4438717067583046,"0","530"
"=HYPERLINK(""https://stackoverflow.com/q/31484400"", ""31484400"")",0.2877134061013151,"0","153"
"=HYPERLINK(""https://stackoverflow.com/q/31511900"", ""31511900"")",0.3557063851181498,"0","721"
"=HYPERLINK(""https://stackoverflow.com/q/31732482"", ""31732482"")",0.906045751633987,"0","654"
"=HYPERLINK(""https://stackoverflow.com/q/32081165"", ""32081165"")",0.6798835125448036,"0","751"
"=HYPERLINK(""https://stackoverflow.com/q/32149077"", ""32149077"")",0.3696876600102401,"0","179"
"=HYPERLINK(""https://stackoverflow.com/q/32257839"", ""32257839"")",0.3977947413061922,"0","1896"
"=HYPERLINK(""https://stackoverflow.com/q/32368085"", ""32368085"")",0.3239921337266473,"1","42"
"=HYPERLINK(""https://stackoverflow.com/q/32466880"", ""32466880"")",0.4308111792774364,"1","435"
"=HYPERLINK(""https://stackoverflow.com/q/32525254"", ""32525254"")",0.6806443970623084,"1","411"
"=HYPERLINK(""https://stackoverflow.com/q/32567764"", ""32567764"")",0.3201015044408193,"1","781"
"=HYPERLINK(""https://stackoverflow.com/q/32592427"", ""32592427"")",0.3445931591247083,"0","356"
"=HYPERLINK(""https://stackoverflow.com/q/32879300"", ""32879300"")",0.3803249890206409,"1","151"
"=HYPERLINK(""https://stackoverflow.com/q/32909141"", ""32909141"")",0.3791989664082686,"1","232"
"=HYPERLINK(""https://stackoverflow.com/q/33026217"", ""33026217"")",0.5323725981620714,"1","507"
"=HYPERLINK(""https://stackoverflow.com/q/33152166"", ""33152166"")",0.7654748173779308,"1","204"
"=HYPERLINK(""https://stackoverflow.com/q/33369867"", ""33369867"")",0.5827991452991456,"0","27"
"=HYPERLINK(""https://stackoverflow.com/q/33378434"", ""33378434"")",0.2505241090146751,"0","85"
"=HYPERLINK(""https://stackoverflow.com/q/33514746"", ""33514746"")",0.3675424192665568,"0","1113"
"=HYPERLINK(""https://stackoverflow.com/q/33530863"", ""33530863"")",0.2736056214317083,"1","1468"
"=HYPERLINK(""https://stackoverflow.com/q/33639001"", ""33639001"")",0.3793650793650794,"1","2083"
"=HYPERLINK(""https://stackoverflow.com/q/33770082"", ""33770082"")",0.5489267676767673,"0","96"
"=HYPERLINK(""https://stackoverflow.com/q/34046790"", ""34046790"")",0.2525887143688188,"2","1724"
"=HYPERLINK(""https://stackoverflow.com/q/34162161"", ""34162161"")",0.4407652685798385,"0","146"
"=HYPERLINK(""https://stackoverflow.com/q/34172317"", ""34172317"")",0.2775968150560984,"0","75"
"=HYPERLINK(""https://stackoverflow.com/q/34305656"", ""34305656"")",0.4092451229855816,"4","1291"
"=HYPERLINK(""https://stackoverflow.com/q/34312283"", ""34312283"")",0.4732860520094563,"0","80"
"=HYPERLINK(""https://stackoverflow.com/q/34474225"", ""34474225"")",0.2537182852143484,"0","1256"
"=HYPERLINK(""https://stackoverflow.com/q/34524336"", ""34524336"")",0.955281770476841,"2","4633"
"=HYPERLINK(""https://stackoverflow.com/q/34823823"", ""34823823"")",0.5583924349881798,"0","3324"
"=HYPERLINK(""https://stackoverflow.com/q/35113929"", ""35113929"")",0.3257936507936508,"2","111"
"=HYPERLINK(""https://stackoverflow.com/q/35228869"", ""35228869"")",0.5596606458675417,"0","214"
"=HYPERLINK(""https://stackoverflow.com/q/35443180"", ""35443180"")",0.3171878972794302,"0","129"
"=HYPERLINK(""https://stackoverflow.com/q/35626143"", ""35626143"")",0.6350662589194702,"0","53"
"=HYPERLINK(""https://stackoverflow.com/q/35668673"", ""35668673"")",0.492898913951545,"1","106"
"=HYPERLINK(""https://stackoverflow.com/q/35753054"", ""35753054"")",0.6385858585858583,"2","1581"
"=HYPERLINK(""https://stackoverflow.com/q/35879197"", ""35879197"")",0.3532567049808429,"0","83"
"=HYPERLINK(""https://stackoverflow.com/q/35961012"", ""35961012"")",0.5959064327485388,"2","98"
"=HYPERLINK(""https://stackoverflow.com/q/36111072"", ""36111072"")",0.3234880450070322,"2","2389"
"=HYPERLINK(""https://stackoverflow.com/q/36129893"", ""36129893"")",0.780205415499533,"0","379"
"=HYPERLINK(""https://stackoverflow.com/q/36204992"", ""36204992"")",0.5402945113788484,"0","31"
"=HYPERLINK(""https://stackoverflow.com/q/36466764"", ""36466764"")",0.6038790269559506,"0","454"
"=HYPERLINK(""https://stackoverflow.com/q/36482532"", ""36482532"")",0.4521687462863935,"0","120"
"=HYPERLINK(""https://stackoverflow.com/q/36497236"", ""36497236"")",0.5014584990718637,"2","206"
"=HYPERLINK(""https://stackoverflow.com/q/36615505"", ""36615505"")",0.3305966064586753,"0","45"
"=HYPERLINK(""https://stackoverflow.com/q/36651690"", ""36651690"")",0.5638511814982402,"0","657"
"=HYPERLINK(""https://stackoverflow.com/q/36694921"", ""36694921"")",0.3942338840298027,"0","9176"
"=HYPERLINK(""https://stackoverflow.com/q/37088833"", ""37088833"")",0.2396640826873382,"2","375"
"=HYPERLINK(""https://stackoverflow.com/q/37104855"", ""37104855"")",0.7497812773403335,"0","73"
"=HYPERLINK(""https://stackoverflow.com/q/37135863"", ""37135863"")",0.3894949494949494,"0","83"
"=HYPERLINK(""https://stackoverflow.com/q/37165695"", ""37165695"")",0.3976345160752961,"5","2166"
"=HYPERLINK(""https://stackoverflow.com/q/37203038"", ""37203038"")",0.6483967188665178,"0","68"
"=HYPERLINK(""https://stackoverflow.com/q/37316957"", ""37316957"")",0.6654939900322487,"1","828"
"=HYPERLINK(""https://stackoverflow.com/q/37418385"", ""37418385"")",0.6117571059431517,"4","2704"
"=HYPERLINK(""https://stackoverflow.com/q/37457077"", ""37457077"")",0.6652601969057658,"1","353"
"=HYPERLINK(""https://stackoverflow.com/q/37548640"", ""37548640"")",0.5647964796479644,"0","279"
"=HYPERLINK(""https://stackoverflow.com/q/37603014"", ""37603014"")",0.4384883959745329,"0","492"
"=HYPERLINK(""https://stackoverflow.com/q/37701719"", ""37701719"")",0.6294949494949493,"1","305"
"=HYPERLINK(""https://stackoverflow.com/q/37742439"", ""37742439"")",0.6123824052885831,"1","588"
"=HYPERLINK(""https://stackoverflow.com/q/37807464"", ""37807464"")",0.5228551336146267,"0","815"
"=HYPERLINK(""https://stackoverflow.com/q/37819443"", ""37819443"")",0.6404914529914532,"0","696"
"=HYPERLINK(""https://stackoverflow.com/q/37916645"", ""37916645"")",0.5063550635506356,"1","526"
"=HYPERLINK(""https://stackoverflow.com/q/38011442"", ""38011442"")",0.6647000983284175,"1","75"
"=HYPERLINK(""https://stackoverflow.com/q/38099153"", ""38099153"")",0.4211172498465317,"1","116"
"=HYPERLINK(""https://stackoverflow.com/q/38144270"", ""38144270"")",0.4085664611980404,"1","95"
"=HYPERLINK(""https://stackoverflow.com/q/38264023"", ""38264023"")",0.294511378848728,"1","376"
"=HYPERLINK(""https://stackoverflow.com/q/38406551"", ""38406551"")",0.5582877959927148,"0","434"
"=HYPERLINK(""https://stackoverflow.com/q/38477480"", ""38477480"")",0.8398692810457518,"0","641"
"=HYPERLINK(""https://stackoverflow.com/q/38544482"", ""38544482"")",0.1869281045751633,"3","296"
"=HYPERLINK(""https://stackoverflow.com/q/38798160"", ""38798160"")",0.5639307649357895,"0","258"
"=HYPERLINK(""https://stackoverflow.com/q/38938398"", ""38938398"")",0.5913131313131311,"4","1247"
"=HYPERLINK(""https://stackoverflow.com/q/39025423"", ""39025423"")",0.4791491743632794,"0","1117"
"=HYPERLINK(""https://stackoverflow.com/q/39047450"", ""39047450"")",0.6404914529914533,"1","81"
"=HYPERLINK(""https://stackoverflow.com/q/39068736"", ""39068736"")",0.6017531390665727,"0","966"
"=HYPERLINK(""https://stackoverflow.com/q/39224229"", ""39224229"")",0.5066587159610416,"0","1518"
"=HYPERLINK(""https://stackoverflow.com/q/39293135"", ""39293135"")",0.6698966408268726,"5","254"
"=HYPERLINK(""https://stackoverflow.com/q/39395297"", ""39395297"")",0.7298558100084828,"2","923"
"=HYPERLINK(""https://stackoverflow.com/q/39730439"", ""39730439"")",0.4500703234880446,"0","28"
"=HYPERLINK(""https://stackoverflow.com/q/40039529"", ""40039529"")",0.6452991452991453,"0","74"
"=HYPERLINK(""https://stackoverflow.com/q/40252420"", ""40252420"")",0.5015931750436835,"0","112"
"=HYPERLINK(""https://stackoverflow.com/q/40286669"", ""40286669"")",0.3864013266998345,"1","58"
"=HYPERLINK(""https://stackoverflow.com/q/40363179"", ""40363179"")",0.2332719459791283,"0","178"
"=HYPERLINK(""https://stackoverflow.com/q/40665286"", ""40665286"")",0.4935790061418199,"0","1953"
"=HYPERLINK(""https://stackoverflow.com/q/40670839"", ""40670839"")",0.2971120900636322,"3","104"
"=HYPERLINK(""https://stackoverflow.com/q/40853073"", ""40853073"")",0.6538259958071283,"2","1329"
"=HYPERLINK(""https://stackoverflow.com/q/40855644"", ""40855644"")",0.3994374120956396,"0","53"
"=HYPERLINK(""https://stackoverflow.com/q/40981462"", ""40981462"")",0.3444349151896326,"0","441"
"=HYPERLINK(""https://stackoverflow.com/q/41126931"", ""41126931"")",0.5424469413233466,"0","1021"
"=HYPERLINK(""https://stackoverflow.com/q/41286262"", ""41286262"")",0.6684762938834597,"1","260"
"=HYPERLINK(""https://stackoverflow.com/q/41503665"", ""41503665"")",0.1700483091787439,"1","55"
"=HYPERLINK(""https://stackoverflow.com/q/41531804"", ""41531804"")",0.3922222222222219,"0","133"
"=HYPERLINK(""https://stackoverflow.com/q/41587082"", ""41587082"")",0.4179669030732861,"1","77"
"=HYPERLINK(""https://stackoverflow.com/q/41789612"", ""41789612"")",0.6411945542380317,"4","887"
"=HYPERLINK(""https://stackoverflow.com/q/41964926"", ""41964926"")",0.2655497785480456,"0","294"
"=HYPERLINK(""https://stackoverflow.com/q/42003848"", ""42003848"")",0.4064327485380123,"2","681"
"=HYPERLINK(""https://stackoverflow.com/q/42013057"", ""42013057"")",0.3306559571619811,"0","246"
"=HYPERLINK(""https://stackoverflow.com/q/42214116"", ""42214116"")",0.7883986928104576,"2","242"
"=HYPERLINK(""https://stackoverflow.com/q/42341694"", ""42341694"")",0.3363161819537661,"0","1387"
"=HYPERLINK(""https://stackoverflow.com/q/42524973"", ""42524973"")",0.4034302759134976,"0","86"
"=HYPERLINK(""https://stackoverflow.com/q/42648272"", ""42648272"")",0.1810829817158931,"0","20"
"=HYPERLINK(""https://stackoverflow.com/q/43625560"", ""43625560"")",0.4441362305439977,"0","605"
"=HYPERLINK(""https://stackoverflow.com/q/43700690"", ""43700690"")",0.5482726423902894,"3","1211"
"=HYPERLINK(""https://stackoverflow.com/q/43936610"", ""43936610"")",0.3917723952326028,"1","43"
"=HYPERLINK(""https://stackoverflow.com/q/43991940"", ""43991940"")",0.4741306191687877,"1","854"
"=HYPERLINK(""https://stackoverflow.com/q/44045343"", ""44045343"")",0.3396718866517527,"0","77"
"=HYPERLINK(""https://stackoverflow.com/q/44062115"", ""44062115"")",0.6594163494652895,"0","522"
"=HYPERLINK(""https://stackoverflow.com/q/44148622"", ""44148622"")",0.5137674117265962,"0","166"
"=HYPERLINK(""https://stackoverflow.com/q/44374963"", ""44374963"")",0.4006837606837612,"1","73"
"=HYPERLINK(""https://stackoverflow.com/q/44418651"", ""44418651"")",0.6006416751097604,"1","210"
"=HYPERLINK(""https://stackoverflow.com/q/44522545"", ""44522545"")",0.709987311944898,"0","206"
"=HYPERLINK(""https://stackoverflow.com/q/44903898"", ""44903898"")",0.5695906432748548,"2","347"
"=HYPERLINK(""https://stackoverflow.com/q/45037012"", ""45037012"")",0.4440336824810024,"0","918"
"=HYPERLINK(""https://stackoverflow.com/q/45373147"", ""45373147"")",0.423996058142399,"1","104"
"=HYPERLINK(""https://stackoverflow.com/q/45378246"", ""45378246"")",0.5242356450410145,"1","105"
"=HYPERLINK(""https://stackoverflow.com/q/45705723"", ""45705723"")",0.7010495837857399,"0","371"
"=HYPERLINK(""https://stackoverflow.com/q/45769909"", ""45769909"")",0.8279914529914533,"0","85"
"=HYPERLINK(""https://stackoverflow.com/q/45790362"", ""45790362"")",0.77824759220108,"0","722"
"=HYPERLINK(""https://stackoverflow.com/q/45803148"", ""45803148"")",0.4203354297693921,"0","77"
"=HYPERLINK(""https://stackoverflow.com/q/45813386"", ""45813386"")",0.3963647024333042,"0","245"
"=HYPERLINK(""https://stackoverflow.com/q/45901023"", ""45901023"")",0.4081597222222227,"0","266"
"=HYPERLINK(""https://stackoverflow.com/q/45967441"", ""45967441"")",0.4706459296623234,"0","706"
"=HYPERLINK(""https://stackoverflow.com/q/46051362"", ""46051362"")",0.5370910268869462,"0","392"
"=HYPERLINK(""https://stackoverflow.com/q/46076542"", ""46076542"")",0.3266421117249849,"0","142"
"=HYPERLINK(""https://stackoverflow.com/q/46332847"", ""46332847"")",0.5544021530180694,"0","963"
"=HYPERLINK(""https://stackoverflow.com/q/46372579"", ""46372579"")",0.3673146831041569,"1","841"
"=HYPERLINK(""https://stackoverflow.com/q/46462620"", ""46462620"")",0.2962106615285806,"0","248"
"=HYPERLINK(""https://stackoverflow.com/q/46474336"", ""46474336"")",0.6975916803503002,"0","217"
"=HYPERLINK(""https://stackoverflow.com/q/46646345"", ""46646345"")",0.5895691609977335,"0","107"
"=HYPERLINK(""https://stackoverflow.com/q/46678364"", ""46678364"")",0.4927140255009113,"0","54"
"=HYPERLINK(""https://stackoverflow.com/q/46883341"", ""46883341"")",0.4508911642017441,"1","936"
"=HYPERLINK(""https://stackoverflow.com/q/47037686"", ""47037686"")",0.4817966903073287,"1","41"
"=HYPERLINK(""https://stackoverflow.com/q/47189689"", ""47189689"")",0.5141141141141135,"2","819"
"=HYPERLINK(""https://stackoverflow.com/q/47320666"", ""47320666"")",0.5458373825720774,"0","766"
"=HYPERLINK(""https://stackoverflow.com/q/47439442"", ""47439442"")",0.2735735735735734,"0","159"
"=HYPERLINK(""https://stackoverflow.com/q/47779216"", ""47779216"")",0.5124071439860919,"0","340"
"=HYPERLINK(""https://stackoverflow.com/q/47801585"", ""47801585"")",0.351951951951952,"0","764"
"=HYPERLINK(""https://stackoverflow.com/q/47927515"", ""47927515"")",0.3104156788367315,"0","188"
"=HYPERLINK(""https://stackoverflow.com/q/48068225"", ""48068225"")",0.3798514782121344,"0","172"
"=HYPERLINK(""https://stackoverflow.com/q/48284871"", ""48284871"")",0.608128262490679,"0","365"
"=HYPERLINK(""https://stackoverflow.com/q/48312348"", ""48312348"")",0.5282463186077638,"0","223"
"=HYPERLINK(""https://stackoverflow.com/q/48389837"", ""48389837"")",0.4440819285843758,"1","34"
"=HYPERLINK(""https://stackoverflow.com/q/48578807"", ""48578807"")",0.2601230968577911,"0","4364"
"=HYPERLINK(""https://stackoverflow.com/q/48644522"", ""48644522"")",0.6451545530492893,"0","190"
"=HYPERLINK(""https://stackoverflow.com/q/48825975"", ""48825975"")",0.9371543489190548,"1","427"
"=HYPERLINK(""https://stackoverflow.com/q/48875100"", ""48875100"")",0.45418098510882,"0","1692"
"=HYPERLINK(""https://stackoverflow.com/q/48948015"", ""48948015"")",0.4013266998341629,"0","186"
"=HYPERLINK(""https://stackoverflow.com/q/49318856"", ""49318856"")",0.2746612466124659,"0","5656"
"=HYPERLINK(""https://stackoverflow.com/q/49570829"", ""49570829"")",0.4597222222222222,"0","387"
"=HYPERLINK(""https://stackoverflow.com/q/49615150"", ""49615150"")",0.3596268023748943,"0","60"
"=HYPERLINK(""https://stackoverflow.com/q/49770636"", ""49770636"")",0.466920427768715,"3","146"
"=HYPERLINK(""https://stackoverflow.com/q/49810141"", ""49810141"")",0.5885012919896634,"0","55"
"=HYPERLINK(""https://stackoverflow.com/q/50342146"", ""50342146"")",0.4636015325670498,"0","85"
"=HYPERLINK(""https://stackoverflow.com/q/50362791"", ""50362791"")",0.2294949494949494,"2","190"
"=HYPERLINK(""https://stackoverflow.com/q/50388948"", ""50388948"")",0.4615169325496775,"0","403"
"=HYPERLINK(""https://stackoverflow.com/q/50395022"", ""50395022"")",0.3124589086127549,"1","82"
"=HYPERLINK(""https://stackoverflow.com/q/50746708"", ""50746708"")",0.7740470397404715,"0","54"
"=HYPERLINK(""https://stackoverflow.com/q/50799502"", ""50799502"")",0.4494949494949491,"0","113"
"=HYPERLINK(""https://stackoverflow.com/q/50803344"", ""50803344"")",0.2293345977556504,"1","479"
"=HYPERLINK(""https://stackoverflow.com/q/50829261"", ""50829261"")",0.4592085235920851,"0","94"
"=HYPERLINK(""https://stackoverflow.com/q/50842155"", ""50842155"")",0.3635460147088056,"0","134"
"=HYPERLINK(""https://stackoverflow.com/q/51024726"", ""51024726"")",0.2620452310717797,"0","45"
"=HYPERLINK(""https://stackoverflow.com/q/51414849"", ""51414849"")",0.3520923520923518,"0","398"
"=HYPERLINK(""https://stackoverflow.com/q/51843491"", ""51843491"")",0.4117265954000655,"0","146"
"=HYPERLINK(""https://stackoverflow.com/q/52040570"", ""52040570"")",0.2152898132100907,"0","47"
"=HYPERLINK(""https://stackoverflow.com/q/52076501"", ""52076501"")",0.729575163398693,"1","294"
"=HYPERLINK(""https://stackoverflow.com/q/52166164"", ""52166164"")",0.524489224741113,"2","1617"
"=HYPERLINK(""https://stackoverflow.com/q/52169184"", ""52169184"")",0.508184093972656,"0","160"
"=HYPERLINK(""https://stackoverflow.com/q/52328876"", ""52328876"")",0.3256056808688384,"3","2941"
"=HYPERLINK(""https://stackoverflow.com/q/52333452"", ""52333452"")",0.422653256704981,"2","204"
"=HYPERLINK(""https://stackoverflow.com/q/52484047"", ""52484047"")",0.2993534806795973,"1","204"
"=HYPERLINK(""https://stackoverflow.com/q/52688464"", ""52688464"")",0.4277558190601666,"0","51"
"=HYPERLINK(""https://stackoverflow.com/q/52852949"", ""52852949"")",0.3973885193397383,"0","140"
"=HYPERLINK(""https://stackoverflow.com/q/52932674"", ""52932674"")",0.2273768613974799,"0","60"
"=HYPERLINK(""https://stackoverflow.com/q/52953315"", ""52953315"")",0.3078645396025745,"1","139"
"=HYPERLINK(""https://stackoverflow.com/q/53005970"", ""53005970"")",0.3520923520923518,"0","84"
"=HYPERLINK(""https://stackoverflow.com/q/53170139"", ""53170139"")",0.4317083882301269,"0","167"
"=HYPERLINK(""https://stackoverflow.com/q/53204994"", ""53204994"")",0.5343027591349742,"0","116"
"=HYPERLINK(""https://stackoverflow.com/q/53214147"", ""53214147"")",0.5167007498295835,"0","488"
"=HYPERLINK(""https://stackoverflow.com/q/53224987"", ""53224987"")",0.5665801988759187,"1","214"
"=HYPERLINK(""https://stackoverflow.com/q/53688964"", ""53688964"")",0.6453960257486695,"0","108"
"=HYPERLINK(""https://stackoverflow.com/q/53763970"", ""53763970"")",0.3501291989664082,"0","692"
"=HYPERLINK(""https://stackoverflow.com/q/54059646"", ""54059646"")",0.4817158931082976,"1","40"
"=HYPERLINK(""https://stackoverflow.com/q/54404521"", ""54404521"")",0.2281628162816281,"0","328"
"=HYPERLINK(""https://stackoverflow.com/q/54415923"", ""54415923"")",0.249935848088273,"1","65"
"=HYPERLINK(""https://stackoverflow.com/q/54991172"", ""54991172"")",0.3440972222222225,"0","35"
"=HYPERLINK(""https://stackoverflow.com/q/55225692"", ""55225692"")",0.5173041894353376,"0","67"
"=HYPERLINK(""https://stackoverflow.com/q/55245854"", ""55245854"")",0.4550381867455036,"1","1259"
"=HYPERLINK(""https://stackoverflow.com/q/55423466"", ""55423466"")",0.6868493732738483,"0","65"
"=HYPERLINK(""https://stackoverflow.com/q/55526631"", ""55526631"")",0.4120956399437408,"0","162"
"=HYPERLINK(""https://stackoverflow.com/q/55854758"", ""55854758"")",0.6549399003224865,"0","221"
"=HYPERLINK(""https://stackoverflow.com/q/55980044"", ""55980044"")",0.6126504338091231,"0","94"
"=HYPERLINK(""https://stackoverflow.com/q/56011456"", ""56011456"")",0.5850540806293024,"0","70"
"=HYPERLINK(""https://stackoverflow.com/q/56346889"", ""56346889"")",0.2059289431998188,"0","88"
"=HYPERLINK(""https://stackoverflow.com/q/56354010"", ""56354010"")",0.5822222222222229,"0","174"
"=HYPERLINK(""https://stackoverflow.com/q/56470183"", ""56470183"")",0.4232531500572736,"1","383"
"=HYPERLINK(""https://stackoverflow.com/q/56595688"", ""56595688"")",0.373805932629462,"0","579"
"=HYPERLINK(""https://stackoverflow.com/q/56928607"", ""56928607"")",0.3299145299145301,"0","170"
"=HYPERLINK(""https://stackoverflow.com/q/57474706"", ""57474706"")",0.3562279859109831,"2","1841"
"=HYPERLINK(""https://stackoverflow.com/q/57479366"", ""57479366"")",0.4143404488232068,"0","684"
"=HYPERLINK(""https://stackoverflow.com/q/57626095"", ""57626095"")",0.2479647964796479,"1","38"
"=HYPERLINK(""https://stackoverflow.com/q/57630574"", ""57630574"")",0.3752155703375214,"0","278"
"=HYPERLINK(""https://stackoverflow.com/q/57730371"", ""57730371"")",0.3414214942877364,"0","1840"
"=HYPERLINK(""https://stackoverflow.com/q/57891475"", ""57891475"")",0.4640358242373349,"0","42"
"=HYPERLINK(""https://stackoverflow.com/q/58171146"", ""58171146"")",0.4262524489224737,"2","436"
"=HYPERLINK(""https://stackoverflow.com/q/58279871"", ""58279871"")",0.350301039956212,"0","25"
"=HYPERLINK(""https://stackoverflow.com/q/58601503"", ""58601503"")",0.4763205828779603,"0","47"
"=HYPERLINK(""https://stackoverflow.com/q/58842446"", ""58842446"")",0.3847837985769016,"0","164"
"=HYPERLINK(""https://stackoverflow.com/q/58884120"", ""58884120"")",0.6581828133552261,"1","278"
"=HYPERLINK(""https://stackoverflow.com/q/59029108"", ""59029108"")",0.414882772680938,"0","56"
"=HYPERLINK(""https://stackoverflow.com/q/59834733"", ""59834733"")",0.3327485380116963,"0","169"
"=HYPERLINK(""https://stackoverflow.com/q/59850956"", ""59850956"")",0.4294000362515862,"0","97"
"=HYPERLINK(""https://stackoverflow.com/q/59871659"", ""59871659"")",0.4792564427545415,"0","68"
"=HYPERLINK(""https://stackoverflow.com/q/59994799"", ""59994799"")",0.4029451137884868,"0","131"
"=HYPERLINK(""https://stackoverflow.com/q/60009180"", ""60009180"")",0.2692668543090736,"0","219"
"=HYPERLINK(""https://stackoverflow.com/q/60057985"", ""60057985"")",0.5822222222222223,"3","134"
"=HYPERLINK(""https://stackoverflow.com/q/60178359"", ""60178359"")",0.8222222222222233,"0","71"
"=HYPERLINK(""https://stackoverflow.com/q/60193645"", ""60193645"")",0.380593262946204,"0","53"
"=HYPERLINK(""https://stackoverflow.com/q/60241091"", ""60241091"")",0.3435142459532705,"2","40"
"=HYPERLINK(""https://stackoverflow.com/q/60327074"", ""60327074"")",0.4067240672406725,"0","201"
"=HYPERLINK(""https://stackoverflow.com/q/60512547"", ""60512547"")",0.5338857021457412,"0","61"
"=HYPERLINK(""https://stackoverflow.com/q/60980382"", ""60980382"")",0.4160683760683765,"1","49"
"=HYPERLINK(""https://stackoverflow.com/q/61078407"", ""61078407"")",0.2461818691326889,"0","59"
"=HYPERLINK(""https://stackoverflow.com/q/61258906"", ""61258906"")",0.2979264475743348,"0","132"
"=HYPERLINK(""https://stackoverflow.com/q/61438112"", ""61438112"")",0.5214025500910754,"1","45"
"=HYPERLINK(""https://stackoverflow.com/q/61741067"", ""61741067"")",0.4949494949494943,"0","43"
"=HYPERLINK(""https://stackoverflow.com/q/61822025"", ""61822025"")",0.3198475520375259,"2","138"
"=HYPERLINK(""https://stackoverflow.com/q/61905626"", ""61905626"")",0.4098554844823505,"0","129"
"=HYPERLINK(""https://stackoverflow.com/q/62100452"", ""62100452"")",0.3430831493745402,"0","36"
"=HYPERLINK(""https://stackoverflow.com/q/62188119"", ""62188119"")",0.4380116959064334,"0","31"
"=HYPERLINK(""https://stackoverflow.com/q/62198579"", ""62198579"")",0.4763205828779605,"0","45"
"=HYPERLINK(""https://stackoverflow.com/q/62327230"", ""62327230"")",0.5948249619482496,"1","128"
"=HYPERLINK(""https://stackoverflow.com/q/62636094"", ""62636094"")",0.3492492492492491,"1","370"
"=HYPERLINK(""https://stackoverflow.com/q/62814791"", ""62814791"")",0.3727172717271725,"2","110"
"=HYPERLINK(""https://stackoverflow.com/q/62840131"", ""62840131"")",0.3859501819199549,"0","114"
"=HYPERLINK(""https://stackoverflow.com/q/63142290"", ""63142290"")",0.529381575570952,"0","38"
"=HYPERLINK(""https://stackoverflow.com/q/63688080"", ""63688080"")",0.3311433840479483,"0","67"
"=HYPERLINK(""https://stackoverflow.com/q/64020607"", ""64020607"")",0.4647371922821022,"0","45"
"=HYPERLINK(""https://stackoverflow.com/q/64106676"", ""64106676"")",0.4274853801169597,"0","39"
"=HYPERLINK(""https://stackoverflow.com/q/64174235"", ""64174235"")",0.4395171224439515,"1","74"
"=HYPERLINK(""https://stackoverflow.com/q/64498182"", ""64498182"")",0.3820582877959933,"0","39"
"=HYPERLINK(""https://stackoverflow.com/q/64591821"", ""64591821"")",0.3027100271002708,"0","129"
"=HYPERLINK(""https://stackoverflow.com/q/64862611"", ""64862611"")",0.657913540550197,"0","95"
"=HYPERLINK(""https://stackoverflow.com/q/65123324"", ""65123324"")",0.3396791187739461,"0","116"
"=HYPERLINK(""https://stackoverflow.com/q/65187774"", ""65187774"")",0.3566760037348271,"0","44"
"=HYPERLINK(""https://stackoverflow.com/q/65308246"", ""65308246"")",0.4246888203722736,"0","106"
"=HYPERLINK(""https://stackoverflow.com/q/65707986"", ""65707986"")",0.2969644902634593,"0","40"
"=HYPERLINK(""https://stackoverflow.com/q/65710554"", ""65710554"")",0.2550764316678072,"1","31"
"=HYPERLINK(""https://stackoverflow.com/q/65921657"", ""65921657"")",0.4475743348982788,"0","60"
"=HYPERLINK(""https://stackoverflow.com/q/66006305"", ""66006305"")",0.3331644714623438,"0","57"
"=HYPERLINK(""https://stackoverflow.com/q/66117702"", ""66117702"")",0.4258150365934794,"1","37"
"=HYPERLINK(""https://stackoverflow.com/q/66223624"", ""66223624"")",0.3679948169744095,"0","57"
"=HYPERLINK(""https://stackoverflow.com/q/66224837"", ""66224837"")",0.3492430074416217,"0","50"
"=HYPERLINK(""https://stackoverflow.com/q/66319132"", ""66319132"")",0.5705757750818417,"1","54"
"=HYPERLINK(""https://stackoverflow.com/q/66327125"", ""66327125"")",0.5442561205273062,"0","28"
"=HYPERLINK(""https://stackoverflow.com/q/66457693"", ""66457693"")",0.4257936507936508,"0","29"
"=HYPERLINK(""https://stackoverflow.com/q/66534137"", ""66534137"")",0.5299145299145307,"0","17"
"=HYPERLINK(""https://stackoverflow.com/q/66649391"", ""66649391"")",0.4423262083574045,"0","56"
"=HYPERLINK(""https://stackoverflow.com/q/66674531"", ""66674531"")",0.3520299145299146,"0","39"
"=HYPERLINK(""https://stackoverflow.com/q/67550783"", ""67550783"")",0.2676767676767677,"0","53"
"=HYPERLINK(""https://stackoverflow.com/q/67568629"", ""67568629"")",0.55897786903947,"0","26"
"=HYPERLINK(""https://stackoverflow.com/q/67619269"", ""67619269"")",0.4860520094562648,"0","13"
"=HYPERLINK(""https://stackoverflow.com/q/67648627"", ""67648627"")",0.5135608048993884,"0","12"
