,Topic 0,Topic 1,Topic 2,Topic 3,Topic 4,Topic 5,Topic 6,Topic 7,Topic 8,Topic 9,Topic 10,Topic 11,Topic 12,Topic 13,Topic 14,Topic 15,Topic 16,Topic 17,Topic 18,Topic 19,Topic 20,Topic 21,Topic 22,Topic 23,Topic 24,Topic 25,Topic 26,Topic 27,Topic 28,Topic 29,Topic 30,Topic 31,Topic 32,Topic 33,Topic 34,Topic 35,Topic 36,Topic 37,Topic 38,Topic 39,Topic 40,Topic 41,Topic 42,Topic 43,Topic 44
Term 1,file 0.1429,agent 0.0859,filemak 0.0711,salesforc 0.0875,text 0.0488,servicenow 0.0621,user 0.1568,column 0.094,page 0.0243,tibco 0.0625,im 0.028,email 0.1438,salesforc 0.0974,request 0.0636,salesforc 0.0537,servic 0.0879,form 0.0844,valu 0.043,object 0.0814,apex 0.1381,time 0.0316,server 0.0792,page 0.0956,tabl 0.1151,error 0.0562,data 0.0895,page 0.1395,field 0.1109,field 0.0744,project 0.0495,date 0.0546,note 0.0964,button 0.0906,document 0.1038,xpage 0.058,queri 0.1256,select 0.1013,class 0.1077,error 0.1688,date 0.0984,report 0.0603,app 0.0839,code 0.0324,list 0.0503,develop 0.0163
Term 2,imag 0.0546,java 0.0645,script 0.0547,api 0.0758,string 0.0422,instanc 0.0289,access 0.0383,report 0.0883,css 0.0213,messag 0.0612,work 0.0223,send 0.0778,product 0.0394,api 0.0407,app 0.0364,web 0.0507,custom 0.0334,variabl 0.0383,field 0.061,oracl 0.1099,run 0.0206,connect 0.0311,item 0.0627,column 0.0385,instal 0.033,file 0.0766,visualforc 0.048,updat 0.0505,record 0.0598,file 0.0373,day 0.0302,lotu 0.0687,click 0.0655,view 0.0786,design 0.0332,return 0.0338,valu 0.0981,test 0.0736,code 0.0404,format 0.0525,apex 0.0574,powerapp 0.0448,work 0.0313,filter 0.0315,applic 0.0151
Term 3,attach 0.05,run 0.0397,databas 0.0432,data 0.0271,charact 0.0359,script 0.0286,creat 0.0219,interact 0.0495,add 0.02,queue 0.0234,ive 0.0188,mail 0.0471,packag 0.0278,respons 0.0335,token 0.0303,wsdl 0.0307,docusign 0.0325,object 0.0342,account 0.042,applic 0.0731,process 0.0172,error 0.0179,action 0.0365,form 0.0365,version 0.0272,export 0.0471,control 0.0395,valu 0.0462,tabl 0.0547,rad 0.0213,calendar 0.0212,databas 0.0446,open 0.0366,field 0.0436,control 0.0304,result 0.0323,list 0.0808,apex 0.0671,tri 0.0381,field 0.0351,chart 0.0441,flow 0.0385,javascript 0.027,powerapp 0.0307,data 0.0099
Term 4,upload 0.0375,code 0.0393,connect 0.0278,zoho 0.0264,search 0.0284,creat 0.0283,group 0.0204,row 0.047,theme 0.0172,connect 0.0208,find 0.0157,note 0.0391,org 0.0242,rest 0.0297,login 0.0298,call 0.0276,salesforc 0.0323,array 0.0274,record 0.0373,databas 0.0368,limit 0.0169,http 0.0179,valu 0.0297,data 0.0359,run 0.0266,xml 0.0446,custom 0.0306,set 0.0287,filemak 0.0239,plugin 0.0204,calcul 0.021,domino 0.0397,tab 0.0325,note 0.0291,domino 0.03,tabl 0.0275,item 0.0291,code 0.0475,messag 0.025,time 0.034,region 0.044,power 0.0319,page 0.0259,item 0.0263,tool 0.0096
Term 5,download 0.0171,domino 0.0273,data 0.0267,tri 0.026,field 0.0253,cloud 0.0258,profil 0.0194,apex 0.0433,chang 0.017,process 0.018,someth 0.0124,lotu 0.0297,data 0.0187,url 0.0293,authent 0.0224,soap 0.0251,send 0.0235,return 0.0221,custom 0.0372,creat 0.02,job 0.0145,certif 0.0161,dynam 0.0286,row 0.034,tri 0.0257,import 0.041,compon 0.0257,valid 0.0267,creat 0.0171,eclips 0.0188,month 0.0204,server 0.0351,page 0.0324,form 0.0285,work 0.0195,sql 0.0261,field 0.0286,method 0.047,follow 0.0233,number 0.03,oracl 0.0363,azur 0.0308,html 0.0206,data 0.0245,web 0.0093
Term 6,folder 0.0171,server 0.0257,server 0.0227,im 0.023,tri 0.0139,servic 0.0258,password 0.0194,grid 0.0343,tri 0.0162,em 0.0174,question 0.0123,address 0.0245,sandbox 0.0177,post 0.0273,user 0.0219,salesforc 0.025,field 0.0214,json 0.0208,salesforc 0.0371,procedur 0.0159,record 0.0142,set 0.0156,apex 0.0272,insert 0.0337,issu 0.0199,csv 0.0387,vf 0.0236,trigger 0.0266,layout 0.0168,build 0.017,year 0.017,access 0.0196,user 0.0233,formula 0.0197,applic 0.0185,soql 0.0224,checkbox 0.023,trigger 0.0288,line 0.023,valu 0.0234,print 0.021,creat 0.0289,tri 0.0206,sharepoint 0.0216,system 0.009
Term 7,content 0.0166,work 0.0174,sql 0.0199,code 0.0166,work 0.0124,widget 0.0189,log 0.0182,oracl 0.0255,imag 0.0151,jm 0.0161,make 0.0123,code 0.016,creat 0.0161,send 0.0213,access 0.0213,webservic 0.0186,approv 0.0209,string 0.0207,contact 0.0367,workspac 0.0136,delet 0.0135,configur 0.0151,set 0.0261,apex 0.0302,command 0.0187,excel 0.035,salesforc 0.0227,chang 0.0256,relat 0.0144,jar 0.0159,total 0.0165,document 0.0196,save 0.0198,creat 0.0184,server 0.0185,select 0.0158,display 0.0197,call 0.0237,im 0.0197,convert 0.0217,show 0.0198,data 0.0265,compon 0.0205,valu 0.0192,build 0.0078
Term 8,pdf 0.0156,note 0.0171,work 0.0181,creat 0.0162,line 0.012,oracl 0.0167,set 0.0158,valu 0.0211,style 0.0149,topic 0.0141,problem 0.0114,messag 0.0145,deploy 0.0143,tri 0.021,applic 0.017,creat 0.0183,creat 0.0209,pass 0.0198,creat 0.0259,instal 0.0132,everi 0.0128,work 0.0149,process 0.0201,creat 0.0267,file 0.0184,format 0.0162,display 0.0198,rule 0.0208,script 0.0144,tri 0.0149,number 0.015,client 0.0184,window 0.0192,lotu 0.0166,client 0.018,row 0.0152,lov 0.0194,salesforc 0.0178,ora 0.0189,datetim 0.019,creat 0.0186,connector 0.022,function 0.0199,column 0.0186,make 0.0071
Term 9,document 0.0153,lotusscript 0.0168,run 0.0159,rest 0.0159,valu 0.0118,incid 0.0163,role 0.0156,link 0.0197,code 0.0143,client 0.0139,code 0.0106,bodi 0.0134,cloud 0.0141,json 0.0201,oauth 0.0168,gener 0.0171,submit 0.0197,function 0.0197,id 0.0246,express 0.0128,updat 0.0115,domino 0.0148,button 0.0201,oracl 0.0223,follow 0.0174,load 0.0148,creat 0.0166,check 0.0177,id 0.0136,add 0.0141,start 0.0144,file 0.018,link 0.0181,databas 0.0128,note 0.0138,tri 0.015,user 0.0151,write 0.0172,work 0.0166,tri 0.0137,page 0.0184,connect 0.0173,event 0.0191,collect 0.0185,support 0.0071
Term 10,blob 0.012,error 0.0162,pro 0.0154,record 0.0156,match 0.0106,api 0.0145,login 0.0151,set 0.0171,templat 0.0142,activ 0.0133,answer 0.0098,user 0.0134,develop 0.0136,call 0.0195,session 0.0157,api 0.0162,document 0.0162,map 0.018,opportun 0.0194,sql 0.0127,batch 0.0107,port 0.0141,submit 0.0177,updat 0.0194,work 0.0159,pars 0.0098,button 0.0159,record 0.0153,set 0.0133,applic 0.0136,time 0.0139,applic 0.0141,close 0.0167,valu 0.0122,chang 0.0123,column 0.0148,apex 0.0151,run 0.0167,fail 0.0149,type 0.013,display 0.0172,microsoft 0.0158,load 0.0186,form 0.0179,question 0.0069
Term 11,creat 0.0119,call 0.0142,odbc 0.0151,python 0.0133,exampl 0.0099,oci 0.0128,permiss 0.0145,page 0.0168,genesi 0.0134,server 0.0129,thing 0.0087,work 0.0127,connect 0.0134,http 0.0186,url 0.0149,consum 0.0121,button 0.0159,type 0.0179,relat 0.0137,page 0.0117,issu 0.0094,url 0.0132,creat 0.0174,valu 0.0193,log 0.0143,upload 0.0097,object 0.0137,case 0.0149,number 0.0132,server 0.0133,order 0.0137,creat 0.0125,dialog 0.0165,column 0.0116,sourc 0.0114,statement 0.0143,check 0.0144,creat 0.0153,invalid 0.0123,set 0.0125,data 0.0151,custom 0.0157,call 0.0168,screen 0.0173,solut 0.0068
Term 12,code 0.0117,lotu 0.013,im 0.0146,error 0.0127,quot 0.0093,ticket 0.0101,account 0.0128,display 0.0166,color 0.0132,send 0.0125,solut 0.0086,creat 0.0104,custom 0.0131,header 0.0185,api 0.0128,integr 0.0116,templat 0.0156,call 0.0157,list 0.0128,schema 0.0117,perform 0.0089,tri 0.013,plsql 0.0162,key 0.0177,find 0.011,xslt 0.0094,add 0.0131,workflow 0.0142,portal 0.0118,instal 0.0131,creat 0.0134,user 0.0113,modal 0.0148,open 0.0114,set 0.0108,count 0.0128,option 0.0143,tri 0.0136,valid 0.0111,string 0.0125,bar 0.0145,add 0.0105,js 0.0161,select 0.0167,base 0.0063
Term 13,tri 0.0116,class 0.013,php 0.0142,crm 0.0122,code 0.009,tri 0.0091,authent 0.0126,chang 0.0123,html 0.0127,bw 0.0121,issu 0.0085,attach 0.0102,app 0.0124,error 0.0181,connect 0.0125,client 0.0111,user 0.0147,code 0.0141,relationship 0.0123,version 0.0104,size 0.0088,address 0.012,code 0.0142,id 0.0147,window 0.0103,tri 0.0088,apex 0.0128,true 0.0126,find 0.0107,java 0.013,show 0.0128,java 0.0113,action 0.0146,save 0.0111,view 0.0107,work 0.0125,set 0.013,work 0.0118,throw 0.011,display 0.0123,tree 0.0118,autom 0.0097,element 0.0157,galleri 0.016,requir 0.0061
Term 14,save 0.0111,document 0.0122,driver 0.0132,lead 0.0122,return 0.009,tabl 0.0091,admin 0.0124,filter 0.0115,work 0.0126,receiv 0.0106,realli 0.0085,tri 0.01,api 0.0121,code 0.0162,password 0.0101,rest 0.0106,sign 0.0142,list 0.014,parent 0.012,develop 0.0104,set 0.0087,host 0.0117,region 0.0139,record 0.0124,problem 0.0097,read 0.0083,lightn 0.0127,condit 0.0116,calcul 0.0106,folder 0.0126,sum 0.0106,ibm 0.0108,edit 0.0136,select 0.0104,properti 0.0106,record 0.0117,box 0.0121,error 0.0092,function 0.0107,languag 0.0119,queri 0.0099,tri 0.0089,jqueri 0.0154,dropdown 0.0151,provid 0.0061
Term 15,url 0.0108,tri 0.0114,db 0.0131,call 0.0114,rich 0.0089,task 0.0089,secur 0.011,add 0.0113,custom 0.0126,subscrib 0.0102,tri 0.0077,templat 0.0088,manag 0.0111,paramet 0.0158,log 0.0097,webmethod 0.0105,add 0.0137,paramet 0.0136,lookup 0.0119,db 0.0099,number 0.0082,domain 0.0111,javascript 0.013,sql 0.012,fail 0.0089,sourc 0.0072,show 0.0121,formula 0.0115,relationship 0.01,version 0.0116,end 0.0104,open 0.0107,show 0.0117,show 0.0102,browser 0.0106,im 0.0117,text 0.0121,execut 0.0089,give 0.0098,chang 0.0101,work 0.0099,canva 0.0083,salesforc 0.013,user 0.0132,design 0.0059
Term 16,path 0.0099,script 0.0113,mysql 0.0118,work 0.0107,special 0.0089,catalog 0.0085,applic 0.0098,select 0.0112,set 0.0116,listen 0.0089,time 0.0072,receiv 0.0086,chang 0.0103,return 0.0122,mobil 0.0096,messag 0.0101,envelop 0.0133,method 0.0129,child 0.0116,tri 0.0098,schedul 0.0081,network 0.0104,oracl 0.0124,add 0.011,im 0.0082,output 0.0072,code 0.0116,statu 0.0109,show 0.0097,find 0.0115,valu 0.0095,nsf 0.0095,menu 0.0115,doc 0.0095,version 0.0105,join 0.0116,dynam 0.0102,coverag 0.0089,run 0.0095,show 0.0095,tri 0.009,environ 0.0082,lightn 0.0115,tri 0.0132,good 0.0059
Term 17,work 0.0099,librari 0.0111,file 0.0117,php 0.0104,replac 0.0086,find 0.0084,usernam 0.0094,data 0.0109,im 0.0108,applic 0.0082,id 0.0069,outlook 0.008,integr 0.0099,work 0.0114,provid 0.0088,xml 0.0095,recipi 0.0092,data 0.0125,updat 0.0108,run 0.0091,execut 0.008,ip 0.0102,execut 0.0104,databas 0.0109,app 0.0079,gener 0.007,record 0.0115,null 0.0099,valu 0.0095,deploy 0.0108,week 0.0091,local 0.0091,add 0.0107,properti 0.0093,librari 0.0095,valu 0.0107,picklist 0.0101,unit 0.008,execut 0.0093,picker 0.0081,gener 0.0088,servic 0.008,im 0.0114,app 0.013,gener 0.0058
Term 18,resourc 0.0085,databas 0.0094,spotfir 0.0115,googl 0.0104,space 0.0085,client 0.0075,author 0.0093,tabl 0.0108,text 0.0101,java 0.0081,chang 0.0068,link 0.0076,market 0.0094,data 0.0112,id 0.0087,refer 0.0092,fill 0.0085,set 0.0112,type 0.0102,work 0.0089,call 0.0073,remot 0.0093,session 0.0102,process 0.0105,start 0.0071,transform 0.0067,url 0.01,fals 0.0095,add 0.009,work 0.0103,book 0.0088,find 0.009,form 0.01,display 0.0087,databas 0.0094,id 0.0102,base 0.0096,object 0.0076,apex 0.0092,translat 0.008,node 0.0078,activ 0.0076,script 0.0097,properti 0.0128,featur 0.0055
Term 19,directori 0.008,creat 0.0087,tri 0.0114,integr 0.0096,encod 0.0084,rest 0.0073,custom 0.0091,edit 0.0102,show 0.0093,creat 0.0076,bite 0.0063,set 0.0075,metadata 0.0093,make 0.01,io 0.0083,class 0.0092,process 0.0068,element 0.0102,trigger 0.01,ord 0.0087,chang 0.0067,run 0.0088,chang 0.01,tabular 0.0104,messag 0.0068,result 0.0067,forc 0.0099,make 0.0091,data 0.0089,develop 0.0097,amount 0.0086,api 0.009,select 0.0097,comput 0.0081,templat 0.0091,data 0.0097,radio 0.009,debug 0.0075,issu 0.0088,timestamp 0.008,applic 0.0077,work 0.0075,tag 0.0092,show 0.0122,platform 0.0054
Term 20,store 0.0079,write 0.0084,web 0.0091,bulk 0.0082,find 0.0082,resourc 0.0069,share 0.0087,queri 0.0099,display 0.009,consum 0.0073,post 0.006,html 0.0073,heroku 0.009,salesforc 0.0098,tri 0.0082,net 0.009,id 0.006,loop 0.0097,lead 0.0098,find 0.0085,cach 0.0064,ssl 0.0088,refresh 0.0098,primari 0.01,pleas 0.0063,line 0.0063,tri 0.0099,requir 0.0085,display 0.0089,error 0.0087,work 0.0086,mail 0.0086,popup 0.0091,edit 0.0077,extens 0.0084,filter 0.0093,chang 0.0086,make 0.0064,find 0.0083,differ 0.0079,line 0.0075,sharepoint 0.0074,ifram 0.0085,add 0.012,manag 0.0052
Term 21,link 0.0072,set 0.0083,python 0.008,abl 0.0081,follow 0.0078,ui 0.0068,check 0.008,show 0.0093,post 0.0084,event 0.0071,exampl 0.0057,client 0.0071,object 0.0089,follow 0.0097,redirect 0.0081,file 0.0085,email 0.006,properti 0.0096,case 0.0093,im 0.0082,check 0.0063,proxi 0.0084,call 0.009,delet 0.0085,line 0.0057,sheet 0.0063,visual 0.0097,save 0.0081,list 0.0089,class 0.0084,room 0.0085,id 0.0074,navig 0.0089,code 0.0072,problem 0.0083,follow 0.0093,work 0.0085,im 0.0064,fine 0.008,function 0.0079,label 0.0073,function 0.0062,insid 0.0082,display 0.011,thing 0.0049
Term 22,static 0.0061,xpage 0.0076,jdbc 0.0077,account 0.008,result 0.0076,articl 0.0066,manag 0.0078,creat 0.0086,make 0.0084,publish 0.0064,simpl 0.0056,im 0.0068,environ 0.0073,servic 0.0094,work 0.008,method 0.0078,set 0.006,exampl 0.0095,queri 0.0092,tabl 0.0072,start 0.0062,web 0.0082,function 0.0087,trigger 0.0084,orocrm 0.0056,download 0.0062,standard 0.0097,code 0.0078,databas 0.0078,chang 0.008,event 0.0083,data 0.0073,url 0.0088,categori 0.0071,open 0.0081,claus 0.0089,form 0.0078,line 0.0062,type 0.008,work 0.0072,valu 0.0071,step 0.0061,lwc 0.0081,text 0.0103,lot 0.0048
Term 23,object 0.0061,jvm 0.0073,tabl 0.0074,object 0.0078,express 0.0074,list 0.0064,administr 0.0074,ig 0.0083,wordpress 0.0084,adapt 0.006,differ 0.0054,event 0.0056,sale 0.0072,bodi 0.009,android 0.0078,tri 0.0078,merg 0.006,store 0.0083,tri 0.009,plsql 0.0072,data 0.0061,access 0.0082,work 0.0081,employe 0.0076,fix 0.0056,element 0.0059,list 0.0095,edit 0.0075,im 0.0074,follow 0.0078,column 0.0081,read 0.0071,press 0.0088,chang 0.0071,refresh 0.0079,output 0.0087,show 0.0073,follow 0.0061,occur 0.008,decim 0.0069,seri 0.007,entiti 0.006,render 0.0078,work 0.0101,function 0.0048
Term 24,follow 0.0057,schedul 0.0071,access 0.0072,updat 0.0076,regex 0.0073,integr 0.0061,make 0.0071,click 0.0074,icon 0.0083,subscript 0.0059,mayb 0.0054,notif 0.0054,instal 0.0071,pass 0.0086,credenti 0.0077,java 0.0077,statu 0.006,tri 0.007,insert 0.0073,connect 0.0064,make 0.006,applic 0.0077,condit 0.008,user 0.0073,build 0.0054,loader 0.0058,work 0.0092,work 0.0074,type 0.0072,problem 0.0072,hour 0.008,design 0.0068,box 0.0074,text 0.0067,fp 0.0079,group 0.0079,choos 0.0071,batch 0.0061,wrong 0.0079,exampl 0.0067,classic 0.0068,possibl 0.0059,browser 0.0074,field 0.0098,implement 0.0048
Term 25,problem 0.0056,file 0.0061,fm 0.0068,find 0.0074,word 0.0072,request 0.0059,level 0.0071,base 0.0071,menu 0.0076,pleas 0.0058,function 0.0052,subject 0.0054,sync 0.0065,method 0.0082,account 0.0076,request 0.0072,im 0.0059,result 0.007,call 0.0068,user 0.006,memori 0.0058,follow 0.0076,applic 0.0078,store 0.0073,ive 0.0053,map 0.0058,layout 0.0085,creat 0.0072,make 0.0068,webspher 0.0071,price 0.0079,code 0.0067,browser 0.0074,tri 0.0066,element 0.0069,run 0.0073,multipl 0.0066,schedul 0.0059,pleas 0.0079,mask 0.0065,dynam 0.0067,find 0.0055,error 0.0073,set 0.0095,app 0.0047
Term 26,im 0.0053,method 0.0057,open 0.0065,id 0.0071,escap 0.007,busi 0.0057,abl 0.0071,attribut 0.0069,remov 0.0074,configur 0.0057,case 0.0049,recipi 0.0049,organ 0.0063,im 0.0077,set 0.0073,add 0.0072,code 0.0059,key 0.0067,standard 0.0067,access 0.0058,problem 0.0057,local 0.0072,type 0.0077,tri 0.0068,debug 0.0053,column 0.0056,link 0.0084,tri 0.0067,search 0.0061,import 0.0071,tri 0.0078,replic 0.0065,work 0.0071,set 0.0065,updat 0.0065,differ 0.0071,tri 0.0066,pass 0.0055,problem 0.0078,text 0.0065,pdf 0.0063,bi 0.0054,consol 0.0067,creat 0.0094,custom 0.0047
Term 27,base 0.0053,follow 0.0056,ive 0.006,pleas 0.0068,function 0.0068,mendix 0.0054,chang 0.007,dynam 0.0066,header 0.0074,boomi 0.0056,sinc 0.0049,text 0.0048,pleas 0.006,curl 0.0071,client 0.007,provid 0.0069,tri 0.0058,output 0.0067,soql 0.0064,packag 0.0057,load 0.0055,client 0.0069,load 0.0076,make 0.0059,updat 0.0052,creat 0.0054,click 0.0078,assign 0.0065,order 0.0058,creat 0.0066,meet 0.0077,run 0.0061,creat 0.0066,add 0.0059,custom 0.0065,function 0.0071,popul 0.0065,static 0.0055,return 0.0077,input 0.0064,card 0.006,sql 0.0051,chrome 0.0066,function 0.0094,option 0.0046
Term 28,text 0.0052,log 0.0055,sourc 0.0058,contact 0.0064,format 0.0063,avail 0.0054,scheme 0.0067,classic 0.0064,tag 0.0073,structr 0.0056,point 0.0049,add 0.0048,code 0.0055,endpoint 0.0067,author 0.0065,send 0.0067,data 0.0056,attribut 0.0062,sobject 0.0063,possibl 0.0053,loop 0.0054,request 0.0067,click 0.007,anoth 0.0054,check 0.0052,follow 0.0052,class 0.0073,return 0.0065,work 0.0057,librari 0.0064,entri 0.0067,tri 0.0061,chang 0.0064,copi 0.0059,issu 0.0064,exampl 0.007,queri 0.0065,callout 0.0055,creat 0.0077,output 0.0064,possibl 0.0059,chat 0.005,add 0.0064,button 0.0091,time 0.0046
Term 29,drive 0.0052,access 0.0053,window 0.0055,insert 0.0064,number 0.0061,powershel 0.0053,assign 0.0067,cell 0.0063,content 0.0072,spring 0.0052,start 0.0048,inbox 0.0047,link 0.0054,postman 0.0062,cooki 0.0065,code 0.0066,link 0.0056,follow 0.0061,apex 0.0062,chang 0.005,minut 0.0054,machin 0.0066,add 0.0064,chang 0.005,show 0.0049,tabl 0.0051,render 0.0072,checkbox 0.0064,base 0.0055,path 0.0063,current 0.0066,instal 0.0055,tri 0.0064,emb 0.0056,ssj 0.0063,someth 0.0069,oracl 0.0065,case 0.0054,plsql 0.0071,day 0.0062,im 0.0056,ms 0.0049,method 0.006,box 0.0083,write 0.0045
Term 30,abl 0.0051,make 0.0048,make 0.0055,follow 0.0064,convert 0.0058,add 0.0051,current 0.0067,detail 0.006,class 0.0068,channel 0.0052,actual 0.0047,vba 0.0047,abl 0.0053,receiv 0.0058,secur 0.0063,make 0.0065,requir 0.0054,pars 0.0061,owner 0.0058,app 0.005,databas 0.0052,site 0.0065,hide 0.0064,exist 0.0048,applic 0.0048,dxl 0.0049,save 0.0067,activ 0.0063,pro 0.0053,packag 0.0062,add 0.0063,possibl 0.0055,code 0.006,search 0.0055,panel 0.0061,give 0.0069,creat 0.0062,pleas 0.0053,caus 0.0069,return 0.0062,graph 0.0056,applic 0.0049,issu 0.006,tabl 0.0081,possibl 0.0045
