link,Correlation
"=HYPERLINK(""https://stackoverflow.com/a/1649199"", ""1649199"")",0.5128796616685888
"=HYPERLINK(""https://stackoverflow.com/a/1730601"", ""1730601"")",0.7176350662589197
"=HYPERLINK(""https://stackoverflow.com/a/1974691"", ""1974691"")",0.7479954180985109
"=HYPERLINK(""https://stackoverflow.com/a/2948280"", ""2948280"")",0.6096820292961774
"=HYPERLINK(""https://stackoverflow.com/a/2998225"", ""2998225"")",0.6684762938834599
"=HYPERLINK(""https://stackoverflow.com/a/3266619"", ""3266619"")",0.28923253150057276
"=HYPERLINK(""https://stackoverflow.com/a/3519607"", ""3519607"")",0.4846128927761584
"=HYPERLINK(""https://stackoverflow.com/a/4471999"", ""4471999"")",0.36344359626802386
"=HYPERLINK(""https://stackoverflow.com/a/5247987"", ""5247987"")",0.795751633986928
"=HYPERLINK(""https://stackoverflow.com/a/5484408"", ""5484408"")",0.7606837606837608
"=HYPERLINK(""https://stackoverflow.com/a/5679717"", ""5679717"")",0.9004229142637441
"=HYPERLINK(""https://stackoverflow.com/a/6043840"", ""6043840"")",0.5774958146092167
"=HYPERLINK(""https://stackoverflow.com/a/6056221"", ""6056221"")",0.2378472222222223
"=HYPERLINK(""https://stackoverflow.com/a/6276560"", ""6276560"")",0.6586863106200124
"=HYPERLINK(""https://stackoverflow.com/a/6383482"", ""6383482"")",0.8309178743961346
"=HYPERLINK(""https://stackoverflow.com/a/6398316"", ""6398316"")",0.3954505686789154
"=HYPERLINK(""https://stackoverflow.com/a/6426669"", ""6426669"")",0.33858585858585855
"=HYPERLINK(""https://stackoverflow.com/a/6427175"", ""6427175"")",0.6025903203817311
"=HYPERLINK(""https://stackoverflow.com/a/6522675"", ""6522675"")",0.4703138252756578
"=HYPERLINK(""https://stackoverflow.com/a/6537485"", ""6537485"")",0.26455798864557994
"=HYPERLINK(""https://stackoverflow.com/a/6622978"", ""6622978"")",0.6842911877394636
"=HYPERLINK(""https://stackoverflow.com/a/6843095"", ""6843095"")",0.6843843843843841
"=HYPERLINK(""https://stackoverflow.com/a/6994663"", ""6994663"")",0.8191452991452999
"=HYPERLINK(""https://stackoverflow.com/a/7512141"", ""7512141"")",0.3839447102605
"=HYPERLINK(""https://stackoverflow.com/a/7634612"", ""7634612"")",0.6486928104575163
"=HYPERLINK(""https://stackoverflow.com/a/7690193"", ""7690193"")",0.47222222222222193
"=HYPERLINK(""https://stackoverflow.com/a/7812376"", ""7812376"")",0.6684649967886963
"=HYPERLINK(""https://stackoverflow.com/a/7874650"", ""7874650"")",0.7991452991452986
"=HYPERLINK(""https://stackoverflow.com/a/7877933"", ""7877933"")",0.36353440679323884
"=HYPERLINK(""https://stackoverflow.com/a/8079978"", ""8079978"")",0.8476767676767675
"=HYPERLINK(""https://stackoverflow.com/a/8104260"", ""8104260"")",0.7045751633986927
"=HYPERLINK(""https://stackoverflow.com/a/8330839"", ""8330839"")",0.4230418943533701
"=HYPERLINK(""https://stackoverflow.com/a/8418313"", ""8418313"")",0.6144874155923881
"=HYPERLINK(""https://stackoverflow.com/a/8433904"", ""8433904"")",0.3837683074551262
"=HYPERLINK(""https://stackoverflow.com/a/8595069"", ""8595069"")",0.41907261592301
"=HYPERLINK(""https://stackoverflow.com/a/8893810"", ""8893810"")",0.4527904782640246
"=HYPERLINK(""https://stackoverflow.com/a/9032302"", ""9032302"")",0.534175574991902
"=HYPERLINK(""https://stackoverflow.com/a/9079870"", ""9079870"")",0.6222222222222222
"=HYPERLINK(""https://stackoverflow.com/a/9165004"", ""9165004"")",0.3022222222222222
"=HYPERLINK(""https://stackoverflow.com/a/9170129"", ""9170129"")",0.27148330596606457
"=HYPERLINK(""https://stackoverflow.com/a/9185276"", ""9185276"")",0.8151075977162927
"=HYPERLINK(""https://stackoverflow.com/a/9203999"", ""9203999"")",0.827991452991453
"=HYPERLINK(""https://stackoverflow.com/a/9325109"", ""9325109"")",0.30689964157706084
"=HYPERLINK(""https://stackoverflow.com/a/9380534"", ""9380534"")",0.8053962183981312
"=HYPERLINK(""https://stackoverflow.com/a/9462663"", ""9462663"")",0.4705443698732291
"=HYPERLINK(""https://stackoverflow.com/a/9571311"", ""9571311"")",0.49824032176973343
"=HYPERLINK(""https://stackoverflow.com/a/9790788"", ""9790788"")",0.29653414882772683
"=HYPERLINK(""https://stackoverflow.com/a/9922445"", ""9922445"")",0.8472222222222222
"=HYPERLINK(""https://stackoverflow.com/a/10095208"", ""10095208"")",0.3398692810457516
"=HYPERLINK(""https://stackoverflow.com/a/10112947"", ""10112947"")",0.35839243498817974
"=HYPERLINK(""https://stackoverflow.com/a/10340993"", ""10340993"")",0.3650793650793649
"=HYPERLINK(""https://stackoverflow.com/a/10539300"", ""10539300"")",0.2645951035781544
"=HYPERLINK(""https://stackoverflow.com/a/10597472"", ""10597472"")",0.451730418943534
"=HYPERLINK(""https://stackoverflow.com/a/10985552"", ""10985552"")",0.5689558905639305
"=HYPERLINK(""https://stackoverflow.com/a/11000562"", ""11000562"")",0.2165404040404039
"=HYPERLINK(""https://stackoverflow.com/a/11018839"", ""11018839"")",0.4485501667949704
"=HYPERLINK(""https://stackoverflow.com/a/11093799"", ""11093799"")",0.4817966903073288
"=HYPERLINK(""https://stackoverflow.com/a/11289185"", ""11289185"")",0.3524996649242726
"=HYPERLINK(""https://stackoverflow.com/a/11343738"", ""11343738"")",0.8047369569962886
"=HYPERLINK(""https://stackoverflow.com/a/11400841"", ""11400841"")",0.5659722222222225
"=HYPERLINK(""https://stackoverflow.com/a/11434122"", ""11434122"")",0.6732257641348547
"=HYPERLINK(""https://stackoverflow.com/a/11554026"", ""11554026"")",0.4402153018069971
"=HYPERLINK(""https://stackoverflow.com/a/11585172"", ""11585172"")",0.6035781544256118
"=HYPERLINK(""https://stackoverflow.com/a/11667499"", ""11667499"")",0.7924924924924922
"=HYPERLINK(""https://stackoverflow.com/a/12040507"", ""12040507"")",0.572365854523531
"=HYPERLINK(""https://stackoverflow.com/a/12056838"", ""12056838"")",0.41593083149374543
"=HYPERLINK(""https://stackoverflow.com/a/12095213"", ""12095213"")",0.38757655293088394
"=HYPERLINK(""https://stackoverflow.com/a/12102247"", ""12102247"")",0.2920374172940906
"=HYPERLINK(""https://stackoverflow.com/a/12142621"", ""12142621"")",0.3724685276409413
"=HYPERLINK(""https://stackoverflow.com/a/12286999"", ""12286999"")",0.43376068376068383
"=HYPERLINK(""https://stackoverflow.com/a/12304002"", ""12304002"")",0.8149431927594845
"=HYPERLINK(""https://stackoverflow.com/a/12527671"", ""12527671"")",0.7945694891032513
"=HYPERLINK(""https://stackoverflow.com/a/12633367"", ""12633367"")",0.3003472222222223
"=HYPERLINK(""https://stackoverflow.com/a/12668919"", ""12668919"")",0.38698568062352734
"=HYPERLINK(""https://stackoverflow.com/a/12750627"", ""12750627"")",0.7442694663167101
"=HYPERLINK(""https://stackoverflow.com/a/12976139"", ""12976139"")",0.3807588075880758
"=HYPERLINK(""https://stackoverflow.com/a/13053753"", ""13053753"")",0.46323702137655604
"=HYPERLINK(""https://stackoverflow.com/a/13271101"", ""13271101"")",0.9868155236576293
"=HYPERLINK(""https://stackoverflow.com/a/13305141"", ""13305141"")",0.6361566484517307
"=HYPERLINK(""https://stackoverflow.com/a/13349363"", ""13349363"")",0.2875488553880511
"=HYPERLINK(""https://stackoverflow.com/a/13457341"", ""13457341"")",0.4332948865820837
"=HYPERLINK(""https://stackoverflow.com/a/13596157"", ""13596157"")",0.7454780361757101
"=HYPERLINK(""https://stackoverflow.com/a/13679706"", ""13679706"")",0.6158148995677598
"=HYPERLINK(""https://stackoverflow.com/a/13722069"", ""13722069"")",0.40013633265166987
"=HYPERLINK(""https://stackoverflow.com/a/13800316"", ""13800316"")",0.49171374764595094
"=HYPERLINK(""https://stackoverflow.com/a/13910850"", ""13910850"")",0.4548796395114433
"=HYPERLINK(""https://stackoverflow.com/a/13924961"", ""13924961"")",0.5502854633289411
"=HYPERLINK(""https://stackoverflow.com/a/14137237"", ""14137237"")",0.31671041119860044
"=HYPERLINK(""https://stackoverflow.com/a/14157997"", ""14157997"")",0.4925805284111473
"=HYPERLINK(""https://stackoverflow.com/a/14401484"", ""14401484"")",0.9102956167176354
"=HYPERLINK(""https://stackoverflow.com/a/14621739"", ""14621739"")",0.6995491911959688
"=HYPERLINK(""https://stackoverflow.com/a/14892180"", ""14892180"")",0.6326456749909518
"=HYPERLINK(""https://stackoverflow.com/a/15125557"", ""15125557"")",0.791491743632801
"=HYPERLINK(""https://stackoverflow.com/a/15338014"", ""15338014"")",0.11411411411411404
"=HYPERLINK(""https://stackoverflow.com/a/15350545"", ""15350545"")",0.737847222222223
"=HYPERLINK(""https://stackoverflow.com/a/15478543"", ""15478543"")",0.7043430606932455
"=HYPERLINK(""https://stackoverflow.com/a/15939436"", ""15939436"")",0.5349258052841114
"=HYPERLINK(""https://stackoverflow.com/a/16063099"", ""16063099"")",0.6732388580817421
"=HYPERLINK(""https://stackoverflow.com/a/16141239"", ""16141239"")",0.6015325670498084
"=HYPERLINK(""https://stackoverflow.com/a/16545621"", ""16545621"")",0.6837606837606838
"=HYPERLINK(""https://stackoverflow.com/a/16639093"", ""16639093"")",0.3793650793650794
"=HYPERLINK(""https://stackoverflow.com/a/16728103"", ""16728103"")",0.7306967984934083
"=HYPERLINK(""https://stackoverflow.com/a/16887333"", ""16887333"")",0.44040404040404035
"=HYPERLINK(""https://stackoverflow.com/a/17156290"", ""17156290"")",0.4962606837606839
"=HYPERLINK(""https://stackoverflow.com/a/17444950"", ""17444950"")",0.5443871706758303
"=HYPERLINK(""https://stackoverflow.com/a/17696157"", ""17696157"")",0.3005960696656421
"=HYPERLINK(""https://stackoverflow.com/a/17977264"", ""17977264"")",0.4614860259032036
"=HYPERLINK(""https://stackoverflow.com/a/18158977"", ""18158977"")",0.5674990951863915
"=HYPERLINK(""https://stackoverflow.com/a/18169433"", ""18169433"")",0.1695906432748539
"=HYPERLINK(""https://stackoverflow.com/a/18374233"", ""18374233"")",0.708908612754767
"=HYPERLINK(""https://stackoverflow.com/a/18532425"", ""18532425"")",0.24040404040404043
"=HYPERLINK(""https://stackoverflow.com/a/18735320"", ""18735320"")",0.8801169590643281
"=HYPERLINK(""https://stackoverflow.com/a/19045847"", ""19045847"")",0.30330330330330313
"=HYPERLINK(""https://stackoverflow.com/a/19398904"", ""19398904"")",0.6342825237297597
"=HYPERLINK(""https://stackoverflow.com/a/19818288"", ""19818288"")",0.14114114114114104
"=HYPERLINK(""https://stackoverflow.com/a/19826851"", ""19826851"")",0.441400304414003
"=HYPERLINK(""https://stackoverflow.com/a/20187574"", ""20187574"")",0.3217328258111293
"=HYPERLINK(""https://stackoverflow.com/a/20554173"", ""20554173"")",0.38635596082404594
"=HYPERLINK(""https://stackoverflow.com/a/21275219"", ""21275219"")",0.7543650793650793
"=HYPERLINK(""https://stackoverflow.com/a/21473527"", ""21473527"")",0.62024202420242
"=HYPERLINK(""https://stackoverflow.com/a/21476386"", ""21476386"")",0.6319783197831976
"=HYPERLINK(""https://stackoverflow.com/a/21638158"", ""21638158"")",0.4180985108820159
"=HYPERLINK(""https://stackoverflow.com/a/22162695"", ""22162695"")",0.7767617388780022
"=HYPERLINK(""https://stackoverflow.com/a/22485636"", ""22485636"")",0.6485380116959071
"=HYPERLINK(""https://stackoverflow.com/a/22949419"", ""22949419"")",0.467620995228357
"=HYPERLINK(""https://stackoverflow.com/a/22953559"", ""22953559"")",0.2719434118133003
"=HYPERLINK(""https://stackoverflow.com/a/23245745"", ""23245745"")",0.39653414882772686
"=HYPERLINK(""https://stackoverflow.com/a/23626750"", ""23626750"")",0.9126427829698861
"=HYPERLINK(""https://stackoverflow.com/a/24008228"", ""24008228"")",0.4892985635126974
"=HYPERLINK(""https://stackoverflow.com/a/24673291"", ""24673291"")",0.2642995535338219
"=HYPERLINK(""https://stackoverflow.com/a/24694878"", ""24694878"")",0.55779269202088
"=HYPERLINK(""https://stackoverflow.com/a/24771518"", ""24771518"")",0.577504421932787
"=HYPERLINK(""https://stackoverflow.com/a/24807508"", ""24807508"")",0.592300962379703
"=HYPERLINK(""https://stackoverflow.com/a/24877451"", ""24877451"")",0.4925805284111472
"=HYPERLINK(""https://stackoverflow.com/a/25297943"", ""25297943"")",0.5207296849087897
"=HYPERLINK(""https://stackoverflow.com/a/25393607"", ""25393607"")",0.1800223855764286
"=HYPERLINK(""https://stackoverflow.com/a/25507714"", ""25507714"")",0.7398101619207141
"=HYPERLINK(""https://stackoverflow.com/a/25637413"", ""25637413"")",0.37510180337405447
"=HYPERLINK(""https://stackoverflow.com/a/25850274"", ""25850274"")",0.31615568601869987
"=HYPERLINK(""https://stackoverflow.com/a/25891627"", ""25891627"")",0.5098211668132514
"=HYPERLINK(""https://stackoverflow.com/a/26375517"", ""26375517"")",0.6368563685636852
"=HYPERLINK(""https://stackoverflow.com/a/26636208"", ""26636208"")",0.8898358585858582
"=HYPERLINK(""https://stackoverflow.com/a/26737933"", ""26737933"")",0.967920118971745
"=HYPERLINK(""https://stackoverflow.com/a/26845112"", ""26845112"")",0.5602904040404038
"=HYPERLINK(""https://stackoverflow.com/a/27092112"", ""27092112"")",0.8068086883876353
"=HYPERLINK(""https://stackoverflow.com/a/27110077"", ""27110077"")",0.6704980842911882
"=HYPERLINK(""https://stackoverflow.com/a/27557644"", ""27557644"")",0.40454266421117263
"=HYPERLINK(""https://stackoverflow.com/a/27568005"", ""27568005"")",0.3458833711998267
"=HYPERLINK(""https://stackoverflow.com/a/27574056"", ""27574056"")",0.5642417661961635
"=HYPERLINK(""https://stackoverflow.com/a/27691838"", ""27691838"")",0.60931899641577
"=HYPERLINK(""https://stackoverflow.com/a/27902668"", ""27902668"")",0.7197096594081516
"=HYPERLINK(""https://stackoverflow.com/a/27923547"", ""27923547"")",0.9171374764595097
"=HYPERLINK(""https://stackoverflow.com/a/28089636"", ""28089636"")",0.8834600072385088
"=HYPERLINK(""https://stackoverflow.com/a/28611507"", ""28611507"")",0.5617180205415498
"=HYPERLINK(""https://stackoverflow.com/a/29076588"", ""29076588"")",0.711695906432749
"=HYPERLINK(""https://stackoverflow.com/a/29343660"", ""29343660"")",0.9222222222222216
"=HYPERLINK(""https://stackoverflow.com/a/29412217"", ""29412217"")",0.29235796882855697
"=HYPERLINK(""https://stackoverflow.com/a/29497602"", ""29497602"")",0.4636015325670498
"=HYPERLINK(""https://stackoverflow.com/a/29699159"", ""29699159"")",0.5639943741209562
"=HYPERLINK(""https://stackoverflow.com/a/29765830"", ""29765830"")",0.7349494949494948
"=HYPERLINK(""https://stackoverflow.com/a/29915623"", ""29915623"")",0.43244120032441236
"=HYPERLINK(""https://stackoverflow.com/a/29930590"", ""29930590"")",0.2546897546897546
"=HYPERLINK(""https://stackoverflow.com/a/30171624"", ""30171624"")",0.38075880758807573
"=HYPERLINK(""https://stackoverflow.com/a/30523312"", ""30523312"")",0.7234270414993301
"=HYPERLINK(""https://stackoverflow.com/a/30636461"", ""30636461"")",0.48028673835125407
"=HYPERLINK(""https://stackoverflow.com/a/30655796"", ""30655796"")",0.1507936507936507
"=HYPERLINK(""https://stackoverflow.com/a/30909840"", ""30909840"")",0.7793650793650795
"=HYPERLINK(""https://stackoverflow.com/a/31509754"", ""31509754"")",0.36767676767676766
"=HYPERLINK(""https://stackoverflow.com/a/31658448"", ""31658448"")",0.5098328416912492
"=HYPERLINK(""https://stackoverflow.com/a/31707786"", ""31707786"")",0.23376956633307674
"=HYPERLINK(""https://stackoverflow.com/a/31829274"", ""31829274"")",0.42338840298023994
"=HYPERLINK(""https://stackoverflow.com/a/31918600"", ""31918600"")",0.5893108298171585
"=HYPERLINK(""https://stackoverflow.com/a/31923353"", ""31923353"")",0.21374764595103568
"=HYPERLINK(""https://stackoverflow.com/a/32189048"", ""32189048"")",0.5964553510565777
"=HYPERLINK(""https://stackoverflow.com/a/32255503"", ""32255503"")",0.7186507936507935
"=HYPERLINK(""https://stackoverflow.com/a/32448714"", ""32448714"")",0.3838850397741852
"=HYPERLINK(""https://stackoverflow.com/a/32483484"", ""32483484"")",0.4713571703191078
"=HYPERLINK(""https://stackoverflow.com/a/32618008"", ""32618008"")",0.8766001024065531
"=HYPERLINK(""https://stackoverflow.com/a/32652154"", ""32652154"")",0.2753110253110253
"=HYPERLINK(""https://stackoverflow.com/a/32700155"", ""32700155"")",0.35608048993875796
"=HYPERLINK(""https://stackoverflow.com/a/32709694"", ""32709694"")",0.7835429769392036
"=HYPERLINK(""https://stackoverflow.com/a/32717048"", ""32717048"")",0.9422222222222231
"=HYPERLINK(""https://stackoverflow.com/a/32944989"", ""32944989"")",0.36585858585858566
"=HYPERLINK(""https://stackoverflow.com/a/33072327"", ""33072327"")",0.3913697188392723
"=HYPERLINK(""https://stackoverflow.com/a/33148229"", ""33148229"")",0.5791452991452997
"=HYPERLINK(""https://stackoverflow.com/a/33152931"", ""33152931"")",0.5575880758807586
"=HYPERLINK(""https://stackoverflow.com/a/33249436"", ""33249436"")",0.4817966903073285
"=HYPERLINK(""https://stackoverflow.com/a/33439822"", ""33439822"")",0.5251068376068379
"=HYPERLINK(""https://stackoverflow.com/a/33521270"", ""33521270"")",0.27601969057665265
"=HYPERLINK(""https://stackoverflow.com/a/33541711"", ""33541711"")",0.939010543390106
"=HYPERLINK(""https://stackoverflow.com/a/33561220"", ""33561220"")",0.3578154425612052
"=HYPERLINK(""https://stackoverflow.com/a/33600842"", ""33600842"")",0.9052119129438717
"=HYPERLINK(""https://stackoverflow.com/a/33807229"", ""33807229"")",0.5440215301806994
"=HYPERLINK(""https://stackoverflow.com/a/33861995"", ""33861995"")",0.307936507936508
"=HYPERLINK(""https://stackoverflow.com/a/33862159"", ""33862159"")",0.8548752834467128
"=HYPERLINK(""https://stackoverflow.com/a/33888728"", ""33888728"")",0.35696462644943483
"=HYPERLINK(""https://stackoverflow.com/a/33940691"", ""33940691"")",0.5060359694506034
"=HYPERLINK(""https://stackoverflow.com/a/34146535"", ""34146535"")",0.40471297438005194
"=HYPERLINK(""https://stackoverflow.com/a/34206483"", ""34206483"")",0.5456264775413713
"=HYPERLINK(""https://stackoverflow.com/a/34279822"", ""34279822"")",0.8035371011149552
"=HYPERLINK(""https://stackoverflow.com/a/34470037"", ""34470037"")",0.8460754332313968
"=HYPERLINK(""https://stackoverflow.com/a/34677688"", ""34677688"")",0.38585858585858585
"=HYPERLINK(""https://stackoverflow.com/a/35035391"", ""35035391"")",0.7978319783197829
"=HYPERLINK(""https://stackoverflow.com/a/35049342"", ""35049342"")",0.7823725981620716
"=HYPERLINK(""https://stackoverflow.com/a/35159091"", ""35159091"")",0.3451137884872823
"=HYPERLINK(""https://stackoverflow.com/a/35208634"", ""35208634"")",0.7608820160366551
"=HYPERLINK(""https://stackoverflow.com/a/35306346"", ""35306346"")",0.2922222222222221
"=HYPERLINK(""https://stackoverflow.com/a/35344842"", ""35344842"")",0.5213911972914743
"=HYPERLINK(""https://stackoverflow.com/a/36010918"", ""36010918"")",0.6647754137115839
"=HYPERLINK(""https://stackoverflow.com/a/36063476"", ""36063476"")",0.5989535241612804
"=HYPERLINK(""https://stackoverflow.com/a/36167728"", ""36167728"")",0.5577926920208801
"=HYPERLINK(""https://stackoverflow.com/a/36707328"", ""36707328"")",0.6650793650793652
"=HYPERLINK(""https://stackoverflow.com/a/36779523"", ""36779523"")",0.4818907305095151
"=HYPERLINK(""https://stackoverflow.com/a/37009203"", ""37009203"")",0.4795751633986927
"=HYPERLINK(""https://stackoverflow.com/a/37041575"", ""37041575"")",0.4892676767676765
"=HYPERLINK(""https://stackoverflow.com/a/37476518"", ""37476518"")",0.6981837606837608
"=HYPERLINK(""https://stackoverflow.com/a/37623995"", ""37623995"")",0.5793650793650793
"=HYPERLINK(""https://stackoverflow.com/a/37853970"", ""37853970"")",0.5531045751633986
"=HYPERLINK(""https://stackoverflow.com/a/38297575"", ""38297575"")",0.5456264775413714
"=HYPERLINK(""https://stackoverflow.com/a/38396087"", ""38396087"")",0.702991452991453
"=HYPERLINK(""https://stackoverflow.com/a/38666770"", ""38666770"")",0.3617571059431522
"=HYPERLINK(""https://stackoverflow.com/a/38720558"", ""38720558"")",0.6439089692101746
"=HYPERLINK(""https://stackoverflow.com/a/38868472"", ""38868472"")",0.29365079365079355
"=HYPERLINK(""https://stackoverflow.com/a/38968176"", ""38968176"")",0.5357977480348421
"=HYPERLINK(""https://stackoverflow.com/a/38971096"", ""38971096"")",0.29494949494949496
"=HYPERLINK(""https://stackoverflow.com/a/39018957"", ""39018957"")",0.707710348871299
"=HYPERLINK(""https://stackoverflow.com/a/39078332"", ""39078332"")",0.3429400036251586
"=HYPERLINK(""https://stackoverflow.com/a/39087193"", ""39087193"")",0.3240498984624312
"=HYPERLINK(""https://stackoverflow.com/a/39272422"", ""39272422"")",0.6846282372598159
"=HYPERLINK(""https://stackoverflow.com/a/39486508"", ""39486508"")",0.5022222222222219
"=HYPERLINK(""https://stackoverflow.com/a/39771646"", ""39771646"")",0.764595103578154
"=HYPERLINK(""https://stackoverflow.com/a/39924557"", ""39924557"")",0.7970253718285221
"=HYPERLINK(""https://stackoverflow.com/a/40022840"", ""40022840"")",0.7199180747567838
"=HYPERLINK(""https://stackoverflow.com/a/40152666"", ""40152666"")",0.4754689754689752
"=HYPERLINK(""https://stackoverflow.com/a/40379356"", ""40379356"")",0.7380116959064333
"=HYPERLINK(""https://stackoverflow.com/a/40507125"", ""40507125"")",0.36177503640880687
"=HYPERLINK(""https://stackoverflow.com/a/40674639"", ""40674639"")",0.6459510357815439
"=HYPERLINK(""https://stackoverflow.com/a/40829333"", ""40829333"")",0.7701674277016742
"=HYPERLINK(""https://stackoverflow.com/a/40883294"", ""40883294"")",0.7806637806637803
"=HYPERLINK(""https://stackoverflow.com/a/41515848"", ""41515848"")",0.6322222222222219
"=HYPERLINK(""https://stackoverflow.com/a/41664094"", ""41664094"")",0.8595018191995516
"=HYPERLINK(""https://stackoverflow.com/a/41862851"", ""41862851"")",0.8279914529914529
"=HYPERLINK(""https://stackoverflow.com/a/42023742"", ""42023742"")",0.5187046342825234
"=HYPERLINK(""https://stackoverflow.com/a/42079839"", ""42079839"")",0.550941945405613
"=HYPERLINK(""https://stackoverflow.com/a/42147435"", ""42147435"")",0.7014848950332815
"=HYPERLINK(""https://stackoverflow.com/a/42242702"", ""42242702"")",0.9436987322893367
"=HYPERLINK(""https://stackoverflow.com/a/42243634"", ""42243634"")",0.7400793650793653
"=HYPERLINK(""https://stackoverflow.com/a/42405833"", ""42405833"")",0.9456264775413713
"=HYPERLINK(""https://stackoverflow.com/a/42582954"", ""42582954"")",0.16959064327485365
"=HYPERLINK(""https://stackoverflow.com/a/42585626"", ""42585626"")",0.8151075977162929
"=HYPERLINK(""https://stackoverflow.com/a/42719683"", ""42719683"")",0.6245545837382578
"=HYPERLINK(""https://stackoverflow.com/a/42801191"", ""42801191"")",0.3277678393957464
"=HYPERLINK(""https://stackoverflow.com/a/42949835"", ""42949835"")",0.47419072615923047
"=HYPERLINK(""https://stackoverflow.com/a/43159277"", ""43159277"")",0.5211233211233212
"=HYPERLINK(""https://stackoverflow.com/a/43160212"", ""43160212"")",0.6205273069679847
"=HYPERLINK(""https://stackoverflow.com/a/43198216"", ""43198216"")",0.722222222222222
"=HYPERLINK(""https://stackoverflow.com/a/43361064"", ""43361064"")",0.5837153459943242
"=HYPERLINK(""https://stackoverflow.com/a/43478733"", ""43478733"")",0.6325995807127884
"=HYPERLINK(""https://stackoverflow.com/a/43500861"", ""43500861"")",0.4312386156648455
"=HYPERLINK(""https://stackoverflow.com/a/43723584"", ""43723584"")",0.656648451730419
"=HYPERLINK(""https://stackoverflow.com/a/43739071"", ""43739071"")",0.3622222222222221
"=HYPERLINK(""https://stackoverflow.com/a/43950748"", ""43950748"")",0.5855440215301801
"=HYPERLINK(""https://stackoverflow.com/a/43992467"", ""43992467"")",0.486025903203817
"=HYPERLINK(""https://stackoverflow.com/a/43994259"", ""43994259"")",0.4533780011166944
"=HYPERLINK(""https://stackoverflow.com/a/44130634"", ""44130634"")",0.6130072051573757
"=HYPERLINK(""https://stackoverflow.com/a/44202409"", ""44202409"")",0.7717598708351681
"=HYPERLINK(""https://stackoverflow.com/a/44396234"", ""44396234"")",0.9034019975031219
"=HYPERLINK(""https://stackoverflow.com/a/44447300"", ""44447300"")",0.6626654355186212
"=HYPERLINK(""https://stackoverflow.com/a/44580870"", ""44580870"")",0.6390896921017399
"=HYPERLINK(""https://stackoverflow.com/a/44897841"", ""44897841"")",0.7891513560804908
"=HYPERLINK(""https://stackoverflow.com/a/44975841"", ""44975841"")",0.2795835988952625
"=HYPERLINK(""https://stackoverflow.com/a/45054416"", ""45054416"")",0.8836083608360833
"=HYPERLINK(""https://stackoverflow.com/a/45086593"", ""45086593"")",0.3873846770958682
"=HYPERLINK(""https://stackoverflow.com/a/45247284"", ""45247284"")",0.6291187739463602
"=HYPERLINK(""https://stackoverflow.com/a/45417386"", ""45417386"")",0.7976068376068383
"=HYPERLINK(""https://stackoverflow.com/a/45438106"", ""45438106"")",0.5815651380333103
"=HYPERLINK(""https://stackoverflow.com/a/45454260"", ""45454260"")",0.7310717797443465
"=HYPERLINK(""https://stackoverflow.com/a/45469677"", ""45469677"")",0.8050443081117921
"=HYPERLINK(""https://stackoverflow.com/a/45688895"", ""45688895"")",0.5187338501291986
"=HYPERLINK(""https://stackoverflow.com/a/45920952"", ""45920952"")",0.39397794741306225
"=HYPERLINK(""https://stackoverflow.com/a/46101784"", ""46101784"")",0.5228551336146271
"=HYPERLINK(""https://stackoverflow.com/a/46324456"", ""46324456"")",0.6630282675622721
"=HYPERLINK(""https://stackoverflow.com/a/46349794"", ""46349794"")",0.6636015325670499
"=HYPERLINK(""https://stackoverflow.com/a/46361283"", ""46361283"")",0.4785036292573978
"=HYPERLINK(""https://stackoverflow.com/a/46683033"", ""46683033"")",0.7063771517996876
"=HYPERLINK(""https://stackoverflow.com/a/46714339"", ""46714339"")",0.6590643274853806
"=HYPERLINK(""https://stackoverflow.com/a/46802477"", ""46802477"")",0.5943152454780359
"=HYPERLINK(""https://stackoverflow.com/a/46808891"", ""46808891"")",0.7287157287157283
"=HYPERLINK(""https://stackoverflow.com/a/46934328"", ""46934328"")",0.5363815142576208
"=HYPERLINK(""https://stackoverflow.com/a/47653688"", ""47653688"")",0.5715946071594604
"=HYPERLINK(""https://stackoverflow.com/a/47686126"", ""47686126"")",0.682344921608725
"=HYPERLINK(""https://stackoverflow.com/a/47786823"", ""47786823"")",0.8492714025500914
"=HYPERLINK(""https://stackoverflow.com/a/48165910"", ""48165910"")",0.9300144300144295
"=HYPERLINK(""https://stackoverflow.com/a/48249197"", ""48249197"")",0.553411932833155
"=HYPERLINK(""https://stackoverflow.com/a/48308907"", ""48308907"")",0.400793650793651
"=HYPERLINK(""https://stackoverflow.com/a/48410224"", ""48410224"")",0.3532567049808429
"=HYPERLINK(""https://stackoverflow.com/a/48427367"", ""48427367"")",0.532020493115594
"=HYPERLINK(""https://stackoverflow.com/a/48451283"", ""48451283"")",0.8994374120956395
"=HYPERLINK(""https://stackoverflow.com/a/48588682"", ""48588682"")",0.2988910920173314
"=HYPERLINK(""https://stackoverflow.com/a/48594303"", ""48594303"")",0.782624906785981
"=HYPERLINK(""https://stackoverflow.com/a/48640546"", ""48640546"")",0.33091787439613535
"=HYPERLINK(""https://stackoverflow.com/a/48731251"", ""48731251"")",0.6883239171374762
"=HYPERLINK(""https://stackoverflow.com/a/48768162"", ""48768162"")",0.5996541288370081
"=HYPERLINK(""https://stackoverflow.com/a/48823435"", ""48823435"")",0.35024990388312177
"=HYPERLINK(""https://stackoverflow.com/a/49066763"", ""49066763"")",0.7167277167277167
"=HYPERLINK(""https://stackoverflow.com/a/49161430"", ""49161430"")",0.7462606837606839
"=HYPERLINK(""https://stackoverflow.com/a/49167979"", ""49167979"")",0.4583581792884121
"=HYPERLINK(""https://stackoverflow.com/a/49307064"", ""49307064"")",0.7695906432748543
"=HYPERLINK(""https://stackoverflow.com/a/49313524"", ""49313524"")",0.5424368912741009
"=HYPERLINK(""https://stackoverflow.com/a/49487401"", ""49487401"")",0.7410692288741063
"=HYPERLINK(""https://stackoverflow.com/a/49487908"", ""49487908"")",0.7310717797443466
"=HYPERLINK(""https://stackoverflow.com/a/49534097"", ""49534097"")",0.31260123096857834
"=HYPERLINK(""https://stackoverflow.com/a/49697867"", ""49697867"")",0.5786578657865785
"=HYPERLINK(""https://stackoverflow.com/a/49699889"", ""49699889"")",0.7598791259879122
"=HYPERLINK(""https://stackoverflow.com/a/49789662"", ""49789662"")",0.901780233271946
"=HYPERLINK(""https://stackoverflow.com/a/49883958"", ""49883958"")",0.506625891946993
"=HYPERLINK(""https://stackoverflow.com/a/49992407"", ""49992407"")",0.8280854144046325
"=HYPERLINK(""https://stackoverflow.com/a/50010804"", ""50010804"")",0.40292037417294063
"=HYPERLINK(""https://stackoverflow.com/a/50033941"", ""50033941"")",0.6713240186294076
"=HYPERLINK(""https://stackoverflow.com/a/50089037"", ""50089037"")",0.6483091787439608
"=HYPERLINK(""https://stackoverflow.com/a/50135566"", ""50135566"")",0.702087994034303
"=HYPERLINK(""https://stackoverflow.com/a/50166552"", ""50166552"")",0.7720377203772038
"=HYPERLINK(""https://stackoverflow.com/a/50233215"", ""50233215"")",0.7936507936507933
"=HYPERLINK(""https://stackoverflow.com/a/50272455"", ""50272455"")",0.24841636706043482
"=HYPERLINK(""https://stackoverflow.com/a/50276320"", ""50276320"")",0.8185524974515803
"=HYPERLINK(""https://stackoverflow.com/a/50346755"", ""50346755"")",0.6429118773946362
"=HYPERLINK(""https://stackoverflow.com/a/50400267"", ""50400267"")",0.47827060931899645
"=HYPERLINK(""https://stackoverflow.com/a/50401825"", ""50401825"")",0.5886994949494948
"=HYPERLINK(""https://stackoverflow.com/a/50411885"", ""50411885"")",0.9042498719918067
"=HYPERLINK(""https://stackoverflow.com/a/50445161"", ""50445161"")",0.37881901630360326
"=HYPERLINK(""https://stackoverflow.com/a/50537025"", ""50537025"")",0.7054436987322895
"=HYPERLINK(""https://stackoverflow.com/a/50706233"", ""50706233"")",0.6697360343769185
"=HYPERLINK(""https://stackoverflow.com/a/50768032"", ""50768032"")",0.3699494949494948
"=HYPERLINK(""https://stackoverflow.com/a/50792019"", ""50792019"")",0.4487415592387969
"=HYPERLINK(""https://stackoverflow.com/a/50833986"", ""50833986"")",0.6383296047725578
"=HYPERLINK(""https://stackoverflow.com/a/51118941"", ""51118941"")",0.7843843843843841
"=HYPERLINK(""https://stackoverflow.com/a/51228552"", ""51228552"")",0.7844342037890418
"=HYPERLINK(""https://stackoverflow.com/a/51436168"", ""51436168"")",0.4679849340866287
"=HYPERLINK(""https://stackoverflow.com/a/51495874"", ""51495874"")",0.7442810457516339
"=HYPERLINK(""https://stackoverflow.com/a/51594475"", ""51594475"")",0.6837606837606844
"=HYPERLINK(""https://stackoverflow.com/a/51638967"", ""51638967"")",0.8783487044356604
"=HYPERLINK(""https://stackoverflow.com/a/51656322"", ""51656322"")",0.9072615923009634
"=HYPERLINK(""https://stackoverflow.com/a/51968036"", ""51968036"")",0.4246612466124659
"=HYPERLINK(""https://stackoverflow.com/a/52034783"", ""52034783"")",0.8913951545530489
"=HYPERLINK(""https://stackoverflow.com/a/52169909"", ""52169909"")",0.3807588075880757
"=HYPERLINK(""https://stackoverflow.com/a/52270330"", ""52270330"")",0.2906078724464374
"=HYPERLINK(""https://stackoverflow.com/a/52369963"", ""52369963"")",0.5765529308836401
"=HYPERLINK(""https://stackoverflow.com/a/52572395"", ""52572395"")",0.8391053391053388
"=HYPERLINK(""https://stackoverflow.com/a/52587570"", ""52587570"")",0.42877134061013117
"=HYPERLINK(""https://stackoverflow.com/a/52618630"", ""52618630"")",0.6047107014848945
"=HYPERLINK(""https://stackoverflow.com/a/52635139"", ""52635139"")",0.6064327485380123
"=HYPERLINK(""https://stackoverflow.com/a/52731699"", ""52731699"")",0.7108872096277632
"=HYPERLINK(""https://stackoverflow.com/a/52768213"", ""52768213"")",0.6544256120527304
"=HYPERLINK(""https://stackoverflow.com/a/52925443"", ""52925443"")",0.5758807588075878
"=HYPERLINK(""https://stackoverflow.com/a/53025091"", ""53025091"")",0.5522519546305475
"=HYPERLINK(""https://stackoverflow.com/a/53037207"", ""53037207"")",0.4282081377151803
"=HYPERLINK(""https://stackoverflow.com/a/53065968"", ""53065968"")",0.6738351254480278
"=HYPERLINK(""https://stackoverflow.com/a/53067652"", ""53067652"")",0.7649473954323838
"=HYPERLINK(""https://stackoverflow.com/a/53141268"", ""53141268"")",0.6650793650793652
"=HYPERLINK(""https://stackoverflow.com/a/53272809"", ""53272809"")",0.9169590643274861
"=HYPERLINK(""https://stackoverflow.com/a/53327667"", ""53327667"")",0.49655850540806323
"=HYPERLINK(""https://stackoverflow.com/a/53353440"", ""53353440"")",0.34520609318996426
"=HYPERLINK(""https://stackoverflow.com/a/53520843"", ""53520843"")",0.3283542976939203
"=HYPERLINK(""https://stackoverflow.com/a/53604830"", ""53604830"")",0.669337606837607
"=HYPERLINK(""https://stackoverflow.com/a/53657302"", ""53657302"")",0.5744949494949493
"=HYPERLINK(""https://stackoverflow.com/a/53698480"", ""53698480"")",0.6040404040404038
"=HYPERLINK(""https://stackoverflow.com/a/53721549"", ""53721549"")",0.6623419827012639
"=HYPERLINK(""https://stackoverflow.com/a/53737783"", ""53737783"")",0.5022974101921467
"=HYPERLINK(""https://stackoverflow.com/a/53967192"", ""53967192"")",0.8045007032348801
"=HYPERLINK(""https://stackoverflow.com/a/54118392"", ""54118392"")",0.5442561205273068
"=HYPERLINK(""https://stackoverflow.com/a/54432442"", ""54432442"")",0.4105433901054343
"=HYPERLINK(""https://stackoverflow.com/a/54520627"", ""54520627"")",0.9032038173142459
"=HYPERLINK(""https://stackoverflow.com/a/55151953"", ""55151953"")",0.5610651974288334
"=HYPERLINK(""https://stackoverflow.com/a/55216669"", ""55216669"")",0.4472222222222223
"=HYPERLINK(""https://stackoverflow.com/a/55300552"", ""55300552"")",0.5419302514193028
"=HYPERLINK(""https://stackoverflow.com/a/55364703"", ""55364703"")",0.9007936507936507
"=HYPERLINK(""https://stackoverflow.com/a/55370994"", ""55370994"")",0.3000524109014676
"=HYPERLINK(""https://stackoverflow.com/a/55395033"", ""55395033"")",0.7417027417027414
"=HYPERLINK(""https://stackoverflow.com/a/55516115"", ""55516115"")",0.6021694517736735
"=HYPERLINK(""https://stackoverflow.com/a/55519539"", ""55519539"")",0.4661246612466123
"=HYPERLINK(""https://stackoverflow.com/a/55544669"", ""55544669"")",0.49321458863443635
"=HYPERLINK(""https://stackoverflow.com/a/55615790"", ""55615790"")",0.7606837606837608
"=HYPERLINK(""https://stackoverflow.com/a/55626690"", ""55626690"")",0.47072521623419805
"=HYPERLINK(""https://stackoverflow.com/a/55682515"", ""55682515"")",0.6268023748939783
"=HYPERLINK(""https://stackoverflow.com/a/55767093"", ""55767093"")",0.35054080629301865
"=HYPERLINK(""https://stackoverflow.com/a/55787264"", ""55787264"")",0.4878472222222224
"=HYPERLINK(""https://stackoverflow.com/a/55801229"", ""55801229"")",0.7485380116959068
"=HYPERLINK(""https://stackoverflow.com/a/55869476"", ""55869476"")",0.3861295069904341
"=HYPERLINK(""https://stackoverflow.com/a/56214665"", ""56214665"")",0.6355063550635506
"=HYPERLINK(""https://stackoverflow.com/a/56232024"", ""56232024"")",0.7655293088363962
"=HYPERLINK(""https://stackoverflow.com/a/56263397"", ""56263397"")",0.5013809220310179
"=HYPERLINK(""https://stackoverflow.com/a/56524787"", ""56524787"")",0.4107248960190137
"=HYPERLINK(""https://stackoverflow.com/a/56579584"", ""56579584"")",0.9022222222222217
"=HYPERLINK(""https://stackoverflow.com/a/56743378"", ""56743378"")",0.8607446496628558
"=HYPERLINK(""https://stackoverflow.com/a/56756417"", ""56756417"")",0.7831078310783108
"=HYPERLINK(""https://stackoverflow.com/a/56853834"", ""56853834"")",0.7418527072106748
"=HYPERLINK(""https://stackoverflow.com/a/56872165"", ""56872165"")",0.674969474969475
"=HYPERLINK(""https://stackoverflow.com/a/56941055"", ""56941055"")",0.8941589811155022
"=HYPERLINK(""https://stackoverflow.com/a/57003905"", ""57003905"")",0.3696876600102403
"=HYPERLINK(""https://stackoverflow.com/a/57354166"", ""57354166"")",0.560804899387577
"=HYPERLINK(""https://stackoverflow.com/a/57454379"", ""57454379"")",0.5645041014168533
"=HYPERLINK(""https://stackoverflow.com/a/57568760"", ""57568760"")",0.35665618448637315
"=HYPERLINK(""https://stackoverflow.com/a/57569098"", ""57569098"")",0.5199634953228379
"=HYPERLINK(""https://stackoverflow.com/a/57617500"", ""57617500"")",0.44081928584375574
"=HYPERLINK(""https://stackoverflow.com/a/57756875"", ""57756875"")",0.5891946992864425
"=HYPERLINK(""https://stackoverflow.com/a/57857853"", ""57857853"")",0.6381514257620456
"=HYPERLINK(""https://stackoverflow.com/a/57871229"", ""57871229"")",0.45670498084291195
"=HYPERLINK(""https://stackoverflow.com/a/57886390"", ""57886390"")",0.4459845984598457
"=HYPERLINK(""https://stackoverflow.com/a/57891049"", ""57891049"")",0.7085444106720703
"=HYPERLINK(""https://stackoverflow.com/a/57900786"", ""57900786"")",0.4960683760683764
"=HYPERLINK(""https://stackoverflow.com/a/57995342"", ""57995342"")",0.48392066243019477
"=HYPERLINK(""https://stackoverflow.com/a/58069076"", ""58069076"")",0.4848804500703232
"=HYPERLINK(""https://stackoverflow.com/a/58071875"", ""58071875"")",0.40404040404040364
"=HYPERLINK(""https://stackoverflow.com/a/58126513"", ""58126513"")",0.7222222222222219
"=HYPERLINK(""https://stackoverflow.com/a/58309687"", ""58309687"")",0.6132728058798097
"=HYPERLINK(""https://stackoverflow.com/a/58311338"", ""58311338"")",0.8154425612052726
"=HYPERLINK(""https://stackoverflow.com/a/58317196"", ""58317196"")",0.5267204921184157
"=HYPERLINK(""https://stackoverflow.com/a/58401895"", ""58401895"")",0.4819350600600603
"=HYPERLINK(""https://stackoverflow.com/a/58561985"", ""58561985"")",0.8775413711583924
"=HYPERLINK(""https://stackoverflow.com/a/58672526"", ""58672526"")",0.5304262133530424
"=HYPERLINK(""https://stackoverflow.com/a/58710080"", ""58710080"")",0.7033937703393768
"=HYPERLINK(""https://stackoverflow.com/a/58750898"", ""58750898"")",0.46531614487415596
"=HYPERLINK(""https://stackoverflow.com/a/58797200"", ""58797200"")",0.6597222222222225
"=HYPERLINK(""https://stackoverflow.com/a/58841658"", ""58841658"")",0.5880758807588073
"=HYPERLINK(""https://stackoverflow.com/a/58928473"", ""58928473"")",0.28411147303655454
"=HYPERLINK(""https://stackoverflow.com/a/59001233"", ""59001233"")",0.606695420004108
"=HYPERLINK(""https://stackoverflow.com/a/59150293"", ""59150293"")",0.9455423803249884
"=HYPERLINK(""https://stackoverflow.com/a/59266484"", ""59266484"")",0.38205828779599293
"=HYPERLINK(""https://stackoverflow.com/a/59300892"", ""59300892"")",0.5242700037921879
"=HYPERLINK(""https://stackoverflow.com/a/59303036"", ""59303036"")",0.8169590643274859
"=HYPERLINK(""https://stackoverflow.com/a/59334041"", ""59334041"")",0.3975352812562116
"=HYPERLINK(""https://stackoverflow.com/a/59518086"", ""59518086"")",0.8662900188323912
"=HYPERLINK(""https://stackoverflow.com/a/59577263"", ""59577263"")",0.5198000768935024
"=HYPERLINK(""https://stackoverflow.com/a/59650605"", ""59650605"")",0.6587159610415426
"=HYPERLINK(""https://stackoverflow.com/a/59780912"", ""59780912"")",0.8980842911877396
"=HYPERLINK(""https://stackoverflow.com/a/59842065"", ""59842065"")",0.9011890118901191
"=HYPERLINK(""https://stackoverflow.com/a/59846607"", ""59846607"")",0.4807449494949492
"=HYPERLINK(""https://stackoverflow.com/a/59864913"", ""59864913"")",0.5838399859018416
"=HYPERLINK(""https://stackoverflow.com/a/60008537"", ""60008537"")",0.8233810826761094
"=HYPERLINK(""https://stackoverflow.com/a/60015870"", ""60015870"")",0.44913515098211687
"=HYPERLINK(""https://stackoverflow.com/a/60044323"", ""60044323"")",0.4966285546760482
"=HYPERLINK(""https://stackoverflow.com/a/60046014"", ""60046014"")",0.6724484665661136
"=HYPERLINK(""https://stackoverflow.com/a/60062209"", ""60062209"")",0.608543848839598
"=HYPERLINK(""https://stackoverflow.com/a/60089464"", ""60089464"")",0.5246174318030603
"=HYPERLINK(""https://stackoverflow.com/a/60110945"", ""60110945"")",0.5434459315912475
"=HYPERLINK(""https://stackoverflow.com/a/60114673"", ""60114673"")",0.3640907343329487
"=HYPERLINK(""https://stackoverflow.com/a/60212149"", ""60212149"")",0.8608031534860796
"=HYPERLINK(""https://stackoverflow.com/a/60213368"", ""60213368"")",0.7968235889648186
"=HYPERLINK(""https://stackoverflow.com/a/60347474"", ""60347474"")",0.2770167427701673
"=HYPERLINK(""https://stackoverflow.com/a/60411505"", ""60411505"")",0.8520094562647756
"=HYPERLINK(""https://stackoverflow.com/a/60432553"", ""60432553"")",0.8510882016036655
"=HYPERLINK(""https://stackoverflow.com/a/60552235"", ""60552235"")",0.9040404040404036
"=HYPERLINK(""https://stackoverflow.com/a/60567288"", ""60567288"")",0.5537139349294047
"=HYPERLINK(""https://stackoverflow.com/a/60578238"", ""60578238"")",0.470544369873229
"=HYPERLINK(""https://stackoverflow.com/a/60610287"", ""60610287"")",0.42333179226383116
"=HYPERLINK(""https://stackoverflow.com/a/60621155"", ""60621155"")",0.33239171374764587
"=HYPERLINK(""https://stackoverflow.com/a/60649201"", ""60649201"")",0.7521761392729127
"=HYPERLINK(""https://stackoverflow.com/a/60654128"", ""60654128"")",0.8298840452076911
"=HYPERLINK(""https://stackoverflow.com/a/60662671"", ""60662671"")",0.83208769307424
"=HYPERLINK(""https://stackoverflow.com/a/60778301"", ""60778301"")",0.2222222222222221
"=HYPERLINK(""https://stackoverflow.com/a/60934429"", ""60934429"")",0.5962680237489402
"=HYPERLINK(""https://stackoverflow.com/a/60996057"", ""60996057"")",0.729759910664433
"=HYPERLINK(""https://stackoverflow.com/a/61012766"", ""61012766"")",0.6922887410692286
"=HYPERLINK(""https://stackoverflow.com/a/61191689"", ""61191689"")",0.3185858585858585
"=HYPERLINK(""https://stackoverflow.com/a/61326123"", ""61326123"")",0.4045426642111726
"=HYPERLINK(""https://stackoverflow.com/a/61355727"", ""61355727"")",0.6022222222222219
"=HYPERLINK(""https://stackoverflow.com/a/61367605"", ""61367605"")",0.26459510357815436
"=HYPERLINK(""https://stackoverflow.com/a/61496232"", ""61496232"")",0.6737457679285935
"=HYPERLINK(""https://stackoverflow.com/a/61514418"", ""61514418"")",0.3031350852927616
"=HYPERLINK(""https://stackoverflow.com/a/61520548"", ""61520548"")",0.7380116959064332
"=HYPERLINK(""https://stackoverflow.com/a/61647947"", ""61647947"")",0.629471689173182
"=HYPERLINK(""https://stackoverflow.com/a/61709564"", ""61709564"")",0.3993439934399346
"=HYPERLINK(""https://stackoverflow.com/a/61714898"", ""61714898"")",0.7342543077837197
"=HYPERLINK(""https://stackoverflow.com/a/61800759"", ""61800759"")",0.7326113419804386
"=HYPERLINK(""https://stackoverflow.com/a/61826223"", ""61826223"")",0.5027652086475615
"=HYPERLINK(""https://stackoverflow.com/a/61838714"", ""61838714"")",0.4779040404040402
"=HYPERLINK(""https://stackoverflow.com/a/61869864"", ""61869864"")",0.43828870421668215
"=HYPERLINK(""https://stackoverflow.com/a/61879032"", ""61879032"")",0.49829584185412396
"=HYPERLINK(""https://stackoverflow.com/a/61884729"", ""61884729"")",0.7222222222222222
"=HYPERLINK(""https://stackoverflow.com/a/61892160"", ""61892160"")",0.37476459510357796
"=HYPERLINK(""https://stackoverflow.com/a/61910486"", ""61910486"")",0.5283446712018144
"=HYPERLINK(""https://stackoverflow.com/a/61931168"", ""61931168"")",0.5874863224907984
"=HYPERLINK(""https://stackoverflow.com/a/61952186"", ""61952186"")",0.49222222222222195
"=HYPERLINK(""https://stackoverflow.com/a/61952509"", ""61952509"")",0.6507936507936505
"=HYPERLINK(""https://stackoverflow.com/a/61954986"", ""61954986"")",0.2969644902634593
"=HYPERLINK(""https://stackoverflow.com/a/62019181"", ""62019181"")",0.8302624232272469
"=HYPERLINK(""https://stackoverflow.com/a/62022494"", ""62022494"")",0.5966992096699207
"=HYPERLINK(""https://stackoverflow.com/a/62136139"", ""62136139"")",0.5953314659197011
"=HYPERLINK(""https://stackoverflow.com/a/62167792"", ""62167792"")",0.3064918851435706
"=HYPERLINK(""https://stackoverflow.com/a/62230543"", ""62230543"")",0.865465465465465
"=HYPERLINK(""https://stackoverflow.com/a/62271660"", ""62271660"")",0.3653414882772681
"=HYPERLINK(""https://stackoverflow.com/a/62276392"", ""62276392"")",0.6900714461690066
"=HYPERLINK(""https://stackoverflow.com/a/62287474"", ""62287474"")",0.8695906432748542
"=HYPERLINK(""https://stackoverflow.com/a/62306095"", ""62306095"")",0.4367550941945404
"=HYPERLINK(""https://stackoverflow.com/a/62335172"", ""62335172"")",0.907305095150399
"=HYPERLINK(""https://stackoverflow.com/a/62382596"", ""62382596"")",0.7252897068847984
"=HYPERLINK(""https://stackoverflow.com/a/62395599"", ""62395599"")",0.4145299145299146
"=HYPERLINK(""https://stackoverflow.com/a/62437544"", ""62437544"")",0.4921184159938483
"=HYPERLINK(""https://stackoverflow.com/a/62447150"", ""62447150"")",0.6526345933562427
"=HYPERLINK(""https://stackoverflow.com/a/62468104"", ""62468104"")",0.9056393076493575
"=HYPERLINK(""https://stackoverflow.com/a/62548085"", ""62548085"")",0.7174145299145299
"=HYPERLINK(""https://stackoverflow.com/a/62597692"", ""62597692"")",0.8347683476834769
"=HYPERLINK(""https://stackoverflow.com/a/62615129"", ""62615129"")",0.7763019186169098
"=HYPERLINK(""https://stackoverflow.com/a/62649147"", ""62649147"")",0.8120226656812018
"=HYPERLINK(""https://stackoverflow.com/a/62657597"", ""62657597"")",0.485296707166755
"=HYPERLINK(""https://stackoverflow.com/a/62660835"", ""62660835"")",0.48176420695504707
"=HYPERLINK(""https://stackoverflow.com/a/62715898"", ""62715898"")",0.7080176767676766
"=HYPERLINK(""https://stackoverflow.com/a/62800219"", ""62800219"")",0.24151482672383004
"=HYPERLINK(""https://stackoverflow.com/a/62806203"", ""62806203"")",0.6622222222222218
"=HYPERLINK(""https://stackoverflow.com/a/62970167"", ""62970167"")",0.4258646063281826
"=HYPERLINK(""https://stackoverflow.com/a/63005629"", ""63005629"")",0.7572775727757278
"=HYPERLINK(""https://stackoverflow.com/a/63013902"", ""63013902"")",0.26159230096237984
"=HYPERLINK(""https://stackoverflow.com/a/63054318"", ""63054318"")",0.5355862775217609
"=HYPERLINK(""https://stackoverflow.com/a/63194788"", ""63194788"")",0.6727716727716728
"=HYPERLINK(""https://stackoverflow.com/a/63244811"", ""63244811"")",0.9394353369763212
"=HYPERLINK(""https://stackoverflow.com/a/63264751"", ""63264751"")",0.5961041542436893
"=HYPERLINK(""https://stackoverflow.com/a/63517324"", ""63517324"")",0.3571915473755963
"=HYPERLINK(""https://stackoverflow.com/a/63610855"", ""63610855"")",0.3492714025500911
"=HYPERLINK(""https://stackoverflow.com/a/63627447"", ""63627447"")",0.3780011166945837
"=HYPERLINK(""https://stackoverflow.com/a/63672904"", ""63672904"")",0.8980842911877396
"=HYPERLINK(""https://stackoverflow.com/a/63770340"", ""63770340"")",0.8001443001442997
"=HYPERLINK(""https://stackoverflow.com/a/63806143"", ""63806143"")",0.9404542664211173
"=HYPERLINK(""https://stackoverflow.com/a/63809502"", ""63809502"")",0.7984934086628998
"=HYPERLINK(""https://stackoverflow.com/a/63896709"", ""63896709"")",0.5813382443216698
"=HYPERLINK(""https://stackoverflow.com/a/63947492"", ""63947492"")",0.6477541371158394
"=HYPERLINK(""https://stackoverflow.com/a/63961519"", ""63961519"")",0.3007441621760327
"=HYPERLINK(""https://stackoverflow.com/a/64015188"", ""64015188"")",0.28222222222222204
"=HYPERLINK(""https://stackoverflow.com/a/64108560"", ""64108560"")",0.6449026345933562
"=HYPERLINK(""https://stackoverflow.com/a/64204384"", ""64204384"")",0.8842911877394637
"=HYPERLINK(""https://stackoverflow.com/a/64225871"", ""64225871"")",0.7359836901121307
"=HYPERLINK(""https://stackoverflow.com/a/64273248"", ""64273248"")",0.4478859390363815
"=HYPERLINK(""https://stackoverflow.com/a/64331704"", ""64331704"")",0.44200244200244193
"=HYPERLINK(""https://stackoverflow.com/a/64544047"", ""64544047"")",0.6844231791600215
"=HYPERLINK(""https://stackoverflow.com/a/64573233"", ""64573233"")",0.5275913497390009
"=HYPERLINK(""https://stackoverflow.com/a/64805431"", ""64805431"")",0.6053391053391048
"=HYPERLINK(""https://stackoverflow.com/a/64809227"", ""64809227"")",0.4685276409414337
"=HYPERLINK(""https://stackoverflow.com/a/64844635"", ""64844635"")",0.5263696876600099
"=HYPERLINK(""https://stackoverflow.com/a/64847992"", ""64847992"")",0.3801169590643276
"=HYPERLINK(""https://stackoverflow.com/a/65028795"", ""65028795"")",0.7716727716727718
"=HYPERLINK(""https://stackoverflow.com/a/65093753"", ""65093753"")",0.4795443979544395
"=HYPERLINK(""https://stackoverflow.com/a/65240110"", ""65240110"")",0.8030605455755154
"=HYPERLINK(""https://stackoverflow.com/a/65251434"", ""65251434"")",0.6991452991452997
"=HYPERLINK(""https://stackoverflow.com/a/65329274"", ""65329274"")",0.6074681238615669
"=HYPERLINK(""https://stackoverflow.com/a/65351417"", ""65351417"")",0.24924924924924907
"=HYPERLINK(""https://stackoverflow.com/a/65567728"", ""65567728"")",0.6437753125550276
"=HYPERLINK(""https://stackoverflow.com/a/65605494"", ""65605494"")",0.5662455458373828
"=HYPERLINK(""https://stackoverflow.com/a/65621874"", ""65621874"")",0.28148946360153254
"=HYPERLINK(""https://stackoverflow.com/a/65835757"", ""65835757"")",0.47645951035781525
"=HYPERLINK(""https://stackoverflow.com/a/65859853"", ""65859853"")",0.6497031382527569
"=HYPERLINK(""https://stackoverflow.com/a/65954093"", ""65954093"")",0.3563685636856367
"=HYPERLINK(""https://stackoverflow.com/a/65989871"", ""65989871"")",0.4559884559884557
"=HYPERLINK(""https://stackoverflow.com/a/66136900"", ""66136900"")",0.44393122915062855
"=HYPERLINK(""https://stackoverflow.com/a/66153455"", ""66153455"")",0.6895589056393074
"=HYPERLINK(""https://stackoverflow.com/a/66175547"", ""66175547"")",0.4256904303147079
"=HYPERLINK(""https://stackoverflow.com/a/66256364"", ""66256364"")",0.7714025500910753
"=HYPERLINK(""https://stackoverflow.com/a/66408068"", ""66408068"")",0.426213353042621
"=HYPERLINK(""https://stackoverflow.com/a/66746522"", ""66746522"")",0.3274853801169592
"=HYPERLINK(""https://stackoverflow.com/a/66873526"", ""66873526"")",0.22222222222222224
"=HYPERLINK(""https://stackoverflow.com/a/66899141"", ""66899141"")",0.6253842775581901
"=HYPERLINK(""https://stackoverflow.com/a/66971926"", ""66971926"")",0.48790487904879054
"=HYPERLINK(""https://stackoverflow.com/a/67049665"", ""67049665"")",0.9661738351254487
"=HYPERLINK(""https://stackoverflow.com/a/67071779"", ""67071779"")",0.3852657004830914
"=HYPERLINK(""https://stackoverflow.com/a/67126318"", ""67126318"")",0.8082877959927146
"=HYPERLINK(""https://stackoverflow.com/a/67140901"", ""67140901"")",0.8189964157706099
"=HYPERLINK(""https://stackoverflow.com/a/67156590"", ""67156590"")",0.743961352657005
"=HYPERLINK(""https://stackoverflow.com/a/67189903"", ""67189903"")",0.7635066258919472
"=HYPERLINK(""https://stackoverflow.com/a/67344038"", ""67344038"")",0.3225764134855042
"=HYPERLINK(""https://stackoverflow.com/a/67377204"", ""67377204"")",0.6103125712981973
"=HYPERLINK(""https://stackoverflow.com/a/67391194"", ""67391194"")",0.8898868928809045
"=HYPERLINK(""https://stackoverflow.com/a/67402443"", ""67402443"")",0.6023242630385485
"=HYPERLINK(""https://stackoverflow.com/a/67409212"", ""67409212"")",0.4097222222222225
"=HYPERLINK(""https://stackoverflow.com/a/67475005"", ""67475005"")",0.7800390584849417
"=HYPERLINK(""https://stackoverflow.com/a/67548241"", ""67548241"")",0.6129914529914533
"=HYPERLINK(""https://stackoverflow.com/a/67593153"", ""67593153"")",0.7385217816935883
"=HYPERLINK(""https://stackoverflow.com/a/67642744"", ""67642744"")",0.6455176767676766
"=HYPERLINK(""https://stackoverflow.com/a/67647124"", ""67647124"")",0.8043650793650795
"=HYPERLINK(""https://stackoverflow.com/a/67738227"", ""67738227"")",0.6344359626802378
