link,Correlation
"=HYPERLINK(""https://stackoverflow.com/a/7170482"", ""7170482"")",0.40548014077425837
"=HYPERLINK(""https://stackoverflow.com/a/7914748"", ""7914748"")",0.26570048309178734
"=HYPERLINK(""https://stackoverflow.com/a/8584235"", ""8584235"")",0.4376918354818909
"=HYPERLINK(""https://stackoverflow.com/a/9980514"", ""9980514"")",0.45751633986928103
"=HYPERLINK(""https://stackoverflow.com/a/12812128"", ""12812128"")",0.5301806997308728
"=HYPERLINK(""https://stackoverflow.com/a/14949710"", ""14949710"")",0.22222222222222227
"=HYPERLINK(""https://stackoverflow.com/a/16330259"", ""16330259"")",0.2222222222222221
"=HYPERLINK(""https://stackoverflow.com/a/19113340"", ""19113340"")",0.2815442561205272
"=HYPERLINK(""https://stackoverflow.com/a/25004394"", ""25004394"")",0.23478766724840014
"=HYPERLINK(""https://stackoverflow.com/a/26524190"", ""26524190"")",0.3606382103791432
"=HYPERLINK(""https://stackoverflow.com/a/28800033"", ""28800033"")",0.25793650793650785
"=HYPERLINK(""https://stackoverflow.com/a/29803330"", ""29803330"")",0.3565972222222223
"=HYPERLINK(""https://stackoverflow.com/a/31311371"", ""31311371"")",0.24961948249619484
"=HYPERLINK(""https://stackoverflow.com/a/32394790"", ""32394790"")",0.29446891825746463
"=HYPERLINK(""https://stackoverflow.com/a/35242521"", ""35242521"")",0.3939613526570046
"=HYPERLINK(""https://stackoverflow.com/a/37893556"", ""37893556"")",0.6853801169590641
"=HYPERLINK(""https://stackoverflow.com/a/38058355"", ""38058355"")",0.2640632264063225
"=HYPERLINK(""https://stackoverflow.com/a/38701235"", ""38701235"")",0.7442810457516339
"=HYPERLINK(""https://stackoverflow.com/a/39262911"", ""39262911"")",0.7394636015325671
"=HYPERLINK(""https://stackoverflow.com/a/39493806"", ""39493806"")",0.5310457516339868
"=HYPERLINK(""https://stackoverflow.com/a/39750343"", ""39750343"")",0.23173998871968413
"=HYPERLINK(""https://stackoverflow.com/a/41178502"", ""41178502"")",0.46148602590320353
"=HYPERLINK(""https://stackoverflow.com/a/41250161"", ""41250161"")",0.5481890730509515
"=HYPERLINK(""https://stackoverflow.com/a/41935566"", ""41935566"")",0.891713747645951
"=HYPERLINK(""https://stackoverflow.com/a/41941243"", ""41941243"")",0.387057387057387
"=HYPERLINK(""https://stackoverflow.com/a/42869992"", ""42869992"")",0.26909722222222243
"=HYPERLINK(""https://stackoverflow.com/a/43505601"", ""43505601"")",0.46996415770609323
"=HYPERLINK(""https://stackoverflow.com/a/43725574"", ""43725574"")",0.5852991452991451
"=HYPERLINK(""https://stackoverflow.com/a/43876986"", ""43876986"")",0.7326148319219912
"=HYPERLINK(""https://stackoverflow.com/a/44073514"", ""44073514"")",0.3692810457516339
"=HYPERLINK(""https://stackoverflow.com/a/44286904"", ""44286904"")",0.9118773946360154
"=HYPERLINK(""https://stackoverflow.com/a/45715317"", ""45715317"")",0.5109058249935846
"=HYPERLINK(""https://stackoverflow.com/a/46199465"", ""46199465"")",0.42304189435336986
"=HYPERLINK(""https://stackoverflow.com/a/46275349"", ""46275349"")",0.5176068376068375
"=HYPERLINK(""https://stackoverflow.com/a/46431172"", ""46431172"")",0.5194824961948249
"=HYPERLINK(""https://stackoverflow.com/a/46471834"", ""46471834"")",0.6552119129438717
"=HYPERLINK(""https://stackoverflow.com/a/46521657"", ""46521657"")",0.5274170274170273
"=HYPERLINK(""https://stackoverflow.com/a/46879872"", ""46879872"")",0.6166858900422917
"=HYPERLINK(""https://stackoverflow.com/a/47176131"", ""47176131"")",0.7739463601532568
"=HYPERLINK(""https://stackoverflow.com/a/47190029"", ""47190029"")",0.3928809048569526
"=HYPERLINK(""https://stackoverflow.com/a/47469309"", ""47469309"")",0.7198637316561847
"=HYPERLINK(""https://stackoverflow.com/a/48156660"", ""48156660"")",0.7436328015673104
"=HYPERLINK(""https://stackoverflow.com/a/48453505"", ""48453505"")",0.7670498084291187
"=HYPERLINK(""https://stackoverflow.com/a/48785870"", ""48785870"")",0.49355328024269984
"=HYPERLINK(""https://stackoverflow.com/a/49010071"", ""49010071"")",0.7891513560804899
"=HYPERLINK(""https://stackoverflow.com/a/49435872"", ""49435872"")",0.6316710411198599
"=HYPERLINK(""https://stackoverflow.com/a/49548285"", ""49548285"")",0.635012919896641
"=HYPERLINK(""https://stackoverflow.com/a/50323350"", ""50323350"")",0.43452991452991446
"=HYPERLINK(""https://stackoverflow.com/a/50417157"", ""50417157"")",0.5265700483091789
"=HYPERLINK(""https://stackoverflow.com/a/50455026"", ""50455026"")",0.8644240570846076
"=HYPERLINK(""https://stackoverflow.com/a/50510228"", ""50510228"")",0.4473144731447315
"=HYPERLINK(""https://stackoverflow.com/a/50956129"", ""50956129"")",0.5968924069187923
"=HYPERLINK(""https://stackoverflow.com/a/50973279"", ""50973279"")",0.3103834312902322
"=HYPERLINK(""https://stackoverflow.com/a/51064069"", ""51064069"")",0.6468797564687976
"=HYPERLINK(""https://stackoverflow.com/a/51124401"", ""51124401"")",0.7472881852829083
"=HYPERLINK(""https://stackoverflow.com/a/51127805"", ""51127805"")",0.34421852536455133
"=HYPERLINK(""https://stackoverflow.com/a/51686136"", ""51686136"")",0.485198000768935
"=HYPERLINK(""https://stackoverflow.com/a/51773498"", ""51773498"")",0.7632058287795993
"=HYPERLINK(""https://stackoverflow.com/a/51781609"", ""51781609"")",0.8354818907305096
"=HYPERLINK(""https://stackoverflow.com/a/51833646"", ""51833646"")",0.6595141201134543
"=HYPERLINK(""https://stackoverflow.com/a/51837187"", ""51837187"")",0.39049145299145305
"=HYPERLINK(""https://stackoverflow.com/a/51840887"", ""51840887"")",0.36507936507936495
"=HYPERLINK(""https://stackoverflow.com/a/51900110"", ""51900110"")",0.40079365079365065
"=HYPERLINK(""https://stackoverflow.com/a/51902421"", ""51902421"")",0.3574681238615666
"=HYPERLINK(""https://stackoverflow.com/a/52059484"", ""52059484"")",0.5274853801169589
"=HYPERLINK(""https://stackoverflow.com/a/52071906"", ""52071906"")",0.7498295841854125
"=HYPERLINK(""https://stackoverflow.com/a/52175396"", ""52175396"")",0.44327485380116965
"=HYPERLINK(""https://stackoverflow.com/a/52215751"", ""52215751"")",0.3796690307328606
"=HYPERLINK(""https://stackoverflow.com/a/52257722"", ""52257722"")",0.34222222222222215
"=HYPERLINK(""https://stackoverflow.com/a/52284108"", ""52284108"")",0.16816816816816804
"=HYPERLINK(""https://stackoverflow.com/a/52294707"", ""52294707"")",0.7137476459510358
"=HYPERLINK(""https://stackoverflow.com/a/52333177"", ""52333177"")",0.7222222222222222
"=HYPERLINK(""https://stackoverflow.com/a/52333350"", ""52333350"")",0.7058287795992715
"=HYPERLINK(""https://stackoverflow.com/a/52853977"", ""52853977"")",0.25518925518925517
"=HYPERLINK(""https://stackoverflow.com/a/52896159"", ""52896159"")",0.48607446496628565
"=HYPERLINK(""https://stackoverflow.com/a/53264400"", ""53264400"")",0.48068376068376056
"=HYPERLINK(""https://stackoverflow.com/a/53521294"", ""53521294"")",0.6281262812628126
"=HYPERLINK(""https://stackoverflow.com/a/53595619"", ""53595619"")",0.8949026345933562
"=HYPERLINK(""https://stackoverflow.com/a/53619146"", ""53619146"")",0.47663028267562274
"=HYPERLINK(""https://stackoverflow.com/a/53660193"", ""53660193"")",0.7481962481962482
"=HYPERLINK(""https://stackoverflow.com/a/53662139"", ""53662139"")",0.5020235467255334
"=HYPERLINK(""https://stackoverflow.com/a/53754036"", ""53754036"")",0.826249067859806
"=HYPERLINK(""https://stackoverflow.com/a/54118323"", ""54118323"")",0.8161819537658462
"=HYPERLINK(""https://stackoverflow.com/a/54233190"", ""54233190"")",0.6582687338501292
"=HYPERLINK(""https://stackoverflow.com/a/54272301"", ""54272301"")",0.38438438438438416
"=HYPERLINK(""https://stackoverflow.com/a/54733399"", ""54733399"")",0.6797867978679787
"=HYPERLINK(""https://stackoverflow.com/a/55318450"", ""55318450"")",0.6192071468453378
"=HYPERLINK(""https://stackoverflow.com/a/55405249"", ""55405249"")",0.625537139349294
"=HYPERLINK(""https://stackoverflow.com/a/56181452"", ""56181452"")",0.6842911877394636
"=HYPERLINK(""https://stackoverflow.com/a/56242367"", ""56242367"")",0.6020299145299146
"=HYPERLINK(""https://stackoverflow.com/a/56403162"", ""56403162"")",0.4900046490004647
"=HYPERLINK(""https://stackoverflow.com/a/56421806"", ""56421806"")",0.6757105943152457
"=HYPERLINK(""https://stackoverflow.com/a/56597548"", ""56597548"")",0.3326873385012916
"=HYPERLINK(""https://stackoverflow.com/a/57223998"", ""57223998"")",0.5705071826443859
"=HYPERLINK(""https://stackoverflow.com/a/57436876"", ""57436876"")",0.5619812583668006
"=HYPERLINK(""https://stackoverflow.com/a/57733504"", ""57733504"")",0.5488553880513679
"=HYPERLINK(""https://stackoverflow.com/a/57797406"", ""57797406"")",0.7650237786424556
"=HYPERLINK(""https://stackoverflow.com/a/57993838"", ""57993838"")",0.2847222222222221
"=HYPERLINK(""https://stackoverflow.com/a/58260808"", ""58260808"")",0.6578657865786577
"=HYPERLINK(""https://stackoverflow.com/a/58306118"", ""58306118"")",0.8015325670498085
"=HYPERLINK(""https://stackoverflow.com/a/58406342"", ""58406342"")",0.3901611535199323
"=HYPERLINK(""https://stackoverflow.com/a/58887313"", ""58887313"")",0.8441734417344173
"=HYPERLINK(""https://stackoverflow.com/a/59249392"", ""59249392"")",0.8127199597787833
"=HYPERLINK(""https://stackoverflow.com/a/59272331"", ""59272331"")",0.3965341488277268
"=HYPERLINK(""https://stackoverflow.com/a/59533991"", ""59533991"")",0.3081117927743693
"=HYPERLINK(""https://stackoverflow.com/a/59771173"", ""59771173"")",0.49051490514905133
"=HYPERLINK(""https://stackoverflow.com/a/60060731"", ""60060731"")",0.30517153097798255
"=HYPERLINK(""https://stackoverflow.com/a/60180018"", ""60180018"")",0.7826617826617827
"=HYPERLINK(""https://stackoverflow.com/a/60282336"", ""60282336"")",0.4657646576465765
"=HYPERLINK(""https://stackoverflow.com/a/60306141"", ""60306141"")",0.7258585858585858
"=HYPERLINK(""https://stackoverflow.com/a/60569446"", ""60569446"")",0.11695906432748544
"=HYPERLINK(""https://stackoverflow.com/a/61050674"", ""61050674"")",0.7534722222222223
"=HYPERLINK(""https://stackoverflow.com/a/61420921"", ""61420921"")",0.8443152454780362
"=HYPERLINK(""https://stackoverflow.com/a/61421133"", ""61421133"")",0.6784434203789041
"=HYPERLINK(""https://stackoverflow.com/a/61628415"", ""61628415"")",0.70418098510882
"=HYPERLINK(""https://stackoverflow.com/a/61863198"", ""61863198"")",0.4386484153409795
"=HYPERLINK(""https://stackoverflow.com/a/61912624"", ""61912624"")",0.6470243330401644
"=HYPERLINK(""https://stackoverflow.com/a/61947529"", ""61947529"")",0.5862775217613927
"=HYPERLINK(""https://stackoverflow.com/a/62118654"", ""62118654"")",0.6514257620452311
"=HYPERLINK(""https://stackoverflow.com/a/62157049"", ""62157049"")",0.5891946992864424
"=HYPERLINK(""https://stackoverflow.com/a/62333276"", ""62333276"")",0.8357357357357357
"=HYPERLINK(""https://stackoverflow.com/a/62547818"", ""62547818"")",0.7329365079365079
"=HYPERLINK(""https://stackoverflow.com/a/62757481"", ""62757481"")",0.3069127759681506
"=HYPERLINK(""https://stackoverflow.com/a/62816552"", ""62816552"")",0.48595848595848595
"=HYPERLINK(""https://stackoverflow.com/a/63015408"", ""63015408"")",0.7716727716727717
"=HYPERLINK(""https://stackoverflow.com/a/63430241"", ""63430241"")",0.7253023043577458
"=HYPERLINK(""https://stackoverflow.com/a/63438636"", ""63438636"")",0.6992428244409228
"=HYPERLINK(""https://stackoverflow.com/a/63625874"", ""63625874"")",0.5703450891164202
"=HYPERLINK(""https://stackoverflow.com/a/63733449"", ""63733449"")",0.6853801169590642
"=HYPERLINK(""https://stackoverflow.com/a/63952634"", ""63952634"")",0.425612052730697
"=HYPERLINK(""https://stackoverflow.com/a/64022315"", ""64022315"")",0.6816816816816816
"=HYPERLINK(""https://stackoverflow.com/a/64111329"", ""64111329"")",0.5825497927408757
"=HYPERLINK(""https://stackoverflow.com/a/64144461"", ""64144461"")",0.833131313131313
"=HYPERLINK(""https://stackoverflow.com/a/64217181"", ""64217181"")",0.36164529914529925
"=HYPERLINK(""https://stackoverflow.com/a/64887127"", ""64887127"")",0.480053547523427
"=HYPERLINK(""https://stackoverflow.com/a/64974749"", ""64974749"")",0.42011140428026983
"=HYPERLINK(""https://stackoverflow.com/a/65010164"", ""65010164"")",0.6318163181631817
"=HYPERLINK(""https://stackoverflow.com/a/65394415"", ""65394415"")",0.5445792412863472
"=HYPERLINK(""https://stackoverflow.com/a/65722861"", ""65722861"")",0.4989601901366608
"=HYPERLINK(""https://stackoverflow.com/a/65856125"", ""65856125"")",0.5678598061148395
"=HYPERLINK(""https://stackoverflow.com/a/65896412"", ""65896412"")",0.7206837606837606
"=HYPERLINK(""https://stackoverflow.com/a/66513627"", ""66513627"")",0.671733622873688
"=HYPERLINK(""https://stackoverflow.com/a/66576429"", ""66576429"")",0.6237970253718285
"=HYPERLINK(""https://stackoverflow.com/a/66616794"", ""66616794"")",0.3832960477255782
"=HYPERLINK(""https://stackoverflow.com/a/67068445"", ""67068445"")",0.5502854633289417
"=HYPERLINK(""https://stackoverflow.com/a/67068534"", ""67068534"")",0.9049808429118775
"=HYPERLINK(""https://stackoverflow.com/a/67597692"", ""67597692"")",0.8845598845598845
