"link","Correlation","score","view_count"
"=HYPERLINK(""https://stackoverflow.com/q/1238498"", ""1238498"")",0.5426642111724985,"0","3053"
"=HYPERLINK(""https://stackoverflow.com/q/1382970"", ""1382970"")",0.4869281045751633,"1","1191"
"=HYPERLINK(""https://stackoverflow.com/q/2288611"", ""2288611"")",0.5161153519932146,"0","419"
"=HYPERLINK(""https://stackoverflow.com/q/3703319"", ""3703319"")",0.2522222222222222,"1","470"
"=HYPERLINK(""https://stackoverflow.com/q/5079248"", ""5079248"")",0.3682399213372668,"1","307"
"=HYPERLINK(""https://stackoverflow.com/q/5137525"", ""5137525"")",0.4028878323648529,"0","549"
"=HYPERLINK(""https://stackoverflow.com/q/11393445"", ""11393445"")",0.4743388732099928,"0","2867"
"=HYPERLINK(""https://stackoverflow.com/q/12192198"", ""12192198"")",0.7427140255009108,"0","717"
"=HYPERLINK(""https://stackoverflow.com/q/12588073"", ""12588073"")",0.5327485380116957,"1","5188"
"=HYPERLINK(""https://stackoverflow.com/q/13512907"", ""13512907"")",0.5083760683760683,"0","4856"
"=HYPERLINK(""https://stackoverflow.com/q/13524206"", ""13524206"")",0.3980463980463979,"0","454"
"=HYPERLINK(""https://stackoverflow.com/q/13877653"", ""13877653"")",0.6698966408268734,"1","895"
"=HYPERLINK(""https://stackoverflow.com/q/14268046"", ""14268046"")",0.2596702111265219,"0","751"
"=HYPERLINK(""https://stackoverflow.com/q/14475459"", ""14475459"")",0.4818907305095151,"0","358"
"=HYPERLINK(""https://stackoverflow.com/q/17121592"", ""17121592"")",0.3219452139119729,"1","458"
"=HYPERLINK(""https://stackoverflow.com/q/17158633"", ""17158633"")",0.5793650793650795,"0","610"
"=HYPERLINK(""https://stackoverflow.com/q/20093913"", ""20093913"")",0.3425052410901467,"0","295"
"=HYPERLINK(""https://stackoverflow.com/q/20852856"", ""20852856"")",0.5371393492940455,"2","634"
"=HYPERLINK(""https://stackoverflow.com/q/21120215"", ""21120215"")",0.4430811179277438,"1","211"
"=HYPERLINK(""https://stackoverflow.com/q/21683104"", ""21683104"")",0.6244362443624436,"0","359"
"=HYPERLINK(""https://stackoverflow.com/q/22427838"", ""22427838"")",0.4921184159938485,"0","653"
"=HYPERLINK(""https://stackoverflow.com/q/22453859"", ""22453859"")",0.3122222222222221,"0","15991"
"=HYPERLINK(""https://stackoverflow.com/q/23679094"", ""23679094"")",0.2692147034252298,"1","69"
"=HYPERLINK(""https://stackoverflow.com/q/24157390"", ""24157390"")",0.4277649473954322,"1","708"
"=HYPERLINK(""https://stackoverflow.com/q/24272656"", ""24272656"")",0.3915770609318996,"1","942"
"=HYPERLINK(""https://stackoverflow.com/q/24534269"", ""24534269"")",0.3961352657004826,"1","1628"
"=HYPERLINK(""https://stackoverflow.com/q/25847936"", ""25847936"")",0.2585858585858586,"0","282"
"=HYPERLINK(""https://stackoverflow.com/q/26523777"", ""26523777"")",0.4359425388449136,"1","731"
"=HYPERLINK(""https://stackoverflow.com/q/27571961"", ""27571961"")",0.4052009456264776,"0","42"
"=HYPERLINK(""https://stackoverflow.com/q/28087625"", ""28087625"")",0.5574494949494948,"0","934"
"=HYPERLINK(""https://stackoverflow.com/q/29084058"", ""29084058"")",0.3760683760683762,"1","112"
"=HYPERLINK(""https://stackoverflow.com/q/31250924"", ""31250924"")",0.344381313131313,"2","2825"
"=HYPERLINK(""https://stackoverflow.com/q/32214133"", ""32214133"")",0.4222222222222222,"0","1334"
"=HYPERLINK(""https://stackoverflow.com/q/32275106"", ""32275106"")",0.3061148396718866,"3","402"
"=HYPERLINK(""https://stackoverflow.com/q/32380983"", ""32380983"")",0.4855810008481764,"0","3239"
"=HYPERLINK(""https://stackoverflow.com/q/32788799"", ""32788799"")",0.3835125448028672,"0","88"
"=HYPERLINK(""https://stackoverflow.com/q/32810435"", ""32810435"")",0.3755964553510564,"0","1605"
"=HYPERLINK(""https://stackoverflow.com/q/32930072"", ""32930072"")",0.3654092891968179,"1","3280"
"=HYPERLINK(""https://stackoverflow.com/q/34099322"", ""34099322"")",0.2506390016538866,"0","1834"
"=HYPERLINK(""https://stackoverflow.com/q/34743512"", ""34743512"")",0.4131769960915686,"1","115"
"=HYPERLINK(""https://stackoverflow.com/q/34814468"", ""34814468"")",0.6632599580712789,"0","1327"
"=HYPERLINK(""https://stackoverflow.com/q/35329254"", ""35329254"")",0.4877089478859391,"0","637"
"=HYPERLINK(""https://stackoverflow.com/q/37481142"", ""37481142"")",0.5414834359425391,"2","6802"
"=HYPERLINK(""https://stackoverflow.com/q/37489706"", ""37489706"")",0.5729914529914528,"1","319"
"=HYPERLINK(""https://stackoverflow.com/q/37521245"", ""37521245"")",0.6538011695906433,"0","2285"
"=HYPERLINK(""https://stackoverflow.com/q/38122876"", ""38122876"")",0.4487415592387969,"1","141"
"=HYPERLINK(""https://stackoverflow.com/q/38640418"", ""38640418"")",0.3507936507936508,"0","347"
"=HYPERLINK(""https://stackoverflow.com/q/38953006"", ""38953006"")",0.2830774853801169,"1","2469"
"=HYPERLINK(""https://stackoverflow.com/q/39232599"", ""39232599"")",0.9092451229855808,"14","24492"
"=HYPERLINK(""https://stackoverflow.com/q/39488461"", ""39488461"")",0.7822222222222222,"2","10486"
"=HYPERLINK(""https://stackoverflow.com/q/39490200"", ""39490200"")",0.8519451441365798,"2","12250"
"=HYPERLINK(""https://stackoverflow.com/q/39493708"", ""39493708"")",0.5363815142576206,"4","8596"
"=HYPERLINK(""https://stackoverflow.com/q/39530310"", ""39530310"")",0.5874916833000666,"1","1131"
"=HYPERLINK(""https://stackoverflow.com/q/39876547"", ""39876547"")",0.2450185748058088,"1","164"
"=HYPERLINK(""https://stackoverflow.com/q/40159662"", ""40159662"")",0.4974697469746974,"3","26067"
"=HYPERLINK(""https://stackoverflow.com/q/40193791"", ""40193791"")",0.5030808984297357,"1","1059"
"=HYPERLINK(""https://stackoverflow.com/q/40395965"", ""40395965"")",0.5251068376068375,"0","2650"
"=HYPERLINK(""https://stackoverflow.com/q/40441662"", ""40441662"")",0.4508596356171412,"1","3328"
"=HYPERLINK(""https://stackoverflow.com/q/41002487"", ""41002487"")",0.6868239921337267,"1","5661"
"=HYPERLINK(""https://stackoverflow.com/q/41249233"", ""41249233"")",0.348854076008123,"2","2156"
"=HYPERLINK(""https://stackoverflow.com/q/41542609"", ""41542609"")",0.3397388519339737,"0","1856"
"=HYPERLINK(""https://stackoverflow.com/q/41883521"", ""41883521"")",0.6219182708544412,"0","2762"
"=HYPERLINK(""https://stackoverflow.com/q/41935351"", ""41935351"")",0.9425388449135153,"2","3237"
"=HYPERLINK(""https://stackoverflow.com/q/42073424"", ""42073424"")",0.4547450185748059,"1","1330"
"=HYPERLINK(""https://stackoverflow.com/q/42378309"", ""42378309"")",0.2814884498797951,"1","92"
"=HYPERLINK(""https://stackoverflow.com/q/42388942"", ""42388942"")",0.5889768396364704,"0","1426"
"=HYPERLINK(""https://stackoverflow.com/q/42402865"", ""42402865"")",0.2759134973900076,"0","266"
"=HYPERLINK(""https://stackoverflow.com/q/42561975"", ""42561975"")",0.697632058287796,"0","322"
"=HYPERLINK(""https://stackoverflow.com/q/42619631"", ""42619631"")",0.4232272473478503,"1","66"
"=HYPERLINK(""https://stackoverflow.com/q/42859891"", ""42859891"")",0.7126068376068375,"1","1066"
"=HYPERLINK(""https://stackoverflow.com/q/42900540"", ""42900540"")",0.4292193067703272,"0","3497"
"=HYPERLINK(""https://stackoverflow.com/q/42912565"", ""42912565"")",0.6260970359331016,"3","2510"
"=HYPERLINK(""https://stackoverflow.com/q/42956987"", ""42956987"")",0.7601969057665259,"0","221"
"=HYPERLINK(""https://stackoverflow.com/q/43261740"", ""43261740"")",0.7742333179226383,"0","2821"
"=HYPERLINK(""https://stackoverflow.com/q/43480568"", ""43480568"")",0.8113526570048311,"1","4697"
"=HYPERLINK(""https://stackoverflow.com/q/43529651"", ""43529651"")",0.298981284055911,"1","1903"
"=HYPERLINK(""https://stackoverflow.com/q/43655398"", ""43655398"")",0.2932449494949493,"1","628"
"=HYPERLINK(""https://stackoverflow.com/q/43725028"", ""43725028"")",0.9471462343802768,"0","7054"
"=HYPERLINK(""https://stackoverflow.com/q/43861008"", ""43861008"")",0.5527126273394929,"0","1415"
"=HYPERLINK(""https://stackoverflow.com/q/43876357"", ""43876357"")",0.6516992428244409,"1","1429"
"=HYPERLINK(""https://stackoverflow.com/q/43924709"", ""43924709"")",0.4282523729759908,"3","1910"
"=HYPERLINK(""https://stackoverflow.com/q/44178272"", ""44178272"")",0.609156895589056,"0","566"
"=HYPERLINK(""https://stackoverflow.com/q/44242378"", ""44242378"")",0.6654355186211142,"0","6794"
"=HYPERLINK(""https://stackoverflow.com/q/44806952"", ""44806952"")",0.4254307783719549,"2","843"
"=HYPERLINK(""https://stackoverflow.com/q/44950507"", ""44950507"")",0.5389643036701859,"1","1659"
"=HYPERLINK(""https://stackoverflow.com/q/45483554"", ""45483554"")",0.6871668716687168,"0","5583"
"=HYPERLINK(""https://stackoverflow.com/q/45662481"", ""45662481"")",0.661128974633798,"1","1620"
"=HYPERLINK(""https://stackoverflow.com/q/46018935"", ""46018935"")",0.3518980326960375,"1","399"
"=HYPERLINK(""https://stackoverflow.com/q/46193704"", ""46193704"")",0.4520094562647754,"0","219"
"=HYPERLINK(""https://stackoverflow.com/q/46250017"", ""46250017"")",0.5748538011695904,"0","1651"
"=HYPERLINK(""https://stackoverflow.com/q/46289453"", ""46289453"")",0.2631733450755907,"1","192"
"=HYPERLINK(""https://stackoverflow.com/q/46303370"", ""46303370"")",0.8796529527008116,"0","3615"
"=HYPERLINK(""https://stackoverflow.com/q/46314967"", ""46314967"")",0.5521970333053456,"1","2112"
"=HYPERLINK(""https://stackoverflow.com/q/46422037"", ""46422037"")",0.5674105067410505,"2","2121"
"=HYPERLINK(""https://stackoverflow.com/q/46463283"", ""46463283"")",0.4026345933562427,"0","801"
"=HYPERLINK(""https://stackoverflow.com/q/46492413"", ""46492413"")",0.5912470788187804,"0","713"
"=HYPERLINK(""https://stackoverflow.com/q/46627009"", ""46627009"")",0.6547481737793157,"0","1799"
"=HYPERLINK(""https://stackoverflow.com/q/46678996"", ""46678996"")",0.4295954941116231,"0","65"
"=HYPERLINK(""https://stackoverflow.com/q/46703013"", ""46703013"")",0.3460007238508866,"1","2441"
"=HYPERLINK(""https://stackoverflow.com/q/46894279"", ""46894279"")",0.3474788957335158,"0","664"
"=HYPERLINK(""https://stackoverflow.com/q/47048165"", ""47048165"")",0.4856952761144376,"0","662"
"=HYPERLINK(""https://stackoverflow.com/q/47072901"", ""47072901"")",0.3840847499384083,"3","1097"
"=HYPERLINK(""https://stackoverflow.com/q/47178776"", ""47178776"")",0.4157706093189963,"0","406"
"=HYPERLINK(""https://stackoverflow.com/q/47336062"", ""47336062"")",0.609014675052411,"0","2441"
"=HYPERLINK(""https://stackoverflow.com/q/47469195"", ""47469195"")",0.2761994949494948,"1","312"
"=HYPERLINK(""https://stackoverflow.com/q/47803698"", ""47803698"")",0.8323917137476459,"0","5620"
"=HYPERLINK(""https://stackoverflow.com/q/48026832"", ""48026832"")",0.6955697701966358,"0","241"
"=HYPERLINK(""https://stackoverflow.com/q/48119162"", ""48119162"")",0.5087087087087088,"1","6251"
"=HYPERLINK(""https://stackoverflow.com/q/48158928"", ""48158928"")",0.4266421117249846,"0","2171"
"=HYPERLINK(""https://stackoverflow.com/q/48439073"", ""48439073"")",0.7490678598061147,"1","11742"
"=HYPERLINK(""https://stackoverflow.com/q/48466362"", ""48466362"")",0.5276520864756158,"0","1707"
"=HYPERLINK(""https://stackoverflow.com/q/48727530"", ""48727530"")",0.6071779744346113,"1","186"
"=HYPERLINK(""https://stackoverflow.com/q/48757984"", ""48757984"")",0.6295012516849608,"1","630"
"=HYPERLINK(""https://stackoverflow.com/q/49006215"", ""49006215"")",0.6198331437239287,"2","9446"
"=HYPERLINK(""https://stackoverflow.com/q/49192135"", ""49192135"")",0.4391713747645951,"2","65"
"=HYPERLINK(""https://stackoverflow.com/q/49292051"", ""49292051"")",0.271301976823449,"0","21"
"=HYPERLINK(""https://stackoverflow.com/q/49320948"", ""49320948"")",0.7978036175710593,"0","116"
"=HYPERLINK(""https://stackoverflow.com/q/49372027"", ""49372027"")",0.5767928593413358,"1","695"
"=HYPERLINK(""https://stackoverflow.com/q/49379459"", ""49379459"")",0.8986928104575164,"0","389"
"=HYPERLINK(""https://stackoverflow.com/q/49424033"", ""49424033"")",0.6263792661021297,"2","688"
"=HYPERLINK(""https://stackoverflow.com/q/49428459"", ""49428459"")",0.3867791842475387,"2","281"
"=HYPERLINK(""https://stackoverflow.com/q/49488781"", ""49488781"")",0.2878472222222222,"0","922"
"=HYPERLINK(""https://stackoverflow.com/q/49496987"", ""49496987"")",0.5707564241766194,"0","241"
"=HYPERLINK(""https://stackoverflow.com/q/49669653"", ""49669653"")",0.4374396135265698,"1","3450"
"=HYPERLINK(""https://stackoverflow.com/q/49718975"", ""49718975"")",0.3064111339265344,"0","442"
"=HYPERLINK(""https://stackoverflow.com/q/49954489"", ""49954489"")",0.7022222222222221,"0","595"
"=HYPERLINK(""https://stackoverflow.com/q/50042009"", ""50042009"")",0.3387635756056808,"0","269"
"=HYPERLINK(""https://stackoverflow.com/q/50170184"", ""50170184"")",0.6742908397802445,"0","64"
"=HYPERLINK(""https://stackoverflow.com/q/50216642"", ""50216642"")",0.5542832909245121,"1","691"
"=HYPERLINK(""https://stackoverflow.com/q/50247642"", ""50247642"")",0.6191687871077184,"1","1441"
"=HYPERLINK(""https://stackoverflow.com/q/50294109"", ""50294109"")",0.4366800535475232,"0","489"
"=HYPERLINK(""https://stackoverflow.com/q/50322178"", ""50322178"")",0.7661552766155277,"0","1502"
"=HYPERLINK(""https://stackoverflow.com/q/50405394"", ""50405394"")",0.4830917874396137,"1","233"
"=HYPERLINK(""https://stackoverflow.com/q/50415065"", ""50415065"")",0.3532706093189964,"0","5686"
"=HYPERLINK(""https://stackoverflow.com/q/50444796"", ""50444796"")",0.6330917874396137,"4","15386"
"=HYPERLINK(""https://stackoverflow.com/q/50466511"", ""50466511"")",0.4661246612466125,"4","1533"
"=HYPERLINK(""https://stackoverflow.com/q/50487617"", ""50487617"")",0.6181869132688805,"1","737"
"=HYPERLINK(""https://stackoverflow.com/q/50502923"", ""50502923"")",0.3492940454266421,"1","2229"
"=HYPERLINK(""https://stackoverflow.com/q/50593379"", ""50593379"")",0.3630998203746471,"0","337"
"=HYPERLINK(""https://stackoverflow.com/q/50611776"", ""50611776"")",0.4820536828963797,"1","406"
"=HYPERLINK(""https://stackoverflow.com/q/50775621"", ""50775621"")",0.3919054801407742,"2","6307"
"=HYPERLINK(""https://stackoverflow.com/q/50819321"", ""50819321"")",0.4125836680053547,"2","1009"
"=HYPERLINK(""https://stackoverflow.com/q/50930871"", ""50930871"")",0.4263038548752834,"4","9285"
"=HYPERLINK(""https://stackoverflow.com/q/50951757"", ""50951757"")",0.2222222222222222,"0","375"
"=HYPERLINK(""https://stackoverflow.com/q/51069295"", ""51069295"")",0.4546945469454695,"0","657"
"=HYPERLINK(""https://stackoverflow.com/q/51104084"", ""51104084"")",0.8824163969795038,"1","3688"
"=HYPERLINK(""https://stackoverflow.com/q/51133592"", ""51133592"")",0.4845173041894353,"0","611"
"=HYPERLINK(""https://stackoverflow.com/q/51324328"", ""51324328"")",0.3659399502772998,"0","380"
"=HYPERLINK(""https://stackoverflow.com/q/51493460"", ""51493460"")",0.7222222222222225,"1","1423"
"=HYPERLINK(""https://stackoverflow.com/q/51499885"", ""51499885"")",0.4179669030732861,"2","5973"
"=HYPERLINK(""https://stackoverflow.com/q/51523396"", ""51523396"")",0.6789529914529914,"0","146"
"=HYPERLINK(""https://stackoverflow.com/q/51525766"", ""51525766"")",0.6022960229602295,"1","47"
"=HYPERLINK(""https://stackoverflow.com/q/51535030"", ""51535030"")",0.4800535475234268,"0","40"
"=HYPERLINK(""https://stackoverflow.com/q/51580416"", ""51580416"")",0.5237297599106643,"0","2759"
"=HYPERLINK(""https://stackoverflow.com/q/51585568"", ""51585568"")",0.4367550941945405,"0","143"
"=HYPERLINK(""https://stackoverflow.com/q/51666283"", ""51666283"")",0.4856952761144376,"1","1711"
"=HYPERLINK(""https://stackoverflow.com/q/51674308"", ""51674308"")",0.5757936507936507,"0","3753"
"=HYPERLINK(""https://stackoverflow.com/q/51744626"", ""51744626"")",0.8735735735735735,"1","289"
"=HYPERLINK(""https://stackoverflow.com/q/51764889"", ""51764889"")",0.9543650793650794,"1","4202"
"=HYPERLINK(""https://stackoverflow.com/q/51779833"", ""51779833"")",0.906067613698932,"0","456"
"=HYPERLINK(""https://stackoverflow.com/q/51820368"", ""51820368"")",0.3899437412095639,"1","3358"
"=HYPERLINK(""https://stackoverflow.com/q/51875348"", ""51875348"")",0.2830917874396135,"1","664"
"=HYPERLINK(""https://stackoverflow.com/q/51927332"", ""51927332"")",0.8128262490678596,"0","190"
"=HYPERLINK(""https://stackoverflow.com/q/51965385"", ""51965385"")",0.3374295954941114,"0","38"
"=HYPERLINK(""https://stackoverflow.com/q/52205477"", ""52205477"")",0.4563084645220169,"1","230"
"=HYPERLINK(""https://stackoverflow.com/q/52215703"", ""52215703"")",0.3650793650793653,"0","337"
"=HYPERLINK(""https://stackoverflow.com/q/52217414"", ""52217414"")",0.5173441734417342,"0","907"
"=HYPERLINK(""https://stackoverflow.com/q/52224883"", ""52224883"")",0.5192519251925191,"3","731"
"=HYPERLINK(""https://stackoverflow.com/q/52254733"", ""52254733"")",0.7727108215707563,"3","576"
"=HYPERLINK(""https://stackoverflow.com/q/52288990"", ""52288990"")",0.2943376068376069,"1","4820"
"=HYPERLINK(""https://stackoverflow.com/q/52294548"", ""52294548"")",0.6922821024617428,"0","59"
"=HYPERLINK(""https://stackoverflow.com/q/52301516"", ""52301516"")",0.5023778642455684,"1","194"
"=HYPERLINK(""https://stackoverflow.com/q/52325612"", ""52325612"")",0.7708947885939035,"1","446"
"=HYPERLINK(""https://stackoverflow.com/q/52332025"", ""52332025"")",0.5793650793650797,"0","41"
"=HYPERLINK(""https://stackoverflow.com/q/52363765"", ""52363765"")",0.8290924512298556,"1","74"
"=HYPERLINK(""https://stackoverflow.com/q/52406269"", ""52406269"")",0.5329914529914528,"3","2030"
"=HYPERLINK(""https://stackoverflow.com/q/52424944"", ""52424944"")",0.6139272913466463,"0","2354"
"=HYPERLINK(""https://stackoverflow.com/q/52673505"", ""52673505"")",0.3874815708350085,"0","1741"
"=HYPERLINK(""https://stackoverflow.com/q/52711919"", ""52711919"")",0.3642676767676766,"3","166"
"=HYPERLINK(""https://stackoverflow.com/q/52715914"", ""52715914"")",0.4435336976320584,"1","72"
"=HYPERLINK(""https://stackoverflow.com/q/52854298"", ""52854298"")",0.7193541533885703,"1","57"
"=HYPERLINK(""https://stackoverflow.com/q/52894062"", ""52894062"")",0.6722222222222224,"1","97"
"=HYPERLINK(""https://stackoverflow.com/q/53170292"", ""53170292"")",0.4190548014077424,"1","267"
"=HYPERLINK(""https://stackoverflow.com/q/53175144"", ""53175144"")",0.3290770609318996,"1","2244"
"=HYPERLINK(""https://stackoverflow.com/q/53192332"", ""53192332"")",0.7067246692042777,"1","209"
"=HYPERLINK(""https://stackoverflow.com/q/53197839"", ""53197839"")",0.4052119129438716,"1","132"
"=HYPERLINK(""https://stackoverflow.com/q/53208833"", ""53208833"")",0.4785732614831921,"1","88"
"=HYPERLINK(""https://stackoverflow.com/q/53218116"", ""53218116"")",0.5150621256815949,"1","1127"
"=HYPERLINK(""https://stackoverflow.com/q/53260499"", ""53260499"")",0.590079365079365,"1","89"
"=HYPERLINK(""https://stackoverflow.com/q/53286917"", ""53286917"")",0.5005473453749316,"1","6331"
"=HYPERLINK(""https://stackoverflow.com/q/53319236"", ""53319236"")",0.6017716156364337,"1","1153"
"=HYPERLINK(""https://stackoverflow.com/q/53412187"", ""53412187"")",0.3820160366552118,"0","40"
"=HYPERLINK(""https://stackoverflow.com/q/53506323"", ""53506323"")",0.8593413357956293,"0","3265"
"=HYPERLINK(""https://stackoverflow.com/q/53518737"", ""53518737"")",0.5125448028673836,"0","1266"
"=HYPERLINK(""https://stackoverflow.com/q/53526000"", ""53526000"")",0.6655719759168034,"0","3939"
"=HYPERLINK(""https://stackoverflow.com/q/53539159"", ""53539159"")",0.8894757433489828,"0","301"
"=HYPERLINK(""https://stackoverflow.com/q/53580445"", ""53580445"")",0.912487708947886,"1","189"
"=HYPERLINK(""https://stackoverflow.com/q/53586428"", ""53586428"")",0.5459472776545948,"2","3975"
"=HYPERLINK(""https://stackoverflow.com/q/53590054"", ""53590054"")",0.7919896640826873,"0","66"
"=HYPERLINK(""https://stackoverflow.com/q/53604501"", ""53604501"")",0.7805044308111793,"0","247"
"=HYPERLINK(""https://stackoverflow.com/q/53606563"", ""53606563"")",0.8739372618000586,"0","4721"
"=HYPERLINK(""https://stackoverflow.com/q/53644174"", ""53644174"")",0.6933538619450859,"0","352"
"=HYPERLINK(""https://stackoverflow.com/q/53648077"", ""53648077"")",0.6849373273847461,"0","903"
"=HYPERLINK(""https://stackoverflow.com/q/53649899"", ""53649899"")",0.9180205415499532,"1","1774"
"=HYPERLINK(""https://stackoverflow.com/q/53666484"", ""53666484"")",0.603251161128975,"0","1161"
"=HYPERLINK(""https://stackoverflow.com/q/53698558"", ""53698558"")",0.6997308727412538,"0","41"
"=HYPERLINK(""https://stackoverflow.com/q/53708352"", ""53708352"")",0.8683760683760683,"0","49"
"=HYPERLINK(""https://stackoverflow.com/q/53728623"", ""53728623"")",0.81445523193096,"1","464"
"=HYPERLINK(""https://stackoverflow.com/q/53737720"", ""53737720"")",0.8018186347782761,"2","3930"
"=HYPERLINK(""https://stackoverflow.com/q/53739089"", ""53739089"")",0.9330917874396136,"0","52"
"=HYPERLINK(""https://stackoverflow.com/q/53784092"", ""53784092"")",0.8850129198966408,"1","90"
"=HYPERLINK(""https://stackoverflow.com/q/53843335"", ""53843335"")",0.7611918391310729,"1","181"
"=HYPERLINK(""https://stackoverflow.com/q/53843585"", ""53843585"")",0.5540194572452638,"1","2897"
"=HYPERLINK(""https://stackoverflow.com/q/53970869"", ""53970869"")",0.6342825237297597,"1","1852"
"=HYPERLINK(""https://stackoverflow.com/q/54003060"", ""54003060"")",0.2863621639131844,"0","609"
"=HYPERLINK(""https://stackoverflow.com/q/54066925"", ""54066925"")",0.6553104575163399,"0","1349"
"=HYPERLINK(""https://stackoverflow.com/q/54105367"", ""54105367"")",0.8053844398813598,"0","1079"
"=HYPERLINK(""https://stackoverflow.com/q/54143408"", ""54143408"")",0.6597222222222227,"0","2134"
"=HYPERLINK(""https://stackoverflow.com/q/54175015"", ""54175015"")",0.9321458863443596,"0","1068"
"=HYPERLINK(""https://stackoverflow.com/q/54241538"", ""54241538"")",0.55860666158149,"0","881"
"=HYPERLINK(""https://stackoverflow.com/q/54291354"", ""54291354"")",0.2209753394292046,"0","870"
"=HYPERLINK(""https://stackoverflow.com/q/54403490"", ""54403490"")",0.6245401030169241,"0","1757"
"=HYPERLINK(""https://stackoverflow.com/q/54468229"", ""54468229"")",0.8101619207146846,"0","457"
"=HYPERLINK(""https://stackoverflow.com/q/54498758"", ""54498758"")",0.4329454142421723,"0","780"
"=HYPERLINK(""https://stackoverflow.com/q/54678756"", ""54678756"")",0.5598510882016036,"0","73"
"=HYPERLINK(""https://stackoverflow.com/q/54714252"", ""54714252"")",0.2455458373825723,"0","1554"
"=HYPERLINK(""https://stackoverflow.com/q/54751381"", ""54751381"")",0.48049330013044,"3","3908"
"=HYPERLINK(""https://stackoverflow.com/q/54822913"", ""54822913"")",0.607718405428329,"2","715"
"=HYPERLINK(""https://stackoverflow.com/q/54868399"", ""54868399"")",0.3615997594346716,"1","2363"
"=HYPERLINK(""https://stackoverflow.com/q/54902191"", ""54902191"")",0.5698292751189477,"1","923"
"=HYPERLINK(""https://stackoverflow.com/q/55024778"", ""55024778"")",0.7454780361757104,"0","311"
"=HYPERLINK(""https://stackoverflow.com/q/55050411"", ""55050411"")",0.5974887467424781,"1","60"
"=HYPERLINK(""https://stackoverflow.com/q/55164994"", ""55164994"")",0.5529130489492889,"1","161"
"=HYPERLINK(""https://stackoverflow.com/q/55219295"", ""55219295"")",0.7145886344359625,"1","42"
"=HYPERLINK(""https://stackoverflow.com/q/55242183"", ""55242183"")",0.6764206955046648,"0","919"
"=HYPERLINK(""https://stackoverflow.com/q/55244842"", ""55244842"")",0.3388402980239715,"0","72"
"=HYPERLINK(""https://stackoverflow.com/q/55312355"", ""55312355"")",0.5244654335563429,"1","310"
"=HYPERLINK(""https://stackoverflow.com/q/55384701"", ""55384701"")",0.6559571619812586,"0","1037"
"=HYPERLINK(""https://stackoverflow.com/q/55466481"", ""55466481"")",0.4266421117249846,"0","184"
"=HYPERLINK(""https://stackoverflow.com/q/55511963"", ""55511963"")",0.5187046342825236,"0","1232"
"=HYPERLINK(""https://stackoverflow.com/q/55807363"", ""55807363"")",0.731071779744346,"1","90"
"=HYPERLINK(""https://stackoverflow.com/q/55832224"", ""55832224"")",0.4877089478859391,"1","138"
"=HYPERLINK(""https://stackoverflow.com/q/55835107"", ""55835107"")",0.8252372975991066,"2","365"
"=HYPERLINK(""https://stackoverflow.com/q/55866393"", ""55866393"")",0.3036175710594314,"1","473"
"=HYPERLINK(""https://stackoverflow.com/q/55991295"", ""55991295"")",0.2198609471336743,"1","224"
"=HYPERLINK(""https://stackoverflow.com/q/56024475"", ""56024475"")",0.537083683179401,"1","975"
"=HYPERLINK(""https://stackoverflow.com/q/56055688"", ""56055688"")",0.4858060372511241,"0","395"
"=HYPERLINK(""https://stackoverflow.com/q/56074106"", ""56074106"")",0.4982958418541242,"1","47"
"=HYPERLINK(""https://stackoverflow.com/q/56084123"", ""56084123"")",0.4796902165323218,"0","27"
"=HYPERLINK(""https://stackoverflow.com/q/56162698"", ""56162698"")",0.4537658463832962,"0","564"
"=HYPERLINK(""https://stackoverflow.com/q/56164428"", ""56164428"")",0.7222222222222222,"2","112"
"=HYPERLINK(""https://stackoverflow.com/q/56166973"", ""56166973"")",0.536701860231272,"0","3607"
"=HYPERLINK(""https://stackoverflow.com/q/56180340"", ""56180340"")",0.7099271402550088,"0","92"
"=HYPERLINK(""https://stackoverflow.com/q/56229332"", ""56229332"")",0.9235796882855708,"0","2743"
"=HYPERLINK(""https://stackoverflow.com/q/56229929"", ""56229929"")",0.4683760683760684,"0","48"
"=HYPERLINK(""https://stackoverflow.com/q/56380897"", ""56380897"")",0.4438438438438437,"0","341"
"=HYPERLINK(""https://stackoverflow.com/q/56393654"", ""56393654"")",0.3599227569815805,"0","402"
"=HYPERLINK(""https://stackoverflow.com/q/56394710"", ""56394710"")",0.843701095461659,"1","302"
"=HYPERLINK(""https://stackoverflow.com/q/56596515"", ""56596515"")",0.6161128974633799,"2","1704"
"=HYPERLINK(""https://stackoverflow.com/q/56625748"", ""56625748"")",0.595195195195195,"0","38"
"=HYPERLINK(""https://stackoverflow.com/q/56654096"", ""56654096"")",0.5468551749139027,"0","611"
"=HYPERLINK(""https://stackoverflow.com/q/56659832"", ""56659832"")",0.6022222222222222,"1","4191"
"=HYPERLINK(""https://stackoverflow.com/q/56679749"", ""56679749"")",0.3604474781949182,"1","291"
"=HYPERLINK(""https://stackoverflow.com/q/56794171"", ""56794171"")",0.8615664845173041,"0","108"
"=HYPERLINK(""https://stackoverflow.com/q/56797769"", ""56797769"")",0.3476767676767675,"0","103"
"=HYPERLINK(""https://stackoverflow.com/q/56815027"", ""56815027"")",0.5521297247915955,"1","86"
"=HYPERLINK(""https://stackoverflow.com/q/56830039"", ""56830039"")",0.7425174251742517,"0","3252"
"=HYPERLINK(""https://stackoverflow.com/q/56941817"", ""56941817"")",0.5664611980401454,"0","1331"
"=HYPERLINK(""https://stackoverflow.com/q/57151076"", ""57151076"")",0.4288090485695275,"0","1233"
"=HYPERLINK(""https://stackoverflow.com/q/57201832"", ""57201832"")",0.5986524281718791,"0","2040"
"=HYPERLINK(""https://stackoverflow.com/q/57216381"", ""57216381"")",0.7524235645041013,"1","956"
"=HYPERLINK(""https://stackoverflow.com/q/57293526"", ""57293526"")",0.8185858585858585,"0","744"
"=HYPERLINK(""https://stackoverflow.com/q/57306224"", ""57306224"")",0.3715728715728715,"1","495"
"=HYPERLINK(""https://stackoverflow.com/q/57519657"", ""57519657"")",0.5243498817966904,"0","692"
"=HYPERLINK(""https://stackoverflow.com/q/57563207"", ""57563207"")",0.6420472951085194,"1","227"
"=HYPERLINK(""https://stackoverflow.com/q/57574048"", ""57574048"")",0.4410672070246539,"0","394"
"=HYPERLINK(""https://stackoverflow.com/q/57580329"", ""57580329"")",0.7311944897589271,"0","39"
"=HYPERLINK(""https://stackoverflow.com/q/57599780"", ""57599780"")",0.6285546760480798,"0","93"
"=HYPERLINK(""https://stackoverflow.com/q/57713713"", ""57713713"")",0.8820160366552119,"2","273"
"=HYPERLINK(""https://stackoverflow.com/q/57731105"", ""57731105"")",0.4902634593356241,"0","300"
"=HYPERLINK(""https://stackoverflow.com/q/57750105"", ""57750105"")",0.6584514273978228,"0","302"
"=HYPERLINK(""https://stackoverflow.com/q/57794087"", ""57794087"")",0.8303682896379526,"0","244"
"=HYPERLINK(""https://stackoverflow.com/q/57794437"", ""57794437"")",0.7756573367260389,"0","84"
"=HYPERLINK(""https://stackoverflow.com/q/57811097"", ""57811097"")",0.7261800058633833,"0","277"
"=HYPERLINK(""https://stackoverflow.com/q/57825022"", ""57825022"")",0.3947885939036383,"0","50"
"=HYPERLINK(""https://stackoverflow.com/q/57887686"", ""57887686"")",0.7528344671201814,"0","249"
"=HYPERLINK(""https://stackoverflow.com/q/57910501"", ""57910501"")",0.4079698857736241,"1","277"
"=HYPERLINK(""https://stackoverflow.com/q/57978754"", ""57978754"")",0.8783487044356608,"0","48"
"=HYPERLINK(""https://stackoverflow.com/q/58031244"", ""58031244"")",0.741559238796808,"0","33"
"=HYPERLINK(""https://stackoverflow.com/q/58094733"", ""58094733"")",0.3959064327485381,"0","308"
"=HYPERLINK(""https://stackoverflow.com/q/58137679"", ""58137679"")",0.4178743961352657,"0","62"
"=HYPERLINK(""https://stackoverflow.com/q/58205324"", ""58205324"")",0.6273669167559847,"1","125"
"=HYPERLINK(""https://stackoverflow.com/q/58222198"", ""58222198"")",0.6089217296113847,"1","1423"
"=HYPERLINK(""https://stackoverflow.com/q/58293197"", ""58293197"")",0.599106644332775,"0","2685"
"=HYPERLINK(""https://stackoverflow.com/q/58296033"", ""58296033"")",0.7575950711705971,"0","66"
"=HYPERLINK(""https://stackoverflow.com/q/58307208"", ""58307208"")",0.491216062057951,"0","828"
"=HYPERLINK(""https://stackoverflow.com/q/58337924"", ""58337924"")",0.7299541809851088,"0","884"
"=HYPERLINK(""https://stackoverflow.com/q/58344741"", ""58344741"")",0.5838936919628565,"0","30"
"=HYPERLINK(""https://stackoverflow.com/q/58384037"", ""58384037"")",0.6329365079365078,"0","49"
"=HYPERLINK(""https://stackoverflow.com/q/58422656"", ""58422656"")",0.3817552961521832,"0","38"
"=HYPERLINK(""https://stackoverflow.com/q/58513040"", ""58513040"")",0.3937703393770337,"0","122"
"=HYPERLINK(""https://stackoverflow.com/q/58513216"", ""58513216"")",0.4869281045751633,"0","978"
"=HYPERLINK(""https://stackoverflow.com/q/58530732"", ""58530732"")",0.5287409462166747,"0","560"
"=HYPERLINK(""https://stackoverflow.com/q/58572685"", ""58572685"")",0.5402945113788488,"0","646"
"=HYPERLINK(""https://stackoverflow.com/q/58573319"", ""58573319"")",0.795335429769392,"0","187"
"=HYPERLINK(""https://stackoverflow.com/q/58598442"", ""58598442"")",0.4630882574049017,"0","248"
"=HYPERLINK(""https://stackoverflow.com/q/58701030"", ""58701030"")",0.4352657004830917,"0","1340"
"=HYPERLINK(""https://stackoverflow.com/q/58711935"", ""58711935"")",0.9245122985581,"0","2985"
"=HYPERLINK(""https://stackoverflow.com/q/58712877"", ""58712877"")",0.4817377931564782,"0","95"
"=HYPERLINK(""https://stackoverflow.com/q/58819021"", ""58819021"")",0.5521970333053454,"0","31"
"=HYPERLINK(""https://stackoverflow.com/q/58861074"", ""58861074"")",0.5770609318996416,"0","221"
"=HYPERLINK(""https://stackoverflow.com/q/59046675"", ""59046675"")",0.545992714025501,"0","277"
"=HYPERLINK(""https://stackoverflow.com/q/59053329"", ""59053329"")",0.890643274853801,"0","44"
"=HYPERLINK(""https://stackoverflow.com/q/59158534"", ""59158534"")",0.548045445792413,"0","334"
"=HYPERLINK(""https://stackoverflow.com/q/59189512"", ""59189512"")",0.6584638329604773,"0","3329"
"=HYPERLINK(""https://stackoverflow.com/q/59196780"", ""59196780"")",0.3353887075323418,"0","72"
"=HYPERLINK(""https://stackoverflow.com/q/59212486"", ""59212486"")",0.647479954180985,"2","8911"
"=HYPERLINK(""https://stackoverflow.com/q/59249246"", ""59249246"")",0.5316144874155925,"0","234"
"=HYPERLINK(""https://stackoverflow.com/q/59271914"", ""59271914"")",0.414114114114114,"0","51"
"=HYPERLINK(""https://stackoverflow.com/q/59285415"", ""59285415"")",0.5831847890671421,"0","175"
"=HYPERLINK(""https://stackoverflow.com/q/59326669"", ""59326669"")",0.467505241090147,"4","967"
"=HYPERLINK(""https://stackoverflow.com/q/59394560"", ""59394560"")",0.5633736081497275,"0","2126"
"=HYPERLINK(""https://stackoverflow.com/q/59404027"", ""59404027"")",0.5546760480797422,"0","1079"
"=HYPERLINK(""https://stackoverflow.com/q/59405701"", ""59405701"")",0.7720377203772038,"0","780"
"=HYPERLINK(""https://stackoverflow.com/q/59425853"", ""59425853"")",0.4795512124502352,"0","1951"
"=HYPERLINK(""https://stackoverflow.com/q/59505728"", ""59505728"")",0.508476951099902,"1","28"
"=HYPERLINK(""https://stackoverflow.com/q/59557099"", ""59557099"")",0.4011994949494947,"0","2707"
"=HYPERLINK(""https://stackoverflow.com/q/59565239"", ""59565239"")",0.3582054858205482,"0","119"
"=HYPERLINK(""https://stackoverflow.com/q/59638262"", ""59638262"")",0.8507936507936508,"0","54"
"=HYPERLINK(""https://stackoverflow.com/q/59672640"", ""59672640"")",0.8868376068376068,"0","1323"
"=HYPERLINK(""https://stackoverflow.com/q/59683644"", ""59683644"")",0.8715728715728716,"0","136"
"=HYPERLINK(""https://stackoverflow.com/q/59709217"", ""59709217"")",0.5456264775413712,"0","32"
"=HYPERLINK(""https://stackoverflow.com/q/59759473"", ""59759473"")",0.7701264138389886,"0","1016"
"=HYPERLINK(""https://stackoverflow.com/q/59776920"", ""59776920"")",0.3214588634435964,"0","110"
"=HYPERLINK(""https://stackoverflow.com/q/59959076"", ""59959076"")",0.4120956399437412,"0","84"
"=HYPERLINK(""https://stackoverflow.com/q/59966739"", ""59966739"")",0.4263038548752834,"0","145"
"=HYPERLINK(""https://stackoverflow.com/q/60033096"", ""60033096"")",0.3900074571215512,"0","53"
"=HYPERLINK(""https://stackoverflow.com/q/60115832"", ""60115832"")",0.5192933519293351,"0","587"
"=HYPERLINK(""https://stackoverflow.com/q/60168463"", ""60168463"")",0.5153256704980843,"0","107"
"=HYPERLINK(""https://stackoverflow.com/q/60177666"", ""60177666"")",0.5363176717227772,"0","91"
"=HYPERLINK(""https://stackoverflow.com/q/60209158"", ""60209158"")",0.3881796690307328,"1","2751"
"=HYPERLINK(""https://stackoverflow.com/q/60264611"", ""60264611"")",0.7013344937626923,"1","38"
"=HYPERLINK(""https://stackoverflow.com/q/60269505"", ""60269505"")",0.7325772518080209,"0","767"
"=HYPERLINK(""https://stackoverflow.com/q/60272262"", ""60272262"")",0.452991452991453,"0","49"
"=HYPERLINK(""https://stackoverflow.com/q/60284599"", ""60284599"")",0.5882016036655212,"0","813"
"=HYPERLINK(""https://stackoverflow.com/q/60310744"", ""60310744"")",0.4621022821922373,"0","38"
"=HYPERLINK(""https://stackoverflow.com/q/60323334"", ""60323334"")",0.7253867791842477,"0","33"
"=HYPERLINK(""https://stackoverflow.com/q/60532175"", ""60532175"")",0.5124596892406922,"1","341"
"=HYPERLINK(""https://stackoverflow.com/q/60727567"", ""60727567"")",0.6952761144377907,"0","174"
"=HYPERLINK(""https://stackoverflow.com/q/60780585"", ""60780585"")",0.5604575163398693,"0","49"
"=HYPERLINK(""https://stackoverflow.com/q/60783546"", ""60783546"")",0.401954535797748,"2","115"
"=HYPERLINK(""https://stackoverflow.com/q/60811100"", ""60811100"")",0.8543650793650794,"0","23"
"=HYPERLINK(""https://stackoverflow.com/q/60825886"", ""60825886"")",0.7524235645041013,"1","155"
"=HYPERLINK(""https://stackoverflow.com/q/60972901"", ""60972901"")",0.4809178743961351,"0","153"
"=HYPERLINK(""https://stackoverflow.com/q/61123415"", ""61123415"")",0.6128039396737458,"0","1984"
"=HYPERLINK(""https://stackoverflow.com/q/61217110"", ""61217110"")",0.3498817966903074,"0","1637"
"=HYPERLINK(""https://stackoverflow.com/q/61243735"", ""61243735"")",0.3526570048309174,"1","40"
"=HYPERLINK(""https://stackoverflow.com/q/61331112"", ""61331112"")",0.9347970725216234,"0","1611"
"=HYPERLINK(""https://stackoverflow.com/q/61377118"", ""61377118"")",0.7374576792859342,"0","149"
"=HYPERLINK(""https://stackoverflow.com/q/61405883"", ""61405883"")",0.5657336726039015,"0","112"
"=HYPERLINK(""https://stackoverflow.com/q/61459809"", ""61459809"")",0.4783798576902024,"0","882"
"=HYPERLINK(""https://stackoverflow.com/q/61529375"", ""61529375"")",0.4707881878053963,"1","254"
"=HYPERLINK(""https://stackoverflow.com/q/61670491"", ""61670491"")",0.4349663126641545,"0","67"
"=HYPERLINK(""https://stackoverflow.com/q/61685582"", ""61685582"")",0.8903073286052008,"0","692"
"=HYPERLINK(""https://stackoverflow.com/q/61723326"", ""61723326"")",0.5165770609318995,"0","31"
"=HYPERLINK(""https://stackoverflow.com/q/61742910"", ""61742910"")",0.3373401140391432,"1","160"
"=HYPERLINK(""https://stackoverflow.com/q/61840842"", ""61840842"")",0.3179784790230927,"1","514"
"=HYPERLINK(""https://stackoverflow.com/q/61915796"", ""61915796"")",0.2559842801000357,"0","97"
"=HYPERLINK(""https://stackoverflow.com/q/61936613"", ""61936613"")",0.6307588075880759,"0","107"
"=HYPERLINK(""https://stackoverflow.com/q/62077982"", ""62077982"")",0.6803060545575516,"1","114"
"=HYPERLINK(""https://stackoverflow.com/q/62101239"", ""62101239"")",0.3925192519251922,"0","361"
"=HYPERLINK(""https://stackoverflow.com/q/62103461"", ""62103461"")",0.3143881208397337,"2","218"
"=HYPERLINK(""https://stackoverflow.com/q/62185837"", ""62185837"")",0.4886892880904854,"0","89"
"=HYPERLINK(""https://stackoverflow.com/q/62188508"", ""62188508"")",0.4622222222222221,"0","43"
"=HYPERLINK(""https://stackoverflow.com/q/62198142"", ""62198142"")",0.6937550689375507,"1","692"
"=HYPERLINK(""https://stackoverflow.com/q/62201553"", ""62201553"")",0.5538548752834468,"0","400"
"=HYPERLINK(""https://stackoverflow.com/q/62208541"", ""62208541"")",0.3943533697632058,"1","728"
"=HYPERLINK(""https://stackoverflow.com/q/62210139"", ""62210139"")",0.5744949494949494,"0","680"
"=HYPERLINK(""https://stackoverflow.com/q/62217334"", ""62217334"")",0.4887696283045122,"0","18"
"=HYPERLINK(""https://stackoverflow.com/q/62251268"", ""62251268"")",0.5659722222222222,"1","1407"
"=HYPERLINK(""https://stackoverflow.com/q/62270421"", ""62270421"")",0.5327485380116956,"0","14"
"=HYPERLINK(""https://stackoverflow.com/q/62291452"", ""62291452"")",0.6884267282880804,"1","1006"
"=HYPERLINK(""https://stackoverflow.com/q/62292257"", ""62292257"")",0.3726781492738941,"0","78"
"=HYPERLINK(""https://stackoverflow.com/q/62349585"", ""62349585"")",0.6548064918851435,"0","156"
"=HYPERLINK(""https://stackoverflow.com/q/62445867"", ""62445867"")",0.4133579562942444,"0","1896"
"=HYPERLINK(""https://stackoverflow.com/q/62462054"", ""62462054"")",0.899746652189649,"0","54"
"=HYPERLINK(""https://stackoverflow.com/q/62525019"", ""62525019"")",0.5739810161920714,"1","375"
"=HYPERLINK(""https://stackoverflow.com/q/62530750"", ""62530750"")",0.7425174251742517,"0","60"
"=HYPERLINK(""https://stackoverflow.com/q/62639654"", ""62639654"")",0.4740841044158579,"0","453"
"=HYPERLINK(""https://stackoverflow.com/q/62732143"", ""62732143"")",0.5035727045373348,"0","8"
"=HYPERLINK(""https://stackoverflow.com/q/62733910"", ""62733910"")",0.4606695420004108,"1","22"
"=HYPERLINK(""https://stackoverflow.com/q/62757365"", ""62757365"")",0.557161981258367,"1","138"
"=HYPERLINK(""https://stackoverflow.com/q/62774399"", ""62774399"")",0.7443897099069512,"0","29"
"=HYPERLINK(""https://stackoverflow.com/q/62775245"", ""62775245"")",0.8645396025748671,"1","299"
"=HYPERLINK(""https://stackoverflow.com/q/62806326"", ""62806326"")",0.3677918424753867,"0","800"
"=HYPERLINK(""https://stackoverflow.com/q/62879330"", ""62879330"")",0.6396750524109015,"0","27"
"=HYPERLINK(""https://stackoverflow.com/q/62985948"", ""62985948"")",0.5696798493408666,"0","21"
"=HYPERLINK(""https://stackoverflow.com/q/63009020"", ""63009020"")",0.773278560250391,"0","124"
"=HYPERLINK(""https://stackoverflow.com/q/63049953"", ""63049953"")",0.4214656017934708,"1","647"
"=HYPERLINK(""https://stackoverflow.com/q/63059968"", ""63059968"")",0.7350935093509352,"0","1241"
"=HYPERLINK(""https://stackoverflow.com/q/63114660"", ""63114660"")",0.774547803617571,"0","1408"
"=HYPERLINK(""https://stackoverflow.com/q/63133608"", ""63133608"")",0.3933452168746286,"0","31"
"=HYPERLINK(""https://stackoverflow.com/q/63157034"", ""63157034"")",0.4175574991901522,"0","34"
"=HYPERLINK(""https://stackoverflow.com/q/63189606"", ""63189606"")",0.7794177941779415,"0","50"
"=HYPERLINK(""https://stackoverflow.com/q/63195877"", ""63195877"")",0.8455798864557987,"0","1232"
"=HYPERLINK(""https://stackoverflow.com/q/63218368"", ""63218368"")",0.5467255334805003,"0","99"
"=HYPERLINK(""https://stackoverflow.com/q/63233193"", ""63233193"")",0.4683760683760684,"0","47"
"=HYPERLINK(""https://stackoverflow.com/q/63256585"", ""63256585"")",0.7215109846688793,"0","30"
"=HYPERLINK(""https://stackoverflow.com/q/63273669"", ""63273669"")",0.3884272083718067,"0","157"
"=HYPERLINK(""https://stackoverflow.com/q/63283770"", ""63283770"")",0.3361462728551337,"0","39"
"=HYPERLINK(""https://stackoverflow.com/q/63298589"", ""63298589"")",0.6418363701321903,"0","398"
"=HYPERLINK(""https://stackoverflow.com/q/63304679"", ""63304679"")",0.3818313427433949,"1","154"
"=HYPERLINK(""https://stackoverflow.com/q/63338275"", ""63338275"")",0.4257620452310719,"0","41"
"=HYPERLINK(""https://stackoverflow.com/q/63346605"", ""63346605"")",0.4435962680237489,"0","34"
"=HYPERLINK(""https://stackoverflow.com/q/63362815"", ""63362815"")",0.7545868193160135,"0","43"
"=HYPERLINK(""https://stackoverflow.com/q/63415150"", ""63415150"")",0.4727355692448093,"0","135"
"=HYPERLINK(""https://stackoverflow.com/q/63416582"", ""63416582"")",0.5141141141141141,"0","159"
"=HYPERLINK(""https://stackoverflow.com/q/63473250"", ""63473250"")",0.7174421074994689,"0","338"
"=HYPERLINK(""https://stackoverflow.com/q/63625706"", ""63625706"")",0.6053547523427041,"0","2731"
"=HYPERLINK(""https://stackoverflow.com/q/63696247"", ""63696247"")",0.5313825275657337,"0","30"
"=HYPERLINK(""https://stackoverflow.com/q/63704200"", ""63704200"")",0.5304262133530427,"1","146"
"=HYPERLINK(""https://stackoverflow.com/q/63716910"", ""63716910"")",0.5686425455478572,"1","72"
"=HYPERLINK(""https://stackoverflow.com/q/63801770"", ""63801770"")",0.3273847461227959,"0","15"
"=HYPERLINK(""https://stackoverflow.com/q/63804297"", ""63804297"")",0.3782372598162071,"0","62"
"=HYPERLINK(""https://stackoverflow.com/q/63816330"", ""63816330"")",0.5947054436987322,"0","701"
"=HYPERLINK(""https://stackoverflow.com/q/63824787"", ""63824787"")",0.4722222222222221,"0","29"
"=HYPERLINK(""https://stackoverflow.com/q/63825009"", ""63825009"")",0.8316405047706988,"0","23"
"=HYPERLINK(""https://stackoverflow.com/q/63829175"", ""63829175"")",0.6589220799747114,"0","383"
"=HYPERLINK(""https://stackoverflow.com/q/63830684"", ""63830684"")",0.5255009107468124,"0","111"
"=HYPERLINK(""https://stackoverflow.com/q/63848121"", ""63848121"")",0.4263403959017209,"0","147"
"=HYPERLINK(""https://stackoverflow.com/q/63914860"", ""63914860"")",0.4558356676003734,"0","73"
"=HYPERLINK(""https://stackoverflow.com/q/63952288"", ""63952288"")",0.5456264775413712,"0","47"
"=HYPERLINK(""https://stackoverflow.com/q/63984559"", ""63984559"")",0.6365985435752879,"0","250"
"=HYPERLINK(""https://stackoverflow.com/q/63987431"", ""63987431"")",0.6339869281045751,"1","30"
"=HYPERLINK(""https://stackoverflow.com/q/64019819"", ""64019819"")",0.5337800111669457,"1","187"
"=HYPERLINK(""https://stackoverflow.com/q/64031518"", ""64031518"")",0.6897341081176265,"0","88"
"=HYPERLINK(""https://stackoverflow.com/q/64041773"", ""64041773"")",0.4906785980611483,"0","45"
"=HYPERLINK(""https://stackoverflow.com/q/64052999"", ""64052999"")",0.5478036175710594,"0","26"
"=HYPERLINK(""https://stackoverflow.com/q/64102143"", ""64102143"")",0.6423253150057272,"1","267"
"=HYPERLINK(""https://stackoverflow.com/q/64115132"", ""64115132"")",0.7791842475386779,"0","27"
"=HYPERLINK(""https://stackoverflow.com/q/64124814"", ""64124814"")",0.789042498719918,"1","49"
"=HYPERLINK(""https://stackoverflow.com/q/64126431"", ""64126431"")",0.458815282159131,"2","549"
"=HYPERLINK(""https://stackoverflow.com/q/64137137"", ""64137137"")",0.6196163590300396,"0","110"
"=HYPERLINK(""https://stackoverflow.com/q/64214279"", ""64214279"")",0.6452991452991453,"0","575"
"=HYPERLINK(""https://stackoverflow.com/q/64247785"", ""64247785"")",0.5954000647878197,"1","49"
"=HYPERLINK(""https://stackoverflow.com/q/64280845"", ""64280845"")",0.5748712288447387,"0","100"
"=HYPERLINK(""https://stackoverflow.com/q/64342283"", ""64342283"")",0.5114114114114114,"0","69"
"=HYPERLINK(""https://stackoverflow.com/q/64355847"", ""64355847"")",0.6050238865772849,"0","23"
"=HYPERLINK(""https://stackoverflow.com/q/64376416"", ""64376416"")",0.4918996415770609,"0","37"
"=HYPERLINK(""https://stackoverflow.com/q/64424339"", ""64424339"")",0.6102488297610248,"0","121"
"=HYPERLINK(""https://stackoverflow.com/q/64427144"", ""64427144"")",0.3298171589310831,"2","1981"
"=HYPERLINK(""https://stackoverflow.com/q/64449203"", ""64449203"")",0.6604040404040402,"1","91"
"=HYPERLINK(""https://stackoverflow.com/q/64450054"", ""64450054"")",0.5297852474323062,"0","169"
"=HYPERLINK(""https://stackoverflow.com/q/64474552"", ""64474552"")",0.7989093387866395,"0","40"
"=HYPERLINK(""https://stackoverflow.com/q/64480634"", ""64480634"")",0.5181531716673516,"0","60"
"=HYPERLINK(""https://stackoverflow.com/q/64486009"", ""64486009"")",0.7200483091787441,"0","24"
"=HYPERLINK(""https://stackoverflow.com/q/64497638"", ""64497638"")",0.7174860923169449,"1","49"
"=HYPERLINK(""https://stackoverflow.com/q/64545107"", ""64545107"")",0.7303655446977924,"1","55"
"=HYPERLINK(""https://stackoverflow.com/q/64548464"", ""64548464"")",0.2341982701264137,"0","24"
"=HYPERLINK(""https://stackoverflow.com/q/64568718"", ""64568718"")",0.4588075880758807,"0","99"
"=HYPERLINK(""https://stackoverflow.com/q/64570096"", ""64570096"")",0.3152454780361758,"0","16"
"=HYPERLINK(""https://stackoverflow.com/q/64580098"", ""64580098"")",0.7374396135265702,"0","711"
"=HYPERLINK(""https://stackoverflow.com/q/64582586"", ""64582586"")",0.4119455423803248,"0","18"
"=HYPERLINK(""https://stackoverflow.com/q/64585945"", ""64585945"")",0.3685636856368562,"2","99"
"=HYPERLINK(""https://stackoverflow.com/q/64589437"", ""64589437"")",0.7443996415770611,"0","36"
"=HYPERLINK(""https://stackoverflow.com/q/64590789"", ""64590789"")",0.8757655293088364,"0","29"
"=HYPERLINK(""https://stackoverflow.com/q/64593673"", ""64593673"")",0.8000910746812389,"0","97"
"=HYPERLINK(""https://stackoverflow.com/q/64594284"", ""64594284"")",0.318030605455755,"0","15"
"=HYPERLINK(""https://stackoverflow.com/q/64604505"", ""64604505"")",0.6945626477541371,"0","107"
"=HYPERLINK(""https://stackoverflow.com/q/64652910"", ""64652910"")",0.7335572348166806,"2","120"
"=HYPERLINK(""https://stackoverflow.com/q/64680047"", ""64680047"")",0.8711829612522454,"0","13"
"=HYPERLINK(""https://stackoverflow.com/q/64754424"", ""64754424"")",0.3331597222222223,"0","22"
"=HYPERLINK(""https://stackoverflow.com/q/64755115"", ""64755115"")",0.4325543255432555,"0","18"
"=HYPERLINK(""https://stackoverflow.com/q/64760456"", ""64760456"")",0.7079793436615025,"1","85"
"=HYPERLINK(""https://stackoverflow.com/q/64809026"", ""64809026"")",0.6477541371158392,"0","79"
"=HYPERLINK(""https://stackoverflow.com/q/64928278"", ""64928278"")",0.7354672553348051,"0","222"
"=HYPERLINK(""https://stackoverflow.com/q/64939335"", ""64939335"")",0.3693437574034587,"0","38"
"=HYPERLINK(""https://stackoverflow.com/q/64963281"", ""64963281"")",0.7521623419827012,"0","153"
"=HYPERLINK(""https://stackoverflow.com/q/64978123"", ""64978123"")",0.5897786903947068,"0","33"
"=HYPERLINK(""https://stackoverflow.com/q/64981013"", ""64981013"")",0.7243142724314272,"0","23"
"=HYPERLINK(""https://stackoverflow.com/q/64995671"", ""64995671"")",0.3637136180157214,"0","21"
"=HYPERLINK(""https://stackoverflow.com/q/65013736"", ""65013736"")",0.8061975689094332,"0","32"
"=HYPERLINK(""https://stackoverflow.com/q/65077273"", ""65077273"")",0.3826317785362151,"0","24"
"=HYPERLINK(""https://stackoverflow.com/q/65129577"", ""65129577"")",0.8023748939779473,"0","29"
"=HYPERLINK(""https://stackoverflow.com/q/65290484"", ""65290484"")",0.5920852359208523,"0","223"
"=HYPERLINK(""https://stackoverflow.com/q/65327534"", ""65327534"")",0.5521970333053456,"1","408"
"=HYPERLINK(""https://stackoverflow.com/q/65355600"", ""65355600"")",0.8798576902025178,"0","33"
"=HYPERLINK(""https://stackoverflow.com/q/65384244"", ""65384244"")",0.4025500910746813,"2","141"
"=HYPERLINK(""https://stackoverflow.com/q/65454205"", ""65454205"")",0.6027531956735499,"0","37"
"=HYPERLINK(""https://stackoverflow.com/q/65488711"", ""65488711"")",0.5693061482535167,"0","26"
"=HYPERLINK(""https://stackoverflow.com/q/65511391"", ""65511391"")",0.5006653359946771,"0","46"
"=HYPERLINK(""https://stackoverflow.com/q/65534281"", ""65534281"")",0.4645691609977322,"0","136"
"=HYPERLINK(""https://stackoverflow.com/q/65560670"", ""65560670"")",0.3863443596268023,"0","1549"
"=HYPERLINK(""https://stackoverflow.com/q/65686866"", ""65686866"")",0.6020299145299146,"0","57"
"=HYPERLINK(""https://stackoverflow.com/q/65688431"", ""65688431"")",0.4896640826873388,"0","38"
"=HYPERLINK(""https://stackoverflow.com/q/65690042"", ""65690042"")",0.5267335004177112,"0","29"
"=HYPERLINK(""https://stackoverflow.com/q/65737263"", ""65737263"")",0.5708708708708707,"0","550"
"=HYPERLINK(""https://stackoverflow.com/q/65738153"", ""65738153"")",0.6954895489548953,"0","14"
"=HYPERLINK(""https://stackoverflow.com/q/65794799"", ""65794799"")",0.3576689081011847,"0","127"
"=HYPERLINK(""https://stackoverflow.com/q/65854450"", ""65854450"")",0.782775855440215,"0","521"
"=HYPERLINK(""https://stackoverflow.com/q/65892912"", ""65892912"")",0.6732860520094562,"0","40"
"=HYPERLINK(""https://stackoverflow.com/q/65919975"", ""65919975"")",0.6148319219912753,"0","211"
"=HYPERLINK(""https://stackoverflow.com/q/65946543"", ""65946543"")",0.6706597222222223,"1","32"
"=HYPERLINK(""https://stackoverflow.com/q/66017246"", ""66017246"")",0.7951951951951951,"0","20"
"=HYPERLINK(""https://stackoverflow.com/q/66020232"", ""66020232"")",0.2390896921017403,"0","26"
"=HYPERLINK(""https://stackoverflow.com/q/66140100"", ""66140100"")",0.478978978978979,"0","17"
"=HYPERLINK(""https://stackoverflow.com/q/66174372"", ""66174372"")",0.407889974665219,"0","9"
"=HYPERLINK(""https://stackoverflow.com/q/66250970"", ""66250970"")",0.5213911972914743,"1","170"
"=HYPERLINK(""https://stackoverflow.com/q/66256371"", ""66256371"")",0.3809048569527611,"2","10"
"=HYPERLINK(""https://stackoverflow.com/q/66263336"", ""66263336"")",0.8202493492259214,"0","158"
"=HYPERLINK(""https://stackoverflow.com/q/66273737"", ""66273737"")",0.6886945254292192,"0","34"
"=HYPERLINK(""https://stackoverflow.com/q/66284479"", ""66284479"")",0.5615887380593262,"0","15"
"=HYPERLINK(""https://stackoverflow.com/q/66326866"", ""66326866"")",0.8133552271483304,"0","87"
"=HYPERLINK(""https://stackoverflow.com/q/66356371"", ""66356371"")",0.5142287475077035,"0","9"
"=HYPERLINK(""https://stackoverflow.com/q/66356523"", ""66356523"")",0.7526570048309179,"0","11"
"=HYPERLINK(""https://stackoverflow.com/q/66360293"", ""66360293"")",0.5583149374540103,"0","243"
"=HYPERLINK(""https://stackoverflow.com/q/66380658"", ""66380658"")",0.4768347683476835,"0","33"
"=HYPERLINK(""https://stackoverflow.com/q/66381902"", ""66381902"")",0.5199321458863442,"0","13"
"=HYPERLINK(""https://stackoverflow.com/q/66449213"", ""66449213"")",0.3396718866517525,"0","17"
"=HYPERLINK(""https://stackoverflow.com/q/66467853"", ""66467853"")",0.7644962747003563,"1","21"
"=HYPERLINK(""https://stackoverflow.com/q/66477191"", ""66477191"")",0.6622222222222219,"1","17"
"=HYPERLINK(""https://stackoverflow.com/q/66478984"", ""66478984"")",0.5924753867791844,"0","292"
"=HYPERLINK(""https://stackoverflow.com/q/66485627"", ""66485627"")",0.2075243452488961,"0","103"
"=HYPERLINK(""https://stackoverflow.com/q/66492254"", ""66492254"")",0.5093509350935093,"1","43"
"=HYPERLINK(""https://stackoverflow.com/q/66562502"", ""66562502"")",0.4168330006653359,"0","26"
"=HYPERLINK(""https://stackoverflow.com/q/66595923"", ""66595923"")",0.6846728151075976,"0","38"
"=HYPERLINK(""https://stackoverflow.com/q/66597000"", ""66597000"")",0.8118448637316561,"0","11"
"=HYPERLINK(""https://stackoverflow.com/q/66638488"", ""66638488"")",0.8233895373973195,"0","27"
"=HYPERLINK(""https://stackoverflow.com/q/66674912"", ""66674912"")",0.863020448386302,"0","24"
"=HYPERLINK(""https://stackoverflow.com/q/66680843"", ""66680843"")",0.3365079365079365,"0","37"
"=HYPERLINK(""https://stackoverflow.com/q/66764858"", ""66764858"")",0.6410963944076528,"0","19"
"=HYPERLINK(""https://stackoverflow.com/q/66795717"", ""66795717"")",0.8135683760683761,"0","24"
"=HYPERLINK(""https://stackoverflow.com/q/66948779"", ""66948779"")",0.3134274339486066,"0","17"
"=HYPERLINK(""https://stackoverflow.com/q/66951726"", ""66951726"")",0.3575402195158623,"0","23"
"=HYPERLINK(""https://stackoverflow.com/q/66964793"", ""66964793"")",0.4179669030732862,"0","15"
"=HYPERLINK(""https://stackoverflow.com/q/67003368"", ""67003368"")",0.8273358585858587,"0","10"
"=HYPERLINK(""https://stackoverflow.com/q/67010740"", ""67010740"")",0.4514413657990483,"0","21"
"=HYPERLINK(""https://stackoverflow.com/q/67018059"", ""67018059"")",0.7006616472735573,"0","14"
"=HYPERLINK(""https://stackoverflow.com/q/67052251"", ""67052251"")",0.5803838703997184,"1","25"
"=HYPERLINK(""https://stackoverflow.com/q/67162240"", ""67162240"")",0.3024109014675052,"0","20"
"=HYPERLINK(""https://stackoverflow.com/q/67175926"", ""67175926"")",0.7505727376861396,"0","49"
"=HYPERLINK(""https://stackoverflow.com/q/67177447"", ""67177447"")",0.4533470296182162,"0","36"
"=HYPERLINK(""https://stackoverflow.com/q/67230852"", ""67230852"")",0.6525500910746813,"0","8"
"=HYPERLINK(""https://stackoverflow.com/q/67233023"", ""67233023"")",0.5490920283164051,"0","12"
"=HYPERLINK(""https://stackoverflow.com/q/67298226"", ""67298226"")",0.4155211912943872,"0","19"
"=HYPERLINK(""https://stackoverflow.com/q/67323188"", ""67323188"")",0.561352657004831,"0","20"
"=HYPERLINK(""https://stackoverflow.com/q/67327252"", ""67327252"")",0.6648451730418942,"0","46"
"=HYPERLINK(""https://stackoverflow.com/q/67333723"", ""67333723"")",0.3360057559872545,"0","15"
"=HYPERLINK(""https://stackoverflow.com/q/67349621"", ""67349621"")",0.6694949494949495,"0","10"
"=HYPERLINK(""https://stackoverflow.com/q/67353394"", ""67353394"")",0.3757936507936508,"0","30"
"=HYPERLINK(""https://stackoverflow.com/q/67398631"", ""67398631"")",0.6349580712788261,"0","8"
"=HYPERLINK(""https://stackoverflow.com/q/67453841"", ""67453841"")",0.3878757176629517,"0","25"
"=HYPERLINK(""https://stackoverflow.com/q/67454106"", ""67454106"")",0.8273030536309981,"0","9"
"=HYPERLINK(""https://stackoverflow.com/q/67497594"", ""67497594"")",0.4269202087994034,"0","10"
"=HYPERLINK(""https://stackoverflow.com/q/67505201"", ""67505201"")",0.4441242395132886,"2","32"
"=HYPERLINK(""https://stackoverflow.com/q/67506247"", ""67506247"")",0.9108765757842276,"0","17"
"=HYPERLINK(""https://stackoverflow.com/q/67531905"", ""67531905"")",0.6710957057577508,"0","14"
"=HYPERLINK(""https://stackoverflow.com/q/67534623"", ""67534623"")",0.2490079365079364,"1","28"
"=HYPERLINK(""https://stackoverflow.com/q/67536464"", ""67536464"")",0.6539565395653956,"0","14"
"=HYPERLINK(""https://stackoverflow.com/q/67557157"", ""67557157"")",0.5186077643908968,"0","6"
"=HYPERLINK(""https://stackoverflow.com/q/67576644"", ""67576644"")",0.3389886892880903,"0","9"
"=HYPERLINK(""https://stackoverflow.com/q/67586547"", ""67586547"")",0.574362300043234,"0","24"
"=HYPERLINK(""https://stackoverflow.com/q/67603974"", ""67603974"")",0.6271301976823449,"0","23"
"=HYPERLINK(""https://stackoverflow.com/q/67610124"", ""67610124"")",0.660957400087835,"0","14"
"=HYPERLINK(""https://stackoverflow.com/q/67660720"", ""67660720"")",0.5325116112897464,"0","27"
"=HYPERLINK(""https://stackoverflow.com/q/67664613"", ""67664613"")",0.5243254727002337,"0","17"
"=HYPERLINK(""https://stackoverflow.com/q/67679592"", ""67679592"")",0.4975646879756469,"0","21"
"=HYPERLINK(""https://stackoverflow.com/q/67688112"", ""67688112"")",0.8862538427755818,"0","19"
"=HYPERLINK(""https://stackoverflow.com/q/67707559"", ""67707559"")",0.7853801169590644,"0","11"
"=HYPERLINK(""https://stackoverflow.com/q/67755457"", ""67755457"")",0.4499594484995944,"0","8"
