"link","Correlation","score","view_count"
"=HYPERLINK(""https://stackoverflow.com/q/1274452"", ""1274452"")",0.4214842148421485,"2","12567"
"=HYPERLINK(""https://stackoverflow.com/q/2022549"", ""2022549"")",0.505334805003679,"1","1642"
"=HYPERLINK(""https://stackoverflow.com/q/2099232"", ""2099232"")",0.3011371420742567,"2","2734"
"=HYPERLINK(""https://stackoverflow.com/q/3038181"", ""3038181"")",0.2988404520769117,"0","382"
"=HYPERLINK(""https://stackoverflow.com/q/3141460"", ""3141460"")",0.4385683760683761,"0","936"
"=HYPERLINK(""https://stackoverflow.com/q/3145914"", ""3145914"")",0.4276276276276273,"3","310"
"=HYPERLINK(""https://stackoverflow.com/q/3289540"", ""3289540"")",0.5440215301806997,"0","8849"
"=HYPERLINK(""https://stackoverflow.com/q/3300463"", ""3300463"")",0.2499300307864538,"1","8269"
"=HYPERLINK(""https://stackoverflow.com/q/3356637"", ""3356637"")",0.5629301868239925,"1","520"
"=HYPERLINK(""https://stackoverflow.com/q/3687268"", ""3687268"")",0.3356786866021695,"2","851"
"=HYPERLINK(""https://stackoverflow.com/q/3700959"", ""3700959"")",0.178689099193831,"0","451"
"=HYPERLINK(""https://stackoverflow.com/q/3790684"", ""3790684"")",0.3196951464099478,"3","3058"
"=HYPERLINK(""https://stackoverflow.com/q/4076187"", ""4076187"")",0.545299145299145,"1","2631"
"=HYPERLINK(""https://stackoverflow.com/q/4190072"", ""4190072"")",0.5122009002606016,"9","18851"
"=HYPERLINK(""https://stackoverflow.com/q/4358894"", ""4358894"")",0.5574494949494947,"0","331"
"=HYPERLINK(""https://stackoverflow.com/q/4584301"", ""4584301"")",0.5887817077527691,"2","4163"
"=HYPERLINK(""https://stackoverflow.com/q/4895685"", ""4895685"")",0.420472951085196,"0","251"
"=HYPERLINK(""https://stackoverflow.com/q/5089673"", ""5089673"")",0.2774708410067527,"3","1217"
"=HYPERLINK(""https://stackoverflow.com/q/5141553"", ""5141553"")",0.4312902322977888,"0","1918"
"=HYPERLINK(""https://stackoverflow.com/q/5188317"", ""5188317"")",0.306572943642866,"4","7667"
"=HYPERLINK(""https://stackoverflow.com/q/5506973"", ""5506973"")",0.4214008669860821,"6","2071"
"=HYPERLINK(""https://stackoverflow.com/q/5537954"", ""5537954"")",0.5830712788259961,"4","6749"
"=HYPERLINK(""https://stackoverflow.com/q/5729576"", ""5729576"")",0.7711912943871707,"1","7180"
"=HYPERLINK(""https://stackoverflow.com/q/5820535"", ""5820535"")",0.5186139747995417,"0","259"
"=HYPERLINK(""https://stackoverflow.com/q/6031079"", ""6031079"")",0.2959162520729685,"3","1306"
"=HYPERLINK(""https://stackoverflow.com/q/6414392"", ""6414392"")",0.2894158981115501,"3","2554"
"=HYPERLINK(""https://stackoverflow.com/q/6510463"", ""6510463"")",0.47458071278826,"0","1369"
"=HYPERLINK(""https://stackoverflow.com/q/6520818"", ""6520818"")",0.2961138478379857,"1","575"
"=HYPERLINK(""https://stackoverflow.com/q/6522303"", ""6522303"")",0.6093189964157706,"1","835"
"=HYPERLINK(""https://stackoverflow.com/q/6634169"", ""6634169"")",0.5211912943871706,"1","709"
"=HYPERLINK(""https://stackoverflow.com/q/6681174"", ""6681174"")",0.3583924349881797,"1","459"
"=HYPERLINK(""https://stackoverflow.com/q/6734713"", ""6734713"")",0.5070323488045011,"3","1904"
"=HYPERLINK(""https://stackoverflow.com/q/6806246"", ""6806246"")",0.3780011166945837,"1","13487"
"=HYPERLINK(""https://stackoverflow.com/q/7099495"", ""7099495"")",0.2743961352657003,"1","13942"
"=HYPERLINK(""https://stackoverflow.com/q/7147537"", ""7147537"")",0.3304791029561671,"0","932"
"=HYPERLINK(""https://stackoverflow.com/q/7148897"", ""7148897"")",0.5335994677312041,"0","1613"
"=HYPERLINK(""https://stackoverflow.com/q/7357557"", ""7357557"")",0.6557665260196905,"1","780"
"=HYPERLINK(""https://stackoverflow.com/q/7416715"", ""7416715"")",0.3541483435942539,"0","798"
"=HYPERLINK(""https://stackoverflow.com/q/7662956"", ""7662956"")",0.4741306191687872,"1","1827"
"=HYPERLINK(""https://stackoverflow.com/q/7684579"", ""7684579"")",0.3115839243498819,"0","2469"
"=HYPERLINK(""https://stackoverflow.com/q/7714729"", ""7714729"")",0.6652991452991452,"2","2668"
"=HYPERLINK(""https://stackoverflow.com/q/7752038"", ""7752038"")",0.5456264775413712,"0","522"
"=HYPERLINK(""https://stackoverflow.com/q/7914450"", ""7914450"")",0.5267204921184159,"0","3596"
"=HYPERLINK(""https://stackoverflow.com/q/8356166"", ""8356166"")",0.3684486373165618,"0","205"
"=HYPERLINK(""https://stackoverflow.com/q/8389098"", ""8389098"")",0.8351254480286737,"0","299"
"=HYPERLINK(""https://stackoverflow.com/q/8763661"", ""8763661"")",0.3053630998203746,"3","1290"
"=HYPERLINK(""https://stackoverflow.com/q/8998313"", ""8998313"")",0.3367260390161154,"1","12529"
"=HYPERLINK(""https://stackoverflow.com/q/9243685"", ""9243685"")",0.4041119860017498,"0","1253"
"=HYPERLINK(""https://stackoverflow.com/q/9360307"", ""9360307"")",0.3541533885702145,"2","1180"
"=HYPERLINK(""https://stackoverflow.com/q/9633812"", ""9633812"")",0.3896471539783643,"3","305"
"=HYPERLINK(""https://stackoverflow.com/q/9634631"", ""9634631"")",0.441953163926258,"3","603"
"=HYPERLINK(""https://stackoverflow.com/q/9776503"", ""9776503"")",0.4437412095639942,"0","1272"
"=HYPERLINK(""https://stackoverflow.com/q/9846057"", ""9846057"")",0.6326456749909517,"1","4398"
"=HYPERLINK(""https://stackoverflow.com/q/9944647"", ""9944647"")",0.3591373002118236,"1","1397"
"=HYPERLINK(""https://stackoverflow.com/q/9946402"", ""9946402"")",0.2791084497671323,"1","2390"
"=HYPERLINK(""https://stackoverflow.com/q/10008340"", ""10008340"")",0.3984517304189437,"3","1210"
"=HYPERLINK(""https://stackoverflow.com/q/10110128"", ""10110128"")",0.7575995807127882,"0","2746"
"=HYPERLINK(""https://stackoverflow.com/q/10171412"", ""10171412"")",0.5683760683760685,"0","191"
"=HYPERLINK(""https://stackoverflow.com/q/10209469"", ""10209469"")",0.3566760037348271,"1","539"
"=HYPERLINK(""https://stackoverflow.com/q/10287329"", ""10287329"")",0.3456399437412096,"1","851"
"=HYPERLINK(""https://stackoverflow.com/q/10311107"", ""10311107"")",0.6613366133661338,"1","2503"
"=HYPERLINK(""https://stackoverflow.com/q/10359725"", ""10359725"")",0.3779599271402551,"2","4814"
"=HYPERLINK(""https://stackoverflow.com/q/10557731"", ""10557731"")",0.4485535831689678,"0","1807"
"=HYPERLINK(""https://stackoverflow.com/q/10725889"", ""10725889"")",0.6116959064327483,"0","801"
"=HYPERLINK(""https://stackoverflow.com/q/10745099"", ""10745099"")",0.7572775727757276,"1","2505"
"=HYPERLINK(""https://stackoverflow.com/q/10806950"", ""10806950"")",0.3510882016036655,"2","2819"
"=HYPERLINK(""https://stackoverflow.com/q/10943551"", ""10943551"")",0.832687338501292,"1","5807"
"=HYPERLINK(""https://stackoverflow.com/q/10978933"", ""10978933"")",0.368168168168168,"0","970"
"=HYPERLINK(""https://stackoverflow.com/q/10996156"", ""10996156"")",0.4424566454177804,"1","5529"
"=HYPERLINK(""https://stackoverflow.com/q/11198597"", ""11198597"")",0.5672070246538334,"0","922"
"=HYPERLINK(""https://stackoverflow.com/q/11269577"", ""11269577"")",0.3208939489774404,"0","17939"
"=HYPERLINK(""https://stackoverflow.com/q/11449791"", ""11449791"")",0.5260896255371393,"2","6351"
"=HYPERLINK(""https://stackoverflow.com/q/11571399"", ""11571399"")",0.3808938089380893,"1","975"
"=HYPERLINK(""https://stackoverflow.com/q/11872441"", ""11872441"")",0.3721195528177048,"1","2565"
"=HYPERLINK(""https://stackoverflow.com/q/11872522"", ""11872522"")",0.4264775413711585,"0","3498"
"=HYPERLINK(""https://stackoverflow.com/q/11887144"", ""11887144"")",0.5602904040404039,"0","5367"
"=HYPERLINK(""https://stackoverflow.com/q/11909334"", ""11909334"")",0.3096171802054154,"2","1334"
"=HYPERLINK(""https://stackoverflow.com/q/12040810"", ""12040810"")",0.4233500417710943,"1","2978"
"=HYPERLINK(""https://stackoverflow.com/q/12083572"", ""12083572"")",0.6842475386779183,"0","1394"
"=HYPERLINK(""https://stackoverflow.com/q/12198360"", ""12198360"")",0.5456264775413713,"1","2040"
"=HYPERLINK(""https://stackoverflow.com/q/12206569"", ""12206569"")",0.7744610281923714,"0","1730"
"=HYPERLINK(""https://stackoverflow.com/q/12212233"", ""12212233"")",0.4910901467505241,"1","2095"
"=HYPERLINK(""https://stackoverflow.com/q/12265215"", ""12265215"")",0.3647561588738059,"2","1342"
"=HYPERLINK(""https://stackoverflow.com/q/12270740"", ""12270740"")",0.6096820292961774,"0","223"
"=HYPERLINK(""https://stackoverflow.com/q/12386325"", ""12386325"")",0.3284577880420835,"4","2596"
"=HYPERLINK(""https://stackoverflow.com/q/12394128"", ""12394128"")",0.629407850964737,"1","822"
"=HYPERLINK(""https://stackoverflow.com/q/12481616"", ""12481616"")",0.8727412533640908,"0","347"
"=HYPERLINK(""https://stackoverflow.com/q/12733512"", ""12733512"")",0.3824432166973605,"0","449"
"=HYPERLINK(""https://stackoverflow.com/q/12763876"", ""12763876"")",0.2657004830917873,"0","995"
"=HYPERLINK(""https://stackoverflow.com/q/13105825"", ""13105825"")",0.3798576902025175,"1","2548"
"=HYPERLINK(""https://stackoverflow.com/q/13508198"", ""13508198"")",0.2685931899641578,"1","1306"
"=HYPERLINK(""https://stackoverflow.com/q/13603484"", ""13603484"")",0.4915135608048994,"1","1454"
"=HYPERLINK(""https://stackoverflow.com/q/13631462"", ""13631462"")",0.3419827012641382,"0","140"
"=HYPERLINK(""https://stackoverflow.com/q/13685264"", ""13685264"")",0.3428447903156073,"0","1338"
"=HYPERLINK(""https://stackoverflow.com/q/13727858"", ""13727858"")",0.4066484517304194,"2","2927"
"=HYPERLINK(""https://stackoverflow.com/q/13757453"", ""13757453"")",0.6186507936507937,"0","1142"
"=HYPERLINK(""https://stackoverflow.com/q/13808415"", ""13808415"")",0.6100338565712526,"0","654"
"=HYPERLINK(""https://stackoverflow.com/q/13977899"", ""13977899"")",0.5951035781544258,"0","572"
"=HYPERLINK(""https://stackoverflow.com/q/14138836"", ""14138836"")",0.559036843632144,"0","8692"
"=HYPERLINK(""https://stackoverflow.com/q/14287032"", ""14287032"")",0.4599271402550091,"3","1027"
"=HYPERLINK(""https://stackoverflow.com/q/14439782"", ""14439782"")",0.2921310368118879,"1","6136"
"=HYPERLINK(""https://stackoverflow.com/q/14467267"", ""14467267"")",0.6738351254480285,"0","2011"
"=HYPERLINK(""https://stackoverflow.com/q/14474041"", ""14474041"")",0.3019768234492158,"0","1342"
"=HYPERLINK(""https://stackoverflow.com/q/14480616"", ""14480616"")",0.4130619168787108,"21","74419"
"=HYPERLINK(""https://stackoverflow.com/q/14560123"", ""14560123"")",0.6773946360153258,"0","5074"
"=HYPERLINK(""https://stackoverflow.com/q/14630494"", ""14630494"")",0.2921930677032719,"0","412"
"=HYPERLINK(""https://stackoverflow.com/q/14740408"", ""14740408"")",0.3894577171027683,"0","212"
"=HYPERLINK(""https://stackoverflow.com/q/14745933"", ""14745933"")",0.4433760683760684,"1","4477"
"=HYPERLINK(""https://stackoverflow.com/q/14754125"", ""14754125"")",0.4523477452347741,"0","1003"
"=HYPERLINK(""https://stackoverflow.com/q/14951437"", ""14951437"")",0.6001291989664084,"2","1430"
"=HYPERLINK(""https://stackoverflow.com/q/15037988"", ""15037988"")",0.6789696270665129,"0","4239"
"=HYPERLINK(""https://stackoverflow.com/q/15040283"", ""15040283"")",0.3710986267166044,"0","2785"
"=HYPERLINK(""https://stackoverflow.com/q/15094164"", ""15094164"")",0.2832527374798512,"0","456"
"=HYPERLINK(""https://stackoverflow.com/q/15104568"", ""15104568"")",0.4179669030732861,"1","239"
"=HYPERLINK(""https://stackoverflow.com/q/15164363"", ""15164363"")",0.8622222222222222,"0","1209"
"=HYPERLINK(""https://stackoverflow.com/q/15265694"", ""15265694"")",0.4992305324715296,"0","460"
"=HYPERLINK(""https://stackoverflow.com/q/15341783"", ""15341783"")",0.5758133824432167,"1","198"
"=HYPERLINK(""https://stackoverflow.com/q/15458615"", ""15458615"")",0.3293650793650794,"0","1455"
"=HYPERLINK(""https://stackoverflow.com/q/15930256"", ""15930256"")",0.3900793650793652,"2","1360"
"=HYPERLINK(""https://stackoverflow.com/q/16087114"", ""16087114"")",0.4189435336976322,"1","179"
"=HYPERLINK(""https://stackoverflow.com/q/16112017"", ""16112017"")",0.6471644855016678,"0","634"
"=HYPERLINK(""https://stackoverflow.com/q/16212730"", ""16212730"")",0.4921085858585858,"0","1028"
"=HYPERLINK(""https://stackoverflow.com/q/16224143"", ""16224143"")",0.3309642264866147,"0","109"
"=HYPERLINK(""https://stackoverflow.com/q/16224937"", ""16224937"")",0.5546085858585859,"1","2516"
"=HYPERLINK(""https://stackoverflow.com/q/16340482"", ""16340482"")",0.4784969910465286,"1","427"
"=HYPERLINK(""https://stackoverflow.com/q/16522873"", ""16522873"")",0.7486705849426252,"0","2936"
"=HYPERLINK(""https://stackoverflow.com/q/16535275"", ""16535275"")",0.3437574034588959,"0","583"
"=HYPERLINK(""https://stackoverflow.com/q/16543959"", ""16543959"")",0.4009552538964303,"0","2282"
"=HYPERLINK(""https://stackoverflow.com/q/16587158"", ""16587158"")",0.3724685276409409,"0","1964"
"=HYPERLINK(""https://stackoverflow.com/q/16665245"", ""16665245"")",0.5166009204470743,"0","1369"
"=HYPERLINK(""https://stackoverflow.com/q/17106783"", ""17106783"")",0.5375631313131312,"0","745"
"=HYPERLINK(""https://stackoverflow.com/q/17289455"", ""17289455"")",0.4608585858585857,"1","684"
"=HYPERLINK(""https://stackoverflow.com/q/17290842"", ""17290842"")",0.3939673745767928,"0","2572"
"=HYPERLINK(""https://stackoverflow.com/q/17315604"", ""17315604"")",0.8290924512298558,"6","5304"
"=HYPERLINK(""https://stackoverflow.com/q/17408691"", ""17408691"")",0.4091787439613524,"1","1282"
"=HYPERLINK(""https://stackoverflow.com/q/17622907"", ""17622907"")",0.8959064327485379,"0","801"
"=HYPERLINK(""https://stackoverflow.com/q/17696646"", ""17696646"")",0.8558100084817641,"2","14988"
"=HYPERLINK(""https://stackoverflow.com/q/17763762"", ""17763762"")",0.3021038790269559,"0","307"
"=HYPERLINK(""https://stackoverflow.com/q/17927867"", ""17927867"")",0.5700483091787438,"0","1115"
"=HYPERLINK(""https://stackoverflow.com/q/17958629"", ""17958629"")",0.5297014465989536,"0","368"
"=HYPERLINK(""https://stackoverflow.com/q/17995847"", ""17995847"")",0.7439613526570049,"10","28437"
"=HYPERLINK(""https://stackoverflow.com/q/18129352"", ""18129352"")",0.3105179101072324,"0","911"
"=HYPERLINK(""https://stackoverflow.com/q/18278194"", ""18278194"")",0.3202151383969563,"3","1734"
"=HYPERLINK(""https://stackoverflow.com/q/18289851"", ""18289851"")",0.3742840778923254,"0","1266"
"=HYPERLINK(""https://stackoverflow.com/q/18300011"", ""18300011"")",0.57207644962747,"1","280"
"=HYPERLINK(""https://stackoverflow.com/q/18307515"", ""18307515"")",0.298558100084818,"0","126"
"=HYPERLINK(""https://stackoverflow.com/q/18585908"", ""18585908"")",0.6424556852572416,"1","5474"
"=HYPERLINK(""https://stackoverflow.com/q/18614628"", ""18614628"")",0.7447135717031911,"0","147"
"=HYPERLINK(""https://stackoverflow.com/q/18620691"", ""18620691"")",0.5804696449026345,"2","5167"
"=HYPERLINK(""https://stackoverflow.com/q/18703465"", ""18703465"")",0.6029451137884877,"1","1334"
"=HYPERLINK(""https://stackoverflow.com/q/18715748"", ""18715748"")",0.4279184247538677,"0","913"
"=HYPERLINK(""https://stackoverflow.com/q/18947845"", ""18947845"")",0.6443533697632055,"1","463"
"=HYPERLINK(""https://stackoverflow.com/q/18963394"", ""18963394"")",0.4421470342522973,"0","173"
"=HYPERLINK(""https://stackoverflow.com/q/18996504"", ""18996504"")",0.4470544369873229,"0","625"
"=HYPERLINK(""https://stackoverflow.com/q/18999873"", ""18999873"")",0.5881796690307328,"0","272"
"=HYPERLINK(""https://stackoverflow.com/q/19000236"", ""19000236"")",0.5841854124062715,"1","491"
"=HYPERLINK(""https://stackoverflow.com/q/19009930"", ""19009930"")",0.4405766526019689,"1","745"
"=HYPERLINK(""https://stackoverflow.com/q/19028270"", ""19028270"")",0.4277558190601669,"0","122"
"=HYPERLINK(""https://stackoverflow.com/q/19298294"", ""19298294"")",0.3210174029451138,"0","253"
"=HYPERLINK(""https://stackoverflow.com/q/19526115"", ""19526115"")",0.568242983467897,"0","1166"
"=HYPERLINK(""https://stackoverflow.com/q/19817297"", ""19817297"")",0.5202991452991453,"1","1312"
"=HYPERLINK(""https://stackoverflow.com/q/20279898"", ""20279898"")",0.3868928809048569,"0","8865"
"=HYPERLINK(""https://stackoverflow.com/q/20834701"", ""20834701"")",0.4732860520094563,"2","2942"
"=HYPERLINK(""https://stackoverflow.com/q/20908171"", ""20908171"")",0.338501291989664,"1","801"
"=HYPERLINK(""https://stackoverflow.com/q/20980338"", ""20980338"")",0.5906432748538014,"0","288"
"=HYPERLINK(""https://stackoverflow.com/q/21122367"", ""21122367"")",0.9034302759134972,"1","461"
"=HYPERLINK(""https://stackoverflow.com/q/21477396"", ""21477396"")",0.6452991452991452,"0","2047"
"=HYPERLINK(""https://stackoverflow.com/q/21502681"", ""21502681"")",0.3574772111357475,"0","4138"
"=HYPERLINK(""https://stackoverflow.com/q/21614184"", ""21614184"")",0.5959388546657541,"4","3827"
"=HYPERLINK(""https://stackoverflow.com/q/21757961"", ""21757961"")",0.4105878731917514,"1","2352"
"=HYPERLINK(""https://stackoverflow.com/q/21797858"", ""21797858"")",0.4489664082687337,"0","1998"
"=HYPERLINK(""https://stackoverflow.com/q/21920223"", ""21920223"")",0.6639400136332653,"1","995"
"=HYPERLINK(""https://stackoverflow.com/q/22112986"", ""22112986"")",0.5473755964553509,"1","4154"
"=HYPERLINK(""https://stackoverflow.com/q/22157640"", ""22157640"")",0.3411738351254481,"0","138"
"=HYPERLINK(""https://stackoverflow.com/q/22257363"", ""22257363"")",0.3254967814161768,"1","761"
"=HYPERLINK(""https://stackoverflow.com/q/22374774"", ""22374774"")",0.2508447624726694,"1","1364"
"=HYPERLINK(""https://stackoverflow.com/q/22557533"", ""22557533"")",0.7051767676767675,"1","1663"
"=HYPERLINK(""https://stackoverflow.com/q/22970360"", ""22970360"")",0.3328213005632359,"0","6019"
"=HYPERLINK(""https://stackoverflow.com/q/22989313"", ""22989313"")",0.7058494262524491,"0","610"
"=HYPERLINK(""https://stackoverflow.com/q/23133801"", ""23133801"")",0.7599106644332774,"0","387"
"=HYPERLINK(""https://stackoverflow.com/q/23245148"", ""23245148"")",0.4359626802374896,"0","147"
"=HYPERLINK(""https://stackoverflow.com/q/23345398"", ""23345398"")",0.3009318996415771,"0","373"
"=HYPERLINK(""https://stackoverflow.com/q/23442465"", ""23442465"")",0.8733850129198966,"2","2859"
"=HYPERLINK(""https://stackoverflow.com/q/23609369"", ""23609369"")",0.5504664970313824,"1","384"
"=HYPERLINK(""https://stackoverflow.com/q/23909716"", ""23909716"")",0.3094315245478035,"2","982"
"=HYPERLINK(""https://stackoverflow.com/q/23984516"", ""23984516"")",0.6089710665981853,"3","2190"
"=HYPERLINK(""https://stackoverflow.com/q/24314808"", ""24314808"")",0.4921184159938485,"3","1464"
"=HYPERLINK(""https://stackoverflow.com/q/24320613"", ""24320613"")",0.7186507936507937,"0","276"
"=HYPERLINK(""https://stackoverflow.com/q/24449782"", ""24449782"")",0.2733949301113482,"3","1478"
"=HYPERLINK(""https://stackoverflow.com/q/24576782"", ""24576782"")",0.7751068376068376,"2","638"
"=HYPERLINK(""https://stackoverflow.com/q/24593681"", ""24593681"")",0.6648451730418942,"0","293"
"=HYPERLINK(""https://stackoverflow.com/q/24626437"", ""24626437"")",0.3861945085963562,"0","954"
"=HYPERLINK(""https://stackoverflow.com/q/24658248"", ""24658248"")",0.2549494949494948,"1","177"
"=HYPERLINK(""https://stackoverflow.com/q/24764540"", ""24764540"")",0.4954180985108818,"0","448"
"=HYPERLINK(""https://stackoverflow.com/q/24773811"", ""24773811"")",0.2576204523107179,"1","2917"
"=HYPERLINK(""https://stackoverflow.com/q/25025008"", ""25025008"")",0.457357357357357,"3","1842"
"=HYPERLINK(""https://stackoverflow.com/q/25079021"", ""25079021"")",0.7947413061916879,"0","1656"
"=HYPERLINK(""https://stackoverflow.com/q/25113141"", ""25113141"")",0.6842911877394637,"0","1920"
"=HYPERLINK(""https://stackoverflow.com/q/25139954"", ""25139954"")",0.6132256824298346,"5","1384"
"=HYPERLINK(""https://stackoverflow.com/q/25184460"", ""25184460"")",0.6266339869281045,"0","225"
"=HYPERLINK(""https://stackoverflow.com/q/25197277"", ""25197277"")",0.4175574991901524,"0","2048"
"=HYPERLINK(""https://stackoverflow.com/q/25239954"", ""25239954"")",0.629462041226747,"1","134"
"=HYPERLINK(""https://stackoverflow.com/q/25252452"", ""25252452"")",0.4249871991807474,"1","619"
"=HYPERLINK(""https://stackoverflow.com/q/25364331"", ""25364331"")",0.4222222222222222,"1","857"
"=HYPERLINK(""https://stackoverflow.com/q/25499254"", ""25499254"")",0.5188323917137476,"1","493"
"=HYPERLINK(""https://stackoverflow.com/q/25561850"", ""25561850"")",0.4565692705227591,"2","1526"
"=HYPERLINK(""https://stackoverflow.com/q/25566980"", ""25566980"")",0.3652137556182712,"1","305"
"=HYPERLINK(""https://stackoverflow.com/q/25615751"", ""25615751"")",0.5185974887467424,"0","495"
"=HYPERLINK(""https://stackoverflow.com/q/25754640"", ""25754640"")",0.4026019690576652,"0","2480"
"=HYPERLINK(""https://stackoverflow.com/q/25788868"", ""25788868"")",0.4600600600600603,"0","288"
"=HYPERLINK(""https://stackoverflow.com/q/25801442"", ""25801442"")",0.3883760683760684,"3","1957"
"=HYPERLINK(""https://stackoverflow.com/q/25919984"", ""25919984"")",0.4781588976839637,"1","64"
"=HYPERLINK(""https://stackoverflow.com/q/25975672"", ""25975672"")",0.4832841691248773,"1","464"
"=HYPERLINK(""https://stackoverflow.com/q/26001437"", ""26001437"")",0.4902634593356241,"0","30"
"=HYPERLINK(""https://stackoverflow.com/q/26044443"", ""26044443"")",0.2887246852764094,"0","1055"
"=HYPERLINK(""https://stackoverflow.com/q/26356432"", ""26356432"")",0.4055910921582564,"0","762"
"=HYPERLINK(""https://stackoverflow.com/q/26538839"", ""26538839"")",0.5137351373513738,"1","611"
"=HYPERLINK(""https://stackoverflow.com/q/26993947"", ""26993947"")",0.4030340303403035,"2","125"
"=HYPERLINK(""https://stackoverflow.com/q/27526062"", ""27526062"")",0.4334898278560251,"0","118"
"=HYPERLINK(""https://stackoverflow.com/q/27534641"", ""27534641"")",0.6425291879837336,"0","98"
"=HYPERLINK(""https://stackoverflow.com/q/27537313"", ""27537313"")",0.5686507936507936,"1","175"
"=HYPERLINK(""https://stackoverflow.com/q/27614030"", ""27614030"")",0.5012919896640831,"0","122"
"=HYPERLINK(""https://stackoverflow.com/q/27991739"", ""27991739"")",0.5316144874155925,"0","1149"
"=HYPERLINK(""https://stackoverflow.com/q/28082721"", ""28082721"")",0.6809378185524977,"0","2985"
"=HYPERLINK(""https://stackoverflow.com/q/28241222"", ""28241222"")",0.5159559036843634,"1","1057"
"=HYPERLINK(""https://stackoverflow.com/q/28264174"", ""28264174"")",0.487996600807308,"1","982"
"=HYPERLINK(""https://stackoverflow.com/q/28269846"", ""28269846"")",0.653052261747914,"0","693"
"=HYPERLINK(""https://stackoverflow.com/q/28433062"", ""28433062"")",0.2978978978978976,"0","864"
"=HYPERLINK(""https://stackoverflow.com/q/28452000"", ""28452000"")",0.5740008783487045,"1","1888"
"=HYPERLINK(""https://stackoverflow.com/q/29030482"", ""29030482"")",0.4379656624554585,"1","618"
"=HYPERLINK(""https://stackoverflow.com/q/29150645"", ""29150645"")",0.5011128231467217,"0","54"
"=HYPERLINK(""https://stackoverflow.com/q/29388632"", ""29388632"")",0.5870870870870872,"1","813"
"=HYPERLINK(""https://stackoverflow.com/q/29511506"", ""29511506"")",0.4245568525724166,"0","946"
"=HYPERLINK(""https://stackoverflow.com/q/29933847"", ""29933847"")",0.3456597222222224,"0","81"
"=HYPERLINK(""https://stackoverflow.com/q/30088675"", ""30088675"")",0.430186823992134,"1","312"
"=HYPERLINK(""https://stackoverflow.com/q/30133282"", ""30133282"")",0.2830917874396133,"0","185"
"=HYPERLINK(""https://stackoverflow.com/q/30184943"", ""30184943"")",0.2969644902634594,"1","226"
"=HYPERLINK(""https://stackoverflow.com/q/30185640"", ""30185640"")",0.2768579838116261,"2","1105"
"=HYPERLINK(""https://stackoverflow.com/q/30259467"", ""30259467"")",0.2037525652301379,"0","1857"
"=HYPERLINK(""https://stackoverflow.com/q/30284150"", ""30284150"")",0.4886892880904855,"0","540"
"=HYPERLINK(""https://stackoverflow.com/q/30877737"", ""30877737"")",0.4562647754137117,"0","75"
"=HYPERLINK(""https://stackoverflow.com/q/30920427"", ""30920427"")",0.5148358585858583,"1","2106"
"=HYPERLINK(""https://stackoverflow.com/q/30938255"", ""30938255"")",0.4572452636968766,"0","579"
"=HYPERLINK(""https://stackoverflow.com/q/31125847"", ""31125847"")",0.8120839733742958,"2","184"
"=HYPERLINK(""https://stackoverflow.com/q/31139620"", ""31139620"")",0.2860520094562648,"0","422"
"=HYPERLINK(""https://stackoverflow.com/q/31203271"", ""31203271"")",0.7263205828779601,"0","208"
"=HYPERLINK(""https://stackoverflow.com/q/31333550"", ""31333550"")",0.566903073286052,"0","1123"
"=HYPERLINK(""https://stackoverflow.com/q/31440359"", ""31440359"")",0.2059355772710821,"0","55"
"=HYPERLINK(""https://stackoverflow.com/q/31536291"", ""31536291"")",0.586976320582878,"1","631"
"=HYPERLINK(""https://stackoverflow.com/q/31551688"", ""31551688"")",0.4567583046964489,"1","118"
"=HYPERLINK(""https://stackoverflow.com/q/31564632"", ""31564632"")",0.5542832909245122,"0","767"
"=HYPERLINK(""https://stackoverflow.com/q/31593793"", ""31593793"")",0.9235209235209236,"0","1134"
"=HYPERLINK(""https://stackoverflow.com/q/31743897"", ""31743897"")",0.5692903680225392,"2","376"
"=HYPERLINK(""https://stackoverflow.com/q/32030880"", ""32030880"")",0.3730062994236695,"1","838"
"=HYPERLINK(""https://stackoverflow.com/q/32040971"", ""32040971"")",0.2708603545179421,"0","1019"
"=HYPERLINK(""https://stackoverflow.com/q/32083953"", ""32083953"")",0.654465212876428,"0","717"
"=HYPERLINK(""https://stackoverflow.com/q/32280070"", ""32280070"")",0.5562222222222222,"1","368"
"=HYPERLINK(""https://stackoverflow.com/q/32706271"", ""32706271"")",0.4655957161981257,"0","1444"
"=HYPERLINK(""https://stackoverflow.com/q/32743441"", ""32743441"")",0.307078619089063,"4","1195"
"=HYPERLINK(""https://stackoverflow.com/q/32829472"", ""32829472"")",0.6029451137884875,"0","481"
"=HYPERLINK(""https://stackoverflow.com/q/32881526"", ""32881526"")",0.750910746812386,"1","2103"
"=HYPERLINK(""https://stackoverflow.com/q/32921067"", ""32921067"")",0.7429595494111623,"1","4625"
"=HYPERLINK(""https://stackoverflow.com/q/32968159"", ""32968159"")",0.7528344671201813,"0","408"
"=HYPERLINK(""https://stackoverflow.com/q/33011707"", ""33011707"")",0.9102956167176351,"0","382"
"=HYPERLINK(""https://stackoverflow.com/q/33086501"", ""33086501"")",0.6107186904361475,"2","967"
"=HYPERLINK(""https://stackoverflow.com/q/33258954"", ""33258954"")",0.4296085858585855,"0","1068"
"=HYPERLINK(""https://stackoverflow.com/q/33274071"", ""33274071"")",0.477255779269202,"1","1242"
"=HYPERLINK(""https://stackoverflow.com/q/33290748"", ""33290748"")",0.6028450595924646,"1","361"
"=HYPERLINK(""https://stackoverflow.com/q/33549766"", ""33549766"")",0.5814239960581423,"0","104"
"=HYPERLINK(""https://stackoverflow.com/q/33728262"", ""33728262"")",0.5329365079365079,"1","135"
"=HYPERLINK(""https://stackoverflow.com/q/33818546"", ""33818546"")",0.4779474130619169,"0","306"
"=HYPERLINK(""https://stackoverflow.com/q/34086450"", ""34086450"")",0.3536215396283654,"0","87"
"=HYPERLINK(""https://stackoverflow.com/q/34162445"", ""34162445"")",0.4497671324018626,"0","42"
"=HYPERLINK(""https://stackoverflow.com/q/34179466"", ""34179466"")",0.5793650793650795,"1","8479"
"=HYPERLINK(""https://stackoverflow.com/q/34205825"", ""34205825"")",0.3280242700037919,"0","66"
"=HYPERLINK(""https://stackoverflow.com/q/34500753"", ""34500753"")",0.5305226174791393,"0","77"
"=HYPERLINK(""https://stackoverflow.com/q/34611371"", ""34611371"")",0.6213353042621337,"0","600"
"=HYPERLINK(""https://stackoverflow.com/q/34655492"", ""34655492"")",0.4111623143881207,"2","19"
"=HYPERLINK(""https://stackoverflow.com/q/34745499"", ""34745499"")",0.3127199597787833,"0","149"
"=HYPERLINK(""https://stackoverflow.com/q/34885508"", ""34885508"")",0.8970990695128626,"0","582"
"=HYPERLINK(""https://stackoverflow.com/q/35302025"", ""35302025"")",0.8480500367917587,"0","1063"
"=HYPERLINK(""https://stackoverflow.com/q/35493957"", ""35493957"")",0.6626654355186211,"0","501"
"=HYPERLINK(""https://stackoverflow.com/q/35596653"", ""35596653"")",0.4138188608776843,"1","668"
"=HYPERLINK(""https://stackoverflow.com/q/35913446"", ""35913446"")",0.4887467424780858,"0","600"
"=HYPERLINK(""https://stackoverflow.com/q/36089525"", ""36089525"")",0.5436507936507936,"0","1068"
"=HYPERLINK(""https://stackoverflow.com/q/36133411"", ""36133411"")",0.6228736880202678,"0","333"
"=HYPERLINK(""https://stackoverflow.com/q/36229215"", ""36229215"")",0.4977904040404038,"0","224"
"=HYPERLINK(""https://stackoverflow.com/q/36250499"", ""36250499"")",0.6730418943533697,"0","119"
"=HYPERLINK(""https://stackoverflow.com/q/36442360"", ""36442360"")",0.6696930393428447,"1","1531"
"=HYPERLINK(""https://stackoverflow.com/q/36843648"", ""36843648"")",0.8682399213372665,"0","90"
"=HYPERLINK(""https://stackoverflow.com/q/36864426"", ""36864426"")",0.3710111495578622,"1","1194"
"=HYPERLINK(""https://stackoverflow.com/q/36916335"", ""36916335"")",0.6883413187314625,"0","1603"
"=HYPERLINK(""https://stackoverflow.com/q/37034791"", ""37034791"")",0.5764657646576465,"1","269"
"=HYPERLINK(""https://stackoverflow.com/q/37135466"", ""37135466"")",0.5651380333105178,"0","45"
"=HYPERLINK(""https://stackoverflow.com/q/37189663"", ""37189663"")",0.3183405216676936,"1","288"
"=HYPERLINK(""https://stackoverflow.com/q/37274988"", ""37274988"")",0.4193376068376068,"0","295"
"=HYPERLINK(""https://stackoverflow.com/q/37409570"", ""37409570"")",0.5771840542832908,"0","272"
"=HYPERLINK(""https://stackoverflow.com/q/37437466"", ""37437466"")",0.3978770758431776,"1","58"
"=HYPERLINK(""https://stackoverflow.com/q/37447014"", ""37447014"")",0.4719206540678191,"0","110"
"=HYPERLINK(""https://stackoverflow.com/q/37563665"", ""37563665"")",0.3708708708708706,"1","523"
"=HYPERLINK(""https://stackoverflow.com/q/37860575"", ""37860575"")",0.6294511378848727,"0","52"
"=HYPERLINK(""https://stackoverflow.com/q/37915489"", ""37915489"")",0.6160275319567358,"1","2451"
"=HYPERLINK(""https://stackoverflow.com/q/38017025"", ""38017025"")",0.569527611443779,"6","108"
"=HYPERLINK(""https://stackoverflow.com/q/38157320"", ""38157320"")",0.4892676767676766,"2","1134"
"=HYPERLINK(""https://stackoverflow.com/q/38200089"", ""38200089"")",0.4014675052410901,"1","191"
"=HYPERLINK(""https://stackoverflow.com/q/38222537"", ""38222537"")",0.4943741209563997,"1","375"
"=HYPERLINK(""https://stackoverflow.com/q/38354399"", ""38354399"")",0.3748538011695907,"1","765"
"=HYPERLINK(""https://stackoverflow.com/q/38547941"", ""38547941"")",0.3981304440195455,"1","666"
"=HYPERLINK(""https://stackoverflow.com/q/38568012"", ""38568012"")",0.6425762045231073,"0","306"
"=HYPERLINK(""https://stackoverflow.com/q/38601420"", ""38601420"")",0.475063131313131,"1","6651"
"=HYPERLINK(""https://stackoverflow.com/q/38785861"", ""38785861"")",0.7904879048790487,"1","9616"
"=HYPERLINK(""https://stackoverflow.com/q/38874208"", ""38874208"")",0.8427755819060166,"0","4764"
"=HYPERLINK(""https://stackoverflow.com/q/38895420"", ""38895420"")",0.3669590643274851,"1","193"
"=HYPERLINK(""https://stackoverflow.com/q/39353542"", ""39353542"")",0.337483695007708,"0","903"
"=HYPERLINK(""https://stackoverflow.com/q/39376846"", ""39376846"")",0.3421317244846655,"0","375"
"=HYPERLINK(""https://stackoverflow.com/q/39382753"", ""39382753"")",0.6390289449112978,"0","1401"
"=HYPERLINK(""https://stackoverflow.com/q/39400563"", ""39400563"")",0.5107548979312233,"1","109"
"=HYPERLINK(""https://stackoverflow.com/q/39440714"", ""39440714"")",0.4664082687338501,"0","2009"
"=HYPERLINK(""https://stackoverflow.com/q/39506790"", ""39506790"")",0.5600600600600603,"0","1070"
"=HYPERLINK(""https://stackoverflow.com/q/39525318"", ""39525318"")",0.5371158392434988,"0","51"
"=HYPERLINK(""https://stackoverflow.com/q/39590822"", ""39590822"")",0.3330534564791489,"0","124"
"=HYPERLINK(""https://stackoverflow.com/q/39595390"", ""39595390"")",0.5642417661961636,"1","159"
"=HYPERLINK(""https://stackoverflow.com/q/39875139"", ""39875139"")",0.8600174978127734,"2","114"
"=HYPERLINK(""https://stackoverflow.com/q/39919128"", ""39919128"")",0.4560683760683761,"0","1221"
"=HYPERLINK(""https://stackoverflow.com/q/39919536"", ""39919536"")",0.8864288642886429,"3","2143"
"=HYPERLINK(""https://stackoverflow.com/q/40049278"", ""40049278"")",0.369694132334582,"1","243"
"=HYPERLINK(""https://stackoverflow.com/q/40130424"", ""40130424"")",0.5519519519519522,"3","2465"
"=HYPERLINK(""https://stackoverflow.com/q/40172416"", ""40172416"")",0.3270126413838988,"0","77"
"=HYPERLINK(""https://stackoverflow.com/q/40193747"", ""40193747"")",0.2900188323917135,"0","1623"
"=HYPERLINK(""https://stackoverflow.com/q/40214730"", ""40214730"")",0.4791491743632802,"0","2877"
"=HYPERLINK(""https://stackoverflow.com/q/40295430"", ""40295430"")",0.6893502499038832,"0","503"
"=HYPERLINK(""https://stackoverflow.com/q/40338755"", ""40338755"")",0.578050443081118,"1","283"
"=HYPERLINK(""https://stackoverflow.com/q/40386108"", ""40386108"")",0.6227904040404039,"0","15381"
"=HYPERLINK(""https://stackoverflow.com/q/40389270"", ""40389270"")",0.4092451229855813,"1","644"
"=HYPERLINK(""https://stackoverflow.com/q/40399259"", ""40399259"")",0.5127331711273317,"0","740"
"=HYPERLINK(""https://stackoverflow.com/q/40403497"", ""40403497"")",0.6523013778950455,"1","3177"
"=HYPERLINK(""https://stackoverflow.com/q/40508478"", ""40508478"")",0.5414834359425391,"0","60"
"=HYPERLINK(""https://stackoverflow.com/q/40806279"", ""40806279"")",0.6320582877959925,"0","76"
"=HYPERLINK(""https://stackoverflow.com/q/40847010"", ""40847010"")",0.4463186077643908,"0","94"
"=HYPERLINK(""https://stackoverflow.com/q/40993199"", ""40993199"")",0.6390896921017403,"0","496"
"=HYPERLINK(""https://stackoverflow.com/q/41065630"", ""41065630"")",0.4576792859341336,"1","2884"
"=HYPERLINK(""https://stackoverflow.com/q/41277345"", ""41277345"")",0.6605783866057839,"0","927"
"=HYPERLINK(""https://stackoverflow.com/q/41407426"", ""41407426"")",0.4537658463832961,"0","276"
"=HYPERLINK(""https://stackoverflow.com/q/41506667"", ""41506667"")",0.5170335429769392,"0","76"
"=HYPERLINK(""https://stackoverflow.com/q/41702616"", ""41702616"")",0.438131313131313,"0","855"
"=HYPERLINK(""https://stackoverflow.com/q/41846005"", ""41846005"")",0.3605621431708389,"1","1980"
"=HYPERLINK(""https://stackoverflow.com/q/41852937"", ""41852937"")",0.3143274853801168,"1","4238"
"=HYPERLINK(""https://stackoverflow.com/q/41897132"", ""41897132"")",0.4546546546546544,"0","1000"
"=HYPERLINK(""https://stackoverflow.com/q/41910586"", ""41910586"")",0.4970490120605592,"0","40"
"=HYPERLINK(""https://stackoverflow.com/q/41949002"", ""41949002"")",0.4461028192371478,"0","1254"
"=HYPERLINK(""https://stackoverflow.com/q/42011334"", ""42011334"")",0.3100084817642071,"1","1202"
"=HYPERLINK(""https://stackoverflow.com/q/42106471"", ""42106471"")",0.4874155923879682,"0","125"
"=HYPERLINK(""https://stackoverflow.com/q/42238738"", ""42238738"")",0.5023778642455684,"0","660"
"=HYPERLINK(""https://stackoverflow.com/q/42288414"", ""42288414"")",0.4100675260896256,"0","331"
"=HYPERLINK(""https://stackoverflow.com/q/42668121"", ""42668121"")",0.59647371922821,"1","813"
"=HYPERLINK(""https://stackoverflow.com/q/42690979"", ""42690979"")",0.6543650793650794,"0","115"
"=HYPERLINK(""https://stackoverflow.com/q/42902428"", ""42902428"")",0.4130868225484865,"0","90"
"=HYPERLINK(""https://stackoverflow.com/q/43096166"", ""43096166"")",0.5924349881796691,"0","4124"
"=HYPERLINK(""https://stackoverflow.com/q/43192146"", ""43192146"")",0.3441058787319176,"0","1527"
"=HYPERLINK(""https://stackoverflow.com/q/43340907"", ""43340907"")",0.6860877684407095,"1","669"
"=HYPERLINK(""https://stackoverflow.com/q/43341323"", ""43341323"")",0.3966903073286053,"1","329"
"=HYPERLINK(""https://stackoverflow.com/q/43364141"", ""43364141"")",0.4101416853094707,"0","119"
"=HYPERLINK(""https://stackoverflow.com/q/43462940"", ""43462940"")",0.5409289196818066,"0","1081"
"=HYPERLINK(""https://stackoverflow.com/q/43525165"", ""43525165"")",0.7169590643274855,"0","525"
"=HYPERLINK(""https://stackoverflow.com/q/43535377"", ""43535377"")",0.468168168168168,"0","6652"
"=HYPERLINK(""https://stackoverflow.com/q/43564021"", ""43564021"")",0.6977922547955121,"0","216"
"=HYPERLINK(""https://stackoverflow.com/q/43621122"", ""43621122"")",0.4342037890424984,"0","438"
"=HYPERLINK(""https://stackoverflow.com/q/43655581"", ""43655581"")",0.3156478277585545,"0","3660"
"=HYPERLINK(""https://stackoverflow.com/q/43665881"", ""43665881"")",0.3624091381100728,"0","306"
"=HYPERLINK(""https://stackoverflow.com/q/43681199"", ""43681199"")",0.4848804500703233,"0","1433"
"=HYPERLINK(""https://stackoverflow.com/q/43691292"", ""43691292"")",0.4080629301868241,"0","772"
"=HYPERLINK(""https://stackoverflow.com/q/43706719"", ""43706719"")",0.6100338565712528,"0","2480"
"=HYPERLINK(""https://stackoverflow.com/q/43733425"", ""43733425"")",0.582083813917724,"0","245"
"=HYPERLINK(""https://stackoverflow.com/q/43737787"", ""43737787"")",0.5925104705592511,"0","991"
"=HYPERLINK(""https://stackoverflow.com/q/43754406"", ""43754406"")",0.3292261132728058,"0","407"
"=HYPERLINK(""https://stackoverflow.com/q/43823446"", ""43823446"")",0.3519052193403778,"0","118"
"=HYPERLINK(""https://stackoverflow.com/q/43825457"", ""43825457"")",0.4920966992096697,"1","232"
"=HYPERLINK(""https://stackoverflow.com/q/43916147"", ""43916147"")",0.4690307328605201,"1","97"
"=HYPERLINK(""https://stackoverflow.com/q/44140683"", ""44140683"")",0.5853707016497715,"0","566"
"=HYPERLINK(""https://stackoverflow.com/q/44233707"", ""44233707"")",0.458442694663167,"1","15052"
"=HYPERLINK(""https://stackoverflow.com/q/44389881"", ""44389881"")",0.4063226406322639,"1","2226"
"=HYPERLINK(""https://stackoverflow.com/q/44497664"", ""44497664"")",0.7382650029708854,"0","863"
"=HYPERLINK(""https://stackoverflow.com/q/44524629"", ""44524629"")",0.3305966064586755,"0","184"
"=HYPERLINK(""https://stackoverflow.com/q/44560224"", ""44560224"")",0.3789489905994762,"1","98"
"=HYPERLINK(""https://stackoverflow.com/q/44588246"", ""44588246"")",0.4732860520094563,"0","482"
"=HYPERLINK(""https://stackoverflow.com/q/44803875"", ""44803875"")",0.5843843843843843,"2","388"
"=HYPERLINK(""https://stackoverflow.com/q/44931104"", ""44931104"")",0.4590643274853798,"2","991"
"=HYPERLINK(""https://stackoverflow.com/q/44967824"", ""44967824"")",0.3895373973194984,"0","128"
"=HYPERLINK(""https://stackoverflow.com/q/45183452"", ""45183452"")",0.5089869281045751,"0","32"
"=HYPERLINK(""https://stackoverflow.com/q/45243207"", ""45243207"")",0.4707252162341983,"0","49"
"=HYPERLINK(""https://stackoverflow.com/q/45288618"", ""45288618"")",0.4900793650793651,"0","30"
"=HYPERLINK(""https://stackoverflow.com/q/45500650"", ""45500650"")",0.5951951951951953,"3","199"
"=HYPERLINK(""https://stackoverflow.com/q/45542783"", ""45542783"")",0.319537658463833,"0","1349"
"=HYPERLINK(""https://stackoverflow.com/q/45576404"", ""45576404"")",0.5669802867383509,"2","1347"
"=HYPERLINK(""https://stackoverflow.com/q/45633249"", ""45633249"")",0.5073286052009457,"0","90"
"=HYPERLINK(""https://stackoverflow.com/q/45834435"", ""45834435"")",0.5823330255463219,"0","3686"
"=HYPERLINK(""https://stackoverflow.com/q/45857684"", ""45857684"")",0.4657380723663146,"2","615"
"=HYPERLINK(""https://stackoverflow.com/q/45967361"", ""45967361"")",0.7684234542550763,"1","1860"
"=HYPERLINK(""https://stackoverflow.com/q/45984141"", ""45984141"")",0.2610392277675086,"0","502"
"=HYPERLINK(""https://stackoverflow.com/q/46032112"", ""46032112"")",0.7686507936507937,"0","167"
"=HYPERLINK(""https://stackoverflow.com/q/46067552"", ""46067552"")",0.6792859341335795,"0","2625"
"=HYPERLINK(""https://stackoverflow.com/q/46071844"", ""46071844"")",0.5036292573981016,"0","33"
"=HYPERLINK(""https://stackoverflow.com/q/46109587"", ""46109587"")",0.3838850397741852,"2","844"
"=HYPERLINK(""https://stackoverflow.com/q/46118874"", ""46118874"")",0.4150793650793652,"1","38"
"=HYPERLINK(""https://stackoverflow.com/q/46215130"", ""46215130"")",0.5545837382572075,"1","51"
"=HYPERLINK(""https://stackoverflow.com/q/46437232"", ""46437232"")",0.3627627627627627,"0","40"
"=HYPERLINK(""https://stackoverflow.com/q/46503828"", ""46503828"")",0.4781949184679558,"1","2701"
"=HYPERLINK(""https://stackoverflow.com/q/46631543"", ""46631543"")",0.2703974047039743,"0","53"
"=HYPERLINK(""https://stackoverflow.com/q/46638774"", ""46638774"")",0.3962728551336146,"0","214"
"=HYPERLINK(""https://stackoverflow.com/q/46658509"", ""46658509"")",0.5489548954895489,"0","354"
"=HYPERLINK(""https://stackoverflow.com/q/46733032"", ""46733032"")",0.3956539565395655,"0","537"
"=HYPERLINK(""https://stackoverflow.com/q/46738962"", ""46738962"")",0.4476320582877961,"0","202"
"=HYPERLINK(""https://stackoverflow.com/q/46797006"", ""46797006"")",0.2732860520094562,"0","76"
"=HYPERLINK(""https://stackoverflow.com/q/46850411"", ""46850411"")",0.3631618195376586,"0","495"
"=HYPERLINK(""https://stackoverflow.com/q/46899273"", ""46899273"")",0.3964303670186022,"0","95"
"=HYPERLINK(""https://stackoverflow.com/q/46918008"", ""46918008"")",0.3343322169340151,"1","539"
"=HYPERLINK(""https://stackoverflow.com/q/46929063"", ""46929063"")",0.7821024617431802,"2","118"
"=HYPERLINK(""https://stackoverflow.com/q/46932046"", ""46932046"")",0.4371269015983055,"0","667"
"=HYPERLINK(""https://stackoverflow.com/q/47040753"", ""47040753"")",0.2499230532471529,"0","42"
"=HYPERLINK(""https://stackoverflow.com/q/47049905"", ""47049905"")",0.9025500910746812,"0","108"
"=HYPERLINK(""https://stackoverflow.com/q/47143482"", ""47143482"")",0.367340955731457,"1","985"
"=HYPERLINK(""https://stackoverflow.com/q/47258597"", ""47258597"")",0.5176068376068373,"0","691"
"=HYPERLINK(""https://stackoverflow.com/q/47258899"", ""47258899"")",0.7476459510357815,"0","5013"
"=HYPERLINK(""https://stackoverflow.com/q/47262243"", ""47262243"")",0.4344593159124707,"0","599"
"=HYPERLINK(""https://stackoverflow.com/q/47284552"", ""47284552"")",0.5381831342743394,"0","182"
"=HYPERLINK(""https://stackoverflow.com/q/47293778"", ""47293778"")",0.5263367123832241,"5","751"
"=HYPERLINK(""https://stackoverflow.com/q/47345382"", ""47345382"")",0.3568756875687567,"0","905"
"=HYPERLINK(""https://stackoverflow.com/q/47358650"", ""47358650"")",0.462222222222222,"0","646"
"=HYPERLINK(""https://stackoverflow.com/q/47399518"", ""47399518"")",0.3306711503432816,"0","250"
"=HYPERLINK(""https://stackoverflow.com/q/47746901"", ""47746901"")",0.4289529914529915,"0","250"
"=HYPERLINK(""https://stackoverflow.com/q/47800766"", ""47800766"")",0.2751232461130071,"0","111"
"=HYPERLINK(""https://stackoverflow.com/q/47826143"", ""47826143"")",0.4058956916099775,"0","98"
"=HYPERLINK(""https://stackoverflow.com/q/47870571"", ""47870571"")",0.6242024202420241,"1","289"
"=HYPERLINK(""https://stackoverflow.com/q/47944427"", ""47944427"")",0.673967602099019,"0","114"
"=HYPERLINK(""https://stackoverflow.com/q/48093967"", ""48093967"")",0.3355227148330596,"0","802"
"=HYPERLINK(""https://stackoverflow.com/q/48123193"", ""48123193"")",0.8372664700098329,"1","608"
"=HYPERLINK(""https://stackoverflow.com/q/48168891"", ""48168891"")",0.8273882738827388,"0","29"
"=HYPERLINK(""https://stackoverflow.com/q/48289781"", ""48289781"")",0.5186139747995417,"1","45"
"=HYPERLINK(""https://stackoverflow.com/q/48312402"", ""48312402"")",0.5171530977982591,"0","21"
"=HYPERLINK(""https://stackoverflow.com/q/48439782"", ""48439782"")",0.8738615664845174,"0","4734"
"=HYPERLINK(""https://stackoverflow.com/q/48466639"", ""48466639"")",0.3452991452991453,"0","34"
"=HYPERLINK(""https://stackoverflow.com/q/48589403"", ""48589403"")",0.4468797564687974,"0","388"
"=HYPERLINK(""https://stackoverflow.com/q/48611208"", ""48611208"")",0.3300939423388405,"1","7469"
"=HYPERLINK(""https://stackoverflow.com/q/48729958"", ""48729958"")",0.4229142637447136,"1","640"
"=HYPERLINK(""https://stackoverflow.com/q/48825161"", ""48825161"")",0.5728483402902012,"0","87"
"=HYPERLINK(""https://stackoverflow.com/q/48897699"", ""48897699"")",0.3514529914529916,"0","707"
"=HYPERLINK(""https://stackoverflow.com/q/49009131"", ""49009131"")",0.4605200945626478,"0","175"
"=HYPERLINK(""https://stackoverflow.com/q/49146076"", ""49146076"")",0.655108128262491,"0","112"
"=HYPERLINK(""https://stackoverflow.com/q/49326074"", ""49326074"")",0.7285513361462731,"0","1038"
"=HYPERLINK(""https://stackoverflow.com/q/49363211"", ""49363211"")",0.6694584031267447,"0","164"
"=HYPERLINK(""https://stackoverflow.com/q/49493225"", ""49493225"")",0.4968123861566484,"0","1592"
"=HYPERLINK(""https://stackoverflow.com/q/49694536"", ""49694536"")",0.3264567499095187,"0","1312"
"=HYPERLINK(""https://stackoverflow.com/q/49838965"", ""49838965"")",0.5528177047684236,"1","991"
"=HYPERLINK(""https://stackoverflow.com/q/50021874"", ""50021874"")",0.8190601668862536,"0","1285"
"=HYPERLINK(""https://stackoverflow.com/q/50116681"", ""50116681"")",0.7766155276615527,"2","3598"
"=HYPERLINK(""https://stackoverflow.com/q/50121723"", ""50121723"")",0.5390161153519932,"0","490"
"=HYPERLINK(""https://stackoverflow.com/q/50132337"", ""50132337"")",0.3620936048588783,"1","632"
"=HYPERLINK(""https://stackoverflow.com/q/50223180"", ""50223180"")",0.3727172717271724,"0","201"
"=HYPERLINK(""https://stackoverflow.com/q/50393830"", ""50393830"")",0.25388449135151,"0","114"
"=HYPERLINK(""https://stackoverflow.com/q/50493139"", ""50493139"")",0.4458585858585858,"1","83"
"=HYPERLINK(""https://stackoverflow.com/q/50513638"", ""50513638"")",0.6066561844863732,"0","1982"
"=HYPERLINK(""https://stackoverflow.com/q/50535081"", ""50535081"")",0.4962747003563329,"0","534"
"=HYPERLINK(""https://stackoverflow.com/q/50561808"", ""50561808"")",0.4262524489224741,"0","2089"
"=HYPERLINK(""https://stackoverflow.com/q/50633830"", ""50633830"")",0.4260727318484962,"2","2093"
"=HYPERLINK(""https://stackoverflow.com/q/50636935"", ""50636935"")",0.3713934929404544,"1","412"
"=HYPERLINK(""https://stackoverflow.com/q/50674560"", ""50674560"")",0.4125336409073433,"1","33"
"=HYPERLINK(""https://stackoverflow.com/q/50757567"", ""50757567"")",0.8061148396718866,"0","2670"
"=HYPERLINK(""https://stackoverflow.com/q/50843273"", ""50843273"")",0.4327485380116959,"1","2637"
"=HYPERLINK(""https://stackoverflow.com/q/50846243"", ""50846243"")",0.7401375316684763,"1","435"
"=HYPERLINK(""https://stackoverflow.com/q/50872515"", ""50872515"")",0.4480286738351253,"0","1289"
"=HYPERLINK(""https://stackoverflow.com/q/50932851"", ""50932851"")",0.4123965486881492,"2","1102"
"=HYPERLINK(""https://stackoverflow.com/q/51072576"", ""51072576"")",0.5848028673835126,"0","1285"
"=HYPERLINK(""https://stackoverflow.com/q/51092787"", ""51092787"")",0.5309293462327765,"4","4407"
"=HYPERLINK(""https://stackoverflow.com/q/51103796"", ""51103796"")",0.2873630672926447,"0","64"
"=HYPERLINK(""https://stackoverflow.com/q/51359643"", ""51359643"")",0.3673409557314571,"0","165"
"=HYPERLINK(""https://stackoverflow.com/q/51362928"", ""51362928"")",0.4632536123567513,"1","224"
"=HYPERLINK(""https://stackoverflow.com/q/51443599"", ""51443599"")",0.5005727376861397,"0","12315"
"=HYPERLINK(""https://stackoverflow.com/q/51519320"", ""51519320"")",0.4974697469746974,"0","111"
"=HYPERLINK(""https://stackoverflow.com/q/51730232"", ""51730232"")",0.4622222222222221,"0","3086"
"=HYPERLINK(""https://stackoverflow.com/q/51966059"", ""51966059"")",0.4694546945469457,"0","248"
"=HYPERLINK(""https://stackoverflow.com/q/52070652"", ""52070652"")",0.5260196905766527,"0","41"
"=HYPERLINK(""https://stackoverflow.com/q/52098303"", ""52098303"")",0.7367853290183388,"0","441"
"=HYPERLINK(""https://stackoverflow.com/q/52136793"", ""52136793"")",0.5186023127199597,"0","140"
"=HYPERLINK(""https://stackoverflow.com/q/52143838"", ""52143838"")",0.6639400136332652,"0","406"
"=HYPERLINK(""https://stackoverflow.com/q/52144189"", ""52144189"")",0.3700054734537494,"0","301"
"=HYPERLINK(""https://stackoverflow.com/q/52188050"", ""52188050"")",0.3743961352657002,"0","71"
"=HYPERLINK(""https://stackoverflow.com/q/52201545"", ""52201545"")",0.9042498719918072,"1","122"
"=HYPERLINK(""https://stackoverflow.com/q/52242462"", ""52242462"")",0.5696798493408665,"0","464"
"=HYPERLINK(""https://stackoverflow.com/q/52402141"", ""52402141"")",0.8158182813355225,"0","164"
"=HYPERLINK(""https://stackoverflow.com/q/52670156"", ""52670156"")",0.6249619482496195,"1","254"
"=HYPERLINK(""https://stackoverflow.com/q/52720455"", ""52720455"")",0.3851181498240321,"1","988"
"=HYPERLINK(""https://stackoverflow.com/q/52767360"", ""52767360"")",0.6551182868034533,"2","72"
"=HYPERLINK(""https://stackoverflow.com/q/52953534"", ""52953534"")",0.5024990388312186,"1","527"
"=HYPERLINK(""https://stackoverflow.com/q/53103376"", ""53103376"")",0.4081518704634279,"0","176"
"=HYPERLINK(""https://stackoverflow.com/q/53153425"", ""53153425"")",0.4198125836680053,"0","491"
"=HYPERLINK(""https://stackoverflow.com/q/53478159"", ""53478159"")",0.7531255502729355,"1","189"
"=HYPERLINK(""https://stackoverflow.com/q/53751429"", ""53751429"")",0.4882976102488297,"0","89"
"=HYPERLINK(""https://stackoverflow.com/q/53842681"", ""53842681"")",0.3477452347745232,"0","353"
"=HYPERLINK(""https://stackoverflow.com/q/53927735"", ""53927735"")",0.4394353369763208,"0","172"
"=HYPERLINK(""https://stackoverflow.com/q/54001787"", ""54001787"")",0.7222222222222221,"0","156"
"=HYPERLINK(""https://stackoverflow.com/q/54161244"", ""54161244"")",0.3408992650237786,"0","27"
"=HYPERLINK(""https://stackoverflow.com/q/54248116"", ""54248116"")",0.7222222222222222,"0","60"
"=HYPERLINK(""https://stackoverflow.com/q/54274604"", ""54274604"")",0.4989020641194557,"0","204"
"=HYPERLINK(""https://stackoverflow.com/q/54372408"", ""54372408"")",0.6443970623075099,"0","1323"
"=HYPERLINK(""https://stackoverflow.com/q/54475094"", ""54475094"")",0.4246762099522834,"3","229"
"=HYPERLINK(""https://stackoverflow.com/q/54628824"", ""54628824"")",0.6056214317083881,"5","4302"
"=HYPERLINK(""https://stackoverflow.com/q/54645844"", ""54645844"")",0.451286261631089,"0","1037"
"=HYPERLINK(""https://stackoverflow.com/q/54648466"", ""54648466"")",0.4939900322486077,"2","184"
"=HYPERLINK(""https://stackoverflow.com/q/54662527"", ""54662527"")",0.7739973701512164,"2","202"
"=HYPERLINK(""https://stackoverflow.com/q/54760591"", ""54760591"")",0.7387785136129508,"1","217"
"=HYPERLINK(""https://stackoverflow.com/q/54875092"", ""54875092"")",0.3310088331008831,"0","217"
"=HYPERLINK(""https://stackoverflow.com/q/54925179"", ""54925179"")",0.5256704980842913,"4","12269"
"=HYPERLINK(""https://stackoverflow.com/q/54991854"", ""54991854"")",0.7519519519519519,"0","831"
"=HYPERLINK(""https://stackoverflow.com/q/55009565"", ""55009565"")",0.4904437965662455,"1","2889"
"=HYPERLINK(""https://stackoverflow.com/q/55136468"", ""55136468"")",0.3866517524235645,"0","315"
"=HYPERLINK(""https://stackoverflow.com/q/55144980"", ""55144980"")",0.3425052410901468,"2","562"
"=HYPERLINK(""https://stackoverflow.com/q/55161617"", ""55161617"")",0.3884872824631861,"2","87"
"=HYPERLINK(""https://stackoverflow.com/q/55202453"", ""55202453"")",0.4691050152396787,"0","74"
"=HYPERLINK(""https://stackoverflow.com/q/55222619"", ""55222619"")",0.3775476660092046,"1","913"
"=HYPERLINK(""https://stackoverflow.com/q/55237671"", ""55237671"")",0.3388570214574039,"1","106"
"=HYPERLINK(""https://stackoverflow.com/q/55344813"", ""55344813"")",0.6121702291546314,"0","156"
"=HYPERLINK(""https://stackoverflow.com/q/55472099"", ""55472099"")",0.254859297940238,"0","2325"
"=HYPERLINK(""https://stackoverflow.com/q/55576332"", ""55576332"")",0.4943996415770607,"1","695"
"=HYPERLINK(""https://stackoverflow.com/q/55593587"", ""55593587"")",0.4161280393967375,"0","77"
"=HYPERLINK(""https://stackoverflow.com/q/55622441"", ""55622441"")",0.388503977418527,"0","47"
"=HYPERLINK(""https://stackoverflow.com/q/55647746"", ""55647746"")",0.4169124877089482,"0","1065"
"=HYPERLINK(""https://stackoverflow.com/q/55729338"", ""55729338"")",0.5951035781544257,"1","585"
"=HYPERLINK(""https://stackoverflow.com/q/55999882"", ""55999882"")",0.5731837606837608,"0","38"
"=HYPERLINK(""https://stackoverflow.com/q/56078834"", ""56078834"")",0.7277654594727766,"0","75"
"=HYPERLINK(""https://stackoverflow.com/q/56140676"", ""56140676"")",0.4407952686548382,"0","384"
"=HYPERLINK(""https://stackoverflow.com/q/56154215"", ""56154215"")",0.7066512879661669,"1","706"
"=HYPERLINK(""https://stackoverflow.com/q/56154406"", ""56154406"")",0.5749494949494949,"1","945"
"=HYPERLINK(""https://stackoverflow.com/q/56165773"", ""56165773"")",0.636968766001024,"0","829"
"=HYPERLINK(""https://stackoverflow.com/q/56228164"", ""56228164"")",0.5199321458863443,"1","205"
"=HYPERLINK(""https://stackoverflow.com/q/56253695"", ""56253695"")",0.4308688387635757,"0","232"
"=HYPERLINK(""https://stackoverflow.com/q/56284033"", ""56284033"")",0.360392569225377,"0","1200"
"=HYPERLINK(""https://stackoverflow.com/q/56498638"", ""56498638"")",0.5224531691044393,"2","116"
"=HYPERLINK(""https://stackoverflow.com/q/56542464"", ""56542464"")",0.4472222222222222,"0","349"
"=HYPERLINK(""https://stackoverflow.com/q/56846853"", ""56846853"")",0.4245568525724167,"0","38"
"=HYPERLINK(""https://stackoverflow.com/q/56872394"", ""56872394"")",0.3374295954941116,"0","438"
"=HYPERLINK(""https://stackoverflow.com/q/56899508"", ""56899508"")",0.7550941945405611,"0","253"
"=HYPERLINK(""https://stackoverflow.com/q/56938161"", ""56938161"")",0.726159230096238,"0","77"
"=HYPERLINK(""https://stackoverflow.com/q/56944870"", ""56944870"")",0.2017304189435338,"0","20"
"=HYPERLINK(""https://stackoverflow.com/q/56966327"", ""56966327"")",0.3609184774233318,"0","77"
"=HYPERLINK(""https://stackoverflow.com/q/57008985"", ""57008985"")",0.5506355063550634,"1","7074"
"=HYPERLINK(""https://stackoverflow.com/q/57021758"", ""57021758"")",0.3678028114769884,"0","668"
"=HYPERLINK(""https://stackoverflow.com/q/57110170"", ""57110170"")",0.617141390813446,"0","136"
"=HYPERLINK(""https://stackoverflow.com/q/57126292"", ""57126292"")",0.3329817158931082,"0","828"
"=HYPERLINK(""https://stackoverflow.com/q/57212646"", ""57212646"")",0.6467505241090148,"1","1817"
"=HYPERLINK(""https://stackoverflow.com/q/57219620"", ""57219620"")",0.8052841114730365,"0","1360"
"=HYPERLINK(""https://stackoverflow.com/q/57314923"", ""57314923"")",0.3590643274853802,"0","183"
"=HYPERLINK(""https://stackoverflow.com/q/57354986"", ""57354986"")",0.5874916833000665,"1","175"
"=HYPERLINK(""https://stackoverflow.com/q/57372691"", ""57372691"")",0.6025903203817315,"1","2253"
"=HYPERLINK(""https://stackoverflow.com/q/57468902"", ""57468902"")",0.4046326456749909,"0","21"
"=HYPERLINK(""https://stackoverflow.com/q/57523823"", ""57523823"")",0.3481668066050933,"0","4774"
"=HYPERLINK(""https://stackoverflow.com/q/57575852"", ""57575852"")",0.3306559571619811,"4","1402"
"=HYPERLINK(""https://stackoverflow.com/q/57623152"", ""57623152"")",0.7950070323488045,"1","418"
"=HYPERLINK(""https://stackoverflow.com/q/57686877"", ""57686877"")",0.3802410901467505,"3","452"
"=HYPERLINK(""https://stackoverflow.com/q/57696411"", ""57696411"")",0.7146591970121382,"0","40"
"=HYPERLINK(""https://stackoverflow.com/q/57766877"", ""57766877"")",0.5063550635506355,"0","48"
"=HYPERLINK(""https://stackoverflow.com/q/57861669"", ""57861669"")",0.3830355309098379,"0","14"
"=HYPERLINK(""https://stackoverflow.com/q/57900028"", ""57900028"")",0.3143274853801169,"1","175"
"=HYPERLINK(""https://stackoverflow.com/q/57927698"", ""57927698"")",0.5598845598845601,"1","3413"
"=HYPERLINK(""https://stackoverflow.com/q/57969107"", ""57969107"")",0.6745299145299144,"0","103"
"=HYPERLINK(""https://stackoverflow.com/q/57982913"", ""57982913"")",0.902444033682481,"0","460"
"=HYPERLINK(""https://stackoverflow.com/q/57984097"", ""57984097"")",0.479139218269653,"0","4996"
"=HYPERLINK(""https://stackoverflow.com/q/58021148"", ""58021148"")",0.2625583566760037,"1","35"
"=HYPERLINK(""https://stackoverflow.com/q/58028882"", ""58028882"")",0.6899145299145298,"1","487"
"=HYPERLINK(""https://stackoverflow.com/q/58032332"", ""58032332"")",0.58677553634326,"1","543"
"=HYPERLINK(""https://stackoverflow.com/q/58053093"", ""58053093"")",0.4635537062721531,"1","721"
"=HYPERLINK(""https://stackoverflow.com/q/58101336"", ""58101336"")",0.503672115612414,"1","870"
"=HYPERLINK(""https://stackoverflow.com/q/58115925"", ""58115925"")",0.3433294886582081,"0","308"
"=HYPERLINK(""https://stackoverflow.com/q/58116800"", ""58116800"")",0.435518621114189,"0","1486"
"=HYPERLINK(""https://stackoverflow.com/q/58118210"", ""58118210"")",0.8477541371158391,"0","193"
"=HYPERLINK(""https://stackoverflow.com/q/58118966"", ""58118966"")",0.535306334371755,"0","314"
"=HYPERLINK(""https://stackoverflow.com/q/58163017"", ""58163017"")",0.4686507936507937,"0","358"
"=HYPERLINK(""https://stackoverflow.com/q/58206798"", ""58206798"")",0.5093758746151693,"0","22"
"=HYPERLINK(""https://stackoverflow.com/q/58207245"", ""58207245"")",0.7075642417661961,"0","871"
"=HYPERLINK(""https://stackoverflow.com/q/58252971"", ""58252971"")",0.6256313131313131,"2","93"
"=HYPERLINK(""https://stackoverflow.com/q/58289430"", ""58289430"")",0.5186211141889812,"0","4051"
"=HYPERLINK(""https://stackoverflow.com/q/58339319"", ""58339319"")",0.7377931564782776,"0","126"
"=HYPERLINK(""https://stackoverflow.com/q/58449923"", ""58449923"")",0.9099692577953448,"1","43"
"=HYPERLINK(""https://stackoverflow.com/q/58510336"", ""58510336"")",0.513256704980843,"0","277"
"=HYPERLINK(""https://stackoverflow.com/q/58639195"", ""58639195"")",0.5413711583924351,"0","3497"
"=HYPERLINK(""https://stackoverflow.com/q/58653035"", ""58653035"")",0.4572452636968765,"0","84"
"=HYPERLINK(""https://stackoverflow.com/q/58660181"", ""58660181"")",0.6052378201424997,"0","147"
"=HYPERLINK(""https://stackoverflow.com/q/58661798"", ""58661798"")",0.570870870870871,"2","64"
"=HYPERLINK(""https://stackoverflow.com/q/58677883"", ""58677883"")",0.4208203530633437,"2","127"
"=HYPERLINK(""https://stackoverflow.com/q/58698583"", ""58698583"")",0.4762637926610211,"2","195"
"=HYPERLINK(""https://stackoverflow.com/q/58703729"", ""58703729"")",0.4893231994209192,"0","41"
"=HYPERLINK(""https://stackoverflow.com/q/58703762"", ""58703762"")",0.5275913497390006,"0","58"
"=HYPERLINK(""https://stackoverflow.com/q/58715146"", ""58715146"")",0.365980103685022,"0","402"
"=HYPERLINK(""https://stackoverflow.com/q/58726753"", ""58726753"")",0.4902444033682481,"2","203"
"=HYPERLINK(""https://stackoverflow.com/q/58730563"", ""58730563"")",0.5884872824631859,"0","152"
"=HYPERLINK(""https://stackoverflow.com/q/58839197"", ""58839197"")",0.5924349881796691,"5","4499"
"=HYPERLINK(""https://stackoverflow.com/q/58841047"", ""58841047"")",0.9140826873385012,"2","118"
"=HYPERLINK(""https://stackoverflow.com/q/58914330"", ""58914330"")",0.3493408662900188,"0","540"
"=HYPERLINK(""https://stackoverflow.com/q/58985798"", ""58985798"")",0.4588959962094291,"0","72"
"=HYPERLINK(""https://stackoverflow.com/q/59029392"", ""59029392"")",0.6237000547345375,"1","315"
"=HYPERLINK(""https://stackoverflow.com/q/59056033"", ""59056033"")",0.5361757105943156,"0","48"
"=HYPERLINK(""https://stackoverflow.com/q/59061852"", ""59061852"")",0.6520864756158874,"0","368"
"=HYPERLINK(""https://stackoverflow.com/q/59202953"", ""59202953"")",0.8839869281045751,"0","2995"
"=HYPERLINK(""https://stackoverflow.com/q/59251524"", ""59251524"")",0.9149174363280156,"3","333"
"=HYPERLINK(""https://stackoverflow.com/q/59268690"", ""59268690"")",0.4016417472881854,"0","888"
"=HYPERLINK(""https://stackoverflow.com/q/59283319"", ""59283319"")",0.6823449216087253,"0","2576"
"=HYPERLINK(""https://stackoverflow.com/q/59293403"", ""59293403"")",0.4819624819624819,"1","272"
"=HYPERLINK(""https://stackoverflow.com/q/59370100"", ""59370100"")",0.7483760683760684,"1","4696"
"=HYPERLINK(""https://stackoverflow.com/q/59445150"", ""59445150"")",0.304696449026346,"0","82"
"=HYPERLINK(""https://stackoverflow.com/q/59516378"", ""59516378"")",0.4655850540806298,"0","990"
"=HYPERLINK(""https://stackoverflow.com/q/59524629"", ""59524629"")",0.4330917874396136,"0","738"
"=HYPERLINK(""https://stackoverflow.com/q/59631930"", ""59631930"")",0.3565505804311775,"0","257"
"=HYPERLINK(""https://stackoverflow.com/q/59733273"", ""59733273"")",0.6012309685779073,"0","175"
"=HYPERLINK(""https://stackoverflow.com/q/59962143"", ""59962143"")",0.5473755964553508,"0","543"
"=HYPERLINK(""https://stackoverflow.com/q/60007185"", ""60007185"")",0.5141685309470546,"0","129"
"=HYPERLINK(""https://stackoverflow.com/q/60041776"", ""60041776"")",0.4886582083813917,"0","295"
"=HYPERLINK(""https://stackoverflow.com/q/60149099"", ""60149099"")",0.5354517942066579,"0","1619"
"=HYPERLINK(""https://stackoverflow.com/q/60223835"", ""60223835"")",0.361397479954181,"0","39"
"=HYPERLINK(""https://stackoverflow.com/q/60266770"", ""60266770"")",0.4583845838458385,"0","407"
"=HYPERLINK(""https://stackoverflow.com/q/60312818"", ""60312818"")",0.7166789849716678,"0","324"
"=HYPERLINK(""https://stackoverflow.com/q/60357457"", ""60357457"")",0.2693136349646046,"0","247"
"=HYPERLINK(""https://stackoverflow.com/q/60370378"", ""60370378"")",0.7760683760683759,"0","86"
"=HYPERLINK(""https://stackoverflow.com/q/60416906"", ""60416906"")",0.2439613526570049,"0","543"
"=HYPERLINK(""https://stackoverflow.com/q/60430208"", ""60430208"")",0.4496274700356335,"0","144"
"=HYPERLINK(""https://stackoverflow.com/q/60444895"", ""60444895"")",0.542581503659348,"0","518"
"=HYPERLINK(""https://stackoverflow.com/q/60445843"", ""60445843"")",0.4776844070961717,"0","139"
"=HYPERLINK(""https://stackoverflow.com/q/60542931"", ""60542931"")",0.3947574334898277,"1","116"
"=HYPERLINK(""https://stackoverflow.com/q/60551702"", ""60551702"")",0.5324715297014466,"0","72"
"=HYPERLINK(""https://stackoverflow.com/q/60589915"", ""60589915"")",0.5712526931363497,"2","637"
"=HYPERLINK(""https://stackoverflow.com/q/60661176"", ""60661176"")",0.4816816816816818,"0","33"
"=HYPERLINK(""https://stackoverflow.com/q/60684302"", ""60684302"")",0.4797072521623419,"0","127"
"=HYPERLINK(""https://stackoverflow.com/q/60693819"", ""60693819"")",0.3911972914742997,"1","514"
"=HYPERLINK(""https://stackoverflow.com/q/60706826"", ""60706826"")",0.9498817966903071,"1","58"
"=HYPERLINK(""https://stackoverflow.com/q/60716376"", ""60716376"")",0.5924924924924925,"1","139"
"=HYPERLINK(""https://stackoverflow.com/q/60763258"", ""60763258"")",0.5759507117059698,"1","2920"
"=HYPERLINK(""https://stackoverflow.com/q/60815364"", ""60815364"")",0.587558880576337,"1","185"
"=HYPERLINK(""https://stackoverflow.com/q/60827803"", ""60827803"")",0.5509419454056134,"1","536"
"=HYPERLINK(""https://stackoverflow.com/q/60841788"", ""60841788"")",0.3825720764496275,"0","38"
"=HYPERLINK(""https://stackoverflow.com/q/61238595"", ""61238595"")",0.3385657125269314,"1","160"
"=HYPERLINK(""https://stackoverflow.com/q/61266423"", ""61266423"")",0.3967374576792858,"0","183"
"=HYPERLINK(""https://stackoverflow.com/q/61332655"", ""61332655"")",0.4496658312447787,"1","656"
"=HYPERLINK(""https://stackoverflow.com/q/61374715"", ""61374715"")",0.6281262812628126,"0","67"
"=HYPERLINK(""https://stackoverflow.com/q/61452894"", ""61452894"")",0.5006006006006006,"0","1786"
"=HYPERLINK(""https://stackoverflow.com/q/61526756"", ""61526756"")",0.6809378185524976,"0","698"
"=HYPERLINK(""https://stackoverflow.com/q/61594436"", ""61594436"")",0.4109014675052411,"2","118"
"=HYPERLINK(""https://stackoverflow.com/q/61597162"", ""61597162"")",0.4144097222222225,"0","287"
"=HYPERLINK(""https://stackoverflow.com/q/61642239"", ""61642239"")",0.5588805763369354,"0","150"
"=HYPERLINK(""https://stackoverflow.com/q/61672841"", ""61672841"")",0.5786236063052673,"0","261"
"=HYPERLINK(""https://stackoverflow.com/q/61755782"", ""61755782"")",0.3477696674776968,"1","89"
"=HYPERLINK(""https://stackoverflow.com/q/61818685"", ""61818685"")",0.4405766526019689,"0","247"
"=HYPERLINK(""https://stackoverflow.com/q/61854113"", ""61854113"")",0.6912487708947883,"0","29"
"=HYPERLINK(""https://stackoverflow.com/q/61867669"", ""61867669"")",0.3842775581906018,"0","83"
"=HYPERLINK(""https://stackoverflow.com/q/61907081"", ""61907081"")",0.6063052672049212,"0","48"
"=HYPERLINK(""https://stackoverflow.com/q/61925890"", ""61925890"")",0.507061425897567,"3","605"
"=HYPERLINK(""https://stackoverflow.com/q/61932638"", ""61932638"")",0.5712155108128262,"0","58"
"=HYPERLINK(""https://stackoverflow.com/q/61977505"", ""61977505"")",0.4900793650793651,"1","637"
"=HYPERLINK(""https://stackoverflow.com/q/62022772"", ""62022772"")",0.7975646879756468,"0","866"
"=HYPERLINK(""https://stackoverflow.com/q/62049728"", ""62049728"")",0.9172314643663998,"0","222"
"=HYPERLINK(""https://stackoverflow.com/q/62076983"", ""62076983"")",0.5251538183134273,"0","618"
"=HYPERLINK(""https://stackoverflow.com/q/62080130"", ""62080130"")",0.43729982754373,"0","322"
"=HYPERLINK(""https://stackoverflow.com/q/62099257"", ""62099257"")",0.67747514051016,"0","318"
"=HYPERLINK(""https://stackoverflow.com/q/62107434"", ""62107434"")",0.5989535241612803,"1","282"
"=HYPERLINK(""https://stackoverflow.com/q/62169005"", ""62169005"")",0.2345299145299147,"0","21"
"=HYPERLINK(""https://stackoverflow.com/q/62207558"", ""62207558"")",0.4873228933631621,"0","110"
"=HYPERLINK(""https://stackoverflow.com/q/62396548"", ""62396548"")",0.5370505640775911,"3","312"
"=HYPERLINK(""https://stackoverflow.com/q/62413520"", ""62413520"")",0.42869371682931,"0","46"
"=HYPERLINK(""https://stackoverflow.com/q/62450821"", ""62450821"")",0.3787571766295171,"0","41"
"=HYPERLINK(""https://stackoverflow.com/q/62464555"", ""62464555"")",0.8235015399194504,"0","80"
"=HYPERLINK(""https://stackoverflow.com/q/62538937"", ""62538937"")",0.2821300563236046,"0","30"
"=HYPERLINK(""https://stackoverflow.com/q/62549443"", ""62549443"")",0.553256704980843,"1","26"
"=HYPERLINK(""https://stackoverflow.com/q/62568322"", ""62568322"")",0.5079365079365079,"0","101"
"=HYPERLINK(""https://stackoverflow.com/q/62569064"", ""62569064"")",0.5481645725548165,"0","273"
"=HYPERLINK(""https://stackoverflow.com/q/62624420"", ""62624420"")",0.5737259816207186,"4","5243"
"=HYPERLINK(""https://stackoverflow.com/q/62748777"", ""62748777"")",0.7413711583924351,"0","31"
"=HYPERLINK(""https://stackoverflow.com/q/62777827"", ""62777827"")",0.7017402945113788,"0","2474"
"=HYPERLINK(""https://stackoverflow.com/q/62798621"", ""62798621"")",0.4627882599580714,"0","131"
"=HYPERLINK(""https://stackoverflow.com/q/62816180"", ""62816180"")",0.4817158931082981,"1","32"
"=HYPERLINK(""https://stackoverflow.com/q/62843507"", ""62843507"")",0.416473956612708,"0","36"
"=HYPERLINK(""https://stackoverflow.com/q/62899765"", ""62899765"")",0.4734785036292572,"0","388"
"=HYPERLINK(""https://stackoverflow.com/q/62924005"", ""62924005"")",0.6535199321458863,"0","51"
"=HYPERLINK(""https://stackoverflow.com/q/62928707"", ""62928707"")",0.6640826873385013,"0","32"
"=HYPERLINK(""https://stackoverflow.com/q/62940172"", ""62940172"")",0.4062713019768232,"0","256"
"=HYPERLINK(""https://stackoverflow.com/q/62964439"", ""62964439"")",0.2961772061450519,"1","22"
"=HYPERLINK(""https://stackoverflow.com/q/62998215"", ""62998215"")",0.6784434203789041,"0","959"
"=HYPERLINK(""https://stackoverflow.com/q/63008400"", ""63008400"")",0.508353609083536,"0","125"
"=HYPERLINK(""https://stackoverflow.com/q/63037425"", ""63037425"")",0.3883460007238509,"0","151"
"=HYPERLINK(""https://stackoverflow.com/q/63088393"", ""63088393"")",0.3522861881070836,"0","134"
"=HYPERLINK(""https://stackoverflow.com/q/63098202"", ""63098202"")",0.3650793650793651,"0","915"
"=HYPERLINK(""https://stackoverflow.com/q/63129359"", ""63129359"")",0.3590643274853803,"0","56"
"=HYPERLINK(""https://stackoverflow.com/q/63130665"", ""63130665"")",0.7376861397479954,"1","182"
"=HYPERLINK(""https://stackoverflow.com/q/63189232"", ""63189232"")",0.7260390161153518,"0","734"
"=HYPERLINK(""https://stackoverflow.com/q/63239370"", ""63239370"")",0.6993373401140395,"0","2624"
"=HYPERLINK(""https://stackoverflow.com/q/63247793"", ""63247793"")",0.6828133552271483,"0","155"
"=HYPERLINK(""https://stackoverflow.com/q/63257378"", ""63257378"")",0.5270081164287713,"3","169"
"=HYPERLINK(""https://stackoverflow.com/q/63265753"", ""63265753"")",0.7443897099069512,"0","1977"
"=HYPERLINK(""https://stackoverflow.com/q/63328532"", ""63328532"")",0.6520094562647754,"2","107"
"=HYPERLINK(""https://stackoverflow.com/q/63349915"", ""63349915"")",0.7439613526570046,"0","35"
"=HYPERLINK(""https://stackoverflow.com/q/63354820"", ""63354820"")",0.579365079365079,"0","45"
"=HYPERLINK(""https://stackoverflow.com/q/63401491"", ""63401491"")",0.6434988179669031,"1","121"
"=HYPERLINK(""https://stackoverflow.com/q/63403690"", ""63403690"")",0.7865309038942483,"0","267"
"=HYPERLINK(""https://stackoverflow.com/q/63438004"", ""63438004"")",0.5046429715017612,"0","444"
"=HYPERLINK(""https://stackoverflow.com/q/63460159"", ""63460159"")",0.4770698676515851,"0","91"
"=HYPERLINK(""https://stackoverflow.com/q/63466174"", ""63466174"")",0.4336316181953768,"0","42"
"=HYPERLINK(""https://stackoverflow.com/q/63474260"", ""63474260"")",0.5767928593413357,"1","2508"
"=HYPERLINK(""https://stackoverflow.com/q/63482856"", ""63482856"")",0.4734785036292572,"0","8"
"=HYPERLINK(""https://stackoverflow.com/q/63483294"", ""63483294"")",0.36199167467179,"1","66"
"=HYPERLINK(""https://stackoverflow.com/q/63494349"", ""63494349"")",0.4337606837606838,"1","250"
"=HYPERLINK(""https://stackoverflow.com/q/63541995"", ""63541995"")",0.5830176767676766,"0","43"
"=HYPERLINK(""https://stackoverflow.com/q/63564477"", ""63564477"")",0.4785036292573978,"0","18"
"=HYPERLINK(""https://stackoverflow.com/q/63566107"", ""63566107"")",0.3145601397074875,"0","181"
"=HYPERLINK(""https://stackoverflow.com/q/63605113"", ""63605113"")",0.4078509647371922,"0","27"
"=HYPERLINK(""https://stackoverflow.com/q/63607757"", ""63607757"")",0.7114114114114113,"1","264"
"=HYPERLINK(""https://stackoverflow.com/q/63629631"", ""63629631"")",0.5653956539565397,"0","32"
"=HYPERLINK(""https://stackoverflow.com/q/63660572"", ""63660572"")",0.5779269202087994,"2","137"
"=HYPERLINK(""https://stackoverflow.com/q/63678354"", ""63678354"")",0.6713240186294077,"0","345"
"=HYPERLINK(""https://stackoverflow.com/q/63679322"", ""63679322"")",0.2887246852764092,"0","1231"
"=HYPERLINK(""https://stackoverflow.com/q/63749713"", ""63749713"")",0.4079929732103644,"0","70"
"=HYPERLINK(""https://stackoverflow.com/q/63771666"", ""63771666"")",0.3694614860259031,"0","46"
"=HYPERLINK(""https://stackoverflow.com/q/63894433"", ""63894433"")",0.745158002038736,"0","55"
"=HYPERLINK(""https://stackoverflow.com/q/63895767"", ""63895767"")",0.3176717227771611,"0","466"
"=HYPERLINK(""https://stackoverflow.com/q/63901924"", ""63901924"")",0.6595938854665752,"1","415"
"=HYPERLINK(""https://stackoverflow.com/q/63901960"", ""63901960"")",0.4935790061418199,"0","387"
"=HYPERLINK(""https://stackoverflow.com/q/63912075"", ""63912075"")",0.7083760683760683,"0","104"
"=HYPERLINK(""https://stackoverflow.com/q/64006637"", ""64006637"")",0.4758665370910269,"2","185"
"=HYPERLINK(""https://stackoverflow.com/q/64031679"", ""64031679"")",0.266924208977189,"0","58"
"=HYPERLINK(""https://stackoverflow.com/q/64045043"", ""64045043"")",0.3126744835287546,"1","104"
"=HYPERLINK(""https://stackoverflow.com/q/64109250"", ""64109250"")",0.3799403430275916,"0","99"
"=HYPERLINK(""https://stackoverflow.com/q/64222041"", ""64222041"")",0.8305171530977983,"0","52"
"=HYPERLINK(""https://stackoverflow.com/q/64242896"", ""64242896"")",0.5104705592510472,"0","39"
"=HYPERLINK(""https://stackoverflow.com/q/64287824"", ""64287824"")",0.3189203354297695,"0","57"
"=HYPERLINK(""https://stackoverflow.com/q/64292180"", ""64292180"")",0.702991452991453,"0","18"
"=HYPERLINK(""https://stackoverflow.com/q/64293184"", ""64293184"")",0.7822222222222223,"0","285"
"=HYPERLINK(""https://stackoverflow.com/q/64323818"", ""64323818"")",0.3297140788997467,"0","54"
"=HYPERLINK(""https://stackoverflow.com/q/64404906"", ""64404906"")",0.442911877394636,"0","20"
"=HYPERLINK(""https://stackoverflow.com/q/64419553"", ""64419553"")",0.8081741630724995,"0","280"
"=HYPERLINK(""https://stackoverflow.com/q/64430566"", ""64430566"")",0.41084497671324,"0","194"
"=HYPERLINK(""https://stackoverflow.com/q/64466072"", ""64466072"")",0.8408474993840844,"0","72"
"=HYPERLINK(""https://stackoverflow.com/q/64469446"", ""64469446"")",0.6911877394636016,"0","15"
"=HYPERLINK(""https://stackoverflow.com/q/64483795"", ""64483795"")",0.3864932694501481,"0","35"
"=HYPERLINK(""https://stackoverflow.com/q/64507615"", ""64507615"")",0.8992133726647,"0","225"
"=HYPERLINK(""https://stackoverflow.com/q/64517796"", ""64517796"")",0.6497031382527566,"0","73"
"=HYPERLINK(""https://stackoverflow.com/q/64525409"", ""64525409"")",0.89093387866394,"1","100"
"=HYPERLINK(""https://stackoverflow.com/q/64590383"", ""64590383"")",0.3189964157706089,"0","69"
"=HYPERLINK(""https://stackoverflow.com/q/64645006"", ""64645006"")",0.6075433231396532,"0","93"
"=HYPERLINK(""https://stackoverflow.com/q/64668629"", ""64668629"")",0.4573573573573571,"0","162"
"=HYPERLINK(""https://stackoverflow.com/q/64670675"", ""64670675"")",0.5411411411411411,"0","28"
"=HYPERLINK(""https://stackoverflow.com/q/64707003"", ""64707003"")",0.5115839243498819,"0","33"
"=HYPERLINK(""https://stackoverflow.com/q/64719993"", ""64719993"")",0.4143404488232075,"0","128"
"=HYPERLINK(""https://stackoverflow.com/q/64739147"", ""64739147"")",0.5469454694546945,"0","131"
"=HYPERLINK(""https://stackoverflow.com/q/64802790"", ""64802790"")",0.3231994209192906,"0","16"
"=HYPERLINK(""https://stackoverflow.com/q/64897889"", ""64897889"")",0.2766155276615525,"0","81"
"=HYPERLINK(""https://stackoverflow.com/q/64951256"", ""64951256"")",0.7436507936507937,"1","310"
"=HYPERLINK(""https://stackoverflow.com/q/64973306"", ""64973306"")",0.4843843843843843,"0","55"
"=HYPERLINK(""https://stackoverflow.com/q/65039618"", ""65039618"")",0.6598953524161281,"0","48"
"=HYPERLINK(""https://stackoverflow.com/q/65098170"", ""65098170"")",0.4511239563262684,"0","36"
"=HYPERLINK(""https://stackoverflow.com/q/65102314"", ""65102314"")",0.2798591098302914,"0","59"
"=HYPERLINK(""https://stackoverflow.com/q/65196999"", ""65196999"")",0.5925321732825813,"0","51"
"=HYPERLINK(""https://stackoverflow.com/q/65197117"", ""65197117"")",0.6184486373165621,"0","56"
"=HYPERLINK(""https://stackoverflow.com/q/65273589"", ""65273589"")",0.4543390105433904,"1","94"
"=HYPERLINK(""https://stackoverflow.com/q/65367388"", ""65367388"")",0.4584031267448351,"0","833"
"=HYPERLINK(""https://stackoverflow.com/q/65404694"", ""65404694"")",0.7487708947885938,"1","77"
"=HYPERLINK(""https://stackoverflow.com/q/65441825"", ""65441825"")",0.9215893108298172,"0","64"
"=HYPERLINK(""https://stackoverflow.com/q/65490926"", ""65490926"")",0.3264567499095187,"0","249"
"=HYPERLINK(""https://stackoverflow.com/q/65550370"", ""65550370"")",0.955121245023525,"0","33"
"=HYPERLINK(""https://stackoverflow.com/q/65631017"", ""65631017"")",0.544337606837607,"0","34"
"=HYPERLINK(""https://stackoverflow.com/q/65670648"", ""65670648"")",0.6272642390289449,"2","49"
"=HYPERLINK(""https://stackoverflow.com/q/65700754"", ""65700754"")",0.4095573145705072,"0","76"
"=HYPERLINK(""https://stackoverflow.com/q/65790378"", ""65790378"")",0.6563539587491679,"0","11"
"=HYPERLINK(""https://stackoverflow.com/q/65791998"", ""65791998"")",0.4191452991452992,"0","19"
"=HYPERLINK(""https://stackoverflow.com/q/65874603"", ""65874603"")",0.519690576652602,"0","10"
"=HYPERLINK(""https://stackoverflow.com/q/65899856"", ""65899856"")",0.548878616675227,"1","49"
"=HYPERLINK(""https://stackoverflow.com/q/65915951"", ""65915951"")",0.3961352657004831,"2","44"
"=HYPERLINK(""https://stackoverflow.com/q/65922120"", ""65922120"")",0.4553049289891395,"1","137"
"=HYPERLINK(""https://stackoverflow.com/q/65969803"", ""65969803"")",0.3722222222222223,"0","37"
"=HYPERLINK(""https://stackoverflow.com/q/66046509"", ""66046509"")",0.5007936507936508,"1","11"
"=HYPERLINK(""https://stackoverflow.com/q/66120680"", ""66120680"")",0.2451414019568421,"0","24"
"=HYPERLINK(""https://stackoverflow.com/q/66137470"", ""66137470"")",0.4670675830469644,"0","60"
"=HYPERLINK(""https://stackoverflow.com/q/66154546"", ""66154546"")",0.5091074681238615,"0","21"
"=HYPERLINK(""https://stackoverflow.com/q/66168802"", ""66168802"")",0.448823207443897,"0","20"
"=HYPERLINK(""https://stackoverflow.com/q/66186309"", ""66186309"")",0.2052009456264775,"0","19"
"=HYPERLINK(""https://stackoverflow.com/q/66330194"", ""66330194"")",0.7336726039016115,"0","42"
"=HYPERLINK(""https://stackoverflow.com/q/66347776"", ""66347776"")",0.4930280346396594,"0","33"
"=HYPERLINK(""https://stackoverflow.com/q/66441943"", ""66441943"")",0.7086204811993712,"0","34"
"=HYPERLINK(""https://stackoverflow.com/q/66476289"", ""66476289"")",0.493214588634436,"0","25"
"=HYPERLINK(""https://stackoverflow.com/q/66505118"", ""66505118"")",0.4488232074438969,"0","42"
"=HYPERLINK(""https://stackoverflow.com/q/66581280"", ""66581280"")",0.771629336846728,"1","92"
"=HYPERLINK(""https://stackoverflow.com/q/66594197"", ""66594197"")",0.5530411877394636,"1","63"
"=HYPERLINK(""https://stackoverflow.com/q/66599551"", ""66599551"")",0.5740137531668476,"1","487"
"=HYPERLINK(""https://stackoverflow.com/q/66661175"", ""66661175"")",0.5739463601532568,"0","9"
"=HYPERLINK(""https://stackoverflow.com/q/66731675"", ""66731675"")",0.6810750900526463,"2","28"
"=HYPERLINK(""https://stackoverflow.com/q/66764859"", ""66764859"")",0.5855440215301806,"0","15"
"=HYPERLINK(""https://stackoverflow.com/q/66953454"", ""66953454"")",0.3431899641577061,"0","41"
"=HYPERLINK(""https://stackoverflow.com/q/66965299"", ""66965299"")",0.5473453749315819,"0","32"
"=HYPERLINK(""https://stackoverflow.com/q/67009849"", ""67009849"")",0.5770609318996417,"0","10"
"=HYPERLINK(""https://stackoverflow.com/q/67074323"", ""67074323"")",0.4129095836412907,"0","14"
"=HYPERLINK(""https://stackoverflow.com/q/67121764"", ""67121764"")",0.490695128626163,"0","9"
"=HYPERLINK(""https://stackoverflow.com/q/67176977"", ""67176977"")",0.394392033542977,"0","178"
"=HYPERLINK(""https://stackoverflow.com/q/67178338"", ""67178338"")",0.4618535586277521,"0","34"
"=HYPERLINK(""https://stackoverflow.com/q/67196568"", ""67196568"")",0.6171638564634674,"0","29"
"=HYPERLINK(""https://stackoverflow.com/q/67212292"", ""67212292"")",0.5775081840939728,"2","21"
"=HYPERLINK(""https://stackoverflow.com/q/67237107"", ""67237107"")",0.6644332774986039,"0","25"
"=HYPERLINK(""https://stackoverflow.com/q/67244721"", ""67244721"")",0.3310088331008831,"0","4"
"=HYPERLINK(""https://stackoverflow.com/q/67287511"", ""67287511"")",0.4840565417488494,"0","22"
"=HYPERLINK(""https://stackoverflow.com/q/67299106"", ""67299106"")",0.7886779184247538,"0","12"
"=HYPERLINK(""https://stackoverflow.com/q/67302327"", ""67302327"")",0.2787439613526569,"0","30"
"=HYPERLINK(""https://stackoverflow.com/q/67347978"", ""67347978"")",0.5762762762762763,"0","4"
"=HYPERLINK(""https://stackoverflow.com/q/67370730"", ""67370730"")",0.1981926473608544,"0","38"
"=HYPERLINK(""https://stackoverflow.com/q/67405293"", ""67405293"")",0.7402277623884272,"0","11"
"=HYPERLINK(""https://stackoverflow.com/q/67406513"", ""67406513"")",0.5722222222222223,"3","53"
"=HYPERLINK(""https://stackoverflow.com/q/67422890"", ""67422890"")",0.7324263038548753,"0","12"
"=HYPERLINK(""https://stackoverflow.com/q/67439031"", ""67439031"")",0.369979478158898,"1","42"
"=HYPERLINK(""https://stackoverflow.com/q/67483795"", ""67483795"")",0.3541483435942539,"1","361"
"=HYPERLINK(""https://stackoverflow.com/q/67489782"", ""67489782"")",0.3076847772883017,"0","34"
"=HYPERLINK(""https://stackoverflow.com/q/67515303"", ""67515303"")",0.4359425388449134,"1","29"
"=HYPERLINK(""https://stackoverflow.com/q/67521536"", ""67521536"")",0.3066378066378065,"0","5"
"=HYPERLINK(""https://stackoverflow.com/q/67593009"", ""67593009"")",0.4537493158182812,"0","15"
"=HYPERLINK(""https://stackoverflow.com/q/67595348"", ""67595348"")",0.3571547559553557,"0","7"
"=HYPERLINK(""https://stackoverflow.com/q/67637501"", ""67637501"")",0.4268111323560652,"0","17"
