"link","Correlation","score","view_count"
"=HYPERLINK(""https://stackoverflow.com/q/103616"", ""103616"")",0.2652991452991453,"2","2444"
"=HYPERLINK(""https://stackoverflow.com/q/307048"", ""307048"")",0.4202087994034304,"1","4095"
"=HYPERLINK(""https://stackoverflow.com/q/1107336"", ""1107336"")",0.3638151425762049,"1","770"
"=HYPERLINK(""https://stackoverflow.com/q/1453911"", ""1453911"")",0.4798909338786635,"2","1248"
"=HYPERLINK(""https://stackoverflow.com/q/1507718"", ""1507718"")",0.4181556787841448,"18","21462"
"=HYPERLINK(""https://stackoverflow.com/q/2277144"", ""2277144"")",0.2941011629536223,"2","4318"
"=HYPERLINK(""https://stackoverflow.com/q/3658202"", ""3658202"")",0.677032717849045,"0","128"
"=HYPERLINK(""https://stackoverflow.com/q/4165830"", ""4165830"")",0.337266470009833,"1","573"
"=HYPERLINK(""https://stackoverflow.com/q/4334583"", ""4334583"")",0.5275319567354969,"2","1825"
"=HYPERLINK(""https://stackoverflow.com/q/4420239"", ""4420239"")",0.2970144659895353,"3","1398"
"=HYPERLINK(""https://stackoverflow.com/q/4813597"", ""4813597"")",0.8807588075880756,"0","1309"
"=HYPERLINK(""https://stackoverflow.com/q/4889953"", ""4889953"")",0.4294000362515861,"5","3535"
"=HYPERLINK(""https://stackoverflow.com/q/4933092"", ""4933092"")",0.5074571215510816,"0","3311"
"=HYPERLINK(""https://stackoverflow.com/q/4953690"", ""4953690"")",0.346360153256705,"4","10764"
"=HYPERLINK(""https://stackoverflow.com/q/5719551"", ""5719551"")",0.3425347222222226,"1","1630"
"=HYPERLINK(""https://stackoverflow.com/q/6178504"", ""6178504"")",0.4550466497031386,"0","337"
"=HYPERLINK(""https://stackoverflow.com/q/6344284"", ""6344284"")",0.5602904040404038,"1","3846"
"=HYPERLINK(""https://stackoverflow.com/q/6371908"", ""6371908"")",0.2410901467505241,"0","1718"
"=HYPERLINK(""https://stackoverflow.com/q/6388359"", ""6388359"")",0.5054734537493152,"1","1873"
"=HYPERLINK(""https://stackoverflow.com/q/6614226"", ""6614226"")",0.2358462004238571,"0","602"
"=HYPERLINK(""https://stackoverflow.com/q/6730983"", ""6730983"")",0.3726647000983287,"0","268"
"=HYPERLINK(""https://stackoverflow.com/q/7219735"", ""7219735"")",0.4190726159230101,"0","167"
"=HYPERLINK(""https://stackoverflow.com/q/7284626"", ""7284626"")",0.5687568756875685,"0","669"
"=HYPERLINK(""https://stackoverflow.com/q/7338988"", ""7338988"")",0.5825163398692811,"1","1531"
"=HYPERLINK(""https://stackoverflow.com/q/7796988"", ""7796988"")",0.4558129558129558,"1","1881"
"=HYPERLINK(""https://stackoverflow.com/q/7807979"", ""7807979"")",0.3011695906432751,"0","445"
"=HYPERLINK(""https://stackoverflow.com/q/8098973"", ""8098973"")",0.4805248052480525,"0","317"
"=HYPERLINK(""https://stackoverflow.com/q/8135951"", ""8135951"")",0.6068376068376075,"1","4869"
"=HYPERLINK(""https://stackoverflow.com/q/8155259"", ""8155259"")",0.2313407632556569,"0","1545"
"=HYPERLINK(""https://stackoverflow.com/q/8179052"", ""8179052"")",0.7509107468123869,"0","1727"
"=HYPERLINK(""https://stackoverflow.com/q/8346348"", ""8346348"")",0.5163398692810454,"2","2413"
"=HYPERLINK(""https://stackoverflow.com/q/8377510"", ""8377510"")",0.5670498084291188,"11","6344"
"=HYPERLINK(""https://stackoverflow.com/q/8564658"", ""8564658"")",0.6115664845173047,"4","987"
"=HYPERLINK(""https://stackoverflow.com/q/8712820"", ""8712820"")",0.3298171589310828,"6","235"
"=HYPERLINK(""https://stackoverflow.com/q/8805608"", ""8805608"")",0.4741306191687874,"0","566"
"=HYPERLINK(""https://stackoverflow.com/q/9059210"", ""9059210"")",0.553617571059431,"0","1354"
"=HYPERLINK(""https://stackoverflow.com/q/9081875"", ""9081875"")",0.526019690576652,"2","2608"
"=HYPERLINK(""https://stackoverflow.com/q/9161333"", ""9161333"")",0.4411411411411408,"0","1596"
"=HYPERLINK(""https://stackoverflow.com/q/9259237"", ""9259237"")",0.1826469326469326,"2","1838"
"=HYPERLINK(""https://stackoverflow.com/q/9393641"", ""9393641"")",0.4734785036292571,"1","2203"
"=HYPERLINK(""https://stackoverflow.com/q/9587484"", ""9587484"")",0.3675710594315242,"7","1425"
"=HYPERLINK(""https://stackoverflow.com/q/9607661"", ""9607661"")",0.3910533910533908,"0","967"
"=HYPERLINK(""https://stackoverflow.com/q/9616176"", ""9616176"")",0.6290018832391708,"0","1410"
"=HYPERLINK(""https://stackoverflow.com/q/9632570"", ""9632570"")",0.333105179101072,"0","3082"
"=HYPERLINK(""https://stackoverflow.com/q/10047246"", ""10047246"")",0.3635265700483088,"4","902"
"=HYPERLINK(""https://stackoverflow.com/q/10107308"", ""10107308"")",0.1597222222222223,"0","58"
"=HYPERLINK(""https://stackoverflow.com/q/10126227"", ""10126227"")",0.540806293018683,"2","3986"
"=HYPERLINK(""https://stackoverflow.com/q/10214292"", ""10214292"")",0.4050477069867652,"4","1189"
"=HYPERLINK(""https://stackoverflow.com/q/10421162"", ""10421162"")",0.3030605455755155,"0","64"
"=HYPERLINK(""https://stackoverflow.com/q/10545466"", ""10545466"")",0.2910558742298704,"0","2010"
"=HYPERLINK(""https://stackoverflow.com/q/10821430"", ""10821430"")",0.5137674117265961,"2","1154"
"=HYPERLINK(""https://stackoverflow.com/q/10911269"", ""10911269"")",0.3449216087252895,"0","149"
"=HYPERLINK(""https://stackoverflow.com/q/10926521"", ""10926521"")",0.5426642111724986,"0","186"
"=HYPERLINK(""https://stackoverflow.com/q/10938957"", ""10938957"")",0.3844613114062834,"1","593"
"=HYPERLINK(""https://stackoverflow.com/q/10943030"", ""10943030"")",0.510310864881502,"0","82"
"=HYPERLINK(""https://stackoverflow.com/q/11125605"", ""11125605"")",0.4987847222222229,"0","220"
"=HYPERLINK(""https://stackoverflow.com/q/11146286"", ""11146286"")",0.4842911877394637,"3","1503"
"=HYPERLINK(""https://stackoverflow.com/q/11156810"", ""11156810"")",0.3301249577845324,"5","6590"
"=HYPERLINK(""https://stackoverflow.com/q/11342109"", ""11342109"")",0.6497031382527572,"1","1124"
"=HYPERLINK(""https://stackoverflow.com/q/11342889"", ""11342889"")",0.7047803617571051,"1","2090"
"=HYPERLINK(""https://stackoverflow.com/q/11416315"", ""11416315"")",0.3066378066378064,"0","263"
"=HYPERLINK(""https://stackoverflow.com/q/11586739"", ""11586739"")",0.4570507182644388,"1","4769"
"=HYPERLINK(""https://stackoverflow.com/q/11647053"", ""11647053"")",0.7831978319783194,"3","2001"
"=HYPERLINK(""https://stackoverflow.com/q/11648514"", ""11648514"")",0.590320381731424,"0","225"
"=HYPERLINK(""https://stackoverflow.com/q/11666525"", ""11666525"")",0.5071059431524544,"1","5100"
"=HYPERLINK(""https://stackoverflow.com/q/12099347"", ""12099347"")",0.4675052410901469,"2","1105"
"=HYPERLINK(""https://stackoverflow.com/q/12109820"", ""12109820"")",0.3604710701484892,"0","7433"
"=HYPERLINK(""https://stackoverflow.com/q/12323098"", ""12323098"")",0.4936507936507937,"2","2206"
"=HYPERLINK(""https://stackoverflow.com/q/12401859"", ""12401859"")",0.823183760683761,"0","793"
"=HYPERLINK(""https://stackoverflow.com/q/12515826"", ""12515826"")",0.664845173041895,"0","924"
"=HYPERLINK(""https://stackoverflow.com/q/12532213"", ""12532213"")",0.6264775413711584,"0","1831"
"=HYPERLINK(""https://stackoverflow.com/q/12614992"", ""12614992"")",0.5098328416912492,"0","648"
"=HYPERLINK(""https://stackoverflow.com/q/12901190"", ""12901190"")",0.3616247826774144,"0","2013"
"=HYPERLINK(""https://stackoverflow.com/q/12958220"", ""12958220"")",0.3908969210174025,"2","1445"
"=HYPERLINK(""https://stackoverflow.com/q/13181228"", ""13181228"")",0.2638310987825551,"3","2020"
"=HYPERLINK(""https://stackoverflow.com/q/13448413"", ""13448413"")",0.584817642069551,"0","108"
"=HYPERLINK(""https://stackoverflow.com/q/13816824"", ""13816824"")",0.4550381867455034,"5","113"
"=HYPERLINK(""https://stackoverflow.com/q/13828539"", ""13828539"")",0.4024995719910975,"0","711"
"=HYPERLINK(""https://stackoverflow.com/q/13919205"", ""13919205"")",0.4514712340799293,"1","2133"
"=HYPERLINK(""https://stackoverflow.com/q/14001746"", ""14001746"")",0.499267077103489,"1","783"
"=HYPERLINK(""https://stackoverflow.com/q/14002709"", ""14002709"")",0.2553713934929405,"2","6178"
"=HYPERLINK(""https://stackoverflow.com/q/14233435"", ""14233435"")",0.4350502105604149,"2","795"
"=HYPERLINK(""https://stackoverflow.com/q/14634758"", ""14634758"")",0.683051715309779,"1","97"
"=HYPERLINK(""https://stackoverflow.com/q/14762147"", ""14762147"")",0.4860744649662859,"0","3301"
"=HYPERLINK(""https://stackoverflow.com/q/14954776"", ""14954776"")",0.5573145705071829,"0","6625"
"=HYPERLINK(""https://stackoverflow.com/q/15245097"", ""15245097"")",0.5205647636586865,"2","972"
"=HYPERLINK(""https://stackoverflow.com/q/15615504"", ""15615504"")",0.8069679849340861,"9","1689"
"=HYPERLINK(""https://stackoverflow.com/q/15779807"", ""15779807"")",0.6543830262423224,"0","2053"
"=HYPERLINK(""https://stackoverflow.com/q/15858274"", ""15858274"")",0.3389886892880904,"3","739"
"=HYPERLINK(""https://stackoverflow.com/q/16230455"", ""16230455"")",0.8062930186823999,"0","92"
"=HYPERLINK(""https://stackoverflow.com/q/16250080"", ""16250080"")",0.2745478036175708,"0","56"
"=HYPERLINK(""https://stackoverflow.com/q/16455991"", ""16455991"")",0.5650793650793652,"0","156"
"=HYPERLINK(""https://stackoverflow.com/q/16504123"", ""16504123"")",0.566903073286052,"0","2121"
"=HYPERLINK(""https://stackoverflow.com/q/16689961"", ""16689961"")",0.3665521191294386,"0","436"
"=HYPERLINK(""https://stackoverflow.com/q/16976278"", ""16976278"")",0.3564504101416855,"0","551"
"=HYPERLINK(""https://stackoverflow.com/q/17038495"", ""17038495"")",0.4374120956399435,"1","2856"
"=HYPERLINK(""https://stackoverflow.com/q/17144696"", ""17144696"")",0.6129914529914536,"0","164"
"=HYPERLINK(""https://stackoverflow.com/q/17295746"", ""17295746"")",0.3532045899804082,"0","1116"
"=HYPERLINK(""https://stackoverflow.com/q/17320675"", ""17320675"")",0.5947054436987326,"0","487"
"=HYPERLINK(""https://stackoverflow.com/q/18126874"", ""18126874"")",0.2855706385118149,"0","728"
"=HYPERLINK(""https://stackoverflow.com/q/18626573"", ""18626573"")",0.4694546945469454,"0","537"
"=HYPERLINK(""https://stackoverflow.com/q/18701525"", ""18701525"")",0.3309178743961347,"1","626"
"=HYPERLINK(""https://stackoverflow.com/q/18864292"", ""18864292"")",0.640960271935416,"0","187"
"=HYPERLINK(""https://stackoverflow.com/q/18882553"", ""18882553"")",0.4102037322376305,"2","1839"
"=HYPERLINK(""https://stackoverflow.com/q/18957992"", ""18957992"")",0.34958071278826,"1","1157"
"=HYPERLINK(""https://stackoverflow.com/q/19112286"", ""19112286"")",0.474299784549092,"0","452"
"=HYPERLINK(""https://stackoverflow.com/q/19192056"", ""19192056"")",0.3243498817966904,"0","370"
"=HYPERLINK(""https://stackoverflow.com/q/19365421"", ""19365421"")",0.4811507936507931,"2","806"
"=HYPERLINK(""https://stackoverflow.com/q/19538215"", ""19538215"")",0.4346282372598158,"0","119"
"=HYPERLINK(""https://stackoverflow.com/q/19653221"", ""19653221"")",0.4306654939900324,"5","5360"
"=HYPERLINK(""https://stackoverflow.com/q/19900897"", ""19900897"")",0.6292573981016188,"0","1121"
"=HYPERLINK(""https://stackoverflow.com/q/20104411"", ""20104411"")",0.4194540561322565,"3","3904"
"=HYPERLINK(""https://stackoverflow.com/q/20335098"", ""20335098"")",0.4761118969039763,"3","7364"
"=HYPERLINK(""https://stackoverflow.com/q/20358413"", ""20358413"")",0.5980103685021727,"0","2468"
"=HYPERLINK(""https://stackoverflow.com/q/20440649"", ""20440649"")",0.470841006752609,"0","1511"
"=HYPERLINK(""https://stackoverflow.com/q/20753252"", ""20753252"")",0.2083718067097569,"1","231"
"=HYPERLINK(""https://stackoverflow.com/q/21130169"", ""21130169"")",0.4583845838458385,"2","1070"
"=HYPERLINK(""https://stackoverflow.com/q/21384419"", ""21384419"")",0.3671085858585856,"0","162"
"=HYPERLINK(""https://stackoverflow.com/q/21384600"", ""21384600"")",0.6801169590643282,"1","941"
"=HYPERLINK(""https://stackoverflow.com/q/21431878"", ""21431878"")",0.4626228900018551,"2","459"
"=HYPERLINK(""https://stackoverflow.com/q/21862234"", ""21862234"")",0.2284983728498371,"1","64"
"=HYPERLINK(""https://stackoverflow.com/q/22110275"", ""22110275"")",0.3266526019690576,"0","266"
"=HYPERLINK(""https://stackoverflow.com/q/22239584"", ""22239584"")",0.3633860153256703,"1","430"
"=HYPERLINK(""https://stackoverflow.com/q/22707093"", ""22707093"")",0.5380116959064334,"0","470"
"=HYPERLINK(""https://stackoverflow.com/q/22760018"", ""22760018"")",0.5782989812840565,"3","99"
"=HYPERLINK(""https://stackoverflow.com/q/22881114"", ""22881114"")",0.310914018231091,"3","2766"
"=HYPERLINK(""https://stackoverflow.com/q/23007553"", ""23007553"")",0.7025371828521444,"0","64"
"=HYPERLINK(""https://stackoverflow.com/q/23037803"", ""23037803"")",0.2795235161224071,"2","318"
"=HYPERLINK(""https://stackoverflow.com/q/23062173"", ""23062173"")",0.4540770609318998,"1","703"
"=HYPERLINK(""https://stackoverflow.com/q/23176671"", ""23176671"")",0.9171374764595094,"4","2341"
"=HYPERLINK(""https://stackoverflow.com/q/23198061"", ""23198061"")",0.4705443698732292,"0","231"
"=HYPERLINK(""https://stackoverflow.com/q/23371637"", ""23371637"")",0.6133661336613366,"0","776"
"=HYPERLINK(""https://stackoverflow.com/q/23556030"", ""23556030"")",0.4209669920966989,"1","729"
"=HYPERLINK(""https://stackoverflow.com/q/24004780"", ""24004780"")",0.4469732890785526,"0","1658"
"=HYPERLINK(""https://stackoverflow.com/q/24065180"", ""24065180"")",0.4348206474190731,"0","115"
"=HYPERLINK(""https://stackoverflow.com/q/24216301"", ""24216301"")",0.4069797279958943,"0","279"
"=HYPERLINK(""https://stackoverflow.com/q/24371755"", ""24371755"")",0.357900614182021,"0","69"
"=HYPERLINK(""https://stackoverflow.com/q/24492922"", ""24492922"")",0.501857480580885,"0","58"
"=HYPERLINK(""https://stackoverflow.com/q/24535520"", ""24535520"")",0.6167176350662592,"0","772"
"=HYPERLINK(""https://stackoverflow.com/q/24609871"", ""24609871"")",0.3388266998341623,"0","514"
"=HYPERLINK(""https://stackoverflow.com/q/24673775"", ""24673775"")",0.3715728715728714,"0","142"
"=HYPERLINK(""https://stackoverflow.com/q/24803517"", ""24803517"")",0.4804189435336982,"0","264"
"=HYPERLINK(""https://stackoverflow.com/q/24832181"", ""24832181"")",0.4034302759134976,"0","141"
"=HYPERLINK(""https://stackoverflow.com/q/25048797"", ""25048797"")",0.6594081518704631,"0","107"
"=HYPERLINK(""https://stackoverflow.com/q/25165829"", ""25165829"")",0.3755964553510562,"0","965"
"=HYPERLINK(""https://stackoverflow.com/q/25279217"", ""25279217"")",0.3853801169590647,"1","36"
"=HYPERLINK(""https://stackoverflow.com/q/25349829"", ""25349829"")",0.3633322880735862,"0","316"
"=HYPERLINK(""https://stackoverflow.com/q/25605998"", ""25605998"")",0.6326456749909517,"0","189"
"=HYPERLINK(""https://stackoverflow.com/q/25674829"", ""25674829"")",0.4806114839671888,"0","65"
"=HYPERLINK(""https://stackoverflow.com/q/25720873"", ""25720873"")",0.350964737192282,"2","1401"
"=HYPERLINK(""https://stackoverflow.com/q/25818293"", ""25818293"")",0.3794802867383515,"0","75"
"=HYPERLINK(""https://stackoverflow.com/q/25898346"", ""25898346"")",0.3393108298171587,"2","55"
"=HYPERLINK(""https://stackoverflow.com/q/25929022"", ""25929022"")",0.8845598845598839,"1","38"
"=HYPERLINK(""https://stackoverflow.com/q/26138269"", ""26138269"")",0.4995030808984298,"1","277"
"=HYPERLINK(""https://stackoverflow.com/q/26247537"", ""26247537"")",0.3452991452991458,"0","723"
"=HYPERLINK(""https://stackoverflow.com/q/26373910"", ""26373910"")",0.8352875488553874,"0","2966"
"=HYPERLINK(""https://stackoverflow.com/q/26773015"", ""26773015"")",0.3770894788593906,"0","80"
"=HYPERLINK(""https://stackoverflow.com/q/26931335"", ""26931335"")",0.8725289706884789,"0","361"
"=HYPERLINK(""https://stackoverflow.com/q/26943753"", ""26943753"")",0.427433948606587,"1","220"
"=HYPERLINK(""https://stackoverflow.com/q/27040579"", ""27040579"")",0.2619949494949494,"0","49"
"=HYPERLINK(""https://stackoverflow.com/q/27047019"", ""27047019"")",0.5985108820160365,"2","359"
"=HYPERLINK(""https://stackoverflow.com/q/27069117"", ""27069117"")",0.616959064327486,"0","951"
"=HYPERLINK(""https://stackoverflow.com/q/27073975"", ""27073975"")",0.5056867891513568,"0","627"
"=HYPERLINK(""https://stackoverflow.com/q/27367493"", ""27367493"")",0.5186507936507936,"3","1750"
"=HYPERLINK(""https://stackoverflow.com/q/27411563"", ""27411563"")",0.3215599705665931,"1","162"
"=HYPERLINK(""https://stackoverflow.com/q/27426874"", ""27426874"")",0.5592387968078577,"1","440"
"=HYPERLINK(""https://stackoverflow.com/q/27507336"", ""27507336"")",0.374120956399437,"1","2393"
"=HYPERLINK(""https://stackoverflow.com/q/27764710"", ""27764710"")",0.3459335624284077,"0","309"
"=HYPERLINK(""https://stackoverflow.com/q/27792024"", ""27792024"")",0.5731420417293381,"0","460"
"=HYPERLINK(""https://stackoverflow.com/q/28190973"", ""28190973"")",0.3650793650793653,"0","197"
"=HYPERLINK(""https://stackoverflow.com/q/28694834"", ""28694834"")",0.3441058787319176,"0","581"
"=HYPERLINK(""https://stackoverflow.com/q/29240952"", ""29240952"")",0.6009204470742935,"5","1451"
"=HYPERLINK(""https://stackoverflow.com/q/29336985"", ""29336985"")",0.4572091673919352,"1","373"
"=HYPERLINK(""https://stackoverflow.com/q/29767394"", ""29767394"")",0.8736880202678248,"2","2056"
"=HYPERLINK(""https://stackoverflow.com/q/29802598"", ""29802598"")",0.6981837606837609,"0","59"
"=HYPERLINK(""https://stackoverflow.com/q/29924298"", ""29924298"")",0.7287157287157283,"2","92"
"=HYPERLINK(""https://stackoverflow.com/q/30160367"", ""30160367"")",0.5084769510999025,"0","5396"
"=HYPERLINK(""https://stackoverflow.com/q/30225060"", ""30225060"")",0.4474130619168793,"2","779"
"=HYPERLINK(""https://stackoverflow.com/q/30337096"", ""30337096"")",0.5087087087087083,"0","49"
"=HYPERLINK(""https://stackoverflow.com/q/30567907"", ""30567907"")",0.5657125269313635,"0","398"
"=HYPERLINK(""https://stackoverflow.com/q/30830287"", ""30830287"")",0.7046342825237294,"0","426"
"=HYPERLINK(""https://stackoverflow.com/q/31111863"", ""31111863"")",0.4742383512544805,"1","27"
"=HYPERLINK(""https://stackoverflow.com/q/31298869"", ""31298869"")",0.4380116959064333,"0","932"
"=HYPERLINK(""https://stackoverflow.com/q/31481379"", ""31481379"")",0.5108128262490681,"4","183"
"=HYPERLINK(""https://stackoverflow.com/q/31585461"", ""31585461"")",0.3043650793650794,"2","93"
"=HYPERLINK(""https://stackoverflow.com/q/31793133"", ""31793133"")",0.6490996925779527,"1","314"
"=HYPERLINK(""https://stackoverflow.com/q/32228287"", ""32228287"")",0.2915291529152914,"3","431"
"=HYPERLINK(""https://stackoverflow.com/q/32234735"", ""32234735"")",0.1793470645929663,"0","25"
"=HYPERLINK(""https://stackoverflow.com/q/32960543"", ""32960543"")",0.4441157133464829,"0","69"
"=HYPERLINK(""https://stackoverflow.com/q/33261415"", ""33261415"")",0.3516122407065108,"0","1267"
"=HYPERLINK(""https://stackoverflow.com/q/33354237"", ""33354237"")",0.6895589056393071,"2","45"
"=HYPERLINK(""https://stackoverflow.com/q/33390829"", ""33390829"")",0.5983284169124883,"0","783"
"=HYPERLINK(""https://stackoverflow.com/q/34673107"", ""34673107"")",0.3637136180157216,"2","1582"
"=HYPERLINK(""https://stackoverflow.com/q/35144521"", ""35144521"")",0.4004830917874389,"0","125"
"=HYPERLINK(""https://stackoverflow.com/q/35202550"", ""35202550"")",0.5219671201814055,"0","374"
"=HYPERLINK(""https://stackoverflow.com/q/35439250"", ""35439250"")",0.2683760683760687,"0","33"
"=HYPERLINK(""https://stackoverflow.com/q/35543809"", ""35543809"")",0.5520375256523017,"2","5483"
"=HYPERLINK(""https://stackoverflow.com/q/35867681"", ""35867681"")",0.4362443624436246,"2","100"
"=HYPERLINK(""https://stackoverflow.com/q/36075814"", ""36075814"")",0.2887410692288737,"0","53"
"=HYPERLINK(""https://stackoverflow.com/q/36313133"", ""36313133"")",0.4141041410414104,"0","67"
"=HYPERLINK(""https://stackoverflow.com/q/36719684"", ""36719684"")",0.3034030340303403,"0","168"
"=HYPERLINK(""https://stackoverflow.com/q/36785826"", ""36785826"")",0.3001443001443,"0","322"
"=HYPERLINK(""https://stackoverflow.com/q/36936830"", ""36936830"")",0.6175710594315247,"1","334"
"=HYPERLINK(""https://stackoverflow.com/q/37150383"", ""37150383"")",0.8482610033856574,"1","427"
"=HYPERLINK(""https://stackoverflow.com/q/37430624"", ""37430624"")",0.3585138228561367,"0","263"
"=HYPERLINK(""https://stackoverflow.com/q/37444799"", ""37444799"")",0.4190726159230102,"0","49"
"=HYPERLINK(""https://stackoverflow.com/q/37483793"", ""37483793"")",0.3754137115839244,"0","43"
"=HYPERLINK(""https://stackoverflow.com/q/37667677"", ""37667677"")",0.4186507936507937,"0","60"
"=HYPERLINK(""https://stackoverflow.com/q/37744076"", ""37744076"")",0.4652991452991458,"1","1053"
"=HYPERLINK(""https://stackoverflow.com/q/37852660"", ""37852660"")",0.5966064586754236,"0","143"
"=HYPERLINK(""https://stackoverflow.com/q/37915834"", ""37915834"")",0.4182449494949491,"0","534"
"=HYPERLINK(""https://stackoverflow.com/q/38196110"", ""38196110"")",0.5391452991452997,"0","82"
"=HYPERLINK(""https://stackoverflow.com/q/38203045"", ""38203045"")",0.7927743694614852,"0","804"
"=HYPERLINK(""https://stackoverflow.com/q/38323015"", ""38323015"")",0.8997466521896488,"1","1343"
"=HYPERLINK(""https://stackoverflow.com/q/38335211"", ""38335211"")",0.7042166820560173,"0","237"
"=HYPERLINK(""https://stackoverflow.com/q/38372286"", ""38372286"")",0.5488553880513677,"0","177"
"=HYPERLINK(""https://stackoverflow.com/q/38512637"", ""38512637"")",0.4256120527306964,"0","154"
"=HYPERLINK(""https://stackoverflow.com/q/38565887"", ""38565887"")",0.3679508654383023,"0","118"
"=HYPERLINK(""https://stackoverflow.com/q/38632656"", ""38632656"")",0.5020006155740229,"0","343"
"=HYPERLINK(""https://stackoverflow.com/q/38802292"", ""38802292"")",0.4232272473478501,"0","374"
"=HYPERLINK(""https://stackoverflow.com/q/38901003"", ""38901003"")",0.2864424057084609,"0","424"
"=HYPERLINK(""https://stackoverflow.com/q/39045129"", ""39045129"")",0.9331133113311324,"1","370"
"=HYPERLINK(""https://stackoverflow.com/q/39223234"", ""39223234"")",0.4434203789042494,"0","89"
"=HYPERLINK(""https://stackoverflow.com/q/39352321"", ""39352321"")",0.6744835287548852,"0","451"
"=HYPERLINK(""https://stackoverflow.com/q/39391645"", ""39391645"")",0.3330330330330328,"0","23"
"=HYPERLINK(""https://stackoverflow.com/q/39506223"", ""39506223"")",0.6793650793650795,"1","183"
"=HYPERLINK(""https://stackoverflow.com/q/39537567"", ""39537567"")",0.4591485829479427,"2","911"
"=HYPERLINK(""https://stackoverflow.com/q/39570212"", ""39570212"")",0.4571215510812829,"0","255"
"=HYPERLINK(""https://stackoverflow.com/q/39632414"", ""39632414"")",0.5198000768935022,"1","177"
"=HYPERLINK(""https://stackoverflow.com/q/39700364"", ""39700364"")",0.2961772061450519,"0","114"
"=HYPERLINK(""https://stackoverflow.com/q/40405451"", ""40405451"")",0.3028673835125449,"2","232"
"=HYPERLINK(""https://stackoverflow.com/q/41065398"", ""41065398"")",0.316207184628237,"0","142"
"=HYPERLINK(""https://stackoverflow.com/q/41126578"", ""41126578"")",0.4716448550166794,"0","161"
"=HYPERLINK(""https://stackoverflow.com/q/41182395"", ""41182395"")",0.2557273768613974,"0","1330"
"=HYPERLINK(""https://stackoverflow.com/q/41601091"", ""41601091"")",0.4875283446712025,"0","423"
"=HYPERLINK(""https://stackoverflow.com/q/41799064"", ""41799064"")",0.5546321945213911,"0","277"
"=HYPERLINK(""https://stackoverflow.com/q/42004953"", ""42004953"")",0.3133113311331131,"0","302"
"=HYPERLINK(""https://stackoverflow.com/q/42092686"", ""42092686"")",0.2301273605621431,"0","354"
"=HYPERLINK(""https://stackoverflow.com/q/42484782"", ""42484782"")",0.2692020879940345,"0","2612"
"=HYPERLINK(""https://stackoverflow.com/q/42670483"", ""42670483"")",0.6931524547803611,"0","31"
"=HYPERLINK(""https://stackoverflow.com/q/43008505"", ""43008505"")",0.4780968958514652,"4","567"
"=HYPERLINK(""https://stackoverflow.com/q/43167085"", ""43167085"")",0.6290018832391708,"0","23"
"=HYPERLINK(""https://stackoverflow.com/q/43497399"", ""43497399"")",0.4335624284077891,"0","107"
"=HYPERLINK(""https://stackoverflow.com/q/43585430"", ""43585430"")",0.2909245122985583,"1","249"
"=HYPERLINK(""https://stackoverflow.com/q/43798129"", ""43798129"")",0.2961352657004826,"0","48"
"=HYPERLINK(""https://stackoverflow.com/q/43909433"", ""43909433"")",0.4882772680937821,"0","365"
"=HYPERLINK(""https://stackoverflow.com/q/44269094"", ""44269094"")",0.614627285513361,"0","55"
"=HYPERLINK(""https://stackoverflow.com/q/44608466"", ""44608466"")",0.6516700749829579,"1","350"
"=HYPERLINK(""https://stackoverflow.com/q/44629702"", ""44629702"")",0.4054283290924517,"0","107"
"=HYPERLINK(""https://stackoverflow.com/q/44727285"", ""44727285"")",0.6183261183261182,"0","2529"
"=HYPERLINK(""https://stackoverflow.com/q/44860007"", ""44860007"")",0.4145299145299144,"0","708"
"=HYPERLINK(""https://stackoverflow.com/q/45134620"", ""45134620"")",0.3121876201460974,"0","70"
"=HYPERLINK(""https://stackoverflow.com/q/45294518"", ""45294518"")",0.6920208799403434,"2","894"
"=HYPERLINK(""https://stackoverflow.com/q/45348761"", ""45348761"")",0.4008669860825917,"7","19924"
"=HYPERLINK(""https://stackoverflow.com/q/45606684"", ""45606684"")",0.6287930641113388,"0","95"
"=HYPERLINK(""https://stackoverflow.com/q/45730141"", ""45730141"")",0.5880758807588072,"1","129"
"=HYPERLINK(""https://stackoverflow.com/q/45751896"", ""45751896"")",0.4587491683300063,"2","799"
"=HYPERLINK(""https://stackoverflow.com/q/45753259"", ""45753259"")",0.369281045751634,"0","102"
"=HYPERLINK(""https://stackoverflow.com/q/45820126"", ""45820126"")",0.5533910533910531,"0","110"
"=HYPERLINK(""https://stackoverflow.com/q/45917576"", ""45917576"")",0.4693813131313128,"0","189"
"=HYPERLINK(""https://stackoverflow.com/q/46137548"", ""46137548"")",0.3808429118773946,"0","577"
"=HYPERLINK(""https://stackoverflow.com/q/46278023"", ""46278023"")",0.5544369873228935,"0","14"
"=HYPERLINK(""https://stackoverflow.com/q/46374368"", ""46374368"")",0.4324871228844741,"1","648"
"=HYPERLINK(""https://stackoverflow.com/q/46381114"", ""46381114"")",0.5613664377531261,"1","732"
"=HYPERLINK(""https://stackoverflow.com/q/46456629"", ""46456629"")",0.2906184486373167,"2","597"
"=HYPERLINK(""https://stackoverflow.com/q/46660100"", ""46660100"")",0.4851980007689347,"1","988"
"=HYPERLINK(""https://stackoverflow.com/q/46685982"", ""46685982"")",0.8036175710594307,"3","55"
"=HYPERLINK(""https://stackoverflow.com/q/46768367"", ""46768367"")",0.2981715893108296,"0","71"
"=HYPERLINK(""https://stackoverflow.com/q/46779664"", ""46779664"")",0.3089692101740295,"1","513"
"=HYPERLINK(""https://stackoverflow.com/q/46814253"", ""46814253"")",0.4136579904841866,"0","46"
"=HYPERLINK(""https://stackoverflow.com/q/46847253"", ""46847253"")",0.3841412627019826,"5","269"
"=HYPERLINK(""https://stackoverflow.com/q/46917186"", ""46917186"")",0.4543650793650794,"0","156"
"=HYPERLINK(""https://stackoverflow.com/q/47402837"", ""47402837"")",0.5347222222222224,"0","240"
"=HYPERLINK(""https://stackoverflow.com/q/47527745"", ""47527745"")",0.5868631062001229,"0","408"
"=HYPERLINK(""https://stackoverflow.com/q/47681948"", ""47681948"")",0.5028546332894154,"2","781"
"=HYPERLINK(""https://stackoverflow.com/q/47692105"", ""47692105"")",0.6807202459376365,"0","174"
"=HYPERLINK(""https://stackoverflow.com/q/47762700"", ""47762700"")",0.5329914529914535,"0","380"
"=HYPERLINK(""https://stackoverflow.com/q/48198043"", ""48198043"")",0.4696449026345932,"1","46"
"=HYPERLINK(""https://stackoverflow.com/q/48298070"", ""48298070"")",0.8498084291187741,"5","3749"
"=HYPERLINK(""https://stackoverflow.com/q/48404730"", ""48404730"")",0.5375631313131309,"0","168"
"=HYPERLINK(""https://stackoverflow.com/q/49435877"", ""49435877"")",0.429595494111623,"0","28"
"=HYPERLINK(""https://stackoverflow.com/q/49453715"", ""49453715"")",0.8185524974515804,"0","49"
"=HYPERLINK(""https://stackoverflow.com/q/49553459"", ""49553459"")",0.5089116420174439,"2","2604"
"=HYPERLINK(""https://stackoverflow.com/q/49694307"", ""49694307"")",0.3284169124877091,"0","78"
"=HYPERLINK(""https://stackoverflow.com/q/49732893"", ""49732893"")",0.3073286052009456,"0","416"
"=HYPERLINK(""https://stackoverflow.com/q/49862804"", ""49862804"")",0.4321278825995808,"1","278"
"=HYPERLINK(""https://stackoverflow.com/q/50009786"", ""50009786"")",0.3867791842475385,"0","72"
"=HYPERLINK(""https://stackoverflow.com/q/50102221"", ""50102221"")",0.3309642264866146,"0","2612"
"=HYPERLINK(""https://stackoverflow.com/q/50226656"", ""50226656"")",0.5089869281045751,"1","134"
"=HYPERLINK(""https://stackoverflow.com/q/50351371"", ""50351371"")",0.6982369823698238,"0","360"
"=HYPERLINK(""https://stackoverflow.com/q/50370952"", ""50370952"")",0.6138478379857684,"0","1525"
"=HYPERLINK(""https://stackoverflow.com/q/50444485"", ""50444485"")",0.4463601532567046,"0","224"
"=HYPERLINK(""https://stackoverflow.com/q/50478901"", ""50478901"")",0.6541549953314659,"2","143"
"=HYPERLINK(""https://stackoverflow.com/q/50767950"", ""50767950"")",0.5800585606410852,"1","664"
"=HYPERLINK(""https://stackoverflow.com/q/50835791"", ""50835791"")",0.3769566333076725,"1","265"
"=HYPERLINK(""https://stackoverflow.com/q/50924703"", ""50924703"")",0.3943920335429769,"0","213"
"=HYPERLINK(""https://stackoverflow.com/q/50935144"", ""50935144"")",0.4052119129438715,"0","533"
"=HYPERLINK(""https://stackoverflow.com/q/50995284"", ""50995284"")",0.5009832841691252,"0","169"
"=HYPERLINK(""https://stackoverflow.com/q/51077656"", ""51077656"")",0.6582083813917717,"0","319"
"=HYPERLINK(""https://stackoverflow.com/q/51167889"", ""51167889"")",0.556597222222223,"2","490"
"=HYPERLINK(""https://stackoverflow.com/q/51236913"", ""51236913"")",0.4567049808429119,"1","111"
"=HYPERLINK(""https://stackoverflow.com/q/51714904"", ""51714904"")",0.3663996713904295,"1","105"
"=HYPERLINK(""https://stackoverflow.com/q/51897347"", ""51897347"")",0.2849837284983726,"6","1268"
"=HYPERLINK(""https://stackoverflow.com/q/51958616"", ""51958616"")",0.8236982369823701,"2","194"
"=HYPERLINK(""https://stackoverflow.com/q/51971276"", ""51971276"")",0.364390896921017,"2","118"
"=HYPERLINK(""https://stackoverflow.com/q/52010004"", ""52010004"")",0.3656648451730419,"0","297"
"=HYPERLINK(""https://stackoverflow.com/q/52158394"", ""52158394"")",0.4000745712155111,"2","972"
"=HYPERLINK(""https://stackoverflow.com/q/52242599"", ""52242599"")",0.5590643274853807,"1","25"
"=HYPERLINK(""https://stackoverflow.com/q/52326214"", ""52326214"")",0.5588558855885587,"1","102"
"=HYPERLINK(""https://stackoverflow.com/q/52524152"", ""52524152"")",0.3669030732860522,"0","278"
"=HYPERLINK(""https://stackoverflow.com/q/52525867"", ""52525867"")",0.3144097222222226,"1","211"
"=HYPERLINK(""https://stackoverflow.com/q/52776045"", ""52776045"")",0.4775413711583925,"0","54"
"=HYPERLINK(""https://stackoverflow.com/q/53007073"", ""53007073"")",0.4706459296623235,"0","492"
"=HYPERLINK(""https://stackoverflow.com/q/53115099"", ""53115099"")",0.3352657004830912,"0","48"
"=HYPERLINK(""https://stackoverflow.com/q/53174903"", ""53174903"")",0.8472222222222222,"0","90"
"=HYPERLINK(""https://stackoverflow.com/q/53374570"", ""53374570"")",0.3856571252693136,"0","494"
"=HYPERLINK(""https://stackoverflow.com/q/53397468"", ""53397468"")",0.5011695906432755,"0","989"
"=HYPERLINK(""https://stackoverflow.com/q/53417415"", ""53417415"")",0.4727355692448091,"0","282"
"=HYPERLINK(""https://stackoverflow.com/q/53510980"", ""53510980"")",0.6953765846383299,"3","1137"
"=HYPERLINK(""https://stackoverflow.com/q/53764810"", ""53764810"")",0.4871228844738781,"0","821"
"=HYPERLINK(""https://stackoverflow.com/q/53837394"", ""53837394"")",0.4617431803060543,"3","412"
"=HYPERLINK(""https://stackoverflow.com/q/53930543"", ""53930543"")",0.6136249371543488,"0","128"
"=HYPERLINK(""https://stackoverflow.com/q/54284299"", ""54284299"")",0.8567049808429119,"0","101"
"=HYPERLINK(""https://stackoverflow.com/q/54324556"", ""54324556"")",0.6645299145299146,"0","128"
"=HYPERLINK(""https://stackoverflow.com/q/54355970"", ""54355970"")",0.3433294886582083,"0","139"
"=HYPERLINK(""https://stackoverflow.com/q/54681176"", ""54681176"")",0.5129198966408266,"0","56"
"=HYPERLINK(""https://stackoverflow.com/q/54747499"", ""54747499"")",0.2246318607764389,"1","38"
"=HYPERLINK(""https://stackoverflow.com/q/54815433"", ""54815433"")",0.5227148330596602,"0","167"
"=HYPERLINK(""https://stackoverflow.com/q/54864230"", ""54864230"")",0.5992714025500916,"1","60"
"=HYPERLINK(""https://stackoverflow.com/q/54900985"", ""54900985"")",0.561148396718867,"0","147"
"=HYPERLINK(""https://stackoverflow.com/q/54936924"", ""54936924"")",0.3264567499095187,"0","84"
"=HYPERLINK(""https://stackoverflow.com/q/54977330"", ""54977330"")",0.3066624499262073,"0","243"
"=HYPERLINK(""https://stackoverflow.com/q/55163947"", ""55163947"")",0.3513735137351375,"0","35"
"=HYPERLINK(""https://stackoverflow.com/q/55237200"", ""55237200"")",0.6802374893977957,"3","1189"
"=HYPERLINK(""https://stackoverflow.com/q/55349916"", ""55349916"")",0.4203789042498715,"1","114"
"=HYPERLINK(""https://stackoverflow.com/q/55559831"", ""55559831"")",0.6627627627627622,"0","161"
"=HYPERLINK(""https://stackoverflow.com/q/55652532"", ""55652532"")",0.5122985581000854,"0","681"
"=HYPERLINK(""https://stackoverflow.com/q/55701012"", ""55701012"")",0.7083559905745881,"1","802"
"=HYPERLINK(""https://stackoverflow.com/q/55709233"", ""55709233"")",0.889749659278388,"0","70"
"=HYPERLINK(""https://stackoverflow.com/q/55882359"", ""55882359"")",0.4661246612466121,"0","237"
"=HYPERLINK(""https://stackoverflow.com/q/56083153"", ""56083153"")",0.5259670211126526,"0","88"
"=HYPERLINK(""https://stackoverflow.com/q/56137660"", ""56137660"")",0.7786738351254487,"0","29"
"=HYPERLINK(""https://stackoverflow.com/q/56336076"", ""56336076"")",0.4655850540806296,"1","132"
"=HYPERLINK(""https://stackoverflow.com/q/56346098"", ""56346098"")",0.6897546897546893,"0","268"
"=HYPERLINK(""https://stackoverflow.com/q/56347740"", ""56347740"")",0.524974515800204,"0","93"
"=HYPERLINK(""https://stackoverflow.com/q/56365658"", ""56365658"")",0.2871436881908084,"1","97"
"=HYPERLINK(""https://stackoverflow.com/q/56366478"", ""56366478"")",0.6612466124661244,"0","330"
"=HYPERLINK(""https://stackoverflow.com/q/56513145"", ""56513145"")",0.2914742997845492,"0","53"
"=HYPERLINK(""https://stackoverflow.com/q/56709602"", ""56709602"")",0.315516682863622,"0","18"
"=HYPERLINK(""https://stackoverflow.com/q/56830312"", ""56830312"")",0.4177941779417796,"0","33"
"=HYPERLINK(""https://stackoverflow.com/q/56869199"", ""56869199"")",0.6212606837606839,"1","599"
"=HYPERLINK(""https://stackoverflow.com/q/57298696"", ""57298696"")",0.307649357900614,"0","19"
"=HYPERLINK(""https://stackoverflow.com/q/57713449"", ""57713449"")",0.58554402153018,"0","89"
"=HYPERLINK(""https://stackoverflow.com/q/57892682"", ""57892682"")",0.6647000983284173,"0","17"
"=HYPERLINK(""https://stackoverflow.com/q/58004855"", ""58004855"")",0.3873598369011214,"1","22"
"=HYPERLINK(""https://stackoverflow.com/q/58042880"", ""58042880"")",0.736034376918355,"2","233"
"=HYPERLINK(""https://stackoverflow.com/q/58058193"", ""58058193"")",0.6243019449258621,"0","14"
"=HYPERLINK(""https://stackoverflow.com/q/58090993"", ""58090993"")",0.5365079365079366,"0","17"
"=HYPERLINK(""https://stackoverflow.com/q/58200478"", ""58200478"")",0.585380116959065,"0","2020"
"=HYPERLINK(""https://stackoverflow.com/q/58228978"", ""58228978"")",0.4239028944911297,"1","20"
"=HYPERLINK(""https://stackoverflow.com/q/58328648"", ""58328648"")",0.4397954439795439,"4","1194"
"=HYPERLINK(""https://stackoverflow.com/q/58341148"", ""58341148"")",0.3354752342704147,"1","382"
"=HYPERLINK(""https://stackoverflow.com/q/58511996"", ""58511996"")",0.3796501601379646,"0","473"
"=HYPERLINK(""https://stackoverflow.com/q/58534093"", ""58534093"")",0.5825163398692811,"0","65"
"=HYPERLINK(""https://stackoverflow.com/q/58557081"", ""58557081"")",0.5084817642069558,"0","924"
"=HYPERLINK(""https://stackoverflow.com/q/58637278"", ""58637278"")",0.3772461456671985,"0","922"
"=HYPERLINK(""https://stackoverflow.com/q/58731886"", ""58731886"")",0.3427433948606587,"2","308"
"=HYPERLINK(""https://stackoverflow.com/q/58802554"", ""58802554"")",0.6562647754137116,"0","158"
"=HYPERLINK(""https://stackoverflow.com/q/59045756"", ""59045756"")",0.3330006653359946,"0","23"
"=HYPERLINK(""https://stackoverflow.com/q/59105925"", ""59105925"")",0.4579241286347008,"0","158"
"=HYPERLINK(""https://stackoverflow.com/q/59150237"", ""59150237"")",0.4225104066602625,"2","666"
"=HYPERLINK(""https://stackoverflow.com/q/59326321"", ""59326321"")",0.6967984934086623,"0","147"
"=HYPERLINK(""https://stackoverflow.com/q/59369058"", ""59369058"")",0.3549655850540809,"0","234"
"=HYPERLINK(""https://stackoverflow.com/q/59393797"", ""59393797"")",0.3419827012641383,"0","74"
"=HYPERLINK(""https://stackoverflow.com/q/59442097"", ""59442097"")",0.5829365079365081,"0","1042"
"=HYPERLINK(""https://stackoverflow.com/q/59582745"", ""59582745"")",0.3358585858585857,"0","352"
"=HYPERLINK(""https://stackoverflow.com/q/59607266"", ""59607266"")",0.8913398692810458,"0","68"
"=HYPERLINK(""https://stackoverflow.com/q/59683630"", ""59683630"")",0.6413398692810458,"0","36"
"=HYPERLINK(""https://stackoverflow.com/q/59717333"", ""59717333"")",0.4435336976320588,"0","225"
"=HYPERLINK(""https://stackoverflow.com/q/59722652"", ""59722652"")",0.4267282880801081,"1","113"
"=HYPERLINK(""https://stackoverflow.com/q/60118785"", ""60118785"")",0.2978036175710591,"0","36"
"=HYPERLINK(""https://stackoverflow.com/q/60170865"", ""60170865"")",0.5268376068376075,"0","98"
"=HYPERLINK(""https://stackoverflow.com/q/60260585"", ""60260585"")",0.4781588976839639,"0","34"
"=HYPERLINK(""https://stackoverflow.com/q/60392686"", ""60392686"")",0.6485380116959072,"2","99"
"=HYPERLINK(""https://stackoverflow.com/q/60437304"", ""60437304"")",0.8214588634435974,"0","383"
"=HYPERLINK(""https://stackoverflow.com/q/60511786"", ""60511786"")",0.2643508253264349,"1","69"
"=HYPERLINK(""https://stackoverflow.com/q/60665681"", ""60665681"")",0.2277623884272084,"0","177"
"=HYPERLINK(""https://stackoverflow.com/q/60840835"", ""60840835"")",0.4550466497031387,"1","106"
"=HYPERLINK(""https://stackoverflow.com/q/60871865"", ""60871865"")",0.3429118773946358,"0","397"
"=HYPERLINK(""https://stackoverflow.com/q/61017300"", ""61017300"")",0.4516779319340686,"0","434"
"=HYPERLINK(""https://stackoverflow.com/q/61102008"", ""61102008"")",0.5215570337521552,"0","113"
"=HYPERLINK(""https://stackoverflow.com/q/61330894"", ""61330894"")",0.6255371393492943,"0","198"
"=HYPERLINK(""https://stackoverflow.com/q/61382446"", ""61382446"")",0.4877684407096171,"0","29"
"=HYPERLINK(""https://stackoverflow.com/q/61490683"", ""61490683"")",0.3729759910664432,"1","778"
"=HYPERLINK(""https://stackoverflow.com/q/61509495"", ""61509495"")",0.3526570048309181,"0","381"
"=HYPERLINK(""https://stackoverflow.com/q/61537779"", ""61537779"")",0.3585858585858584,"0","59"
"=HYPERLINK(""https://stackoverflow.com/q/61543557"", ""61543557"")",0.4175574991901525,"0","136"
"=HYPERLINK(""https://stackoverflow.com/q/61588758"", ""61588758"")",0.350964737192282,"1","461"
"=HYPERLINK(""https://stackoverflow.com/q/61676798"", ""61676798"")",0.4798399507540782,"2","335"
"=HYPERLINK(""https://stackoverflow.com/q/61881421"", ""61881421"")",0.6684762938834599,"1","25"
"=HYPERLINK(""https://stackoverflow.com/q/61927671"", ""61927671"")",0.378472222222222,"1","183"
"=HYPERLINK(""https://stackoverflow.com/q/61938011"", ""61938011"")",0.9301868239921344,"0","31"
"=HYPERLINK(""https://stackoverflow.com/q/62018029"", ""62018029"")",0.4405320813771521,"0","68"
"=HYPERLINK(""https://stackoverflow.com/q/62074726"", ""62074726"")",0.3883460007238508,"0","30"
"=HYPERLINK(""https://stackoverflow.com/q/62116477"", ""62116477"")",0.3472222222222224,"0","96"
"=HYPERLINK(""https://stackoverflow.com/q/62144363"", ""62144363"")",0.350129198966408,"0","8"
"=HYPERLINK(""https://stackoverflow.com/q/62296697"", ""62296697"")",0.49357900614182,"0","82"
"=HYPERLINK(""https://stackoverflow.com/q/62314584"", ""62314584"")",0.5900793650793651,"0","51"
"=HYPERLINK(""https://stackoverflow.com/q/62341667"", ""62341667"")",0.2894097222222224,"0","90"
"=HYPERLINK(""https://stackoverflow.com/q/62446797"", ""62446797"")",0.6185355862775211,"0","107"
"=HYPERLINK(""https://stackoverflow.com/q/62457707"", ""62457707"")",0.4303670186023126,"0","22"
"=HYPERLINK(""https://stackoverflow.com/q/62511940"", ""62511940"")",0.3861566484517307,"0","229"
"=HYPERLINK(""https://stackoverflow.com/q/62621541"", ""62621541"")",0.6543489190548013,"0","112"
"=HYPERLINK(""https://stackoverflow.com/q/62659263"", ""62659263"")",0.5395653956539564,"0","13"
"=HYPERLINK(""https://stackoverflow.com/q/62667909"", ""62667909"")",0.8363954505686803,"0","4"
"=HYPERLINK(""https://stackoverflow.com/q/62695875"", ""62695875"")",0.7432748538011703,"0","236"
"=HYPERLINK(""https://stackoverflow.com/q/62707052"", ""62707052"")",0.8519932145886352,"0","23"
"=HYPERLINK(""https://stackoverflow.com/q/62762155"", ""62762155"")",0.7146845337800106,"0","28"
"=HYPERLINK(""https://stackoverflow.com/q/62768296"", ""62768296"")",0.5924846128927767,"0","99"
"=HYPERLINK(""https://stackoverflow.com/q/62802287"", ""62802287"")",0.3835494533435035,"0","92"
"=HYPERLINK(""https://stackoverflow.com/q/62997977"", ""62997977"")",0.8619281045751634,"0","148"
"=HYPERLINK(""https://stackoverflow.com/q/63013306"", ""63013306"")",0.5590643274853807,"0","89"
"=HYPERLINK(""https://stackoverflow.com/q/63221581"", ""63221581"")",0.3311716385646345,"0","27"
"=HYPERLINK(""https://stackoverflow.com/q/63303893"", ""63303893"")",0.4860259032038169,"0","41"
"=HYPERLINK(""https://stackoverflow.com/q/63363694"", ""63363694"")",0.3562428407789231,"0","31"
"=HYPERLINK(""https://stackoverflow.com/q/63390770"", ""63390770"")",0.4435660957400085,"0","14"
"=HYPERLINK(""https://stackoverflow.com/q/63463066"", ""63463066"")",0.3883760683760686,"0","482"
"=HYPERLINK(""https://stackoverflow.com/q/63619500"", ""63619500"")",0.3389886892880902,"0","43"
"=HYPERLINK(""https://stackoverflow.com/q/63622663"", ""63622663"")",0.3812180381218035,"1","86"
"=HYPERLINK(""https://stackoverflow.com/q/63656319"", ""63656319"")",0.4467731204258147,"0","118"
"=HYPERLINK(""https://stackoverflow.com/q/63703654"", ""63703654"")",0.5004830917874389,"1","328"
"=HYPERLINK(""https://stackoverflow.com/q/63713438"", ""63713438"")",0.4900046490004646,"0","184"
"=HYPERLINK(""https://stackoverflow.com/q/63832075"", ""63832075"")",0.5206093189964162,"0","48"
"=HYPERLINK(""https://stackoverflow.com/q/63913371"", ""63913371"")",0.3271945979128299,"0","24"
"=HYPERLINK(""https://stackoverflow.com/q/63947496"", ""63947496"")",0.4340448823207441,"0","233"
"=HYPERLINK(""https://stackoverflow.com/q/64006744"", ""64006744"")",0.4406837606837612,"0","35"
"=HYPERLINK(""https://stackoverflow.com/q/64008105"", ""64008105"")",0.5128796616685884,"0","28"
"=HYPERLINK(""https://stackoverflow.com/q/64012335"", ""64012335"")",0.4238032498902061,"0","24"
"=HYPERLINK(""https://stackoverflow.com/q/64038423"", ""64038423"")",0.3551336146272855,"0","16"
"=HYPERLINK(""https://stackoverflow.com/q/64044390"", ""64044390"")",0.4206758304696447,"0","26"
"=HYPERLINK(""https://stackoverflow.com/q/64057399"", ""64057399"")",0.3805932629462041,"1","146"
"=HYPERLINK(""https://stackoverflow.com/q/64222390"", ""64222390"")",0.8313427433948605,"0","17"
"=HYPERLINK(""https://stackoverflow.com/q/64336180"", ""64336180"")",0.4899145299145305,"0","50"
"=HYPERLINK(""https://stackoverflow.com/q/64340002"", ""64340002"")",0.6443533697632066,"0","60"
"=HYPERLINK(""https://stackoverflow.com/q/64406180"", ""64406180"")",0.4031560743623,"0","96"
"=HYPERLINK(""https://stackoverflow.com/q/64439386"", ""64439386"")",0.7411726595400076,"0","72"
"=HYPERLINK(""https://stackoverflow.com/q/64604553"", ""64604553"")",0.7788724685276402,"0","11"
"=HYPERLINK(""https://stackoverflow.com/q/64680849"", ""64680849"")",0.4169124877089482,"0","43"
"=HYPERLINK(""https://stackoverflow.com/q/64685189"", ""64685189"")",0.4125987912598788,"0","22"
"=HYPERLINK(""https://stackoverflow.com/q/64964752"", ""64964752"")",0.388179669030733,"0","55"
"=HYPERLINK(""https://stackoverflow.com/q/64986799"", ""64986799"")",0.3726647000983287,"0","23"
"=HYPERLINK(""https://stackoverflow.com/q/64998285"", ""64998285"")",0.7650237786424557,"0","66"
"=HYPERLINK(""https://stackoverflow.com/q/65021224"", ""65021224"")",0.3485380116959066,"0","45"
"=HYPERLINK(""https://stackoverflow.com/q/65028062"", ""65028062"")",0.2000615574022776,"0","35"
"=HYPERLINK(""https://stackoverflow.com/q/65091556"", ""65091556"")",0.4123212321232121,"1","39"
"=HYPERLINK(""https://stackoverflow.com/q/65245551"", ""65245551"")",0.4970313825275663,"0","49"
"=HYPERLINK(""https://stackoverflow.com/q/65297096"", ""65297096"")",0.338410211778358,"0","380"
"=HYPERLINK(""https://stackoverflow.com/q/65346690"", ""65346690"")",0.3623000432338953,"0","27"
"=HYPERLINK(""https://stackoverflow.com/q/65418173"", ""65418173"")",0.5045441219583702,"0","18"
"=HYPERLINK(""https://stackoverflow.com/q/65490082"", ""65490082"")",0.4788593903638155,"0","30"
"=HYPERLINK(""https://stackoverflow.com/q/65581464"", ""65581464"")",0.5621431708388226,"0","16"
"=HYPERLINK(""https://stackoverflow.com/q/65669451"", ""65669451"")",0.646546546546546,"0","21"
"=HYPERLINK(""https://stackoverflow.com/q/65698385"", ""65698385"")",0.9082687338501282,"1","852"
"=HYPERLINK(""https://stackoverflow.com/q/65706404"", ""65706404"")",0.4779474130619175,"0","169"
"=HYPERLINK(""https://stackoverflow.com/q/65717149"", ""65717149"")",0.4346933538619449,"0","11"
"=HYPERLINK(""https://stackoverflow.com/q/65770955"", ""65770955"")",0.5163398692810458,"0","19"
"=HYPERLINK(""https://stackoverflow.com/q/65785658"", ""65785658"")",0.2648661454631605,"0","70"
"=HYPERLINK(""https://stackoverflow.com/q/65794569"", ""65794569"")",0.2319783197831977,"0","53"
"=HYPERLINK(""https://stackoverflow.com/q/65903800"", ""65903800"")",0.2303303303303301,"0","23"
"=HYPERLINK(""https://stackoverflow.com/q/65941959"", ""65941959"")",0.2950699043414276,"0","16"
"=HYPERLINK(""https://stackoverflow.com/q/65960828"", ""65960828"")",0.3670186023127199,"0","7"
"=HYPERLINK(""https://stackoverflow.com/q/65980935"", ""65980935"")",0.4428104575163398,"0","11"
"=HYPERLINK(""https://stackoverflow.com/q/66002884"", ""66002884"")",0.4124062713019764,"0","25"
"=HYPERLINK(""https://stackoverflow.com/q/66122717"", ""66122717"")",0.3368467281510756,"0","18"
"=HYPERLINK(""https://stackoverflow.com/q/66225009"", ""66225009"")",0.5033282130056319,"0","10"
"=HYPERLINK(""https://stackoverflow.com/q/66230035"", ""66230035"")",0.4079929732103641,"0","33"
"=HYPERLINK(""https://stackoverflow.com/q/66265561"", ""66265561"")",0.2473268247326824,"0","37"
"=HYPERLINK(""https://stackoverflow.com/q/66469235"", ""66469235"")",0.5763078253350628,"0","9"
"=HYPERLINK(""https://stackoverflow.com/q/66505573"", ""66505573"")",0.367130838410212,"1","38"
"=HYPERLINK(""https://stackoverflow.com/q/66527800"", ""66527800"")",0.3366588419405322,"1","37"
"=HYPERLINK(""https://stackoverflow.com/q/66560794"", ""66560794"")",0.2459376372419848,"0","15"
"=HYPERLINK(""https://stackoverflow.com/q/66601399"", ""66601399"")",0.3181631816318164,"1","20"
"=HYPERLINK(""https://stackoverflow.com/q/66623640"", ""66623640"")",0.6622937785728487,"0","23"
"=HYPERLINK(""https://stackoverflow.com/q/66626908"", ""66626908"")",0.447146234380277,"0","17"
"=HYPERLINK(""https://stackoverflow.com/q/66687651"", ""66687651"")",0.3754137115839244,"0","28"
"=HYPERLINK(""https://stackoverflow.com/q/66869654"", ""66869654"")",0.5276114437791082,"0","31"
"=HYPERLINK(""https://stackoverflow.com/q/66883201"", ""66883201"")",0.5916153620639113,"0","21"
"=HYPERLINK(""https://stackoverflow.com/q/67002081"", ""67002081"")",0.4396135265700481,"0","33"
"=HYPERLINK(""https://stackoverflow.com/q/67119756"", ""67119756"")",0.4848950332821295,"0","8"
"=HYPERLINK(""https://stackoverflow.com/q/67301119"", ""67301119"")",0.257620452310718,"0","12"
"=HYPERLINK(""https://stackoverflow.com/q/67301372"", ""67301372"")",0.5205647636586864,"1","13"
"=HYPERLINK(""https://stackoverflow.com/q/67397291"", ""67397291"")",0.2708708708708707,"0","33"
"=HYPERLINK(""https://stackoverflow.com/q/67429068"", ""67429068"")",0.527661552766155,"1","7"
"=HYPERLINK(""https://stackoverflow.com/q/67461524"", ""67461524"")",0.2396640826873383,"0","14"
"=HYPERLINK(""https://stackoverflow.com/q/67482918"", ""67482918"")",0.3812180381218036,"2","37"
"=HYPERLINK(""https://stackoverflow.com/q/67495117"", ""67495117"")",0.3707370737073707,"0","10"
"=HYPERLINK(""https://stackoverflow.com/q/67499602"", ""67499602"")",0.5284952849528497,"0","11"
"=HYPERLINK(""https://stackoverflow.com/q/67508886"", ""67508886"")",0.2802697156259163,"0","30"
"=HYPERLINK(""https://stackoverflow.com/q/67518410"", ""67518410"")",0.3557063851181497,"0","7"
"=HYPERLINK(""https://stackoverflow.com/q/67567068"", ""67567068"")",0.7360343769183549,"2","44"
"=HYPERLINK(""https://stackoverflow.com/q/67637806"", ""67637806"")",0.3520299145299146,"0","21"
"=HYPERLINK(""https://stackoverflow.com/q/67666624"", ""67666624"")",0.32719459791283,"0","6"
"=HYPERLINK(""https://stackoverflow.com/q/67687604"", ""67687604"")",0.2318685244730261,"0","10"
"=HYPERLINK(""https://stackoverflow.com/q/67731151"", ""67731151"")",0.5038677918424749,"0","13"
